Date,Time,"GPU Temperature [°C]","GPU Hot Spot Temperature [°C]","GPU ASIC Power [W]","GPU PPT [W]","GPU Clock [MHz]","GPU Memory Clock [MHz]","GPU D3D Memory Dedicated [MB]","GPU Memory Usage [MB]",
19.4.2026,13:49:6.546,49.0,50.0,21.000,20.485,42.0,1730.0,2633,4747,
19.4.2026,13:49:6.758,49.0,50.0,20.000,20.916,1.0,1730.0,2628,4742,
19.4.2026,13:49:6.951,49.0,50.0,20.000,20.345,28.0,1730.0,2628,4742,
19.4.2026,13:49:7.164,48.0,49.0,20.000,20.464,70.0,1730.0,2626,4740,
19.4.2026,13:49:7.368,49.0,49.0,20.000,20.218,8.0,1730.0,2626,4740,
19.4.2026,13:49:7.570,49.0,50.0,19.000,20.293,34.0,1726.0,2624,4738,
19.4.2026,13:49:7.769,49.0,49.0,19.000,20.216,18.0,1730.0,2624,4738,
19.4.2026,13:49:7.974,49.0,49.0,20.000,20.373,36.0,1730.0,2624,4738,
19.4.2026,13:49:8.176,48.0,49.0,19.000,20.215,19.0,1730.0,2623,4737,
19.4.2026,13:49:8.378,48.0,49.0,20.000,20.242,18.0,1730.0,2623,4737,
19.4.2026,13:49:8.583,49.0,49.0,20.000,20.344,24.0,1726.0,2623,4737,
19.4.2026,13:49:8.786,48.0,49.0,20.000,20.315,5.0,1730.0,2623,4737,
19.4.2026,13:49:8.992,49.0,49.0,20.000,20.356,42.0,1730.0,2623,4737,
19.4.2026,13:49:9.192,48.0,49.0,20.000,20.372,21.0,1726.0,2623,4737,
19.4.2026,13:49:9.392,48.0,49.0,19.000,20.362,22.0,1730.0,2623,4737,
19.4.2026,13:49:9.592,48.0,49.0,20.000,20.323,32.0,1698.0,2623,4737,
19.4.2026,13:49:9.808,49.0,49.0,20.000,20.293,3.0,1730.0,2623,4737,
19.4.2026,13:49:10.011,48.0,49.0,20.000,20.371,19.0,1730.0,2623,4737,
19.4.2026,13:49:10.229,48.0,49.0,20.000,20.388,11.0,1726.0,2623,4737,
19.4.2026,13:49:10.433,48.0,49.0,20.000,20.319,23.0,1730.0,2623,4737,
19.4.2026,13:49:10.634,48.0,49.0,20.000,20.314,75.0,1726.0,2623,4737,
19.4.2026,13:49:10.833,48.0,49.0,20.000,20.294,34.0,1730.0,2623,4737,
19.4.2026,13:49:11.036,48.0,49.0,20.000,20.271,50.0,1726.0,2623,4737,
19.4.2026,13:49:11.236,48.0,49.0,20.000,20.368,34.0,1726.0,2624,4738,
19.4.2026,13:49:11.438,48.0,49.0,20.000,21.435,0.0,1730.0,2625,4739,
19.4.2026,13:49:11.638,49.0,50.0,21.000,21.701,14.0,1730.0,2625,4739,
19.4.2026,13:49:11.855,49.0,50.0,21.000,21.566,21.0,1726.0,2625,4739,
19.4.2026,13:49:12.058,49.0,50.0,22.000,21.419,65.0,1728.0,2625,4739,
19.4.2026,13:49:12.258,49.0,50.0,27.000,26.942,1756.0,1730.0,2626,4740,
19.4.2026,13:49:12.461,48.0,51.0,27.000,27.742,1737.0,1730.0,2626,4740,
19.4.2026,13:49:12.664,49.0,50.0,27.000,27.743,1756.0,1730.0,2626,4740,
19.4.2026,13:49:12.866,49.0,51.0,27.000,27.765,1755.0,1730.0,2626,4740,
19.4.2026,13:49:13.068,49.0,51.0,27.000,27.611,1737.0,1728.0,2626,4740,
19.4.2026,13:49:13.274,49.0,50.0,27.000,27.864,1756.0,1730.0,2626,4740,
19.4.2026,13:49:13.474,49.0,51.0,27.000,27.810,1750.0,1728.0,2626,4740,
19.4.2026,13:49:13.673,49.0,51.0,27.000,27.816,1756.0,1730.0,2626,4740,
19.4.2026,13:49:13.873,49.0,50.0,28.000,27.784,1757.0,1730.0,2626,4740,
19.4.2026,13:49:14.076,50.0,51.0,27.000,27.994,1756.0,1728.0,2626,4740,
19.4.2026,13:49:14.279,49.0,51.0,28.000,27.894,1756.0,1730.0,2626,4740,
19.4.2026,13:49:14.495,49.0,51.0,27.000,28.056,1751.0,1728.0,2626,4740,
19.4.2026,13:49:14.698,49.0,51.0,27.000,27.895,1757.0,1730.0,2626,4740,
19.4.2026,13:49:14.900,49.0,51.0,28.000,27.999,1754.0,1728.0,2626,4740,
19.4.2026,13:49:15.096,49.0,50.0,28.000,28.006,1757.0,1730.0,2626,4740,
19.4.2026,13:49:15.306,49.0,50.0,28.000,28.132,1755.0,1728.0,2626,4740,
19.4.2026,13:49:15.509,49.0,50.0,27.000,28.150,1740.0,1730.0,2626,4740,
19.4.2026,13:49:15.709,50.0,51.0,27.000,27.917,1757.0,1730.0,2626,4740,
19.4.2026,13:49:15.909,49.0,51.0,27.000,27.858,1742.0,1730.0,2626,4740,
19.4.2026,13:49:16.111,49.0,51.0,28.000,28.000,1756.0,1730.0,2626,4740,
19.4.2026,13:49:16.316,49.0,51.0,27.000,27.978,1757.0,1730.0,2626,4740,
19.4.2026,13:49:16.517,50.0,51.0,28.000,27.828,1751.0,1730.0,2626,4740,
19.4.2026,13:49:16.715,49.0,51.0,27.000,27.935,1756.0,1730.0,2626,4740,
19.4.2026,13:49:16.932,49.0,51.0,27.000,27.797,1757.0,1730.0,2626,4740,
19.4.2026,13:49:17.134,49.0,51.0,27.000,27.893,1744.0,1730.0,2626,4740,
19.4.2026,13:49:17.358,49.0,51.0,28.000,27.852,1756.0,1730.0,2626,4740,
19.4.2026,13:49:17.538,49.0,50.0,28.000,27.986,1755.0,1730.0,2626,4740,
19.4.2026,13:49:17.740,49.0,51.0,28.000,28.028,1757.0,1730.0,2626,4740,
19.4.2026,13:49:17.945,49.0,50.0,27.000,28.070,1757.0,1730.0,2626,4740,
19.4.2026,13:49:18.150,49.0,51.0,28.000,28.124,1756.0,1730.0,2626,4740,
19.4.2026,13:49:18.353,49.0,51.0,27.000,28.234,1756.0,1728.0,2626,4740,
19.4.2026,13:49:18.555,49.0,51.0,28.000,28.004,1756.0,1728.0,2626,4740,
19.4.2026,13:49:18.754,49.0,50.0,27.000,27.961,1755.0,1730.0,2626,4740,
19.4.2026,13:49:18.956,49.0,51.0,27.000,27.772,1757.0,1730.0,2626,4740,
19.4.2026,13:49:19.158,50.0,51.0,27.000,27.826,1755.0,1730.0,2626,4740,
19.4.2026,13:49:19.362,49.0,51.0,27.000,27.842,1756.0,1728.0,2626,4740,
19.4.2026,13:49:19.562,49.0,51.0,27.000,27.715,1756.0,1730.0,2626,4740,
19.4.2026,13:49:19.764,49.0,51.0,27.000,27.913,1740.0,1730.0,2626,4740,
19.4.2026,13:49:19.980,49.0,51.0,27.000,27.928,1758.0,1730.0,2626,4740,
19.4.2026,13:49:20.181,49.0,51.0,28.000,27.976,1758.0,1730.0,2626,4740,
19.4.2026,13:49:20.383,49.0,51.0,28.000,28.171,1757.0,1730.0,2626,4740,
19.4.2026,13:49:20.586,49.0,51.0,27.000,28.076,1757.0,1730.0,2626,4740,
19.4.2026,13:49:20.786,50.0,51.0,27.000,27.881,1755.0,1728.0,2626,4740,
19.4.2026,13:49:20.988,49.0,51.0,27.000,27.988,1757.0,1730.0,2626,4740,
19.4.2026,13:49:21.214,49.0,51.0,28.000,28.039,1756.0,1730.0,2626,4740,
19.4.2026,13:49:21.391,50.0,51.0,27.000,28.020,1742.0,1730.0,2626,4740,
19.4.2026,13:49:21.604,49.0,51.0,28.000,28.016,1756.0,1728.0,2626,4740,
19.4.2026,13:49:21.794,49.0,51.0,28.000,28.065,1752.0,1730.0,2626,4740,
19.4.2026,13:49:22.008,49.0,51.0,28.000,28.009,1757.0,1730.0,2626,4740,
19.4.2026,13:49:22.214,49.0,51.0,28.000,28.105,1756.0,1730.0,2626,4740,
19.4.2026,13:49:22.412,49.0,51.0,28.000,28.226,1756.0,1730.0,2626,4740,
19.4.2026,13:49:22.615,50.0,51.0,27.000,28.455,1722.0,1728.0,2626,4740,
19.4.2026,13:49:22.820,49.0,51.0,28.000,28.341,1757.0,1730.0,2626,4740,
19.4.2026,13:49:23.022,49.0,51.0,27.000,27.857,1739.0,1730.0,2626,4740,
19.4.2026,13:49:23.229,49.0,51.0,28.000,27.843,1757.0,1730.0,2626,4740,
19.4.2026,13:49:23.432,49.0,51.0,28.000,28.031,1753.0,1730.0,2626,4740,
19.4.2026,13:49:23.622,49.0,50.0,27.000,27.866,1757.0,1730.0,2626,4740,
19.4.2026,13:49:23.838,50.0,51.0,27.000,27.905,1756.0,1730.0,2626,4740,
19.4.2026,13:49:24.040,50.0,51.0,27.000,27.942,1757.0,1730.0,2626,4740,
19.4.2026,13:49:24.242,49.0,51.0,27.000,27.822,1755.0,1730.0,2626,4740,
19.4.2026,13:49:24.441,50.0,51.0,28.000,28.157,1756.0,1730.0,2626,4740,
19.4.2026,13:49:24.643,49.0,51.0,28.000,28.282,1757.0,1728.0,2626,4740,
19.4.2026,13:49:24.848,49.0,51.0,27.000,28.196,1758.0,1730.0,2626,4740,
19.4.2026,13:49:25.048,50.0,51.0,27.000,27.901,1753.0,1730.0,2626,4740,
19.4.2026,13:49:25.254,49.0,51.0,28.000,27.981,1757.0,1730.0,2626,4740,
19.4.2026,13:49:25.456,49.0,51.0,28.000,28.183,1755.0,1730.0,2626,4740,
19.4.2026,13:49:25.655,50.0,51.0,27.000,28.096,1757.0,1730.0,2626,4740,
19.4.2026,13:49:25.870,49.0,51.0,28.000,28.001,1757.0,1730.0,2626,4740,
19.4.2026,13:49:26.074,49.0,51.0,27.000,27.935,1755.0,1730.0,2626,4740,
19.4.2026,13:49:26.278,49.0,51.0,27.000,27.927,1757.0,1728.0,2626,4740,
19.4.2026,13:49:26.477,50.0,51.0,28.000,28.203,1756.0,1730.0,2626,4740,
19.4.2026,13:49:26.677,50.0,51.0,28.000,28.339,1757.0,1728.0,2626,4740,
19.4.2026,13:49:26.880,49.0,51.0,28.000,28.364,1749.0,1730.0,2626,4740,
19.4.2026,13:49:27.079,49.0,51.0,28.000,28.159,1757.0,1728.0,2626,4740,
19.4.2026,13:49:27.282,49.0,51.0,28.000,28.219,1754.0,1730.0,2626,4740,
19.4.2026,13:49:27.483,49.0,51.0,28.000,28.266,1756.0,1730.0,2626,4740,
19.4.2026,13:49:27.685,49.0,51.0,28.000,28.316,1755.0,1730.0,2626,4740,
19.4.2026,13:49:27.888,49.0,51.0,28.000,28.186,1734.0,1728.0,2626,4740,
19.4.2026,13:49:28.105,50.0,51.0,28.000,28.303,1757.0,1728.0,2626,4740,
19.4.2026,13:49:28.305,49.0,51.0,28.000,28.075,1750.0,1730.0,2626,4740,
19.4.2026,13:49:28.510,50.0,51.0,28.000,28.153,1756.0,1730.0,2626,4740,
19.4.2026,13:49:28.710,50.0,51.0,28.000,28.520,1756.0,1728.0,2626,4740,
19.4.2026,13:49:28.916,49.0,51.0,28.000,28.445,1756.0,1730.0,2626,4740,
19.4.2026,13:49:29.116,50.0,51.0,28.000,28.127,1756.0,1730.0,2626,4740,
19.4.2026,13:49:29.317,49.0,51.0,28.000,28.209,1755.0,1730.0,2626,4740,
19.4.2026,13:49:29.519,49.0,51.0,28.000,28.240,1751.0,1730.0,2626,4740,
19.4.2026,13:49:29.719,49.0,51.0,28.000,28.260,1757.0,1730.0,2626,4740,
19.4.2026,13:49:29.923,50.0,51.0,28.000,28.126,1755.0,1730.0,2626,4740,
19.4.2026,13:49:30.124,49.0,51.0,28.000,28.120,1757.0,1728.0,2626,4740,
19.4.2026,13:49:30.326,50.0,51.0,28.000,28.276,1757.0,1728.0,2626,4740,
19.4.2026,13:49:30.528,50.0,51.0,28.000,28.221,1745.0,1728.0,2626,4740,
19.4.2026,13:49:30.745,50.0,51.0,28.000,28.490,1756.0,1730.0,2626,4740,
19.4.2026,13:49:30.948,50.0,51.0,28.000,28.397,1756.0,1730.0,2626,4740,
19.4.2026,13:49:31.150,50.0,51.0,28.000,28.169,1755.0,1730.0,2626,4740,
19.4.2026,13:49:31.350,50.0,51.0,28.000,28.232,1757.0,1730.0,2626,4740,
19.4.2026,13:49:31.551,50.0,51.0,28.000,28.076,1755.0,1728.0,2626,4740,
19.4.2026,13:49:31.753,50.0,51.0,28.000,27.991,1757.0,1730.0,2626,4740,
19.4.2026,13:49:31.952,50.0,52.0,28.000,28.101,1756.0,1730.0,2626,4740,
19.4.2026,13:49:32.152,50.0,51.0,27.000,27.891,1735.0,1730.0,2626,4740,
19.4.2026,13:49:32.369,50.0,51.0,28.000,28.094,1756.0,1728.0,2626,4740,
19.4.2026,13:49:32.572,50.0,51.0,28.000,28.356,1748.0,1728.0,2626,4740,
19.4.2026,13:49:32.773,49.0,51.0,28.000,28.453,1756.0,1730.0,2626,4740,
19.4.2026,13:49:32.973,50.0,51.0,28.000,28.346,1757.0,1730.0,2626,4740,
19.4.2026,13:49:33.177,49.0,51.0,28.000,28.289,1751.0,1730.0,2626,4740,
19.4.2026,13:49:33.377,50.0,51.0,28.000,28.097,1757.0,1730.0,2626,4740,
19.4.2026,13:49:33.581,49.0,51.0,28.000,28.181,1756.0,1730.0,2626,4740,
19.4.2026,13:49:33.778,49.0,51.0,27.000,28.080,1757.0,1730.0,2626,4740,
19.4.2026,13:49:33.981,50.0,51.0,28.000,28.190,1756.0,1728.0,2626,4740,
19.4.2026,13:49:34.186,50.0,52.0,28.000,28.107,1741.0,1728.0,2626,4740,
19.4.2026,13:49:34.387,50.0,51.0,28.000,28.262,1756.0,1728.0,2626,4740,
19.4.2026,13:49:34.602,50.0,51.0,28.000,28.175,1756.0,1728.0,2626,4740,
19.4.2026,13:49:34.803,49.0,51.0,28.000,28.241,1757.0,1730.0,2626,4740,
19.4.2026,13:49:35.005,50.0,51.0,28.000,28.326,1757.0,1730.0,2626,4740,
19.4.2026,13:49:35.210,50.0,51.0,28.000,28.454,1756.0,1728.0,2626,4740,
19.4.2026,13:49:35.409,50.0,51.0,28.000,28.454,1756.0,1728.0,2626,4740,
19.4.2026,13:49:35.609,50.0,51.0,28.000,28.129,1756.0,1728.0,2626,4740,
19.4.2026,13:49:35.813,49.0,52.0,27.000,28.145,1756.0,1730.0,2626,4740,
19.4.2026,13:49:36.019,50.0,51.0,28.000,28.138,1755.0,1730.0,2626,4740,
19.4.2026,13:49:36.221,50.0,51.0,28.000,28.290,1739.0,1730.0,2626,4740,
19.4.2026,13:49:36.423,49.0,52.0,28.000,28.170,1756.0,1728.0,2626,4740,
19.4.2026,13:49:36.625,49.0,51.0,27.000,28.017,1752.0,1730.0,2626,4740,
19.4.2026,13:49:36.824,49.0,51.0,28.000,28.106,1756.0,1730.0,2626,4740,
19.4.2026,13:49:37.042,50.0,51.0,28.000,27.932,1756.0,1730.0,2626,4740,
19.4.2026,13:49:37.256,49.0,51.0,27.000,28.144,301.0,1730.0,2626,4740,
19.4.2026,13:49:37.459,49.0,51.0,27.000,28.038,1756.0,1728.0,2626,4740,
19.4.2026,13:49:37.659,49.0,51.0,27.000,28.038,1756.0,1728.0,2626,4740,
19.4.2026,13:49:37.860,50.0,51.0,28.000,27.774,1754.0,1730.0,2626,4740,
19.4.2026,13:49:38.066,50.0,52.0,27.000,27.795,1757.0,1730.0,2626,4740,
19.4.2026,13:49:38.274,49.0,51.0,27.000,27.652,1756.0,1728.0,2626,4740,
19.4.2026,13:49:38.477,50.0,51.0,27.000,27.883,1735.0,1730.0,2626,4740,
19.4.2026,13:49:38.680,49.0,51.0,27.000,27.748,1757.0,1730.0,2626,4740,
19.4.2026,13:49:38.883,50.0,51.0,27.000,27.817,1748.0,1730.0,2626,4740,
19.4.2026,13:49:39.085,50.0,51.0,28.000,27.883,1756.0,1728.0,2626,4740,
19.4.2026,13:49:39.286,50.0,51.0,27.000,28.025,1757.0,1728.0,2626,4740,
19.4.2026,13:49:39.487,50.0,51.0,28.000,28.119,1757.0,1728.0,2626,4740,
19.4.2026,13:49:39.688,50.0,52.0,27.000,28.205,1756.0,1728.0,2626,4740,
19.4.2026,13:49:39.893,50.0,51.0,28.000,28.064,1755.0,1730.0,2626,4740,
19.4.2026,13:49:40.095,50.0,51.0,27.000,28.195,1740.0,1728.0,2626,4740,
19.4.2026,13:49:40.298,49.0,51.0,28.000,28.232,1756.0,1730.0,2626,4740,
19.4.2026,13:49:40.498,50.0,51.0,27.000,28.194,1753.0,1728.0,2626,4740,
19.4.2026,13:49:40.700,50.0,51.0,27.000,28.137,1756.0,1730.0,2626,4740,
19.4.2026,13:49:40.904,49.0,52.0,28.000,28.209,1755.0,1730.0,2626,4740,
19.4.2026,13:49:41.108,50.0,51.0,27.000,28.197,1756.0,1730.0,2626,4740,
19.4.2026,13:49:41.310,50.0,51.0,28.000,28.115,1757.0,1730.0,2626,4740,
19.4.2026,13:49:41.511,50.0,52.0,28.000,28.409,1757.0,1730.0,2626,4740,
19.4.2026,13:49:41.728,50.0,51.0,28.000,28.219,1757.0,1728.0,2626,4740,
19.4.2026,13:49:41.930,50.0,51.0,28.000,28.415,1752.0,1728.0,2626,4740,
19.4.2026,13:49:42.132,50.0,52.0,28.000,28.383,1756.0,1728.0,2626,4740,
19.4.2026,13:49:42.338,50.0,52.0,27.000,28.034,1755.0,1728.0,2626,4740,
19.4.2026,13:49:42.538,50.0,51.0,27.000,27.835,1721.0,1730.0,2626,4740,
19.4.2026,13:49:42.740,50.0,52.0,27.000,27.891,1757.0,1730.0,2626,4740,
19.4.2026,13:49:42.942,49.0,51.0,27.000,27.858,1745.0,1730.0,2626,4740,
19.4.2026,13:49:43.144,50.0,52.0,27.000,27.864,1756.0,1728.0,2626,4740,
19.4.2026,13:49:43.350,50.0,52.0,27.000,28.057,1757.0,1728.0,2626,4740,
19.4.2026,13:49:43.551,50.0,51.0,28.000,28.081,1752.0,1730.0,2626,4740,
19.4.2026,13:49:43.754,50.0,51.0,27.000,28.095,1757.0,1728.0,2626,4740,
19.4.2026,13:49:43.954,50.0,51.0,27.000,28.095,1757.0,1728.0,2626,4740,
19.4.2026,13:49:44.154,50.0,52.0,27.000,27.721,1756.0,1730.0,2626,4740,
19.4.2026,13:49:44.358,50.0,51.0,27.000,27.734,300.0,1730.0,2626,4740,
19.4.2026,13:49:44.559,50.0,51.0,27.000,27.730,1756.0,1728.0,2626,4740,
19.4.2026,13:49:44.776,50.0,51.0,27.000,27.730,1756.0,1730.0,2626,4740,
19.4.2026,13:49:44.978,49.0,51.0,27.000,27.805,1756.0,1730.0,2626,4740,
19.4.2026,13:49:45.178,50.0,51.0,27.000,27.875,1756.0,1730.0,2626,4740,
19.4.2026,13:49:45.381,50.0,51.0,27.000,27.827,1736.0,1728.0,2626,4740,
19.4.2026,13:49:45.582,50.0,51.0,28.000,28.172,1757.0,1730.0,2626,4740,
19.4.2026,13:49:45.786,50.0,52.0,27.000,28.023,1756.0,1730.0,2626,4740,
19.4.2026,13:49:45.989,50.0,51.0,28.000,27.952,1751.0,1730.0,2626,4740,
19.4.2026,13:49:46.192,49.0,51.0,27.000,27.884,1756.0,1730.0,2626,4740,
19.4.2026,13:49:46.397,49.0,51.0,27.000,27.792,1755.0,1730.0,2626,4740,
19.4.2026,13:49:46.596,50.0,51.0,27.000,27.797,1757.0,1730.0,2626,4740,
19.4.2026,13:49:46.798,50.0,52.0,27.000,27.491,1754.0,1730.0,2626,4740,
19.4.2026,13:49:46.999,50.0,51.0,27.000,27.640,1757.0,1728.0,2626,4740,
19.4.2026,13:49:47.201,50.0,52.0,27.000,27.816,1756.0,1730.0,2626,4740,
19.4.2026,13:49:47.405,50.0,52.0,27.000,27.808,1743.0,1730.0,2626,4740,
19.4.2026,13:49:47.620,50.0,51.0,27.000,27.774,1756.0,1728.0,2626,4740,
19.4.2026,13:49:47.823,50.0,51.0,27.000,27.833,1756.0,1730.0,2626,4740,
19.4.2026,13:49:48.024,50.0,52.0,28.000,27.786,1754.0,1730.0,2626,4740,
19.4.2026,13:49:48.226,50.0,51.0,27.000,27.789,1757.0,1730.0,2626,4740,
19.4.2026,13:49:48.425,50.0,52.0,27.000,27.684,1755.0,1728.0,2626,4740,
19.4.2026,13:49:48.627,50.0,52.0,27.000,27.545,1756.0,1728.0,2626,4740,
19.4.2026,13:49:48.832,50.0,52.0,27.000,27.778,1756.0,1728.0,2626,4740,
19.4.2026,13:49:49.033,50.0,51.0,27.000,27.479,300.0,1730.0,2626,4740,
19.4.2026,13:49:49.239,50.0,51.0,27.000,27.683,1756.0,1728.0,2626,4740,
19.4.2026,13:49:49.436,50.0,52.0,27.000,27.733,1752.0,1730.0,2626,4740,
19.4.2026,13:49:49.639,50.0,52.0,28.000,27.909,1756.0,1730.0,2626,4740,
19.4.2026,13:49:49.840,50.0,52.0,27.000,28.050,1757.0,1730.0,2626,4740,
19.4.2026,13:49:50.043,50.0,52.0,27.000,27.969,1755.0,1730.0,2626,4740,
19.4.2026,13:49:50.252,50.0,52.0,27.000,27.723,1757.0,1730.0,2626,4740,
19.4.2026,13:49:50.453,49.0,51.0,27.000,27.585,1756.0,1728.0,2626,4740,
19.4.2026,13:49:50.667,50.0,51.0,27.000,27.633,1731.0,1730.0,2626,4740,
19.4.2026,13:49:50.870,50.0,52.0,27.000,27.843,1757.0,1728.0,2626,4740,
19.4.2026,13:49:51.070,50.0,52.0,27.000,27.836,1748.0,1730.0,2626,4740,
19.4.2026,13:49:51.279,50.0,52.0,28.000,27.699,1757.0,1730.0,2626,4740,
19.4.2026,13:49:51.476,50.0,52.0,27.000,27.849,1756.0,1730.0,2626,4740,
19.4.2026,13:49:51.676,50.0,52.0,27.000,27.703,1757.0,1730.0,2626,4740,
19.4.2026,13:49:51.876,50.0,51.0,28.000,27.900,1757.0,1730.0,2626,4740,
19.4.2026,13:49:52.077,50.0,51.0,28.000,28.059,1757.0,1730.0,2626,4740,
19.4.2026,13:49:52.279,50.0,52.0,27.000,27.804,1756.0,1728.0,2626,4740,
19.4.2026,13:49:52.482,50.0,51.0,27.000,27.682,1756.0,1730.0,2626,4740,
19.4.2026,13:49:52.683,50.0,52.0,27.000,27.781,1725.0,1730.0,2626,4740,
19.4.2026,13:49:52.901,50.0,52.0,27.000,27.689,1756.0,1730.0,2626,4740,
19.4.2026,13:49:53.104,50.0,51.0,28.000,27.780,1741.0,1730.0,2626,4740,
19.4.2026,13:49:53.308,50.0,52.0,28.000,28.222,1757.0,1730.0,2626,4740,
19.4.2026,13:49:53.509,50.0,52.0,28.000,28.319,1752.0,1730.0,2626,4740,
19.4.2026,13:49:53.711,50.0,52.0,28.000,28.317,1757.0,1730.0,2626,4740,
19.4.2026,13:49:53.911,50.0,52.0,28.000,28.193,1756.0,1728.0,2626,4740,
19.4.2026,13:49:54.111,50.0,52.0,28.000,28.265,1756.0,1730.0,2626,4740,
19.4.2026,13:49:54.316,50.0,52.0,27.000,27.933,1757.0,1728.0,2626,4740,
19.4.2026,13:49:54.520,50.0,52.0,28.000,27.798,1754.0,1730.0,2626,4740,
19.4.2026,13:49:54.718,50.0,52.0,27.000,28.057,1757.0,1730.0,2626,4740,
19.4.2026,13:49:54.919,50.0,52.0,28.000,28.121,1757.0,1730.0,2626,4740,
19.4.2026,13:49:55.135,50.0,51.0,28.000,28.041,1750.0,1730.0,2626,4740,
19.4.2026,13:49:55.334,50.0,52.0,27.000,27.933,1755.0,1730.0,2626,4740,
19.4.2026,13:49:55.534,50.0,51.0,27.000,27.933,1756.0,1728.0,2626,4740,
19.4.2026,13:49:55.736,50.0,52.0,27.000,28.089,1728.0,1730.0,2626,4740,
19.4.2026,13:49:55.940,50.0,52.0,28.000,27.989,1757.0,1728.0,2626,4740,
19.4.2026,13:49:56.141,50.0,52.0,28.000,28.165,1756.0,1730.0,2626,4740,
19.4.2026,13:49:56.343,50.0,52.0,27.000,28.273,1747.0,1730.0,2626,4740,
19.4.2026,13:49:56.549,50.0,52.0,27.000,28.010,1757.0,1730.0,2626,4740,
19.4.2026,13:49:56.751,50.0,52.0,27.000,27.808,1755.0,1730.0,2626,4740,
19.4.2026,13:49:56.953,50.0,51.0,27.000,27.733,1757.0,1730.0,2626,4740,
19.4.2026,13:49:57.154,50.0,52.0,27.000,27.584,1756.0,1730.0,2626,4740,
19.4.2026,13:49:57.369,50.0,52.0,27.000,27.694,1739.0,1730.0,2626,4740,
19.4.2026,13:49:57.569,50.0,52.0,27.000,27.722,1756.0,1728.0,2626,4740,
19.4.2026,13:49:57.772,50.0,52.0,27.000,27.797,1753.0,1730.0,2626,4740,
19.4.2026,13:49:57.972,50.0,52.0,27.000,27.652,1756.0,1730.0,2626,4740,
19.4.2026,13:49:58.176,50.0,51.0,27.000,27.935,1757.0,1730.0,2626,4740,
19.4.2026,13:49:58.381,50.0,52.0,28.000,28.012,1756.0,1730.0,2626,4740,
19.4.2026,13:49:58.586,50.0,52.0,27.000,28.113,1737.0,1730.0,2626,4740,
19.4.2026,13:49:58.786,50.0,51.0,28.000,27.986,1757.0,1730.0,2626,4740,
19.4.2026,13:49:58.988,51.0,52.0,28.000,27.934,1749.0,1730.0,2626,4740,
19.4.2026,13:49:59.189,50.0,52.0,27.000,27.891,1756.0,1730.0,2626,4740,
19.4.2026,13:49:59.392,50.0,52.0,28.000,27.818,1754.0,1730.0,2626,4740,
19.4.2026,13:49:59.593,50.0,51.0,27.000,27.963,1757.0,1730.0,2626,4740,
19.4.2026,13:49:59.796,50.0,52.0,28.000,27.934,1756.0,1730.0,2626,4740,
19.4.2026,13:49:59.997,50.0,52.0,27.000,27.892,1741.0,1730.0,2626,4740,
19.4.2026,13:50:0.202,50.0,52.0,27.000,27.968,1756.0,1730.0,2626,4740,
19.4.2026,13:50:0.406,50.0,52.0,28.000,27.953,1757.0,1730.0,2626,4740,
19.4.2026,13:50:0.607,50.0,51.0,27.000,27.625,1756.0,1728.0,2626,4740,
19.4.2026,13:50:0.823,51.0,52.0,27.000,27.645,1725.0,1728.0,2626,4740,
19.4.2026,13:50:1.023,50.0,52.0,27.000,27.693,1757.0,1728.0,2626,4740,
19.4.2026,13:50:1.226,50.0,52.0,27.000,27.601,1754.0,1730.0,2626,4740,
19.4.2026,13:50:1.425,50.0,52.0,27.000,27.565,1757.0,1730.0,2626,4740,
19.4.2026,13:50:1.625,50.0,52.0,27.000,27.779,1754.0,1730.0,2626,4740,
19.4.2026,13:50:1.828,50.0,51.0,27.000,27.666,1728.0,1730.0,2626,4740,
19.4.2026,13:50:2.029,50.0,52.0,27.000,27.687,1756.0,1730.0,2626,4740,
19.4.2026,13:50:2.232,50.0,52.0,27.000,27.804,1757.0,1728.0,2626,4740,
19.4.2026,13:50:2.435,50.0,52.0,28.000,27.799,1757.0,1730.0,2626,4740,
19.4.2026,13:50:2.650,50.0,52.0,27.000,27.969,1757.0,1730.0,2626,4740,
19.4.2026,13:50:2.851,50.0,52.0,28.000,27.875,1755.0,1730.0,2626,4740,
19.4.2026,13:50:3.052,50.0,52.0,27.000,27.846,1756.0,1728.0,2626,4740,
19.4.2026,13:50:3.254,50.0,52.0,27.000,27.690,1756.0,1730.0,2626,4740,
19.4.2026,13:50:3.456,50.0,52.0,28.000,27.798,1757.0,1730.0,2626,4740,
19.4.2026,13:50:3.659,51.0,52.0,27.000,27.803,1756.0,1728.0,2626,4740,
19.4.2026,13:50:3.864,50.0,52.0,27.000,27.759,1746.0,1730.0,2626,4740,
19.4.2026,13:50:4.065,50.0,52.0,27.000,27.872,1756.0,1730.0,2626,4740,
19.4.2026,13:50:4.267,50.0,52.0,28.000,27.952,1753.0,1730.0,2626,4740,
19.4.2026,13:50:4.468,50.0,51.0,27.000,27.808,1756.0,1728.0,2626,4740,
19.4.2026,13:50:4.668,50.0,51.0,27.000,27.797,1757.0,1730.0,2626,4740,
19.4.2026,13:50:4.878,50.0,52.0,28.000,27.855,1756.0,1730.0,2626,4740,
19.4.2026,13:50:5.089,50.0,52.0,27.000,27.854,1721.0,1730.0,2626,4740,
19.4.2026,13:50:5.305,50.0,52.0,27.000,27.868,1756.0,1728.0,2626,4740,
19.4.2026,13:50:5.506,50.0,52.0,27.000,27.883,1756.0,1728.0,2626,4740,
19.4.2026,13:50:5.706,50.0,52.0,27.000,27.883,1754.0,1730.0,2626,4740,
19.4.2026,13:50:5.908,50.0,52.0,28.000,27.886,1756.0,1730.0,2626,4740,
19.4.2026,13:50:6.108,50.0,52.0,27.000,27.868,1756.0,1730.0,2626,4740,
19.4.2026,13:50:6.325,50.0,52.0,28.000,27.637,1757.0,1730.0,2626,4740,
19.4.2026,13:50:6.540,50.0,52.0,28.000,27.636,1756.0,1730.0,2626,4740,
19.4.2026,13:50:6.742,50.0,52.0,27.000,27.452,1756.0,1728.0,2626,4740,
19.4.2026,13:50:6.941,50.0,52.0,28.000,27.588,1754.0,1728.0,2626,4740,
19.4.2026,13:50:7.145,50.0,52.0,27.000,27.674,1757.0,1730.0,2626,4740,
19.4.2026,13:50:7.349,50.0,52.0,27.000,27.702,1756.0,1730.0,2626,4740,
19.4.2026,13:50:7.550,50.0,52.0,27.000,27.739,1743.0,1730.0,2626,4740,
19.4.2026,13:50:7.750,50.0,52.0,27.000,27.513,1756.0,1728.0,2626,4740,
19.4.2026,13:50:7.954,50.0,52.0,27.000,27.758,1735.0,1730.0,2626,4740,
19.4.2026,13:50:8.154,51.0,52.0,27.000,28.005,1757.0,1730.0,2626,4740,
19.4.2026,13:50:8.359,50.0,52.0,27.000,27.757,1742.0,1728.0,2626,4740,
19.4.2026,13:50:8.558,50.0,52.0,27.000,27.819,1756.0,1730.0,2626,4740,
19.4.2026,13:50:8.776,50.0,52.0,28.000,27.880,1756.0,1728.0,2626,4740,
19.4.2026,13:50:8.976,50.0,52.0,28.000,27.993,1757.0,1730.0,2626,4740,
19.4.2026,13:50:9.177,50.0,52.0,28.000,27.922,1756.0,1730.0,2626,4740,
19.4.2026,13:50:9.381,50.0,52.0,28.000,27.950,1755.0,1728.0,2626,4740,
19.4.2026,13:50:9.582,51.0,52.0,28.000,27.947,1756.0,1730.0,2626,4740,
19.4.2026,13:50:9.785,50.0,51.0,28.000,27.867,1756.0,1730.0,2626,4740,
19.4.2026,13:50:9.987,50.0,52.0,27.000,27.946,1718.0,1728.0,2626,4740,
19.4.2026,13:50:10.188,50.0,52.0,27.000,27.869,1756.0,1728.0,2626,4740,
19.4.2026,13:50:10.389,51.0,52.0,27.000,27.714,1743.0,1730.0,2626,4740,
19.4.2026,13:50:10.592,50.0,52.0,27.000,27.692,1756.0,1730.0,2626,4740,
19.4.2026,13:50:10.796,50.0,52.0,27.000,27.685,1757.0,1730.0,2626,4740,
19.4.2026,13:50:11.010,50.0,52.0,28.000,27.885,1756.0,1728.0,2626,4740,
19.4.2026,13:50:11.214,50.0,52.0,27.000,27.792,1739.0,1730.0,2626,4740,
19.4.2026,13:50:11.419,50.0,52.0,28.000,27.646,1756.0,1728.0,2626,4740,
19.4.2026,13:50:11.621,51.0,52.0,28.000,27.769,1752.0,1728.0,2626,4740,
19.4.2026,13:50:11.837,50.0,52.0,27.000,27.827,1756.0,1730.0,2626,4740,
19.4.2026,13:50:12.036,50.0,52.0,27.000,27.825,1756.0,1730.0,2626,4740,
19.4.2026,13:50:12.240,50.0,52.0,27.000,27.823,1746.0,1728.0,2626,4740,
19.4.2026,13:50:12.441,50.0,52.0,28.000,27.966,1757.0,1728.0,2626,4740,
19.4.2026,13:50:12.646,50.0,52.0,28.000,28.030,1752.0,1730.0,2626,4740,
19.4.2026,13:50:12.848,50.0,52.0,28.000,27.983,1756.0,1728.0,2626,4740,
19.4.2026,13:50:13.049,50.0,52.0,28.000,28.107,1756.0,1730.0,2626,4740,
19.4.2026,13:50:13.252,50.0,52.0,28.000,28.132,1756.0,1730.0,2626,4740,
19.4.2026,13:50:13.456,51.0,52.0,28.000,28.117,1740.0,1728.0,2626,4740,
19.4.2026,13:50:13.657,50.0,52.0,27.000,27.967,1755.0,1730.0,2626,4740,
19.4.2026,13:50:13.861,50.0,52.0,27.000,27.950,300.0,1728.0,2626,4740,
19.4.2026,13:50:14.062,50.0,52.0,27.000,27.975,1757.0,1730.0,2626,4740,
19.4.2026,13:50:14.266,50.0,52.0,28.000,28.271,1756.0,1730.0,2626,4740,
19.4.2026,13:50:14.465,50.0,52.0,28.000,28.079,1757.0,1730.0,2626,4740,
19.4.2026,13:50:14.681,50.0,52.0,28.000,28.034,1757.0,1728.0,2626,4740,
19.4.2026,13:50:14.882,50.0,52.0,28.000,28.191,1755.0,1730.0,2626,4740,
19.4.2026,13:50:15.082,51.0,52.0,28.000,27.878,1756.0,1728.0,2626,4740,
19.4.2026,13:50:15.287,50.0,52.0,28.000,28.200,1756.0,1728.0,2626,4740,
19.4.2026,13:50:15.483,51.0,52.0,28.000,28.077,1753.0,1730.0,2626,4740,
19.4.2026,13:50:15.685,50.0,52.0,28.000,28.074,1738.0,1730.0,2626,4740,
19.4.2026,13:50:15.887,51.0,52.0,27.000,27.987,1756.0,1730.0,2626,4740,
19.4.2026,13:50:16.104,50.0,52.0,28.000,27.947,1750.0,1730.0,2626,4740,
19.4.2026,13:50:16.309,50.0,52.0,28.000,28.088,1756.0,1728.0,2626,4740,
19.4.2026,13:50:16.506,50.0,52.0,28.000,27.921,1755.0,1730.0,2626,4740,
19.4.2026,13:50:16.710,51.0,52.0,27.000,27.846,1756.0,1730.0,2626,4740,
19.4.2026,13:50:16.910,50.0,52.0,28.000,27.977,1756.0,1730.0,2626,4740,
19.4.2026,13:50:17.111,50.0,52.0,28.000,27.985,1756.0,1728.0,2626,4740,
19.4.2026,13:50:17.310,50.0,52.0,28.000,28.023,1756.0,1728.0,2626,4740,
19.4.2026,13:50:17.512,50.0,52.0,28.000,27.989,1755.0,1730.0,2626,4740,
19.4.2026,13:50:17.730,50.0,52.0,28.000,28.035,1756.0,1730.0,2626,4740,
19.4.2026,13:50:17.946,50.0,52.0,28.000,28.174,1742.0,1730.0,2626,4740,
19.4.2026,13:50:18.150,50.0,52.0,28.000,28.142,1756.0,1728.0,2626,4740,
19.4.2026,13:50:18.367,50.0,53.0,27.000,28.058,294.0,1730.0,2626,4740,
19.4.2026,13:50:18.568,50.0,52.0,27.000,27.969,1757.0,1730.0,2626,4740,
19.4.2026,13:50:18.767,50.0,52.0,27.000,27.994,1756.0,1728.0,2626,4740,
19.4.2026,13:50:18.969,50.0,52.0,27.000,27.835,1756.0,1730.0,2626,4740,
19.4.2026,13:50:19.169,50.0,52.0,28.000,28.055,1756.0,1730.0,2626,4740,
19.4.2026,13:50:19.375,50.0,52.0,28.000,28.114,1756.0,1728.0,2626,4740,
19.4.2026,13:50:19.589,50.0,52.0,27.000,27.935,1756.0,1728.0,2626,4740,
19.4.2026,13:50:19.791,50.0,52.0,27.000,27.860,1755.0,1728.0,2626,4740,
19.4.2026,13:50:19.992,51.0,52.0,28.000,27.823,1722.0,1730.0,2626,4740,
19.4.2026,13:50:20.191,51.0,52.0,27.000,27.763,1756.0,1730.0,2626,4740,
19.4.2026,13:50:20.400,51.0,52.0,27.000,27.814,1733.0,1730.0,2626,4740,
19.4.2026,13:50:20.598,51.0,52.0,27.000,27.775,1757.0,1730.0,2626,4740,
19.4.2026,13:50:20.801,51.0,52.0,28.000,27.926,1751.0,1730.0,2626,4740,
19.4.2026,13:50:21.001,50.0,52.0,27.000,27.965,1757.0,1728.0,2626,4740,
19.4.2026,13:50:21.201,51.0,52.0,28.000,27.754,1754.0,1730.0,2626,4740,
19.4.2026,13:50:21.421,51.0,52.0,27.000,27.886,1756.0,1728.0,2626,4740,
19.4.2026,13:50:21.617,51.0,52.0,27.000,27.833,1756.0,1730.0,2626,4740,
19.4.2026,13:50:21.818,50.0,52.0,27.000,27.638,1756.0,1730.0,2626,4740,
19.4.2026,13:50:22.020,50.0,52.0,27.000,28.039,1736.0,1730.0,2626,4740,
19.4.2026,13:50:22.224,51.0,52.0,28.000,27.786,1756.0,1730.0,2626,4740,
19.4.2026,13:50:22.430,50.0,52.0,28.000,27.701,1753.0,1730.0,2626,4740,
19.4.2026,13:50:22.629,51.0,52.0,28.000,27.981,1756.0,1728.0,2626,4740,
19.4.2026,13:50:22.832,50.0,52.0,27.000,27.962,1751.0,1730.0,2626,4740,
19.4.2026,13:50:23.034,51.0,52.0,27.000,27.800,1756.0,1730.0,2626,4740,
19.4.2026,13:50:23.238,51.0,52.0,27.000,27.907,1755.0,1730.0,2626,4740,
19.4.2026,13:50:23.439,51.0,52.0,27.000,27.653,1756.0,1730.0,2626,4740,
19.4.2026,13:50:23.641,51.0,52.0,28.000,27.844,1757.0,1730.0,2626,4740,
19.4.2026,13:50:23.846,50.0,52.0,27.000,27.930,1756.0,1730.0,2626,4740,
19.4.2026,13:50:24.050,50.0,52.0,27.000,27.621,1737.0,1728.0,2626,4740,
19.4.2026,13:50:24.255,50.0,52.0,27.000,27.496,1756.0,1728.0,2626,4740,
19.4.2026,13:50:24.454,50.0,52.0,27.000,27.694,1752.0,1728.0,2626,4740,
19.4.2026,13:50:24.654,51.0,52.0,27.000,27.683,1757.0,1728.0,2626,4740,
19.4.2026,13:50:24.869,51.0,52.0,28.000,27.722,1755.0,1730.0,2626,4740,
19.4.2026,13:50:25.072,50.0,53.0,27.000,27.983,1749.0,1730.0,2626,4740,
19.4.2026,13:50:25.274,50.0,53.0,27.000,27.907,1756.0,1730.0,2626,4740,
19.4.2026,13:50:25.477,51.0,52.0,28.000,28.056,1756.0,1728.0,2626,4740,
19.4.2026,13:50:25.675,51.0,52.0,28.000,28.249,1756.0,1730.0,2626,4740,
19.4.2026,13:50:25.878,51.0,52.0,28.000,28.083,1756.0,1730.0,2626,4740,
19.4.2026,13:50:26.082,50.0,53.0,28.000,27.929,1755.0,1728.0,2626,4740,
19.4.2026,13:50:26.280,50.0,52.0,27.000,27.881,298.0,1728.0,2626,4740,
19.4.2026,13:50:26.481,50.0,52.0,27.000,27.872,1757.0,1730.0,2626,4740,
19.4.2026,13:50:26.687,50.0,52.0,28.000,27.990,1753.0,1730.0,2626,4740,
19.4.2026,13:50:26.887,51.0,52.0,28.000,28.077,1756.0,1730.0,2626,4740,
19.4.2026,13:50:27.105,50.0,52.0,28.000,28.188,1756.0,1730.0,2626,4740,
19.4.2026,13:50:27.305,51.0,52.0,28.000,28.097,1749.0,1730.0,2626,4740,
19.4.2026,13:50:27.505,51.0,52.0,28.000,28.201,1756.0,1728.0,2626,4740,
19.4.2026,13:50:27.707,50.0,52.0,28.000,28.236,1756.0,1728.0,2626,4740,
19.4.2026,13:50:27.909,50.0,52.0,28.000,28.192,1756.0,1730.0,2626,4740,
19.4.2026,13:50:28.111,51.0,52.0,28.000,28.096,1749.0,1730.0,2626,4740,
19.4.2026,13:50:28.312,51.0,52.0,27.000,28.003,1756.0,1730.0,2626,4740,
19.4.2026,13:50:28.515,50.0,52.0,28.000,27.939,1754.0,1728.0,2626,4740,
19.4.2026,13:50:28.729,51.0,52.0,28.000,28.036,1756.0,1730.0,2626,4740,
19.4.2026,13:50:28.932,51.0,52.0,27.000,27.991,1756.0,1730.0,2626,4740,
19.4.2026,13:50:29.134,51.0,52.0,27.000,27.997,1750.0,1730.0,2626,4740,
19.4.2026,13:50:29.336,51.0,53.0,27.000,27.950,1756.0,1728.0,2626,4740,
19.4.2026,13:50:29.543,51.0,52.0,27.000,27.881,1754.0,1730.0,2626,4740,
19.4.2026,13:50:29.742,50.0,52.0,28.000,28.133,1756.0,1728.0,2626,4740,
19.4.2026,13:50:29.943,50.0,52.0,27.000,27.983,301.0,1728.0,2626,4740,
19.4.2026,13:50:30.142,50.0,52.0,27.000,27.721,1756.0,1730.0,2626,4740,
19.4.2026,13:50:30.343,51.0,52.0,27.000,27.874,1753.0,1728.0,2626,4740,
19.4.2026,13:50:30.545,50.0,53.0,27.000,27.737,1756.0,1728.0,2626,4740,
19.4.2026,13:50:30.746,50.0,52.0,27.000,27.678,1755.0,1730.0,2626,4740,
19.4.2026,13:50:30.961,50.0,52.0,27.000,27.629,1740.0,1730.0,2626,4740,
19.4.2026,13:50:31.162,51.0,52.0,27.000,27.693,1756.0,1730.0,2626,4740,
19.4.2026,13:50:31.366,51.0,52.0,28.000,27.940,1753.0,1728.0,2626,4740,
19.4.2026,13:50:31.569,50.0,52.0,27.000,27.926,1756.0,1730.0,2626,4740,
19.4.2026,13:50:31.771,51.0,53.0,27.000,28.019,1756.0,1730.0,2626,4740,
19.4.2026,13:50:31.971,50.0,52.0,28.000,28.097,1757.0,1730.0,2626,4740,
19.4.2026,13:50:32.171,51.0,52.0,28.000,27.957,1757.0,1730.0,2626,4740,
19.4.2026,13:50:32.376,51.0,52.0,28.000,28.044,1756.0,1728.0,2626,4740,
19.4.2026,13:50:32.578,50.0,52.0,27.000,28.129,1750.0,1730.0,2626,4740,
19.4.2026,13:50:32.781,51.0,52.0,27.000,27.866,1756.0,1728.0,2626,4740,
19.4.2026,13:50:32.983,51.0,52.0,27.000,27.840,1755.0,1730.0,2626,4740,
19.4.2026,13:50:33.188,51.0,52.0,27.000,28.005,1756.0,1730.0,2626,4740,
19.4.2026,13:50:33.392,51.0,52.0,27.000,27.670,1755.0,1728.0,2626,4740,
19.4.2026,13:50:33.594,51.0,53.0,27.000,27.644,1733.0,1730.0,2626,4740,
19.4.2026,13:50:33.794,51.0,52.0,28.000,27.940,1757.0,1728.0,2626,4740,
19.4.2026,13:50:34.008,51.0,53.0,28.000,27.809,1757.0,1728.0,2626,4740,
19.4.2026,13:50:34.211,50.0,52.0,27.000,27.987,1754.0,1728.0,2626,4740,
19.4.2026,13:50:34.414,50.0,52.0,27.000,27.740,1756.0,1730.0,2626,4740,
19.4.2026,13:50:34.619,51.0,52.0,27.000,27.777,1756.0,1728.0,2626,4740,
19.4.2026,13:50:34.821,51.0,52.0,27.000,27.810,1742.0,1730.0,2626,4740,
19.4.2026,13:50:35.023,50.0,52.0,27.000,27.840,1756.0,1728.0,2626,4740,
19.4.2026,13:50:35.220,51.0,52.0,27.000,27.837,1755.0,1730.0,2626,4740,
19.4.2026,13:50:35.424,51.0,52.0,27.000,27.843,1735.0,1730.0,2626,4740,
19.4.2026,13:50:35.624,51.0,53.0,27.000,27.670,1756.0,1730.0,2626,4740,
19.4.2026,13:50:35.824,51.0,52.0,27.000,27.717,1756.0,1730.0,2626,4740,
19.4.2026,13:50:36.041,51.0,52.0,27.000,27.861,1756.0,1730.0,2626,4740,
19.4.2026,13:50:36.244,51.0,53.0,27.000,27.840,1756.0,1730.0,2626,4740,
19.4.2026,13:50:36.445,50.0,52.0,28.000,27.960,1754.0,1728.0,2626,4740,
19.4.2026,13:50:36.649,51.0,52.0,27.000,27.911,1756.0,1730.0,2626,4740,
19.4.2026,13:50:36.851,51.0,52.0,28.000,27.804,1756.0,1730.0,2626,4740,
19.4.2026,13:50:37.052,51.0,52.0,27.000,27.849,1734.0,1730.0,2626,4740,
19.4.2026,13:50:37.253,51.0,53.0,27.000,27.842,1756.0,1730.0,2626,4740,
19.4.2026,13:50:37.455,51.0,52.0,28.000,27.808,1754.0,1730.0,2626,4740,
19.4.2026,13:50:37.658,51.0,52.0,27.000,27.791,1756.0,1730.0,2626,4740,
19.4.2026,13:50:37.855,51.0,53.0,28.000,27.773,1755.0,1730.0,2626,4740,
19.4.2026,13:50:38.059,51.0,52.0,27.000,28.055,1756.0,1730.0,2626,4740,
19.4.2026,13:50:38.263,50.0,53.0,27.000,28.125,1756.0,1728.0,2629,4743,
19.4.2026,13:50:38.465,51.0,52.0,27.000,27.997,1755.0,1730.0,2629,4743,
19.4.2026,13:50:38.668,51.0,52.0,27.000,27.772,1733.0,1730.0,2629,4743,
19.4.2026,13:50:38.885,51.0,53.0,27.000,27.683,1756.0,1728.0,2629,4743,
19.4.2026,13:50:39.085,50.0,52.0,27.000,27.514,1743.0,1730.0,2629,4743,
19.4.2026,13:50:39.287,51.0,53.0,27.000,27.558,1756.0,1728.0,2629,4743,
19.4.2026,13:50:39.487,51.0,52.0,27.000,27.611,1749.0,1730.0,2629,4743,
19.4.2026,13:50:39.686,51.0,53.0,27.000,27.733,1756.0,1730.0,2629,4743,
19.4.2026,13:50:39.887,51.0,52.0,27.000,27.578,1756.0,1730.0,2629,4743,
19.4.2026,13:50:40.090,51.0,52.0,27.000,27.625,1757.0,1730.0,2629,4743,
19.4.2026,13:50:40.306,51.0,52.0,27.000,27.654,1755.0,1730.0,2629,4743,
19.4.2026,13:50:40.506,50.0,52.0,27.000,27.583,1756.0,1730.0,2629,4743,
19.4.2026,13:50:40.709,50.0,53.0,27.000,27.646,1752.0,1728.0,2629,4743,
19.4.2026,13:50:40.911,51.0,53.0,27.000,27.647,1756.0,1728.0,2629,4743,
19.4.2026,13:50:41.113,51.0,52.0,27.000,27.564,1756.0,1730.0,2629,4743,
19.4.2026,13:50:41.321,51.0,52.0,27.000,27.422,1744.0,1728.0,2629,4743,
19.4.2026,13:50:41.526,51.0,52.0,27.000,27.559,1756.0,1728.0,2629,4743,
19.4.2026,13:50:41.727,51.0,53.0,28.000,27.844,1755.0,1730.0,2629,4743,
19.4.2026,13:50:41.927,51.0,52.0,27.000,27.916,1756.0,1728.0,2629,4743,
19.4.2026,13:50:42.128,51.0,53.0,28.000,27.828,1756.0,1728.0,2629,4743,
19.4.2026,13:50:42.353,51.0,53.0,27.000,27.836,1757.0,1728.0,2629,4743,
19.4.2026,13:50:42.532,51.0,53.0,27.000,27.508,1754.0,1728.0,2629,4743,
19.4.2026,13:50:42.732,51.0,53.0,27.000,27.681,1756.0,1730.0,2629,4743,
19.4.2026,13:50:42.948,51.0,52.0,27.000,27.745,1755.0,1730.0,2629,4743,
19.4.2026,13:50:43.150,51.0,52.0,27.000,27.846,1756.0,1730.0,2629,4743,
19.4.2026,13:50:43.358,51.0,53.0,27.000,27.795,1756.0,1730.0,2629,4743,
19.4.2026,13:50:43.554,51.0,52.0,27.000,27.862,1736.0,1730.0,2629,4743,
19.4.2026,13:50:43.753,51.0,52.0,27.000,27.884,1757.0,1730.0,2629,4743,
19.4.2026,13:50:43.967,52.0,52.0,28.000,27.974,1747.0,1728.0,2629,4743,
19.4.2026,13:50:44.163,50.0,53.0,28.000,28.018,1756.0,1730.0,2629,4743,
19.4.2026,13:50:44.376,51.0,53.0,28.000,28.078,1756.0,1730.0,2629,4743,
19.4.2026,13:50:44.577,51.0,52.0,27.000,27.974,1754.0,1728.0,2629,4743,
19.4.2026,13:50:44.770,51.0,52.0,27.000,27.907,1756.0,1728.0,2629,4743,
19.4.2026,13:50:44.971,51.0,52.0,28.000,27.948,1755.0,1728.0,2629,4743,
19.4.2026,13:50:45.174,51.0,53.0,27.000,27.865,1739.0,1730.0,2629,4743,
19.4.2026,13:50:45.376,51.0,53.0,27.000,27.960,1757.0,1728.0,2629,4743,
19.4.2026,13:50:45.576,51.0,53.0,27.000,27.831,1755.0,1730.0,2629,4743,
19.4.2026,13:50:45.791,50.0,52.0,27.000,27.756,1757.0,1730.0,2629,4743,
19.4.2026,13:50:45.995,51.0,52.0,27.000,27.859,1756.0,1730.0,2629,4743,
19.4.2026,13:50:46.197,51.0,52.0,27.000,27.898,1744.0,1728.0,2629,4743,
19.4.2026,13:50:46.396,51.0,53.0,28.000,27.983,1756.0,1730.0,2629,4743,
19.4.2026,13:50:46.601,51.0,53.0,27.000,28.122,1757.0,1728.0,2629,4743,
19.4.2026,13:50:46.803,51.0,53.0,28.000,27.938,1755.0,1728.0,2629,4743,
19.4.2026,13:50:47.004,51.0,53.0,27.000,28.075,1729.0,1730.0,2629,4743,
19.4.2026,13:50:47.203,51.0,53.0,27.000,27.716,1757.0,1730.0,2629,4743,
19.4.2026,13:50:47.408,50.0,52.0,27.000,27.707,303.0,1728.0,2629,4743,
19.4.2026,13:50:47.605,51.0,52.0,27.000,27.829,1756.0,1730.0,2629,4743,
19.4.2026,13:50:47.820,51.0,53.0,27.000,27.751,1757.0,1730.0,2629,4743,
19.4.2026,13:50:48.020,50.0,52.0,27.000,27.822,1752.0,1730.0,2629,4743,
19.4.2026,13:50:48.221,51.0,52.0,27.000,27.920,1756.0,1730.0,2629,4743,
19.4.2026,13:50:48.421,51.0,52.0,28.000,27.983,1756.0,1728.0,2629,4743,
19.4.2026,13:50:48.625,51.0,53.0,28.000,28.377,1756.0,1730.0,2629,4743,
19.4.2026,13:50:48.825,51.0,52.0,27.000,28.034,1757.0,1730.0,2629,4743,
19.4.2026,13:50:49.029,51.0,53.0,27.000,27.804,1756.0,1730.0,2629,4743,
19.4.2026,13:50:49.231,51.0,52.0,27.000,27.895,1757.0,1728.0,2629,4743,
19.4.2026,13:50:49.448,51.0,52.0,27.000,27.843,1755.0,1730.0,2629,4743,
19.4.2026,13:50:49.650,51.0,53.0,28.000,27.853,1720.0,1730.0,2629,4743,
19.4.2026,13:50:49.851,51.0,53.0,27.000,28.087,1756.0,1730.0,2629,4743,
19.4.2026,13:50:50.051,51.0,53.0,28.000,27.990,1756.0,1730.0,2629,4743,
19.4.2026,13:50:50.254,51.0,52.0,28.000,27.951,1756.0,1730.0,2629,4743,
19.4.2026,13:50:50.453,50.0,52.0,28.000,27.970,1756.0,1730.0,2629,4743,
19.4.2026,13:50:50.653,51.0,52.0,28.000,28.161,1756.0,1730.0,2629,4743,
19.4.2026,13:50:50.856,51.0,52.0,28.000,27.993,1756.0,1728.0,2629,4743,
19.4.2026,13:50:51.074,51.0,52.0,27.000,27.837,1754.0,1730.0,2629,4743,
19.4.2026,13:50:51.291,51.0,52.0,27.000,27.818,1756.0,1728.0,2629,4743,
19.4.2026,13:50:51.494,51.0,53.0,27.000,27.703,1753.0,1730.0,2629,4743,
19.4.2026,13:50:51.685,51.0,53.0,27.000,27.758,1757.0,1728.0,2629,4743,
19.4.2026,13:50:51.901,51.0,53.0,27.000,27.895,1756.0,1730.0,2629,4743,
19.4.2026,13:50:52.102,51.0,52.0,27.000,27.681,1756.0,1730.0,2629,4743,
19.4.2026,13:50:52.306,51.0,53.0,27.000,27.768,1756.0,1728.0,2629,4743,
19.4.2026,13:50:52.507,51.0,53.0,27.000,27.658,1728.0,1730.0,2629,4743,
19.4.2026,13:50:52.710,51.0,52.0,27.000,27.844,1756.0,1730.0,2629,4743,
19.4.2026,13:50:52.911,51.0,53.0,27.000,27.994,1756.0,1730.0,2629,4743,
19.4.2026,13:50:53.112,51.0,53.0,28.000,27.780,1742.0,1730.0,2629,4743,
19.4.2026,13:50:53.316,51.0,53.0,27.000,27.773,1757.0,1730.0,2629,4743,
19.4.2026,13:50:53.517,51.0,53.0,27.000,27.683,1750.0,1730.0,2629,4743,
19.4.2026,13:50:53.721,51.0,53.0,27.000,27.568,1756.0,1728.0,2629,4743,
19.4.2026,13:50:53.924,51.0,53.0,27.000,27.705,1753.0,1728.0,2629,4743,
19.4.2026,13:50:54.128,51.0,53.0,27.000,27.877,1756.0,1730.0,2629,4743,
19.4.2026,13:50:54.329,51.0,52.0,27.000,27.654,1755.0,1728.0,2629,4743,
19.4.2026,13:50:54.531,51.0,52.0,27.000,27.782,1757.0,1728.0,2629,4743,
19.4.2026,13:50:54.735,51.0,53.0,27.000,27.832,1757.0,1730.0,2629,4743,
19.4.2026,13:50:54.939,51.0,53.0,28.000,27.922,1756.0,1728.0,2629,4743,
19.4.2026,13:50:55.139,51.0,52.0,27.000,27.949,298.0,1730.0,2629,4743,
19.4.2026,13:50:55.353,51.0,52.0,27.000,27.712,1757.0,1730.0,2629,4743,
19.4.2026,13:50:55.554,51.0,52.0,28.000,27.764,1754.0,1730.0,2629,4743,
19.4.2026,13:50:55.756,52.0,53.0,27.000,27.719,1757.0,1730.0,2629,4743,
19.4.2026,13:50:55.958,51.0,52.0,27.000,27.416,1755.0,1730.0,2629,4743,
19.4.2026,13:50:56.160,50.0,52.0,27.000,27.794,294.0,1728.0,2629,4743,
19.4.2026,13:50:56.361,51.0,53.0,28.000,28.018,1757.0,1730.0,2629,4743,
19.4.2026,13:50:56.561,51.0,53.0,28.000,28.098,1750.0,1728.0,2629,4743,
19.4.2026,13:50:56.764,51.0,53.0,28.000,27.822,1756.0,1730.0,2629,4743,
19.4.2026,13:50:56.967,51.0,52.0,27.000,28.101,1755.0,1730.0,2629,4743,
19.4.2026,13:50:57.168,51.0,53.0,27.000,27.890,1754.0,1728.0,2629,4743,
19.4.2026,13:50:57.389,51.0,53.0,27.000,27.922,1757.0,1730.0,2629,4743,
19.4.2026,13:50:57.603,51.0,53.0,28.000,28.195,1755.0,1730.0,2629,4743,
19.4.2026,13:50:57.802,51.0,53.0,28.000,28.151,1725.0,1728.0,2629,4743,
19.4.2026,13:50:58.002,51.0,53.0,28.000,28.158,1756.0,1730.0,2629,4743,
19.4.2026,13:50:58.206,51.0,52.0,28.000,28.041,1754.0,1730.0,2629,4743,
19.4.2026,13:50:58.408,51.0,52.0,28.000,28.108,1757.0,1730.0,2629,4743,
19.4.2026,13:50:58.610,51.0,53.0,28.000,28.098,1756.0,1730.0,2629,4743,
19.4.2026,13:50:58.813,51.0,52.0,28.000,28.104,1731.0,1730.0,2629,4743,
19.4.2026,13:50:59.014,51.0,53.0,28.000,28.125,1756.0,1730.0,2629,4743,
19.4.2026,13:50:59.219,51.0,53.0,28.000,28.144,1756.0,1728.0,2629,4743,
19.4.2026,13:50:59.420,51.0,53.0,28.000,28.352,1752.0,1730.0,2629,4743,
19.4.2026,13:50:59.623,51.0,53.0,27.000,28.200,1757.0,1730.0,2629,4743,
19.4.2026,13:50:59.827,51.0,53.0,28.000,28.018,1754.0,1730.0,2629,4743,
19.4.2026,13:51:0.040,51.0,53.0,27.000,28.158,1735.0,1730.0,2629,4743,
19.4.2026,13:51:0.241,51.0,53.0,27.000,27.938,1756.0,1730.0,2629,4743,
19.4.2026,13:51:0.446,51.0,53.0,28.000,27.912,1752.0,1730.0,2629,4743,
19.4.2026,13:51:0.647,51.0,53.0,27.000,28.040,1757.0,1730.0,2629,4743,
19.4.2026,13:51:0.849,51.0,53.0,28.000,27.949,1755.0,1730.0,2629,4743,
19.4.2026,13:51:1.052,51.0,53.0,28.000,28.108,1756.0,1728.0,2629,4743,
19.4.2026,13:51:1.256,52.0,52.0,28.000,28.344,1755.0,1728.0,2629,4743,
19.4.2026,13:51:1.456,51.0,53.0,28.000,28.162,1756.0,1728.0,2629,4743,
19.4.2026,13:51:1.660,51.0,53.0,28.000,28.146,1754.0,1730.0,2629,4743,
19.4.2026,13:51:1.865,51.0,53.0,27.000,27.983,1729.0,1730.0,2629,4743,
19.4.2026,13:51:2.070,51.0,53.0,28.000,28.148,1756.0,1728.0,2629,4743,
19.4.2026,13:51:2.271,51.0,53.0,28.000,28.110,1753.0,1728.0,2629,4743,
19.4.2026,13:51:2.474,51.0,53.0,28.000,28.060,1756.0,1730.0,2629,4743,
19.4.2026,13:51:2.672,51.0,53.0,28.000,28.067,1755.0,1728.0,2629,4743,
19.4.2026,13:51:2.872,52.0,53.0,27.000,28.044,1757.0,1728.0,2629,4743,
19.4.2026,13:51:3.074,51.0,53.0,28.000,28.361,1756.0,1728.0,2629,4743,
19.4.2026,13:51:3.289,51.0,53.0,28.000,28.505,1756.0,1730.0,2629,4743,
19.4.2026,13:51:3.490,51.0,53.0,28.000,28.359,1752.0,1728.0,2629,4743,
19.4.2026,13:51:3.695,51.0,53.0,27.000,27.911,1756.0,1730.0,2629,4743,
19.4.2026,13:51:3.896,51.0,53.0,28.000,27.998,1755.0,1730.0,2629,4743,
19.4.2026,13:51:4.097,51.0,53.0,28.000,28.201,1756.0,1730.0,2629,4743,
19.4.2026,13:51:4.302,51.0,53.0,27.000,28.056,1756.0,1730.0,2629,4743,
19.4.2026,13:51:4.503,51.0,53.0,28.000,28.034,1751.0,1730.0,2629,4743,
19.4.2026,13:51:4.705,51.0,52.0,27.000,28.142,1757.0,1730.0,2629,4743,
19.4.2026,13:51:4.909,51.0,52.0,27.000,28.057,1755.0,1730.0,2629,4743,
19.4.2026,13:51:5.110,51.0,53.0,28.000,28.129,1756.0,1728.0,2629,4743,
19.4.2026,13:51:5.318,51.0,53.0,28.000,28.145,1756.0,1728.0,2629,4743,
19.4.2026,13:51:5.517,51.0,53.0,27.000,28.007,1756.0,1728.0,2629,4743,
19.4.2026,13:51:5.717,51.0,52.0,27.000,28.143,1724.0,1730.0,2629,4743,
19.4.2026,13:51:5.918,51.0,53.0,28.000,28.159,1756.0,1728.0,2629,4743,
19.4.2026,13:51:6.121,51.0,53.0,28.000,28.237,1736.0,1730.0,2629,4743,
19.4.2026,13:51:6.326,51.0,53.0,27.000,28.119,1756.0,1730.0,2629,4743,
19.4.2026,13:51:6.529,51.0,53.0,27.000,27.932,298.0,1730.0,2629,4743,
19.4.2026,13:51:6.743,51.0,53.0,27.000,27.907,1756.0,1728.0,2629,4743,
19.4.2026,13:51:6.946,51.0,53.0,27.000,27.831,1756.0,1730.0,2629,4743,
19.4.2026,13:51:7.147,51.0,53.0,27.000,27.762,1723.0,1730.0,2629,4743,
19.4.2026,13:51:7.350,51.0,53.0,28.000,28.028,1756.0,1728.0,2629,4743,
19.4.2026,13:51:7.543,51.0,53.0,28.000,28.118,1756.0,1728.0,2629,4743,
19.4.2026,13:51:7.759,51.0,53.0,27.000,28.063,1746.0,1730.0,2629,4743,
19.4.2026,13:51:7.958,51.0,52.0,27.000,28.029,1756.0,1730.0,2629,4743,
19.4.2026,13:51:8.160,51.0,53.0,28.000,28.159,1754.0,1730.0,2629,4743,
19.4.2026,13:51:8.363,51.0,52.0,27.000,28.116,1756.0,1728.0,2629,4743,
19.4.2026,13:51:8.565,51.0,53.0,28.000,27.903,1755.0,1730.0,2629,4743,
19.4.2026,13:51:8.770,51.0,53.0,27.000,27.773,1733.0,1730.0,2629,4743,
19.4.2026,13:51:8.980,51.0,53.0,27.000,27.847,1756.0,1730.0,2629,4743,
19.4.2026,13:51:9.177,51.0,53.0,27.000,27.753,1747.0,1728.0,2629,4743,
19.4.2026,13:51:9.378,51.0,53.0,27.000,28.028,1757.0,1730.0,2629,4743,
19.4.2026,13:51:9.591,51.0,53.0,27.000,27.968,1756.0,1728.0,2629,4743,
19.4.2026,13:51:9.786,51.0,52.0,27.000,27.876,1754.0,1730.0,2629,4743,
19.4.2026,13:51:9.988,51.0,53.0,27.000,27.902,1757.0,1730.0,2629,4743,
19.4.2026,13:51:10.190,51.0,53.0,27.000,27.754,1756.0,1728.0,2629,4743,
19.4.2026,13:51:10.392,51.0,53.0,27.000,27.671,1739.0,1730.0,2629,4743,
19.4.2026,13:51:10.597,51.0,53.0,27.000,27.829,1756.0,1730.0,2629,4743,
19.4.2026,13:51:10.797,51.0,53.0,27.000,27.847,1746.0,1728.0,2629,4743,
19.4.2026,13:51:11.001,51.0,53.0,27.000,27.654,1756.0,1730.0,2629,4743,
19.4.2026,13:51:11.204,51.0,53.0,27.000,27.773,294.0,1728.0,2629,4743,
19.4.2026,13:51:11.408,51.0,53.0,28.000,28.100,1756.0,1730.0,2629,4743,
19.4.2026,13:51:11.610,51.0,53.0,28.000,28.113,1756.0,1728.0,2629,4743,
19.4.2026,13:51:11.811,51.0,53.0,27.000,27.970,1750.0,1730.0,2629,4743,
19.4.2026,13:51:12.026,52.0,53.0,27.000,27.814,1757.0,1728.0,2629,4743,
19.4.2026,13:51:12.229,51.0,53.0,27.000,27.859,1756.0,1730.0,2629,4743,
19.4.2026,13:51:12.440,51.0,53.0,27.000,27.832,1729.0,1728.0,2629,4743,
19.4.2026,13:51:12.633,51.0,53.0,27.000,27.871,1756.0,1730.0,2629,4743,
19.4.2026,13:51:12.836,51.0,53.0,27.000,28.041,1746.0,1730.0,2629,4743,
19.4.2026,13:51:13.049,51.0,53.0,27.000,27.961,1756.0,1728.0,2629,4743,
19.4.2026,13:51:13.244,51.0,53.0,27.000,27.770,1754.0,1730.0,2629,4743,
19.4.2026,13:51:13.444,51.0,53.0,27.000,27.785,1756.0,1730.0,2629,4743,
19.4.2026,13:51:13.644,52.0,53.0,27.000,27.927,1757.0,1728.0,2629,4743,
19.4.2026,13:51:13.848,51.0,53.0,27.000,27.869,1757.0,1730.0,2629,4743,
19.4.2026,13:51:14.052,51.0,53.0,27.000,27.675,1741.0,1730.0,2629,4743,
19.4.2026,13:51:14.255,51.0,53.0,27.000,27.593,1757.0,1730.0,2629,4743,
19.4.2026,13:51:14.458,51.0,53.0,27.000,27.781,1753.0,1730.0,2629,4743,
19.4.2026,13:51:14.664,51.0,53.0,28.000,27.851,1756.0,1730.0,2629,4743,
19.4.2026,13:51:14.868,51.0,53.0,27.000,27.961,1756.0,1730.0,2629,4743,
19.4.2026,13:51:15.069,51.0,53.0,27.000,27.891,1733.0,1730.0,2629,4743,
19.4.2026,13:51:15.272,51.0,52.0,27.000,27.868,1757.0,1730.0,2629,4743,
19.4.2026,13:51:15.473,51.0,53.0,27.000,27.803,301.0,1728.0,2629,4743,
19.4.2026,13:51:15.672,51.0,53.0,27.000,27.882,1756.0,1730.0,2629,4743,
19.4.2026,13:51:15.873,51.0,53.0,28.000,27.781,1756.0,1730.0,2629,4743,
19.4.2026,13:51:16.087,51.0,53.0,28.000,27.967,1756.0,1728.0,2629,4743,
19.4.2026,13:51:16.288,52.0,53.0,27.000,27.933,1756.0,1728.0,2629,4743,
19.4.2026,13:51:16.491,51.0,53.0,28.000,27.739,1756.0,1728.0,2629,4743,
19.4.2026,13:51:16.692,51.0,53.0,27.000,27.720,1729.0,1730.0,2629,4743,
19.4.2026,13:51:16.896,51.0,53.0,27.000,27.687,1756.0,1728.0,2629,4743,
19.4.2026,13:51:17.125,52.0,53.0,27.000,27.710,1752.0,1728.0,2629,4743,
19.4.2026,13:51:17.307,51.0,53.0,27.000,27.844,1757.0,1730.0,2629,4743,
19.4.2026,13:51:17.505,51.0,53.0,27.000,27.844,1757.0,1730.0,2629,4743,
19.4.2026,13:51:17.705,51.0,53.0,27.000,27.748,1756.0,1730.0,2629,4743,
19.4.2026,13:51:17.903,51.0,53.0,28.000,27.845,1757.0,1730.0,2629,4743,
19.4.2026,13:51:18.109,51.0,53.0,28.000,28.242,1757.0,1730.0,2629,4743,
19.4.2026,13:51:18.309,51.0,53.0,27.000,28.161,1742.0,1728.0,2629,4743,
19.4.2026,13:51:18.525,51.0,53.0,27.000,27.862,1756.0,1728.0,2629,4743,
19.4.2026,13:51:18.728,51.0,52.0,27.000,27.909,1753.0,1730.0,2629,4743,
19.4.2026,13:51:18.927,51.0,53.0,27.000,27.814,1756.0,1730.0,2629,4743,
19.4.2026,13:51:19.128,52.0,53.0,27.000,27.934,1756.0,1728.0,2629,4743,
19.4.2026,13:51:19.327,50.0,53.0,27.000,27.855,1737.0,1730.0,2629,4743,
19.4.2026,13:51:19.531,51.0,53.0,27.000,27.838,1756.0,1728.0,2629,4743,
19.4.2026,13:51:19.732,51.0,53.0,28.000,27.791,1754.0,1730.0,2629,4743,
19.4.2026,13:51:19.936,51.0,53.0,28.000,27.808,1756.0,1730.0,2629,4743,
19.4.2026,13:51:20.142,51.0,53.0,28.000,27.935,1757.0,1730.0,2629,4743,
19.4.2026,13:51:20.353,51.0,53.0,27.000,27.856,1755.0,1730.0,2629,4743,
19.4.2026,13:51:20.553,51.0,53.0,27.000,27.730,1756.0,1730.0,2629,4743,
19.4.2026,13:51:20.753,51.0,53.0,28.000,27.812,1756.0,1730.0,2629,4743,
19.4.2026,13:51:20.953,51.0,52.0,27.000,27.967,1747.0,1728.0,2629,4743,
19.4.2026,13:51:21.160,51.0,53.0,27.000,27.693,1756.0,1730.0,2629,4743,
19.4.2026,13:51:21.359,51.0,53.0,27.000,27.635,1752.0,1730.0,2629,4743,
19.4.2026,13:51:21.558,51.0,53.0,27.000,27.773,1756.0,1728.0,2629,4743,
19.4.2026,13:51:21.773,51.0,53.0,27.000,27.756,1755.0,1730.0,2629,4743,
19.4.2026,13:51:21.976,51.0,53.0,27.000,27.579,1735.0,1728.0,2629,4743,
19.4.2026,13:51:22.182,51.0,53.0,27.000,27.746,1756.0,1730.0,2629,4743,
19.4.2026,13:51:22.381,51.0,53.0,27.000,27.731,1755.0,1730.0,2629,4743,
19.4.2026,13:51:22.583,51.0,53.0,27.000,27.587,1749.0,1728.0,2629,4743,
19.4.2026,13:51:22.784,51.0,53.0,27.000,27.597,1756.0,1728.0,2629,4743,
19.4.2026,13:51:22.987,51.0,53.0,27.000,27.538,1756.0,1728.0,2629,4743,
19.4.2026,13:51:23.188,51.0,53.0,27.000,27.699,1756.0,1730.0,2629,4743,
19.4.2026,13:51:23.391,51.0,53.0,27.000,27.257,1748.0,1730.0,2629,4743,
19.4.2026,13:51:23.595,51.0,53.0,27.000,27.432,1757.0,1730.0,2629,4743,
19.4.2026,13:51:23.798,51.0,53.0,27.000,27.551,1753.0,1730.0,2629,4743,
19.4.2026,13:51:24.001,51.0,53.0,27.000,27.705,1757.0,1728.0,2629,4743,
19.4.2026,13:51:24.203,51.0,53.0,28.000,27.528,1755.0,1730.0,2629,4743,
19.4.2026,13:51:24.402,52.0,53.0,27.000,27.780,1755.0,1730.0,2629,4743,
19.4.2026,13:51:24.606,51.0,53.0,27.000,27.796,1744.0,1730.0,2629,4743,
19.4.2026,13:51:24.808,51.0,53.0,27.000,27.617,1756.0,1730.0,2629,4743,
19.4.2026,13:51:25.024,51.0,53.0,27.000,27.403,1750.0,1730.0,2629,4743,
19.4.2026,13:51:25.226,51.0,53.0,27.000,27.356,1757.0,1730.0,2629,4743,
19.4.2026,13:51:25.426,52.0,53.0,27.000,27.601,1755.0,1730.0,2629,4743,
19.4.2026,13:51:25.627,51.0,53.0,27.000,27.653,1750.0,1728.0,2629,4743,
19.4.2026,13:51:25.832,51.0,53.0,27.000,27.738,1756.0,1730.0,2629,4743,
19.4.2026,13:51:26.033,51.0,53.0,27.000,27.698,1753.0,1730.0,2629,4743,
19.4.2026,13:51:26.233,51.0,53.0,27.000,27.550,1756.0,1728.0,2629,4743,
19.4.2026,13:51:26.435,52.0,53.0,27.000,27.655,1756.0,1728.0,2629,4743,
19.4.2026,13:51:26.639,51.0,53.0,27.000,27.602,1755.0,1728.0,2629,4743,
19.4.2026,13:51:26.855,51.0,53.0,27.000,27.676,1727.0,1730.0,2629,4743,
19.4.2026,13:51:27.072,51.0,53.0,27.000,27.603,1755.0,1730.0,2629,4743,
19.4.2026,13:51:27.274,51.0,53.0,27.000,27.578,1744.0,1730.0,2629,4743,
19.4.2026,13:51:27.474,51.0,53.0,27.000,27.728,1756.0,1730.0,2629,4743,
19.4.2026,13:51:27.680,51.0,53.0,27.000,27.543,1748.0,1730.0,2629,4743,
19.4.2026,13:51:27.884,52.0,53.0,27.000,27.468,1756.0,1728.0,2629,4743,
19.4.2026,13:51:28.087,51.0,53.0,27.000,27.620,1753.0,1730.0,2629,4743,
19.4.2026,13:51:28.288,51.0,53.0,27.000,27.682,1756.0,1728.0,2629,4743,
19.4.2026,13:51:28.489,52.0,53.0,27.000,27.836,1756.0,1730.0,2629,4743,
19.4.2026,13:51:28.696,51.0,53.0,27.000,27.830,1756.0,1730.0,2629,4743,
19.4.2026,13:51:28.903,52.0,53.0,27.000,27.771,1736.0,1728.0,2629,4743,
19.4.2026,13:51:29.107,51.0,53.0,27.000,27.617,1756.0,1730.0,2629,4743,
19.4.2026,13:51:29.313,52.0,54.0,27.000,27.622,298.0,1730.0,2629,4743,
19.4.2026,13:51:29.525,51.0,53.0,27.000,27.583,1756.0,1730.0,2629,4743,
19.4.2026,13:51:29.727,52.0,53.0,27.000,27.521,1755.0,1730.0,2629,4743,
19.4.2026,13:51:29.931,51.0,53.0,27.000,27.433,1729.0,1728.0,2629,4743,
19.4.2026,13:51:30.131,51.0,53.0,27.000,27.574,1756.0,1730.0,2629,4743,
19.4.2026,13:51:30.338,51.0,53.0,27.000,27.594,1747.0,1730.0,2629,4743,
19.4.2026,13:51:30.537,51.0,53.0,28.000,27.902,1756.0,1730.0,2629,4743,
19.4.2026,13:51:30.739,51.0,53.0,28.000,28.160,1756.0,1730.0,2629,4743,
19.4.2026,13:51:30.938,52.0,53.0,28.000,27.968,1753.0,1728.0,2629,4743,
19.4.2026,13:51:31.142,51.0,53.0,28.000,28.076,1756.0,1730.0,2629,4743,
19.4.2026,13:51:31.344,52.0,53.0,27.000,27.934,1756.0,1728.0,2629,4743,
19.4.2026,13:51:31.547,52.0,53.0,27.000,27.882,1732.0,1728.0,2629,4743,
19.4.2026,13:51:31.748,51.0,54.0,27.000,27.717,1755.0,1730.0,2629,4743,
19.4.2026,13:51:31.950,51.0,54.0,27.000,27.690,1745.0,1730.0,2629,4743,
19.4.2026,13:51:32.166,51.0,53.0,27.000,27.721,1756.0,1730.0,2629,4743,
19.4.2026,13:51:32.369,51.0,53.0,27.000,27.673,1751.0,1728.0,2629,4743,
19.4.2026,13:51:32.571,51.0,53.0,28.000,27.753,1756.0,1730.0,2629,4743,
19.4.2026,13:51:32.775,51.0,53.0,28.000,27.967,1756.0,1730.0,2629,4743,
19.4.2026,13:51:32.978,51.0,53.0,27.000,27.595,1755.0,1730.0,2629,4743,
19.4.2026,13:51:33.179,51.0,53.0,27.000,27.695,1756.0,1730.0,2629,4743,
19.4.2026,13:51:33.381,51.0,53.0,27.000,27.443,1756.0,1728.0,2629,4743,
19.4.2026,13:51:33.581,51.0,53.0,27.000,27.555,1740.0,1730.0,2629,4743,
19.4.2026,13:51:33.781,51.0,53.0,27.000,27.644,1756.0,1728.0,2629,4743,
19.4.2026,13:51:33.986,51.0,53.0,27.000,27.618,1751.0,1728.0,2629,4743,
19.4.2026,13:51:34.188,52.0,53.0,27.000,27.465,1756.0,1728.0,2629,4743,
19.4.2026,13:51:34.390,51.0,53.0,27.000,27.565,1756.0,1730.0,2629,4743,
19.4.2026,13:51:34.594,51.0,53.0,27.000,27.699,1756.0,1730.0,2629,4743,
19.4.2026,13:51:34.794,52.0,53.0,28.000,27.941,1756.0,1730.0,2629,4743,
19.4.2026,13:51:35.010,52.0,53.0,27.000,27.816,1754.0,1728.0,2629,4743,
19.4.2026,13:51:35.213,51.0,53.0,27.000,27.486,299.0,1728.0,2629,4743,
19.4.2026,13:51:35.417,51.0,53.0,28.000,27.514,1756.0,1728.0,2629,4743,
19.4.2026,13:51:35.620,51.0,53.0,27.000,27.575,1752.0,1730.0,2629,4743,
19.4.2026,13:51:35.835,51.0,53.0,27.000,27.615,1756.0,1728.0,2629,4743,
19.4.2026,13:51:36.037,51.0,53.0,27.000,27.627,1756.0,1728.0,2629,4743,
19.4.2026,13:51:36.238,52.0,53.0,27.000,27.409,1734.0,1730.0,2629,4743,
19.4.2026,13:51:36.446,51.0,53.0,27.000,27.332,1756.0,1728.0,2629,4743,
19.4.2026,13:51:36.646,51.0,53.0,28.000,27.405,1754.0,1728.0,2629,4743,
19.4.2026,13:51:36.853,51.0,53.0,27.000,27.649,1757.0,1730.0,2629,4743,
19.4.2026,13:51:37.053,51.0,53.0,28.000,27.621,1757.0,1730.0,2629,4743,
19.4.2026,13:51:37.253,52.0,53.0,27.000,27.613,1755.0,1730.0,2629,4743,
19.4.2026,13:51:37.455,52.0,54.0,27.000,27.651,1756.0,1730.0,2629,4743,
19.4.2026,13:51:37.657,51.0,53.0,27.000,27.576,1755.0,1728.0,2629,4743,
19.4.2026,13:51:37.858,51.0,53.0,27.000,27.644,1721.0,1728.0,2629,4743,
19.4.2026,13:51:38.073,52.0,53.0,27.000,27.765,1756.0,1728.0,2629,4743,
19.4.2026,13:51:38.273,51.0,53.0,27.000,27.896,298.0,1728.0,2629,4743,
19.4.2026,13:51:38.473,51.0,53.0,28.000,27.961,1756.0,1730.0,2629,4743,
19.4.2026,13:51:38.677,52.0,53.0,27.000,27.839,1755.0,1730.0,2629,4743,
19.4.2026,13:51:38.879,51.0,53.0,28.000,27.881,1756.0,1730.0,2629,4743,
19.4.2026,13:51:39.079,51.0,53.0,27.000,27.962,1757.0,1730.0,2629,4743,
19.4.2026,13:51:39.283,51.0,53.0,27.000,27.843,1754.0,1728.0,2629,4743,
19.4.2026,13:51:39.482,52.0,53.0,27.000,27.695,1757.0,1730.0,2629,4743,
19.4.2026,13:51:39.684,51.0,53.0,28.000,27.661,1755.0,1730.0,2629,4743,
19.4.2026,13:51:39.887,51.0,53.0,28.000,27.697,1743.0,1730.0,2629,4743,
19.4.2026,13:51:40.103,51.0,53.0,28.000,27.728,1756.0,1730.0,2629,4743,
19.4.2026,13:51:40.305,51.0,53.0,27.000,27.639,298.0,1730.0,2629,4743,
19.4.2026,13:51:40.507,51.0,53.0,27.000,27.634,1756.0,1728.0,2629,4743,
19.4.2026,13:51:40.708,52.0,53.0,27.000,27.502,1745.0,1730.0,2629,4743,
19.4.2026,13:51:40.908,52.0,54.0,27.000,27.702,1756.0,1730.0,2629,4743,
19.4.2026,13:51:41.112,51.0,53.0,27.000,27.890,1756.0,1728.0,2629,4743,
19.4.2026,13:51:41.315,51.0,53.0,27.000,27.713,1757.0,1730.0,2629,4743,
19.4.2026,13:51:41.515,52.0,53.0,27.000,27.417,1757.0,1730.0,2629,4743,
19.4.2026,13:51:41.719,52.0,53.0,27.000,27.401,1754.0,1730.0,2629,4743,
19.4.2026,13:51:41.919,51.0,54.0,27.000,27.539,1756.0,1728.0,2629,4743,
19.4.2026,13:51:42.135,51.0,53.0,27.000,27.495,1756.0,1730.0,2629,4743,
19.4.2026,13:51:42.324,51.0,53.0,27.000,27.686,300.0,1728.0,2629,4743,
19.4.2026,13:51:42.541,52.0,53.0,27.000,27.589,1756.0,1730.0,2629,4743,
19.4.2026,13:51:42.742,51.0,53.0,27.000,27.725,1753.0,1728.0,2629,4743,
19.4.2026,13:51:42.942,52.0,53.0,27.000,27.670,1756.0,1728.0,2629,4743,
19.4.2026,13:51:43.146,52.0,53.0,27.000,27.663,1756.0,1728.0,2629,4743,
19.4.2026,13:51:43.347,51.0,53.0,27.000,27.714,1756.0,1728.0,2629,4743,
19.4.2026,13:51:43.547,51.0,53.0,27.000,27.648,1756.0,1728.0,2629,4743,
19.4.2026,13:51:43.746,51.0,53.0,27.000,27.550,1755.0,1730.0,2629,4743,
19.4.2026,13:51:43.949,52.0,53.0,27.000,27.649,1756.0,1730.0,2629,4743,
19.4.2026,13:51:44.167,51.0,53.0,27.000,27.618,1756.0,1728.0,2629,4743,
19.4.2026,13:51:44.384,52.0,53.0,27.000,27.601,1756.0,1730.0,2629,4743,
19.4.2026,13:51:44.587,51.0,53.0,27.000,27.688,1753.0,1728.0,2629,4743,
19.4.2026,13:51:44.788,51.0,53.0,27.000,27.656,1757.0,1730.0,2629,4743,
19.4.2026,13:51:44.991,51.0,53.0,27.000,27.790,1756.0,1728.0,2629,4743,
19.4.2026,13:51:45.190,51.0,53.0,28.000,27.969,1756.0,1730.0,2629,4743,
19.4.2026,13:51:45.393,52.0,53.0,27.000,28.019,1734.0,1728.0,2629,4743,
19.4.2026,13:51:45.595,52.0,53.0,27.000,27.834,1757.0,1730.0,2629,4743,
19.4.2026,13:51:45.795,51.0,53.0,27.000,27.838,1750.0,1730.0,2629,4743,
19.4.2026,13:51:45.996,52.0,53.0,27.000,27.731,1756.0,1730.0,2629,4743,
19.4.2026,13:51:46.201,52.0,54.0,28.000,27.827,1754.0,1728.0,2629,4743,
19.4.2026,13:51:46.404,52.0,53.0,27.000,27.790,1756.0,1730.0,2629,4743,
19.4.2026,13:51:46.606,52.0,54.0,27.000,27.725,1755.0,1728.0,2629,4743,
19.4.2026,13:51:46.808,52.0,53.0,27.000,27.859,1728.0,1730.0,2629,4743,
19.4.2026,13:51:47.027,52.0,54.0,28.000,27.932,1756.0,1730.0,2629,4743,
19.4.2026,13:51:47.226,52.0,54.0,27.000,27.981,1756.0,1730.0,2629,4743,
19.4.2026,13:51:47.429,51.0,54.0,27.000,27.897,1756.0,1730.0,2629,4743,
19.4.2026,13:51:47.632,52.0,53.0,27.000,27.925,1756.0,1728.0,2629,4743,
19.4.2026,13:51:47.834,52.0,54.0,27.000,27.880,1756.0,1730.0,2629,4743,
19.4.2026,13:51:48.041,51.0,53.0,27.000,27.824,1714.0,1730.0,2629,4743,
19.4.2026,13:51:48.242,51.0,53.0,27.000,27.938,1755.0,1730.0,2629,4743,
19.4.2026,13:51:48.443,51.0,53.0,27.000,27.845,1749.0,1728.0,2629,4743,
19.4.2026,13:51:48.646,52.0,54.0,27.000,27.817,1755.0,1730.0,2629,4743,
19.4.2026,13:51:48.846,51.0,53.0,28.000,27.843,1756.0,1728.0,2629,4743,
19.4.2026,13:51:49.047,52.0,53.0,27.000,28.006,1756.0,1728.0,2629,4743,
19.4.2026,13:51:49.254,52.0,53.0,27.000,27.923,1756.0,1728.0,2629,4743,
19.4.2026,13:51:49.450,51.0,53.0,27.000,28.045,1756.0,1730.0,2629,4743,
19.4.2026,13:51:49.666,52.0,54.0,27.000,27.903,1756.0,1728.0,2629,4743,
19.4.2026,13:51:49.869,51.0,53.0,28.000,27.912,1755.0,1728.0,2629,4743,
19.4.2026,13:51:50.070,52.0,54.0,27.000,27.809,1742.0,1730.0,2629,4743,
19.4.2026,13:51:50.275,52.0,53.0,28.000,27.845,1756.0,1728.0,2629,4743,
19.4.2026,13:51:50.474,51.0,53.0,28.000,27.848,1755.0,1730.0,2629,4743,
19.4.2026,13:51:50.674,51.0,53.0,27.000,27.845,1756.0,1728.0,2629,4743,
19.4.2026,13:51:50.873,51.0,53.0,27.000,27.721,1756.0,1730.0,2629,4743,
19.4.2026,13:51:51.076,52.0,53.0,27.000,27.833,1747.0,1728.0,2629,4743,
19.4.2026,13:51:51.278,52.0,53.0,27.000,27.801,1756.0,1730.0,2629,4743,
19.4.2026,13:51:51.483,51.0,53.0,27.000,27.906,1757.0,1728.0,2629,4743,
19.4.2026,13:51:51.684,52.0,53.0,27.000,27.774,1752.0,1728.0,2629,4743,
19.4.2026,13:51:51.886,52.0,53.0,27.000,27.670,1756.0,1730.0,2629,4743,
19.4.2026,13:51:52.106,51.0,53.0,28.000,27.746,1753.0,1730.0,2629,4743,
19.4.2026,13:51:52.305,52.0,53.0,27.000,27.891,1756.0,1730.0,2629,4743,
19.4.2026,13:51:52.505,51.0,53.0,28.000,27.862,1755.0,1730.0,2629,4743,
19.4.2026,13:51:52.710,52.0,53.0,27.000,28.082,1757.0,1730.0,2629,4743,
19.4.2026,13:51:52.911,51.0,53.0,28.000,27.969,1756.0,1730.0,2629,4743,
19.4.2026,13:51:53.111,51.0,54.0,27.000,27.828,1748.0,1730.0,2629,4743,
19.4.2026,13:51:53.314,51.0,53.0,28.000,27.754,1756.0,1730.0,2629,4743,
19.4.2026,13:51:53.514,52.0,53.0,28.000,28.175,1756.0,1730.0,2629,4743,
19.4.2026,13:51:53.716,51.0,53.0,27.000,27.941,1756.0,1728.0,2629,4743,
19.4.2026,13:51:53.919,52.0,53.0,27.000,27.670,1755.0,1730.0,2629,4743,
19.4.2026,13:51:54.137,51.0,53.0,27.000,27.623,1755.0,1730.0,2629,4743,
19.4.2026,13:51:54.354,52.0,53.0,27.000,27.837,1756.0,1730.0,2629,4743,
19.4.2026,13:51:54.556,51.0,53.0,27.000,27.828,1755.0,1728.0,2629,4743,
19.4.2026,13:51:54.759,51.0,53.0,27.000,27.753,1745.0,1730.0,2629,4743,
19.4.2026,13:51:54.961,51.0,53.0,27.000,27.615,1756.0,1730.0,2629,4743,
19.4.2026,13:51:55.162,52.0,53.0,27.000,27.662,1743.0,1730.0,2629,4743,
19.4.2026,13:51:55.362,52.0,54.0,27.000,27.774,1756.0,1730.0,2629,4743,
19.4.2026,13:51:55.563,52.0,54.0,27.000,27.482,1757.0,1730.0,2629,4743,
19.4.2026,13:51:55.764,52.0,53.0,27.000,27.642,1757.0,1730.0,2629,4743,
19.4.2026,13:51:55.967,52.0,54.0,27.000,27.612,1757.0,1730.0,2629,4743,
19.4.2026,13:51:56.170,52.0,53.0,27.000,27.503,1753.0,1730.0,2629,4743,
19.4.2026,13:51:56.371,51.0,53.0,27.000,27.630,1756.0,1730.0,2629,4743,
19.4.2026,13:51:56.576,52.0,53.0,27.000,27.604,1754.0,1728.0,2629,4743,
19.4.2026,13:51:56.781,52.0,53.0,27.000,27.727,1756.0,1728.0,2629,4743,
19.4.2026,13:51:56.982,52.0,53.0,27.000,27.638,1756.0,1728.0,2629,4743,
19.4.2026,13:51:57.197,52.0,54.0,28.000,27.768,1752.0,1728.0,2629,4743,
19.4.2026,13:51:57.404,52.0,53.0,27.000,27.886,1757.0,1730.0,2629,4743,
19.4.2026,13:51:57.606,52.0,54.0,27.000,27.784,1755.0,1730.0,2629,4743,
19.4.2026,13:51:57.808,52.0,53.0,28.000,27.959,1756.0,1730.0,2629,4743,
19.4.2026,13:51:58.026,52.0,54.0,27.000,27.915,1756.0,1728.0,2629,4743,
19.4.2026,13:51:58.227,51.0,53.0,27.000,27.673,1756.0,1728.0,2629,4743,
19.4.2026,13:51:58.431,52.0,54.0,27.000,27.749,1734.0,1730.0,2629,4743,
19.4.2026,13:51:58.633,51.0,53.0,27.000,27.748,1755.0,1728.0,2629,4743,
19.4.2026,13:51:58.831,52.0,54.0,27.000,27.657,1749.0,1728.0,2629,4743,
19.4.2026,13:51:59.034,52.0,54.0,27.000,27.719,1756.0,1730.0,2629,4743,
19.4.2026,13:51:59.236,52.0,53.0,27.000,27.690,1754.0,1728.0,2629,4743,
19.4.2026,13:51:59.439,52.0,53.0,27.000,27.772,1757.0,1730.0,2629,4743,
19.4.2026,13:51:59.641,52.0,53.0,27.000,27.783,1754.0,1730.0,2629,4743,
19.4.2026,13:51:59.842,52.0,53.0,28.000,28.128,1756.0,1730.0,2629,4743,
19.4.2026,13:52:0.043,51.0,54.0,28.000,28.042,1756.0,1730.0,2629,4743,
19.4.2026,13:52:0.261,52.0,53.0,27.000,27.782,1756.0,1730.0,2629,4743,
19.4.2026,13:52:0.478,52.0,53.0,27.000,27.732,1746.0,1730.0,2629,4743,
19.4.2026,13:52:0.679,52.0,54.0,27.000,27.726,1756.0,1730.0,2629,4743,
19.4.2026,13:52:0.880,52.0,53.0,27.000,27.704,1750.0,1730.0,2629,4743,
19.4.2026,13:52:1.081,52.0,54.0,27.000,27.684,1756.0,1730.0,2629,4743,
19.4.2026,13:52:1.282,52.0,54.0,27.000,27.531,1754.0,1730.0,2629,4743,
19.4.2026,13:52:1.483,52.0,53.0,27.000,27.501,1755.0,1728.0,2629,4743,
19.4.2026,13:52:1.686,52.0,53.0,27.000,27.695,1755.0,1730.0,2629,4743,
19.4.2026,13:52:1.891,52.0,53.0,27.000,27.705,1756.0,1730.0,2629,4743,
19.4.2026,13:52:2.092,52.0,54.0,27.000,27.863,1756.0,1730.0,2629,4743,
19.4.2026,13:52:2.308,52.0,54.0,27.000,27.869,1756.0,1728.0,2629,4743,
19.4.2026,13:52:2.526,52.0,54.0,27.000,27.726,1747.0,1730.0,2629,4743,
19.4.2026,13:52:2.734,52.0,54.0,27.000,27.864,1756.0,1730.0,2629,4743,
19.4.2026,13:52:2.928,52.0,54.0,27.000,27.902,1755.0,1728.0,2629,4743,
19.4.2026,13:52:3.129,51.0,53.0,27.000,27.862,1734.0,1730.0,2629,4743,
19.4.2026,13:52:3.332,51.0,53.0,27.000,27.911,1756.0,1730.0,2629,4743,
19.4.2026,13:52:3.535,51.0,53.0,28.000,28.003,1753.0,1730.0,2629,4743,
19.4.2026,13:52:3.740,52.0,53.0,27.000,27.949,1756.0,1728.0,2629,4743,
19.4.2026,13:52:3.943,52.0,53.0,27.000,27.936,1756.0,1730.0,2629,4743,
19.4.2026,13:52:4.145,52.0,54.0,28.000,28.129,1756.0,1730.0,2629,4743,
19.4.2026,13:52:4.347,52.0,54.0,27.000,28.133,1739.0,1730.0,2629,4743,
19.4.2026,13:52:4.550,52.0,54.0,28.000,28.051,1755.0,1730.0,2629,4743,
19.4.2026,13:52:4.754,52.0,53.0,28.000,28.070,1753.0,1730.0,2629,4743,
19.4.2026,13:52:4.954,52.0,54.0,28.000,27.948,1755.0,1730.0,2629,4743,
19.4.2026,13:52:5.155,52.0,54.0,28.000,28.052,1755.0,1728.0,2629,4743,
19.4.2026,13:52:5.355,52.0,53.0,27.000,28.012,1727.0,1728.0,2629,4743,
19.4.2026,13:52:5.570,52.0,54.0,28.000,28.045,1754.0,1730.0,2629,4743,
19.4.2026,13:52:5.774,52.0,54.0,28.000,28.079,1750.0,1730.0,2629,4743,
19.4.2026,13:52:5.978,52.0,54.0,27.000,27.928,1756.0,1728.0,2629,4743,
19.4.2026,13:52:6.188,52.0,54.0,28.000,28.162,1756.0,1730.0,2629,4743,
19.4.2026,13:52:6.381,51.0,53.0,28.000,28.217,1755.0,1730.0,2629,4743,
19.4.2026,13:52:6.582,52.0,54.0,27.000,28.017,1756.0,1728.0,2629,4743,
19.4.2026,13:52:6.794,52.0,54.0,28.000,28.006,1755.0,1730.0,2629,4743,
19.4.2026,13:52:6.988,52.0,54.0,28.000,27.960,1755.0,1730.0,2629,4743,
19.4.2026,13:52:7.195,52.0,53.0,27.000,28.053,1756.0,1730.0,2629,4743,
19.4.2026,13:52:7.395,51.0,53.0,27.000,27.880,1751.0,1728.0,2629,4743,
19.4.2026,13:52:7.599,51.0,54.0,27.000,27.685,1756.0,1730.0,2629,4743,
19.4.2026,13:52:7.799,52.0,53.0,27.000,27.629,1754.0,1730.0,2629,4743,
19.4.2026,13:52:7.999,52.0,54.0,27.000,27.677,1756.0,1730.0,2629,4743,
19.4.2026,13:52:8.213,52.0,53.0,28.000,27.698,1756.0,1730.0,2629,4743,
19.4.2026,13:52:8.414,52.0,54.0,27.000,27.860,1756.0,1730.0,2629,4743,
19.4.2026,13:52:8.613,52.0,54.0,27.000,27.551,1726.0,1730.0,2629,4743,
19.4.2026,13:52:8.816,52.0,53.0,27.000,27.341,1756.0,1730.0,2629,4743,
19.4.2026,13:52:9.020,52.0,54.0,27.000,27.623,1748.0,1728.0,2629,4743,
19.4.2026,13:52:9.220,52.0,54.0,27.000,27.304,1755.0,1730.0,2629,4743,
19.4.2026,13:52:9.422,52.0,53.0,27.000,27.208,1754.0,1728.0,2629,4743,
19.4.2026,13:52:9.626,52.0,54.0,27.000,27.562,1726.0,1728.0,2629,4743,
19.4.2026,13:52:9.828,52.0,53.0,27.000,27.481,1756.0,1728.0,2629,4743,
19.4.2026,13:52:10.029,52.0,53.0,27.000,27.390,1740.0,1730.0,2629,4743,
19.4.2026,13:52:10.234,52.0,54.0,27.000,27.526,1756.0,1728.0,2629,4743,
19.4.2026,13:52:10.434,52.0,54.0,27.000,27.764,1756.0,1728.0,2629,4743,
19.4.2026,13:52:10.650,52.0,54.0,27.000,27.503,1748.0,1730.0,2629,4743,
19.4.2026,13:52:10.854,52.0,54.0,27.000,27.239,1756.0,1728.0,2629,4743,
19.4.2026,13:52:11.053,52.0,53.0,27.000,27.341,1754.0,1728.0,2629,4743,
19.4.2026,13:52:11.252,52.0,54.0,27.000,27.720,1756.0,1730.0,2629,4743,
19.4.2026,13:52:11.453,52.0,54.0,27.000,27.857,1756.0,1730.0,2629,4743,
19.4.2026,13:52:11.654,52.0,54.0,27.000,27.790,1750.0,1728.0,2629,4743,
19.4.2026,13:52:11.858,52.0,54.0,27.000,27.810,1756.0,1730.0,2629,4743,
19.4.2026,13:52:12.061,51.0,54.0,27.000,27.734,1754.0,1730.0,2629,4743,
19.4.2026,13:52:12.264,51.0,53.0,27.000,27.602,1748.0,1728.0,2629,4743,
19.4.2026,13:52:12.478,52.0,54.0,27.000,27.708,1756.0,1730.0,2629,4743,
19.4.2026,13:52:12.680,52.0,53.0,27.000,27.834,1757.0,1728.0,2629,4743,
19.4.2026,13:52:12.883,52.0,54.0,27.000,27.540,1751.0,1730.0,2629,4743,
19.4.2026,13:52:13.086,52.0,53.0,27.000,27.721,1756.0,1728.0,2629,4743,
19.4.2026,13:52:13.287,52.0,53.0,27.000,27.626,1755.0,1730.0,2629,4743,
19.4.2026,13:52:13.487,52.0,54.0,27.000,27.570,1756.0,1728.0,2629,4743,
19.4.2026,13:52:13.692,52.0,53.0,27.000,27.626,1756.0,1728.0,2629,4743,
19.4.2026,13:52:13.894,52.0,54.0,27.000,27.587,1740.0,1728.0,2629,4743,
19.4.2026,13:52:14.093,52.0,54.0,28.000,27.492,1755.0,1730.0,2629,4743,
19.4.2026,13:52:14.296,52.0,54.0,27.000,27.512,1738.0,1730.0,2629,4743,
19.4.2026,13:52:14.501,52.0,53.0,27.000,27.580,1756.0,1730.0,2629,4743,
19.4.2026,13:52:14.703,52.0,53.0,27.000,27.852,1757.0,1728.0,2629,4743,
19.4.2026,13:52:14.908,51.0,54.0,27.000,27.755,1753.0,1730.0,2629,4743,
19.4.2026,13:52:15.107,52.0,54.0,27.000,27.665,1743.0,1730.0,2629,4743,
19.4.2026,13:52:15.308,52.0,54.0,27.000,27.652,1756.0,1728.0,2629,4743,
19.4.2026,13:52:15.523,52.0,54.0,27.000,27.719,1755.0,1728.0,2629,4743,
19.4.2026,13:52:15.725,52.0,54.0,27.000,27.680,1756.0,1730.0,2629,4743,
19.4.2026,13:52:15.927,52.0,53.0,27.000,27.836,1756.0,1730.0,2629,4743,
19.4.2026,13:52:16.127,52.0,54.0,27.000,27.767,1746.0,1730.0,2629,4743,
19.4.2026,13:52:16.328,52.0,54.0,27.000,27.710,1756.0,1728.0,2629,4743,
19.4.2026,13:52:16.530,52.0,54.0,28.000,27.784,1756.0,1730.0,2629,4743,
19.4.2026,13:52:16.730,52.0,53.0,27.000,27.827,1757.0,1730.0,2629,4743,
19.4.2026,13:52:16.948,52.0,53.0,27.000,27.853,1756.0,1730.0,2629,4743,
19.4.2026,13:52:17.166,52.0,53.0,27.000,27.613,1753.0,1728.0,2629,4743,
19.4.2026,13:52:17.367,52.0,54.0,27.000,27.598,1756.0,1730.0,2629,4743,
19.4.2026,13:52:17.570,52.0,53.0,27.000,27.297,1755.0,1730.0,2629,4743,
19.4.2026,13:52:17.770,52.0,53.0,27.000,27.525,1756.0,1730.0,2629,4743,
19.4.2026,13:52:17.973,52.0,54.0,27.000,27.710,1756.0,1730.0,2629,4743,
19.4.2026,13:52:18.174,52.0,54.0,27.000,27.820,1751.0,1730.0,2629,4743,
19.4.2026,13:52:18.379,52.0,54.0,27.000,27.646,1757.0,1728.0,2629,4743,
19.4.2026,13:52:18.581,52.0,54.0,27.000,27.734,1755.0,1730.0,2629,4743,
19.4.2026,13:52:18.783,51.0,54.0,27.000,27.952,1755.0,1730.0,2629,4743,
19.4.2026,13:52:19.009,52.0,54.0,27.000,27.871,1740.0,1728.0,2629,4743,
19.4.2026,13:52:19.185,52.0,54.0,27.000,27.649,1755.0,1728.0,2629,4743,
19.4.2026,13:52:19.388,52.0,53.0,27.000,27.740,1753.0,1728.0,2629,4743,
19.4.2026,13:52:19.592,52.0,54.0,27.000,27.678,1756.0,1728.0,2629,4743,
19.4.2026,13:52:19.796,52.0,54.0,27.000,27.717,1754.0,1730.0,2629,4743,
19.4.2026,13:52:19.997,52.0,53.0,27.000,27.919,1732.0,1730.0,2629,4743,
19.4.2026,13:52:20.215,52.0,54.0,27.000,27.847,1756.0,1730.0,2629,4743,
19.4.2026,13:52:20.416,52.0,54.0,27.000,27.811,1751.0,1730.0,2629,4743,
19.4.2026,13:52:20.619,52.0,53.0,27.000,27.798,1757.0,1730.0,2629,4743,
19.4.2026,13:52:20.821,52.0,53.0,27.000,27.922,1756.0,1730.0,2629,4743,
19.4.2026,13:52:21.023,52.0,54.0,27.000,27.625,1756.0,1728.0,2629,4743,
19.4.2026,13:52:21.222,52.0,54.0,27.000,27.634,1756.0,1730.0,2629,4743,
19.4.2026,13:52:21.425,52.0,53.0,27.000,27.665,1755.0,1728.0,2629,4743,
19.4.2026,13:52:21.627,52.0,54.0,27.000,27.513,1728.0,1730.0,2629,4743,
19.4.2026,13:52:21.830,52.0,54.0,27.000,27.498,1757.0,1730.0,2629,4743,
19.4.2026,13:52:22.029,52.0,54.0,27.000,27.490,1751.0,1730.0,2629,4743,
19.4.2026,13:52:22.245,52.0,53.0,27.000,27.331,1757.0,1730.0,2629,4743,
19.4.2026,13:52:22.460,52.0,54.0,27.000,27.414,1755.0,1730.0,2629,4743,
19.4.2026,13:52:22.660,52.0,54.0,27.000,27.495,1751.0,1730.0,2629,4743,
19.4.2026,13:52:22.864,52.0,54.0,27.000,27.626,1756.0,1728.0,2629,4743,
19.4.2026,13:52:23.065,52.0,53.0,27.000,27.802,1756.0,1728.0,2629,4743,
19.4.2026,13:52:23.263,52.0,54.0,27.000,27.718,1752.0,1730.0,2629,4743,
19.4.2026,13:52:23.468,52.0,54.0,27.000,27.790,1755.0,1730.0,2629,4743,
19.4.2026,13:52:23.671,52.0,54.0,27.000,27.669,1755.0,1730.0,2629,4743,
19.4.2026,13:52:23.874,52.0,54.0,27.000,27.682,1756.0,1730.0,2629,4743,
19.4.2026,13:52:24.086,52.0,53.0,27.000,27.582,1756.0,1730.0,2629,4743,
19.4.2026,13:52:24.290,52.0,54.0,27.000,27.662,1751.0,1730.0,2629,4743,
19.4.2026,13:52:24.489,52.0,54.0,27.000,27.853,1756.0,1730.0,2629,4743,
19.4.2026,13:52:24.690,52.0,54.0,27.000,27.796,1755.0,1728.0,2629,4743,
19.4.2026,13:52:24.890,52.0,54.0,28.000,27.975,1757.0,1730.0,2629,4743,
19.4.2026,13:52:25.094,52.0,53.0,28.000,28.187,1755.0,1730.0,2629,4743,
19.4.2026,13:52:25.294,52.0,54.0,27.000,27.950,1756.0,1730.0,2629,4743,
19.4.2026,13:52:25.501,52.0,54.0,27.000,27.837,1756.0,1728.0,2629,4743,
19.4.2026,13:52:25.713,51.0,54.0,27.000,27.647,1745.0,1728.0,2629,4743,
19.4.2026,13:52:25.915,52.0,54.0,27.000,27.604,1756.0,1730.0,2629,4743,
19.4.2026,13:52:26.114,52.0,54.0,27.000,27.731,1755.0,1730.0,2629,4743,
19.4.2026,13:52:26.316,52.0,53.0,27.000,27.845,1748.0,1730.0,2629,4743,
19.4.2026,13:52:26.521,51.0,54.0,27.000,27.818,1756.0,1728.0,2629,4743,
19.4.2026,13:52:26.720,52.0,54.0,27.000,27.804,1755.0,1730.0,2629,4743,
19.4.2026,13:52:26.921,52.0,54.0,28.000,28.068,1756.0,1728.0,2629,4743,
19.4.2026,13:52:27.125,52.0,54.0,28.000,28.189,1756.0,1730.0,2629,4743,
19.4.2026,13:52:27.325,53.0,54.0,27.000,28.174,1740.0,1730.0,2629,4743,
19.4.2026,13:52:27.527,52.0,54.0,27.000,27.869,1756.0,1730.0,2629,4743,
19.4.2026,13:52:27.745,53.0,54.0,27.000,27.594,1754.0,1728.0,2629,4743,
19.4.2026,13:52:27.944,52.0,53.0,27.000,27.609,1747.0,1730.0,2629,4743,
19.4.2026,13:52:28.143,52.0,54.0,27.000,27.679,1757.0,1728.0,2629,4743,
19.4.2026,13:52:28.343,52.0,54.0,27.000,27.622,1756.0,1730.0,2629,4743,
19.4.2026,13:52:28.545,52.0,54.0,27.000,27.587,1748.0,1730.0,2629,4743,
19.4.2026,13:52:28.751,52.0,54.0,27.000,27.576,1756.0,1730.0,2629,4743,
19.4.2026,13:52:28.954,52.0,54.0,27.000,27.725,1756.0,1730.0,2629,4743,
19.4.2026,13:52:29.157,52.0,54.0,28.000,27.965,1756.0,1730.0,2629,4743,
19.4.2026,13:52:29.359,52.0,54.0,27.000,27.908,1755.0,1730.0,2629,4743,
19.4.2026,13:52:29.561,52.0,54.0,27.000,27.782,1756.0,1730.0,2629,4743,
19.4.2026,13:52:29.764,52.0,54.0,27.000,27.896,1755.0,1728.0,2629,4743,
19.4.2026,13:52:29.979,51.0,53.0,27.000,27.799,1751.0,1730.0,2629,4743,
19.4.2026,13:52:30.179,52.0,54.0,27.000,27.719,1756.0,1730.0,2629,4743,
19.4.2026,13:52:30.380,52.0,54.0,27.000,27.802,1755.0,1728.0,2629,4743,
19.4.2026,13:52:30.582,52.0,53.0,27.000,27.799,1726.0,1730.0,2629,4743,
19.4.2026,13:52:30.786,52.0,54.0,28.000,28.003,1755.0,1730.0,2629,4743,
19.4.2026,13:52:30.988,52.0,54.0,28.000,28.013,1756.0,1730.0,2629,4743,
19.4.2026,13:52:31.190,53.0,54.0,28.000,28.161,1756.0,1730.0,2629,4743,
19.4.2026,13:52:31.388,52.0,54.0,27.000,28.053,1753.0,1730.0,2629,4743,
19.4.2026,13:52:31.603,52.0,53.0,27.000,27.819,1757.0,1730.0,2629,4743,
19.4.2026,13:52:31.808,52.0,54.0,27.000,27.946,1756.0,1730.0,2629,4743,
19.4.2026,13:52:32.011,52.0,54.0,27.000,27.925,1750.0,1730.0,2629,4743,
19.4.2026,13:52:32.210,52.0,54.0,27.000,27.877,1756.0,1728.0,2629,4743,
19.4.2026,13:52:32.412,53.0,54.0,27.000,27.866,1755.0,1730.0,2629,4743,
19.4.2026,13:52:32.613,52.0,54.0,27.000,27.772,1737.0,1728.0,2629,4743,
19.4.2026,13:52:32.813,52.0,54.0,27.000,27.786,1756.0,1730.0,2629,4743,
19.4.2026,13:52:33.018,52.0,54.0,27.000,27.829,1756.0,1728.0,2629,4743,
19.4.2026,13:52:33.218,52.0,54.0,28.000,27.993,1757.0,1728.0,2629,4743,
19.4.2026,13:52:33.422,52.0,54.0,27.000,27.958,1753.0,1728.0,2629,4743,
19.4.2026,13:52:33.624,53.0,54.0,27.000,27.587,1756.0,1728.0,2629,4743,
19.4.2026,13:52:33.838,52.0,54.0,27.000,27.513,1756.0,1730.0,2629,4743,
19.4.2026,13:52:34.038,52.0,54.0,27.000,27.548,1755.0,1728.0,2629,4743,
19.4.2026,13:52:34.241,52.0,54.0,27.000,27.320,1757.0,1730.0,2629,4743,
19.4.2026,13:52:34.443,52.0,54.0,27.000,27.308,1755.0,1730.0,2629,4743,
19.4.2026,13:52:34.642,52.0,54.0,27.000,27.384,1737.0,1730.0,2629,4743,
19.4.2026,13:52:34.843,52.0,54.0,27.000,27.565,1757.0,1730.0,2629,4743,
19.4.2026,13:52:35.047,53.0,54.0,27.000,27.710,1756.0,1730.0,2629,4743,
19.4.2026,13:52:35.250,52.0,54.0,28.000,27.930,1756.0,1730.0,2629,4743,
19.4.2026,13:52:35.463,52.0,54.0,27.000,27.805,1756.0,1728.0,2629,4743,
19.4.2026,13:52:35.667,52.0,54.0,27.000,27.631,1741.0,1730.0,2629,4743,
19.4.2026,13:52:35.868,52.0,54.0,27.000,27.826,1756.0,1728.0,2629,4743,
19.4.2026,13:52:36.067,52.0,54.0,27.000,27.818,1753.0,1730.0,2629,4743,
19.4.2026,13:52:36.271,52.0,54.0,27.000,27.630,1757.0,1730.0,2629,4743,
19.4.2026,13:52:36.472,52.0,54.0,27.000,27.708,1756.0,1730.0,2629,4743,
19.4.2026,13:52:36.675,52.0,54.0,27.000,27.743,1743.0,1730.0,2629,4743,
19.4.2026,13:52:36.879,52.0,54.0,27.000,27.716,1756.0,1730.0,2629,4743,
19.4.2026,13:52:37.083,52.0,54.0,28.000,27.934,1757.0,1730.0,2629,4743,
19.4.2026,13:52:37.286,52.0,54.0,28.000,28.111,1756.0,1728.0,2629,4743,
19.4.2026,13:52:37.485,52.0,54.0,27.000,28.062,1756.0,1728.0,2629,4743,
19.4.2026,13:52:37.686,52.0,54.0,27.000,27.750,1742.0,1730.0,2629,4743,
19.4.2026,13:52:37.890,52.0,54.0,27.000,27.626,1756.0,1730.0,2629,4743,
19.4.2026,13:52:38.090,52.0,54.0,27.000,27.659,1755.0,1730.0,2629,4743,
19.4.2026,13:52:38.294,52.0,54.0,27.000,27.784,1756.0,1730.0,2629,4743,
19.4.2026,13:52:38.509,52.0,54.0,27.000,27.926,1755.0,1728.0,2629,4743,
19.4.2026,13:52:38.711,52.0,54.0,27.000,27.767,1756.0,1728.0,2629,4743,
19.4.2026,13:52:38.912,53.0,54.0,27.000,27.871,1755.0,1730.0,2629,4743,
19.4.2026,13:52:39.114,52.0,54.0,28.000,28.021,1756.0,1728.0,2629,4743,
19.4.2026,13:52:39.318,52.0,54.0,28.000,28.316,1756.0,1728.0,2629,4743,
19.4.2026,13:52:39.520,53.0,54.0,27.000,27.935,1756.0,1730.0,2629,4743,
19.4.2026,13:52:39.722,52.0,54.0,27.000,27.741,1727.0,1730.0,2629,4743,
19.4.2026,13:52:39.921,53.0,54.0,27.000,27.808,1756.0,1728.0,2629,4743,
19.4.2026,13:52:40.123,52.0,54.0,27.000,27.686,1754.0,1730.0,2629,4743,
19.4.2026,13:52:40.324,53.0,54.0,27.000,27.707,1756.0,1730.0,2629,4743,
19.4.2026,13:52:40.527,53.0,54.0,27.000,27.824,1756.0,1730.0,2629,4743,
19.4.2026,13:52:40.730,52.0,54.0,27.000,27.799,1754.0,1730.0,2629,4743,
19.4.2026,13:52:40.934,52.0,54.0,28.000,27.853,1756.0,1730.0,2629,4743,
19.4.2026,13:52:41.148,52.0,54.0,27.000,28.137,1756.0,1730.0,2629,4743,
19.4.2026,13:52:41.352,52.0,54.0,27.000,27.993,1757.0,1730.0,2629,4743,
19.4.2026,13:52:41.555,52.0,55.0,27.000,27.883,1755.0,1730.0,2629,4743,
19.4.2026,13:52:41.757,52.0,54.0,27.000,27.873,299.0,1730.0,2629,4743,
19.4.2026,13:52:41.957,52.0,54.0,27.000,27.832,1756.0,1730.0,2629,4743,
19.4.2026,13:52:42.158,52.0,54.0,27.000,27.776,1755.0,1730.0,2629,4743,
19.4.2026,13:52:42.362,52.0,54.0,27.000,27.710,1752.0,1730.0,2629,4743,
19.4.2026,13:52:42.566,52.0,54.0,27.000,27.800,1756.0,1728.0,2629,4743,
19.4.2026,13:52:42.769,52.0,54.0,27.000,27.816,1755.0,1728.0,2629,4743,
19.4.2026,13:52:42.974,52.0,54.0,27.000,27.857,1744.0,1730.0,2629,4743,
19.4.2026,13:52:43.175,52.0,54.0,28.000,28.141,1756.0,1730.0,2629,4743,
19.4.2026,13:52:43.379,53.0,54.0,28.000,28.195,1756.0,1730.0,2629,4743,
19.4.2026,13:52:43.580,52.0,54.0,27.000,27.898,1755.0,1730.0,2629,4743,
19.4.2026,13:52:43.785,52.0,54.0,27.000,27.779,303.0,1728.0,2629,4743,
19.4.2026,13:52:43.986,52.0,54.0,27.000,27.769,1756.0,1728.0,2629,4743,
19.4.2026,13:52:44.187,52.0,54.0,27.000,27.678,1754.0,1728.0,2629,4743,
19.4.2026,13:52:44.387,52.0,54.0,27.000,27.678,1754.0,1728.0,2629,4743,
19.4.2026,13:52:44.603,53.0,54.0,27.000,27.684,1756.0,1730.0,2629,4743,
19.4.2026,13:52:44.793,53.0,54.0,27.000,27.684,1756.0,1730.0,2629,4743,
19.4.2026,13:52:45.010,53.0,54.0,28.000,27.924,1726.0,1730.0,2629,4743,
19.4.2026,13:52:45.212,53.0,54.0,28.000,28.050,1756.0,1730.0,2629,4743,
19.4.2026,13:52:45.411,52.0,54.0,28.000,28.121,1756.0,1730.0,2629,4743,
19.4.2026,13:52:45.614,52.0,54.0,28.000,28.097,1752.0,1730.0,2629,4743,
19.4.2026,13:52:45.816,52.0,54.0,27.000,27.911,1756.0,1728.0,2629,4743,
19.4.2026,13:52:46.017,52.0,54.0,27.000,27.916,1756.0,1728.0,2629,4743,
19.4.2026,13:52:46.219,52.0,54.0,27.000,27.847,1752.0,1728.0,2629,4743,
19.4.2026,13:52:46.419,52.0,54.0,27.000,27.847,1752.0,1728.0,2629,4743,
19.4.2026,13:52:46.634,53.0,54.0,27.000,27.899,1755.0,1728.0,2629,4743,
19.4.2026,13:52:46.837,53.0,54.0,27.000,27.880,1756.0,1730.0,2629,4743,
19.4.2026,13:52:47.040,53.0,54.0,28.000,27.835,1754.0,1730.0,2629,4743,
19.4.2026,13:52:47.242,52.0,54.0,27.000,27.870,1757.0,1730.0,2629,4743,
19.4.2026,13:52:47.450,52.0,54.0,28.000,27.988,1756.0,1730.0,2629,4743,
19.4.2026,13:52:47.649,52.0,54.0,28.000,28.127,1756.0,1730.0,2629,4743,
19.4.2026,13:52:47.849,53.0,54.0,27.000,27.863,1755.0,1730.0,2629,4743,
19.4.2026,13:52:48.053,52.0,54.0,27.000,27.752,1740.0,1728.0,2629,4743,
19.4.2026,13:52:48.255,53.0,54.0,27.000,27.741,1756.0,1730.0,2629,4743,
19.4.2026,13:52:48.459,52.0,53.0,28.000,27.769,1755.0,1730.0,2629,4743,
19.4.2026,13:52:48.659,52.0,54.0,27.000,27.808,1756.0,1730.0,2629,4743,
19.4.2026,13:52:48.860,52.0,54.0,27.000,27.716,1756.0,1730.0,2629,4743,
19.4.2026,13:52:49.064,52.0,54.0,27.000,27.719,1754.0,1730.0,2629,4743,
19.4.2026,13:52:49.267,52.0,54.0,27.000,27.916,1756.0,1730.0,2629,4743,
19.4.2026,13:52:49.471,52.0,54.0,28.000,27.966,1756.0,1730.0,2629,4743,
19.4.2026,13:52:49.671,52.0,54.0,28.000,28.103,1756.0,1728.0,2629,4743,
19.4.2026,13:52:49.874,52.0,54.0,27.000,27.861,1755.0,1730.0,2629,4743,
19.4.2026,13:52:50.089,52.0,54.0,27.000,27.836,1756.0,1730.0,2629,4743,
19.4.2026,13:52:50.290,52.0,54.0,27.000,27.837,1756.0,1730.0,2629,4743,
19.4.2026,13:52:50.492,52.0,54.0,27.000,27.779,1751.0,1730.0,2629,4743,
19.4.2026,13:52:50.693,53.0,54.0,28.000,27.856,1756.0,1728.0,2629,4743,
19.4.2026,13:52:50.893,53.0,54.0,28.000,27.864,1756.0,1730.0,2629,4743,
19.4.2026,13:52:51.095,52.0,54.0,27.000,27.983,1752.0,1728.0,2629,4743,
19.4.2026,13:52:51.297,53.0,55.0,27.000,27.815,1756.0,1728.0,2629,4743,
19.4.2026,13:52:51.504,52.0,54.0,27.000,27.911,1755.0,1730.0,2629,4743,
19.4.2026,13:52:51.700,52.0,54.0,28.000,28.158,1756.0,1730.0,2629,4743,
19.4.2026,13:52:51.916,52.0,54.0,27.000,27.939,300.0,1728.0,2629,4743,
19.4.2026,13:52:52.118,52.0,54.0,27.000,27.875,1738.0,1730.0,2629,4743,
19.4.2026,13:52:52.320,52.0,54.0,27.000,27.897,1756.0,1730.0,2629,4743,
19.4.2026,13:52:52.526,52.0,54.0,27.000,27.702,1755.0,1730.0,2629,4743,
19.4.2026,13:52:52.723,52.0,54.0,27.000,27.717,1717.0,1730.0,2629,4743,
19.4.2026,13:52:52.926,52.0,54.0,27.000,27.624,1755.0,1730.0,2629,4743,
19.4.2026,13:52:53.128,52.0,54.0,27.000,27.765,298.0,1728.0,2629,4743,
19.4.2026,13:52:53.330,52.0,54.0,27.000,27.565,1755.0,1730.0,2629,4743,
19.4.2026,13:52:53.532,53.0,54.0,27.000,27.734,1756.0,1730.0,2629,4743,
19.4.2026,13:52:53.736,52.0,54.0,28.000,28.107,1757.0,1730.0,2629,4743,
19.4.2026,13:52:53.938,52.0,53.0,27.000,27.925,1754.0,1728.0,2629,4743,
19.4.2026,13:52:54.138,52.0,54.0,27.000,27.917,1746.0,1730.0,2629,4743,
19.4.2026,13:52:54.342,52.0,54.0,27.000,27.877,1756.0,1730.0,2629,4743,
19.4.2026,13:52:54.546,52.0,54.0,28.000,27.896,1755.0,1730.0,2629,4743,
19.4.2026,13:52:54.748,52.0,54.0,27.000,27.865,1742.0,1730.0,2629,4743,
19.4.2026,13:52:54.949,52.0,54.0,27.000,27.826,1756.0,1730.0,2629,4743,
19.4.2026,13:52:55.152,52.0,54.0,27.000,27.740,1755.0,1730.0,2629,4743,
19.4.2026,13:52:55.370,52.0,54.0,27.000,27.802,1724.0,1730.0,2629,4743,
19.4.2026,13:52:55.575,52.0,54.0,27.000,28.068,1756.0,1730.0,2629,4743,
19.4.2026,13:52:55.775,52.0,53.0,27.000,28.211,1756.0,1728.0,2629,4743,
19.4.2026,13:52:55.976,52.0,54.0,28.000,28.134,1755.0,1728.0,2629,4743,
19.4.2026,13:52:56.180,51.0,54.0,28.000,28.210,1749.0,1730.0,2629,4743,
19.4.2026,13:52:56.380,52.0,53.0,28.000,28.298,1756.0,1730.0,2629,4743,
19.4.2026,13:52:56.582,52.0,53.0,28.000,28.029,1756.0,1728.0,2629,4743,
19.4.2026,13:52:56.783,52.0,53.0,28.000,28.048,1752.0,1730.0,2629,4743,
19.4.2026,13:52:56.986,51.0,53.0,27.000,27.921,1756.0,1728.0,2629,4743,
19.4.2026,13:52:57.188,52.0,53.0,27.000,27.988,1756.0,1728.0,2629,4743,
19.4.2026,13:52:57.390,51.0,53.0,27.000,27.854,1756.0,1730.0,2629,4743,
19.4.2026,13:52:57.594,52.0,53.0,27.000,28.082,1756.0,1730.0,2629,4743,
19.4.2026,13:52:57.797,51.0,53.0,28.000,28.323,1756.0,1728.0,2629,4743,
19.4.2026,13:52:58.001,51.0,53.0,28.000,28.016,1756.0,1730.0,2629,4743,
19.4.2026,13:52:58.203,51.0,53.0,28.000,27.937,1755.0,1728.0,2629,4743,
19.4.2026,13:52:58.407,51.0,53.0,27.000,28.069,1731.0,1730.0,2629,4743,
19.4.2026,13:52:58.609,52.0,53.0,27.000,27.882,1756.0,1728.0,2629,4743,
19.4.2026,13:52:58.810,51.0,53.0,27.000,27.919,1752.0,1728.0,2629,4743,
19.4.2026,13:52:59.012,51.0,52.0,27.000,27.830,1757.0,1730.0,2629,4743,
19.4.2026,13:52:59.229,51.0,53.0,27.000,27.679,1756.0,1728.0,2629,4743,
19.4.2026,13:52:59.433,51.0,53.0,27.000,27.505,1750.0,1730.0,2629,4743,
19.4.2026,13:52:59.623,51.0,53.0,27.000,27.789,1756.0,1730.0,2629,4743,
19.4.2026,13:52:59.838,51.0,52.0,27.000,27.744,1756.0,1730.0,2629,4743,
19.4.2026,13:53:0.041,51.0,52.0,27.000,27.619,1756.0,1730.0,2629,4743,
19.4.2026,13:53:0.243,51.0,52.0,27.000,27.737,295.0,1730.0,2629,4743,
19.4.2026,13:53:0.443,50.0,52.0,27.000,27.709,1756.0,1730.0,2629,4743,
19.4.2026,13:53:0.645,51.0,52.0,27.000,27.642,1755.0,1730.0,2629,4743,
19.4.2026,13:53:0.847,50.0,52.0,27.000,27.524,1749.0,1730.0,2629,4743,
19.4.2026,13:53:1.048,50.0,52.0,27.000,27.471,1756.0,1730.0,2629,4743,
19.4.2026,13:53:1.248,50.0,52.0,27.000,27.551,1755.0,1730.0,2629,4743,
19.4.2026,13:53:1.449,50.0,51.0,28.000,27.839,1754.0,1728.0,2629,4743,
19.4.2026,13:53:1.664,50.0,52.0,28.000,28.027,1756.0,1730.0,2629,4743,
19.4.2026,13:53:1.866,51.0,52.0,28.000,28.324,1756.0,1728.0,2629,4743,
19.4.2026,13:53:2.065,50.0,51.0,27.000,27.861,1732.0,1728.0,2629,4743,
19.4.2026,13:53:2.268,51.0,51.0,27.000,27.744,1756.0,1728.0,2629,4743,
19.4.2026,13:53:2.469,50.0,52.0,27.000,27.742,1756.0,1728.0,2629,4743,
19.4.2026,13:53:2.669,50.0,51.0,27.000,27.863,1747.0,1730.0,2629,4743,
19.4.2026,13:53:2.871,50.0,52.0,27.000,27.721,1756.0,1730.0,2629,4743,
19.4.2026,13:53:3.075,50.0,52.0,27.000,27.612,1755.0,1730.0,2629,4743,
19.4.2026,13:53:3.278,50.0,52.0,27.000,27.725,1732.0,1730.0,2629,4743,
19.4.2026,13:53:3.480,50.0,51.0,27.000,27.793,1756.0,1730.0,2629,4743,
19.4.2026,13:53:3.698,50.0,52.0,28.000,27.898,1756.0,1730.0,2629,4743,
19.4.2026,13:53:3.899,50.0,51.0,27.000,28.033,1756.0,1730.0,2629,4743,
19.4.2026,13:53:4.101,50.0,51.0,27.000,27.815,1754.0,1728.0,2629,4743,
19.4.2026,13:53:4.303,50.0,52.0,27.000,27.876,1757.0,1730.0,2629,4743,
19.4.2026,13:53:4.506,50.0,52.0,28.000,27.784,1756.0,1728.0,2629,4743,
19.4.2026,13:53:4.707,50.0,52.0,27.000,27.765,1754.0,1730.0,2629,4743,
19.4.2026,13:53:4.909,50.0,51.0,27.000,27.919,1738.0,1730.0,2629,4743,
19.4.2026,13:53:5.112,50.0,51.0,28.000,27.866,1756.0,1730.0,2629,4743,
19.4.2026,13:53:5.313,49.0,51.0,27.000,27.875,1754.0,1728.0,2629,4743,
19.4.2026,13:53:5.513,50.0,51.0,27.000,27.859,1756.0,1730.0,2629,4743,
19.4.2026,13:53:5.730,50.0,51.0,28.000,28.006,1757.0,1730.0,2629,4743,
19.4.2026,13:53:5.933,49.0,51.0,27.000,28.014,1757.0,1730.0,2629,4743,
19.4.2026,13:53:6.137,49.0,50.0,27.000,27.713,1756.0,1728.0,2629,4743,
19.4.2026,13:53:6.340,49.0,51.0,27.000,27.587,1753.0,1728.0,2629,4743,
19.4.2026,13:53:6.557,49.0,51.0,27.000,27.697,1756.0,1730.0,2629,4743,
19.4.2026,13:53:6.746,50.0,51.0,27.000,27.581,1756.0,1728.0,2629,4743,
19.4.2026,13:53:6.960,49.0,51.0,27.000,27.605,1750.0,1728.0,2629,4743,
19.4.2026,13:53:7.162,49.0,51.0,27.000,27.641,1756.0,1730.0,2629,4743,
19.4.2026,13:53:7.366,49.0,51.0,28.000,27.779,1755.0,1728.0,2629,4743,
19.4.2026,13:53:7.569,49.0,50.0,27.000,27.878,1748.0,1730.0,2629,4743,
19.4.2026,13:53:7.769,49.0,51.0,28.000,28.095,1756.0,1730.0,2629,4743,
19.4.2026,13:53:7.972,49.0,50.0,27.000,28.022,299.0,1728.0,2629,4743,
19.4.2026,13:53:8.175,49.0,51.0,27.000,27.812,1757.0,1730.0,2629,4743,
19.4.2026,13:53:8.379,49.0,51.0,27.000,27.715,1755.0,1728.0,2629,4743,
19.4.2026,13:53:8.577,49.0,50.0,27.000,27.663,1738.0,1730.0,2629,4743,
19.4.2026,13:53:8.781,49.0,50.0,27.000,27.650,1756.0,1728.0,2629,4743,
19.4.2026,13:53:8.995,48.0,50.0,27.000,27.606,1753.0,1730.0,2629,4743,
19.4.2026,13:53:9.198,49.0,50.0,27.000,27.677,1737.0,1730.0,2629,4743,
19.4.2026,13:53:9.399,49.0,50.0,27.000,27.603,1756.0,1728.0,2629,4743,
19.4.2026,13:53:9.599,48.0,51.0,27.000,27.670,1747.0,1730.0,2629,4743,
19.4.2026,13:53:9.801,48.0,50.0,27.000,27.356,1756.0,1730.0,2629,4743,
19.4.2026,13:53:10.004,48.0,49.0,27.000,27.694,1744.0,1730.0,2629,4743,
19.4.2026,13:53:10.210,49.0,50.0,27.000,27.731,1757.0,1730.0,2629,4743,
19.4.2026,13:53:10.413,48.0,50.0,27.000,27.696,1756.0,1728.0,2629,4743,
19.4.2026,13:53:10.612,48.0,50.0,27.000,27.567,1748.0,1730.0,2629,4743,
19.4.2026,13:53:10.815,48.0,50.0,27.000,27.581,1756.0,1730.0,2629,4743,
19.4.2026,13:53:11.017,48.0,50.0,27.000,27.661,1756.0,1730.0,2629,4743,
19.4.2026,13:53:11.219,48.0,50.0,27.000,27.678,1736.0,1730.0,2629,4743,
19.4.2026,13:53:11.421,48.0,50.0,27.000,27.758,1755.0,1728.0,2629,4743,
19.4.2026,13:53:11.624,48.0,50.0,27.000,27.772,1756.0,1730.0,2629,4743,
19.4.2026,13:53:11.829,48.0,50.0,28.000,28.005,1756.0,1728.0,2629,4743,
19.4.2026,13:53:12.028,49.0,50.0,27.000,28.204,1757.0,1728.0,2629,4743,
19.4.2026,13:53:12.231,49.0,50.0,27.000,27.897,1727.0,1728.0,2629,4743,
19.4.2026,13:53:12.436,48.0,50.0,27.000,27.840,1756.0,1728.0,2629,4743,
19.4.2026,13:53:12.636,48.0,50.0,27.000,27.848,1754.0,1730.0,2629,4743,
19.4.2026,13:53:12.853,49.0,50.0,27.000,27.774,1737.0,1730.0,2629,4743,
19.4.2026,13:53:13.042,48.0,50.0,27.000,27.843,1755.0,1730.0,2629,4743,
19.4.2026,13:53:13.248,49.0,50.0,27.000,27.760,1754.0,1730.0,2629,4743,
19.4.2026,13:53:13.449,49.0,50.0,28.000,27.908,1756.0,1730.0,2629,4743,
19.4.2026,13:53:13.654,49.0,50.0,27.000,28.001,1756.0,1728.0,2629,4743,
19.4.2026,13:53:13.868,48.0,50.0,28.000,28.191,1756.0,1730.0,2629,4743,
19.4.2026,13:53:14.070,49.0,50.0,28.000,28.470,1756.0,1730.0,2629,4743,
19.4.2026,13:53:14.274,48.0,50.0,27.000,28.034,1745.0,1728.0,2629,4743,
19.4.2026,13:53:14.473,48.0,50.0,28.000,28.129,1756.0,1730.0,2629,4743,
19.4.2026,13:53:14.674,48.0,50.0,28.000,28.166,1756.0,1730.0,2629,4743,
19.4.2026,13:53:14.877,48.0,50.0,28.000,28.112,1753.0,1730.0,2629,4743,
19.4.2026,13:53:15.078,48.0,50.0,27.000,28.130,1736.0,1730.0,2629,4743,
19.4.2026,13:53:15.279,49.0,49.0,28.000,28.032,1755.0,1728.0,2629,4743,
19.4.2026,13:53:15.495,49.0,50.0,28.000,28.182,1755.0,1730.0,2629,4743,
19.4.2026,13:53:15.697,48.0,50.0,28.000,28.160,1756.0,1728.0,2629,4743,
19.4.2026,13:53:15.896,48.0,50.0,28.000,28.240,1756.0,1730.0,2629,4743,
19.4.2026,13:53:16.098,48.0,50.0,28.000,28.325,1752.0,1728.0,2629,4743,
19.4.2026,13:53:16.301,49.0,50.0,28.000,27.951,1734.0,1730.0,2629,4743,
19.4.2026,13:53:16.505,48.0,50.0,28.000,28.058,1756.0,1728.0,2629,4743,
19.4.2026,13:53:16.704,49.0,50.0,27.000,27.819,1753.0,1730.0,2629,4743,
19.4.2026,13:53:16.906,48.0,50.0,28.000,28.108,1755.0,1730.0,2629,4743,
19.4.2026,13:53:17.109,49.0,50.0,28.000,27.987,1756.0,1730.0,2629,4743,
19.4.2026,13:53:17.312,48.0,50.0,27.000,27.974,1750.0,1730.0,2629,4743,
19.4.2026,13:53:17.514,48.0,50.0,28.000,28.102,1756.0,1730.0,2629,4743,
19.4.2026,13:53:17.716,49.0,50.0,28.000,28.142,1756.0,1728.0,2629,4743,
19.4.2026,13:53:17.918,49.0,50.0,28.000,28.368,1756.0,1728.0,2629,4743,
19.4.2026,13:53:18.132,49.0,50.0,28.000,28.323,1751.0,1730.0,2629,4743,
19.4.2026,13:53:18.333,48.0,50.0,27.000,28.082,1740.0,1730.0,2629,4743,
19.4.2026,13:53:18.536,49.0,50.0,28.000,27.988,1756.0,1728.0,2629,4743,
19.4.2026,13:53:18.739,49.0,50.0,28.000,27.821,1753.0,1728.0,2629,4743,
19.4.2026,13:53:18.941,48.0,50.0,28.000,27.911,1756.0,1730.0,2629,4743,
19.4.2026,13:53:19.144,49.0,50.0,27.000,27.885,1756.0,1730.0,2629,4743,
19.4.2026,13:53:19.347,49.0,50.0,27.000,27.987,1752.0,1730.0,2629,4743,
19.4.2026,13:53:19.550,49.0,50.0,28.000,27.982,1756.0,1730.0,2629,4743,
19.4.2026,13:53:19.750,49.0,50.0,28.000,28.065,1755.0,1728.0,2629,4743,
19.4.2026,13:53:19.952,49.0,50.0,28.000,28.205,1756.0,1728.0,2629,4743,
19.4.2026,13:53:20.153,48.0,50.0,28.000,28.102,1754.0,1728.0,2629,4743,
19.4.2026,13:53:20.355,49.0,50.0,27.000,27.851,1756.0,1730.0,2629,4743,
19.4.2026,13:53:20.578,48.0,51.0,27.000,27.791,1756.0,1728.0,2629,4743,
19.4.2026,13:53:20.775,49.0,50.0,27.000,27.807,1752.0,1728.0,2629,4743,
19.4.2026,13:53:20.977,48.0,50.0,27.000,27.760,1757.0,1728.0,2629,4743,
19.4.2026,13:53:21.179,49.0,50.0,27.000,27.761,1755.0,1730.0,2629,4743,
19.4.2026,13:53:21.379,48.0,50.0,26.000,27.544,201.0,1730.0,2629,4743,
19.4.2026,13:53:21.582,49.0,50.0,27.000,27.501,1755.0,1730.0,2629,4743,
19.4.2026,13:53:21.789,49.0,50.0,27.000,27.838,1756.0,1730.0,2629,4743,
19.4.2026,13:53:21.989,48.0,50.0,27.000,27.881,1756.0,1728.0,2629,4743,
19.4.2026,13:53:22.188,49.0,50.0,27.000,27.725,1756.0,1728.0,2629,4743,
19.4.2026,13:53:22.389,49.0,50.0,27.000,27.458,1755.0,1730.0,2629,4743,
19.4.2026,13:53:22.593,49.0,50.0,27.000,27.613,1735.0,1730.0,2629,4743,
19.4.2026,13:53:22.794,48.0,50.0,27.000,27.585,1756.0,1730.0,2629,4743,
19.4.2026,13:53:23.011,49.0,50.0,27.000,27.571,1753.0,1730.0,2629,4743,
19.4.2026,13:53:23.213,49.0,50.0,27.000,27.742,1756.0,1730.0,2629,4743,
19.4.2026,13:53:23.416,49.0,49.0,27.000,27.739,1754.0,1728.0,2629,4743,
19.4.2026,13:53:23.620,49.0,50.0,27.000,27.727,1732.0,1730.0,2629,4743,
19.4.2026,13:53:23.823,48.0,50.0,27.000,27.682,1756.0,1730.0,2629,4743,
19.4.2026,13:53:24.024,49.0,50.0,27.000,27.754,1756.0,1730.0,2629,4743,
19.4.2026,13:53:24.226,49.0,50.0,27.000,27.843,1756.0,1728.0,2629,4743,
19.4.2026,13:53:24.429,49.0,50.0,27.000,27.497,1757.0,1730.0,2629,4743,
19.4.2026,13:53:24.633,49.0,50.0,27.000,27.547,1756.0,1730.0,2629,4743,
19.4.2026,13:53:24.831,48.0,50.0,27.000,27.671,299.0,1728.0,2629,4743,
19.4.2026,13:53:25.034,48.0,50.0,28.000,27.553,1756.0,1730.0,2629,4743,
19.4.2026,13:53:25.236,48.0,50.0,27.000,27.543,1756.0,1728.0,2629,4743,
19.4.2026,13:53:25.437,49.0,50.0,27.000,27.846,1738.0,1730.0,2629,4743,
19.4.2026,13:53:25.638,49.0,51.0,27.000,27.602,1757.0,1730.0,2629,4743,
19.4.2026,13:53:25.839,49.0,50.0,27.000,27.572,1756.0,1730.0,2629,4743,
19.4.2026,13:53:26.055,49.0,50.0,27.000,27.811,1756.0,1730.0,2629,4743,
19.4.2026,13:53:26.256,49.0,51.0,27.000,27.844,1756.0,1728.0,2629,4743,
19.4.2026,13:53:26.460,49.0,50.0,27.000,27.573,1754.0,1730.0,2629,4743,
19.4.2026,13:53:26.662,49.0,51.0,27.000,27.563,1756.0,1728.0,2629,4743,
19.4.2026,13:53:26.861,49.0,51.0,27.000,27.540,1756.0,1728.0,2629,4743,
19.4.2026,13:53:27.064,49.0,50.0,27.000,27.677,1754.0,1730.0,2629,4743,
19.4.2026,13:53:27.264,49.0,51.0,27.000,27.527,1746.0,1730.0,2629,4743,
19.4.2026,13:53:27.480,49.0,50.0,27.000,27.468,1756.0,1730.0,2629,4743,
19.4.2026,13:53:27.685,49.0,51.0,27.000,27.550,1755.0,1730.0,2629,4743,
19.4.2026,13:53:27.901,48.0,50.0,27.000,27.605,1738.0,1730.0,2629,4743,
19.4.2026,13:53:28.091,49.0,50.0,27.000,27.699,1756.0,1728.0,2629,4743,
19.4.2026,13:53:28.307,48.0,50.0,27.000,27.791,1756.0,1730.0,2629,4743,
19.4.2026,13:53:28.512,49.0,50.0,27.000,27.411,1755.0,1728.0,2629,4743,
19.4.2026,13:53:28.714,49.0,50.0,27.000,27.590,1751.0,1728.0,2629,4743,
19.4.2026,13:53:28.916,49.0,50.0,27.000,27.837,1756.0,1730.0,2629,4743,
19.4.2026,13:53:29.117,49.0,50.0,27.000,27.454,1755.0,1728.0,2629,4743,
19.4.2026,13:53:29.323,49.0,51.0,27.000,27.488,1751.0,1730.0,2629,4743,
19.4.2026,13:53:29.522,49.0,50.0,27.000,27.577,1756.0,1730.0,2629,4743,
19.4.2026,13:53:29.721,49.0,50.0,27.000,27.616,1756.0,1728.0,2629,4743,
19.4.2026,13:53:29.922,49.0,50.0,27.000,27.638,1748.0,1730.0,2629,4743,
19.4.2026,13:53:30.121,49.0,50.0,27.000,27.884,1756.0,1728.0,2629,4743,
19.4.2026,13:53:30.339,49.0,50.0,27.000,27.960,1748.0,1728.0,2629,4743,
19.4.2026,13:53:30.541,49.0,51.0,27.000,27.680,1757.0,1728.0,2629,4743,
19.4.2026,13:53:30.742,49.0,50.0,27.000,27.562,1756.0,1730.0,2629,4743,
19.4.2026,13:53:30.944,49.0,50.0,27.000,27.626,1745.0,1730.0,2629,4743,
19.4.2026,13:53:31.145,49.0,50.0,27.000,27.574,1756.0,1728.0,2629,4743,
19.4.2026,13:53:31.348,49.0,51.0,27.000,27.542,1755.0,1730.0,2629,4743,
19.4.2026,13:53:31.549,49.0,51.0,27.000,27.498,1751.0,1730.0,2629,4743,
19.4.2026,13:53:31.751,49.0,50.0,27.000,27.538,1756.0,1728.0,2629,4743,
19.4.2026,13:53:31.954,49.0,50.0,27.000,27.619,1756.0,1728.0,2629,4743,
19.4.2026,13:53:32.158,49.0,50.0,27.000,27.900,1756.0,1730.0,2629,4743,
19.4.2026,13:53:32.357,49.0,51.0,27.000,28.006,1754.0,1730.0,2629,4743,
19.4.2026,13:53:32.560,49.0,50.0,27.000,27.852,1756.0,1730.0,2629,4743,
19.4.2026,13:53:32.769,49.0,51.0,27.000,27.876,1756.0,1730.0,2629,4743,
19.4.2026,13:53:32.966,49.0,51.0,27.000,27.862,304.0,1728.0,2629,4743,
19.4.2026,13:53:33.172,49.0,50.0,27.000,27.716,1756.0,1730.0,2629,4743,
19.4.2026,13:53:33.394,49.0,50.0,27.000,27.808,1756.0,1730.0,2629,4743,
19.4.2026,13:53:33.588,49.0,51.0,27.000,27.708,301.0,1730.0,2629,4743,
19.4.2026,13:53:33.790,49.0,50.0,28.000,27.877,1756.0,1728.0,2629,4743,
19.4.2026,13:53:33.991,49.0,51.0,28.000,28.043,1754.0,1730.0,2629,4743,
19.4.2026,13:53:34.193,49.0,51.0,28.000,28.332,1757.0,1730.0,2629,4743,
19.4.2026,13:53:34.404,49.0,51.0,27.000,28.158,1749.0,1730.0,2629,4743,
19.4.2026,13:53:34.598,49.0,51.0,28.000,27.992,1756.0,1728.0,2629,4743,
19.4.2026,13:53:34.800,49.0,50.0,28.000,28.051,1756.0,1730.0,2629,4743,
19.4.2026,13:53:35.001,49.0,51.0,27.000,27.973,1737.0,1730.0,2629,4743,
19.4.2026,13:53:35.203,49.0,50.0,28.000,27.794,1756.0,1728.0,2629,4743,
19.4.2026,13:53:35.415,49.0,50.0,27.000,27.858,299.0,1730.0,2629,4743,
19.4.2026,13:53:35.607,49.0,50.0,27.000,27.945,1756.0,1728.0,2629,4743,
19.4.2026,13:53:35.823,49.0,51.0,28.000,27.866,1755.0,1728.0,2629,4743,
19.4.2026,13:53:36.026,49.0,50.0,28.000,28.167,1745.0,1730.0,2629,4743,
19.4.2026,13:53:36.227,49.0,51.0,29.000,28.508,1756.0,1730.0,2629,4743,
19.4.2026,13:53:36.437,49.0,51.0,28.000,28.729,1756.0,1728.0,2629,4743,
19.4.2026,13:53:36.631,49.0,51.0,28.000,28.266,1756.0,1730.0,2629,4743,
19.4.2026,13:53:36.832,49.0,51.0,28.000,28.344,1752.0,1730.0,2629,4743,
19.4.2026,13:53:37.038,49.0,50.0,28.000,28.358,1756.0,1728.0,2629,4743,
19.4.2026,13:53:37.242,49.0,51.0,28.000,28.016,1755.0,1730.0,2629,4743,
19.4.2026,13:53:37.454,49.0,51.0,27.000,28.069,1750.0,1730.0,2629,4743,
19.4.2026,13:53:37.644,49.0,50.0,28.000,27.977,1756.0,1730.0,2629,4743,
19.4.2026,13:53:37.845,49.0,50.0,27.000,27.987,1753.0,1730.0,2629,4743,
19.4.2026,13:53:38.048,49.0,51.0,28.000,28.065,1755.0,1730.0,2629,4743,
19.4.2026,13:53:38.247,49.0,50.0,28.000,28.385,1756.0,1728.0,2629,4743,
19.4.2026,13:53:38.486,49.0,51.0,28.000,28.186,1756.0,1728.0,2629,4743,
19.4.2026,13:53:38.664,49.0,51.0,27.000,27.825,1755.0,1728.0,2629,4743,
19.4.2026,13:53:38.866,49.0,50.0,27.000,27.870,1750.0,1728.0,2629,4743,
19.4.2026,13:53:39.066,49.0,51.0,27.000,27.851,1719.0,1728.0,2629,4743,
19.4.2026,13:53:39.271,49.0,50.0,28.000,27.987,1756.0,1730.0,2629,4743,
19.4.2026,13:53:39.472,49.0,51.0,27.000,28.000,298.0,1730.0,2629,4743,
19.4.2026,13:53:39.678,49.0,51.0,28.000,28.133,1756.0,1730.0,2629,4743,
19.4.2026,13:53:39.880,49.0,51.0,28.000,28.088,1756.0,1728.0,2629,4743,
19.4.2026,13:53:40.082,50.0,51.0,28.000,28.086,1749.0,1730.0,2629,4743,
19.4.2026,13:53:40.283,50.0,51.0,28.000,28.300,1756.0,1728.0,2629,4743,
19.4.2026,13:53:40.488,49.0,51.0,27.000,28.138,1746.0,1730.0,2629,4743,
19.4.2026,13:53:40.689,49.0,51.0,27.000,27.919,1756.0,1730.0,2629,4743,
19.4.2026,13:53:40.890,49.0,51.0,27.000,27.873,1755.0,1730.0,2629,4743,
19.4.2026,13:53:41.091,50.0,51.0,27.000,27.803,297.0,1730.0,2629,4743,
19.4.2026,13:53:41.293,49.0,51.0,27.000,27.740,1756.0,1728.0,2629,4743,
19.4.2026,13:53:41.513,50.0,51.0,27.000,27.698,1755.0,1730.0,2629,4743,
19.4.2026,13:53:41.713,49.0,51.0,27.000,27.895,1746.0,1728.0,2629,4743,
19.4.2026,13:53:41.912,50.0,51.0,27.000,28.034,1755.0,1730.0,2629,4743,
19.4.2026,13:53:42.115,49.0,51.0,28.000,28.020,1756.0,1730.0,2629,4743,
19.4.2026,13:53:42.318,49.0,51.0,28.000,28.245,1756.0,1728.0,2629,4743,
19.4.2026,13:53:42.521,49.0,50.0,27.000,28.208,1756.0,1730.0,2629,4743,
19.4.2026,13:53:42.721,49.0,50.0,27.000,28.208,1756.0,1730.0,2629,4743,
19.4.2026,13:53:42.924,49.0,51.0,27.000,27.816,1752.0,1728.0,2629,4743,
19.4.2026,13:53:43.127,50.0,51.0,27.000,27.831,1756.0,1730.0,2629,4743,
19.4.2026,13:53:43.326,50.0,51.0,27.000,27.743,1756.0,1728.0,2629,4743,
19.4.2026,13:53:43.528,49.0,51.0,27.000,27.760,1754.0,1730.0,2629,4743,
19.4.2026,13:53:43.745,50.0,51.0,27.000,27.723,1756.0,1730.0,2629,4743,
19.4.2026,13:53:43.944,49.0,51.0,28.000,27.958,1756.0,1730.0,2629,4743,
19.4.2026,13:53:44.148,49.0,51.0,27.000,27.947,1751.0,1730.0,2629,4743,
19.4.2026,13:53:44.353,49.0,51.0,27.000,27.954,1756.0,1728.0,2629,4743,
19.4.2026,13:53:44.556,49.0,51.0,28.000,27.948,1756.0,1730.0,2629,4743,
19.4.2026,13:53:44.756,49.0,51.0,28.000,28.006,1756.0,1730.0,2629,4743,
19.4.2026,13:53:44.957,49.0,51.0,27.000,27.986,1753.0,1730.0,2629,4743,
19.4.2026,13:53:45.158,49.0,51.0,28.000,27.985,1756.0,1730.0,2629,4743,
19.4.2026,13:53:45.364,50.0,51.0,27.000,28.058,1755.0,1728.0,2629,4743,
19.4.2026,13:53:45.568,49.0,51.0,27.000,27.928,1753.0,1730.0,2629,4743,
19.4.2026,13:53:45.769,49.0,51.0,27.000,27.936,1756.0,1730.0,2629,4743,
19.4.2026,13:53:45.968,49.0,51.0,27.000,27.633,1753.0,1730.0,2629,4743,
19.4.2026,13:53:46.169,49.0,51.0,28.000,28.046,1756.0,1728.0,2629,4743,
19.4.2026,13:53:46.372,49.0,51.0,28.000,28.156,1756.0,1730.0,2629,4743,
19.4.2026,13:53:46.576,49.0,51.0,28.000,28.421,1756.0,1728.0,2629,4743,
19.4.2026,13:53:46.777,50.0,51.0,28.000,28.217,1756.0,1728.0,2629,4743,
19.4.2026,13:53:46.992,50.0,51.0,27.000,28.075,1745.0,1730.0,2629,4743,
19.4.2026,13:53:47.195,50.0,51.0,28.000,28.102,1756.0,1730.0,2629,4743,
19.4.2026,13:53:47.399,49.0,51.0,28.000,28.205,1755.0,1730.0,2629,4743,
19.4.2026,13:53:47.601,49.0,51.0,27.000,28.174,1750.0,1730.0,2629,4743,
19.4.2026,13:53:47.802,50.0,51.0,28.000,28.265,1756.0,1730.0,2629,4743,
19.4.2026,13:53:48.003,50.0,51.0,28.000,28.433,1756.0,1728.0,2629,4743,
19.4.2026,13:53:48.206,49.0,51.0,28.000,28.299,297.0,1730.0,2629,4743,
19.4.2026,13:53:48.406,49.0,51.0,28.000,28.141,1756.0,1730.0,2629,4743,
19.4.2026,13:53:48.608,50.0,51.0,28.000,28.169,1757.0,1728.0,2629,4743,
19.4.2026,13:53:48.810,49.0,51.0,27.000,28.082,1756.0,1728.0,2629,4743,
19.4.2026,13:53:49.013,49.0,51.0,28.000,27.978,1754.0,1730.0,2629,4743,
19.4.2026,13:53:49.228,49.0,51.0,28.000,28.082,1756.0,1730.0,2629,4743,
19.4.2026,13:53:49.430,49.0,51.0,27.000,27.873,1754.0,1728.0,2629,4743,
19.4.2026,13:53:49.634,50.0,51.0,27.000,28.005,1739.0,1728.0,2629,4743,
19.4.2026,13:53:49.833,49.0,50.0,27.000,27.761,1757.0,1728.0,2629,4743,
19.4.2026,13:53:50.035,50.0,51.0,27.000,27.684,299.0,1730.0,2629,4743,
19.4.2026,13:53:50.234,49.0,51.0,27.000,27.856,1756.0,1728.0,2629,4743,
19.4.2026,13:53:50.440,50.0,51.0,28.000,27.774,1756.0,1730.0,2629,4743,
19.4.2026,13:53:50.643,49.0,51.0,27.000,28.170,1757.0,1728.0,2629,4743,
19.4.2026,13:53:50.846,50.0,51.0,27.000,27.884,1756.0,1728.0,2629,4743,
19.4.2026,13:53:51.048,50.0,51.0,27.000,27.869,1753.0,1730.0,2629,4743,
19.4.2026,13:53:51.252,50.0,52.0,27.000,27.774,284.0,1730.0,2629,4743,
19.4.2026,13:53:51.455,49.0,51.0,27.000,27.840,1755.0,1730.0,2629,4743,
19.4.2026,13:53:51.656,49.0,51.0,27.000,27.812,1735.0,1728.0,2629,4743,
19.4.2026,13:53:51.856,50.0,51.0,27.000,27.867,1755.0,1728.0,2629,4743,
19.4.2026,13:53:52.058,50.0,52.0,27.000,27.976,1755.0,1730.0,2629,4743,
19.4.2026,13:53:52.274,50.0,51.0,27.000,28.005,1757.0,1730.0,2629,4743,
19.4.2026,13:53:52.477,50.0,51.0,28.000,28.196,1756.0,1730.0,2629,4743,
19.4.2026,13:53:52.678,50.0,51.0,28.000,28.352,1756.0,1728.0,2629,4743,
19.4.2026,13:53:52.878,50.0,51.0,28.000,28.325,1755.0,1728.0,2629,4743,
19.4.2026,13:53:53.083,49.0,51.0,27.000,28.056,1754.0,1730.0,2629,4743,
19.4.2026,13:53:53.285,50.0,51.0,27.000,27.933,255.0,1730.0,2629,4743,
19.4.2026,13:53:53.488,50.0,51.0,27.000,27.883,1756.0,1730.0,2629,4743,
19.4.2026,13:53:53.692,50.0,51.0,27.000,27.886,289.0,1730.0,2629,4743,
19.4.2026,13:53:53.893,50.0,51.0,28.000,28.120,1756.0,1730.0,2629,4743,
19.4.2026,13:53:54.094,50.0,51.0,27.000,28.333,1740.0,1730.0,2629,4743,
19.4.2026,13:53:54.296,49.0,51.0,28.000,28.250,1755.0,1730.0,2629,4743,
19.4.2026,13:53:54.496,50.0,52.0,28.000,28.276,1753.0,1730.0,2629,4743,
19.4.2026,13:53:54.699,50.0,52.0,28.000,28.412,1757.0,1730.0,2629,4743,
19.4.2026,13:53:54.916,50.0,51.0,27.000,28.157,1751.0,1730.0,2629,4743,
19.4.2026,13:53:55.119,50.0,51.0,28.000,28.115,1756.0,1730.0,2629,4743,
19.4.2026,13:53:55.320,50.0,51.0,28.000,28.158,1755.0,1728.0,2629,4743,
19.4.2026,13:53:55.523,49.0,51.0,28.000,27.993,1743.0,1730.0,2629,4743,
19.4.2026,13:53:55.728,50.0,51.0,28.000,28.132,1756.0,1730.0,2629,4743,
19.4.2026,13:53:55.933,50.0,52.0,28.000,28.135,1755.0,1730.0,2629,4743,
19.4.2026,13:53:56.149,50.0,51.0,27.000,28.038,1757.0,1728.0,2629,4743,
19.4.2026,13:53:56.353,49.0,52.0,28.000,27.906,1755.0,1730.0,2629,4743,
19.4.2026,13:53:56.557,50.0,51.0,28.000,28.253,1756.0,1728.0,2629,4743,
19.4.2026,13:53:56.758,50.0,51.0,27.000,28.106,1752.0,1730.0,2629,4743,
19.4.2026,13:53:56.960,50.0,51.0,27.000,27.885,1756.0,1730.0,2629,4743,
19.4.2026,13:53:57.165,49.0,51.0,27.000,27.941,1757.0,1728.0,2629,4743,
19.4.2026,13:53:57.369,50.0,51.0,27.000,28.003,1753.0,1730.0,2629,4743,
19.4.2026,13:53:57.571,50.0,52.0,27.000,27.885,1757.0,1730.0,2629,4743,
19.4.2026,13:53:57.773,50.0,51.0,27.000,27.887,1756.0,1730.0,2629,4743,
19.4.2026,13:53:57.976,49.0,51.0,27.000,27.799,302.0,1728.0,2629,4743,
19.4.2026,13:53:58.179,49.0,51.0,27.000,27.835,1755.0,1730.0,2629,4743,
19.4.2026,13:53:58.382,50.0,52.0,28.000,27.987,1756.0,1730.0,2629,4743,
19.4.2026,13:53:58.582,50.0,51.0,28.000,28.230,1756.0,1728.0,2629,4743,
19.4.2026,13:53:58.782,50.0,52.0,27.000,28.118,1753.0,1730.0,2629,4743,
19.4.2026,13:53:58.983,50.0,52.0,27.000,28.118,1753.0,1730.0,2629,4743,
19.4.2026,13:53:59.186,50.0,52.0,27.000,27.828,1747.0,1730.0,2629,4743,
19.4.2026,13:53:59.401,50.0,51.0,27.000,27.938,1753.0,1730.0,2629,4743,
19.4.2026,13:53:59.601,50.0,51.0,27.000,27.938,1753.0,1730.0,2629,4743,
19.4.2026,13:53:59.805,50.0,51.0,27.000,27.820,1737.0,1730.0,2629,4743,
19.4.2026,13:54:0.007,50.0,51.0,28.000,27.939,1755.0,1728.0,2629,4743,
19.4.2026,13:54:0.206,50.0,52.0,27.000,27.847,1753.0,1730.0,2629,4743,
19.4.2026,13:54:0.410,50.0,52.0,27.000,27.746,1756.0,1728.0,2629,4743,
19.4.2026,13:54:0.607,50.0,51.0,27.000,27.820,1756.0,1728.0,2629,4743,
19.4.2026,13:54:0.808,50.0,51.0,28.000,28.112,1756.0,1730.0,2629,4743,
19.4.2026,13:54:1.024,50.0,51.0,27.000,28.081,1754.0,1728.0,2629,4743,
19.4.2026,13:54:1.228,50.0,51.0,27.000,27.886,1746.0,1730.0,2629,4743,
19.4.2026,13:54:1.433,50.0,51.0,27.000,28.008,1756.0,1730.0,2629,4743,
19.4.2026,13:54:1.636,50.0,52.0,27.000,27.924,1755.0,1728.0,2629,4743,
19.4.2026,13:54:1.824,50.0,52.0,27.000,27.940,1736.0,1728.0,2629,4743,
19.4.2026,13:54:2.040,49.0,51.0,27.000,27.753,1756.0,1728.0,2629,4743,
19.4.2026,13:54:2.244,50.0,52.0,27.000,27.827,1753.0,1728.0,2629,4743,
19.4.2026,13:54:2.447,49.0,51.0,27.000,27.739,1757.0,1730.0,2629,4743,
19.4.2026,13:54:2.645,50.0,52.0,28.000,27.868,1755.0,1730.0,2629,4743,
19.4.2026,13:54:2.846,50.0,52.0,28.000,28.176,1757.0,1730.0,2629,4743,
19.4.2026,13:54:3.049,50.0,51.0,28.000,28.040,1755.0,1730.0,2629,4743,
19.4.2026,13:54:3.251,50.0,51.0,28.000,27.809,1727.0,1728.0,2629,4743,
19.4.2026,13:54:3.455,50.0,52.0,28.000,27.802,1756.0,1730.0,2629,4743,
19.4.2026,13:54:3.666,50.0,52.0,27.000,27.682,302.0,1728.0,2629,4743,
19.4.2026,13:54:3.869,50.0,51.0,27.000,27.599,1756.0,1730.0,2629,4743,
19.4.2026,13:54:4.070,50.0,52.0,27.000,27.542,1755.0,1728.0,2629,4743,
19.4.2026,13:54:4.273,50.0,52.0,27.000,27.230,1738.0,1730.0,2629,4743,
19.4.2026,13:54:4.478,50.0,52.0,27.000,27.372,1756.0,1730.0,2629,4743,
19.4.2026,13:54:4.675,50.0,51.0,27.000,27.673,1753.0,1730.0,2629,4743,
19.4.2026,13:54:4.880,50.0,51.0,27.000,27.863,1756.0,1728.0,2629,4743,
19.4.2026,13:54:5.082,50.0,52.0,27.000,27.859,1747.0,1730.0,2629,4743,
19.4.2026,13:54:5.286,50.0,52.0,27.000,27.625,1756.0,1728.0,2629,4743,
19.4.2026,13:54:5.490,50.0,52.0,27.000,27.658,1755.0,1730.0,2629,4743,
19.4.2026,13:54:5.693,50.0,51.0,27.000,27.561,1730.0,1728.0,2629,4743,
19.4.2026,13:54:5.896,50.0,52.0,27.000,27.580,1756.0,1730.0,2629,4743,
19.4.2026,13:54:6.098,50.0,52.0,27.000,27.551,1753.0,1730.0,2629,4743,
19.4.2026,13:54:6.302,50.0,51.0,28.000,27.648,1756.0,1728.0,2629,4743,
19.4.2026,13:54:6.505,50.0,52.0,27.000,27.600,1755.0,1730.0,2629,4743,
19.4.2026,13:54:6.705,50.0,52.0,27.000,27.576,1741.0,1728.0,2629,4743,
19.4.2026,13:54:6.905,50.0,51.0,27.000,27.940,1756.0,1730.0,2629,4743,
19.4.2026,13:54:7.105,50.0,51.0,27.000,27.955,1756.0,1730.0,2629,4743,
19.4.2026,13:54:7.323,50.0,52.0,28.000,27.822,1756.0,1730.0,2629,4743,
19.4.2026,13:54:7.523,50.0,52.0,28.000,28.009,1753.0,1730.0,2629,4743,
19.4.2026,13:54:7.725,50.0,52.0,27.000,28.199,1745.0,1730.0,2629,4743,
19.4.2026,13:54:7.926,50.0,52.0,28.000,27.945,1756.0,1730.0,2629,4743,
19.4.2026,13:54:8.128,50.0,52.0,28.000,27.958,1757.0,1728.0,2629,4743,
19.4.2026,13:54:8.329,50.0,52.0,28.000,27.989,1756.0,1730.0,2629,4743,
19.4.2026,13:54:8.537,50.0,51.0,27.000,27.868,1756.0,1730.0,2629,4743,
19.4.2026,13:54:8.739,50.0,52.0,28.000,27.773,1747.0,1730.0,2629,4743,
19.4.2026,13:54:8.937,50.0,52.0,27.000,27.765,259.0,1728.0,2629,4743,
19.4.2026,13:54:9.139,50.0,51.0,27.000,27.767,1745.0,1730.0,2629,4743,
19.4.2026,13:54:9.343,50.0,52.0,28.000,27.747,1756.0,1728.0,2629,4743,
19.4.2026,13:54:9.551,50.0,52.0,27.000,27.784,1756.0,1730.0,2629,4743,
19.4.2026,13:54:9.749,50.0,51.0,27.000,27.695,1751.0,1730.0,2629,4743,
19.4.2026,13:54:9.950,50.0,52.0,28.000,27.925,1756.0,1730.0,2629,4743,
19.4.2026,13:54:10.156,50.0,52.0,28.000,28.030,1756.0,1728.0,2629,4743,
19.4.2026,13:54:10.358,50.0,52.0,27.000,27.903,1749.0,1730.0,2629,4743,
19.4.2026,13:54:10.577,50.0,52.0,28.000,27.805,1756.0,1728.0,2629,4743,
19.4.2026,13:54:10.774,50.0,52.0,28.000,27.733,1757.0,1728.0,2629,4743,
19.4.2026,13:54:10.977,51.0,52.0,28.000,28.097,1756.0,1730.0,2629,4743,
19.4.2026,13:54:11.179,50.0,52.0,28.000,28.197,1756.0,1728.0,2629,4743,
19.4.2026,13:54:11.379,50.0,51.0,27.000,28.035,1739.0,1730.0,2629,4743,
19.4.2026,13:54:11.579,50.0,51.0,28.000,27.935,1756.0,1730.0,2629,4743,
19.4.2026,13:54:11.778,50.0,52.0,28.000,28.131,1757.0,1730.0,2629,4743,
19.4.2026,13:54:11.994,50.0,51.0,28.000,28.138,1752.0,1730.0,2629,4743,
19.4.2026,13:54:12.197,50.0,51.0,28.000,28.221,1756.0,1730.0,2629,4743,
19.4.2026,13:54:12.399,50.0,51.0,28.000,28.111,1755.0,1730.0,2629,4743,
19.4.2026,13:54:12.602,50.0,52.0,27.000,27.984,1736.0,1730.0,2629,4743,
19.4.2026,13:54:12.804,50.0,51.0,28.000,28.197,1757.0,1728.0,2629,4743,
19.4.2026,13:54:13.008,50.0,52.0,28.000,28.394,1755.0,1730.0,2629,4743,
19.4.2026,13:54:13.211,50.0,52.0,28.000,28.470,1756.0,1728.0,2629,4743,
19.4.2026,13:54:13.413,50.0,51.0,28.000,28.394,1744.0,1730.0,2629,4743,
19.4.2026,13:54:13.616,50.0,52.0,28.000,28.427,1756.0,1730.0,2629,4743,
19.4.2026,13:54:13.818,50.0,52.0,28.000,28.017,1756.0,1730.0,2629,4743,
19.4.2026,13:54:14.020,50.0,52.0,27.000,28.066,1755.0,1730.0,2629,4743,
19.4.2026,13:54:14.223,50.0,52.0,28.000,28.133,1756.0,1728.0,2629,4743,
19.4.2026,13:54:14.425,50.0,52.0,27.000,28.057,295.0,1728.0,2629,4743,
19.4.2026,13:54:14.630,50.0,51.0,27.000,27.911,1756.0,1730.0,2629,4743,
19.4.2026,13:54:14.830,50.0,52.0,28.000,27.975,1756.0,1728.0,2629,4743,
19.4.2026,13:54:15.033,50.0,52.0,28.000,28.294,1756.0,1730.0,2629,4743,
19.4.2026,13:54:15.235,50.0,52.0,28.000,28.565,1756.0,1730.0,2629,4743,
19.4.2026,13:54:15.438,50.0,52.0,28.000,28.079,1756.0,1730.0,2629,4743,
19.4.2026,13:54:15.641,50.0,51.0,27.000,27.994,1756.0,1730.0,2629,4743,
19.4.2026,13:54:15.842,50.0,52.0,27.000,27.886,1756.0,1728.0,2629,4743,
19.4.2026,13:54:16.047,50.0,52.0,28.000,28.044,1756.0,1728.0,2629,4743,
19.4.2026,13:54:16.247,50.0,52.0,28.000,28.044,1755.0,1730.0,2629,4743,
19.4.2026,13:54:16.450,51.0,52.0,28.000,28.120,1751.0,1730.0,2629,4743,
19.4.2026,13:54:16.664,51.0,52.0,28.000,28.094,1756.0,1728.0,2629,4743,
19.4.2026,13:54:16.867,50.0,52.0,28.000,28.211,1756.0,1730.0,2629,4743,
19.4.2026,13:54:17.068,50.0,52.0,28.000,28.335,1756.0,1728.0,2629,4743,
19.4.2026,13:54:17.270,51.0,52.0,28.000,28.337,1756.0,1730.0,2629,4743,
19.4.2026,13:54:17.472,51.0,52.0,28.000,28.286,1756.0,1730.0,2629,4743,
19.4.2026,13:54:17.674,50.0,52.0,28.000,28.437,1756.0,1728.0,2629,4743,
19.4.2026,13:54:17.877,50.0,52.0,28.000,28.274,1753.0,1730.0,2629,4743,
19.4.2026,13:54:18.087,50.0,52.0,27.000,28.108,1756.0,1730.0,2629,4743,
19.4.2026,13:54:18.280,50.0,52.0,28.000,28.316,1755.0,1730.0,2629,4743,
19.4.2026,13:54:18.483,50.0,52.0,27.000,28.110,1748.0,1730.0,2629,4743,
19.4.2026,13:54:18.706,50.0,52.0,27.000,27.883,1757.0,1730.0,2629,4743,
19.4.2026,13:54:18.899,50.0,52.0,28.000,28.064,1756.0,1730.0,2629,4743,
19.4.2026,13:54:19.102,51.0,52.0,28.000,28.284,1756.0,1730.0,2629,4743,
19.4.2026,13:54:19.306,50.0,52.0,28.000,28.223,1749.0,1730.0,2629,4743,
19.4.2026,13:54:19.507,50.0,52.0,27.000,27.998,1732.0,1730.0,2629,4743,
19.4.2026,13:54:19.711,50.0,52.0,27.000,27.784,1756.0,1728.0,2629,4743,
19.4.2026,13:54:19.914,50.0,52.0,27.000,27.810,1750.0,1730.0,2629,4743,
19.4.2026,13:54:20.116,50.0,52.0,28.000,27.868,1756.0,1728.0,2629,4743,
19.4.2026,13:54:20.316,50.0,52.0,28.000,27.818,1755.0,1730.0,2629,4743,
19.4.2026,13:54:20.517,50.0,52.0,27.000,27.910,1752.0,1730.0,2629,4743,
19.4.2026,13:54:20.718,50.0,52.0,28.000,27.983,1756.0,1730.0,2629,4743,
19.4.2026,13:54:20.921,50.0,52.0,28.000,27.896,1755.0,1730.0,2629,4743,
19.4.2026,13:54:21.125,50.0,52.0,28.000,28.079,1757.0,1730.0,2629,4743,
19.4.2026,13:54:21.350,51.0,52.0,28.000,28.474,1756.0,1730.0,2629,4743,
19.4.2026,13:54:21.527,50.0,52.0,28.000,28.146,1756.0,1730.0,2629,4743,
19.4.2026,13:54:21.743,50.0,52.0,28.000,28.217,1756.0,1730.0,2629,4743,
19.4.2026,13:54:21.945,50.0,52.0,28.000,28.037,1754.0,1730.0,2629,4743,
19.4.2026,13:54:22.153,50.0,52.0,28.000,28.065,1756.0,1728.0,2629,4743,
19.4.2026,13:54:22.356,51.0,52.0,28.000,28.029,1756.0,1728.0,2629,4743,
19.4.2026,13:54:22.549,51.0,52.0,28.000,28.090,1756.0,1730.0,2629,4743,
19.4.2026,13:54:22.759,50.0,52.0,27.000,28.035,1736.0,1728.0,2629,4743,
19.4.2026,13:54:22.955,50.0,53.0,28.000,28.177,1756.0,1730.0,2629,4743,
19.4.2026,13:54:23.157,50.0,52.0,28.000,28.330,1756.0,1730.0,2629,4743,
19.4.2026,13:54:23.358,50.0,52.0,28.000,28.382,1755.0,1730.0,2629,4743,
19.4.2026,13:54:23.560,50.0,52.0,28.000,28.364,1736.0,1728.0,2629,4743,
19.4.2026,13:54:23.761,51.0,52.0,27.000,28.078,1757.0,1730.0,2629,4743,
19.4.2026,13:54:23.978,50.0,52.0,27.000,27.830,296.0,1730.0,2629,4743,
19.4.2026,13:54:24.178,51.0,52.0,28.000,28.019,1756.0,1730.0,2629,4743,
19.4.2026,13:54:24.378,50.0,52.0,28.000,28.121,1756.0,1730.0,2629,4743,
19.4.2026,13:54:24.579,51.0,52.0,28.000,28.154,1741.0,1730.0,2629,4743,
19.4.2026,13:54:24.777,51.0,52.0,28.000,28.124,1756.0,1728.0,2629,4743,
19.4.2026,13:54:24.995,50.0,52.0,27.000,27.973,1756.0,1730.0,2629,4743,
19.4.2026,13:54:25.196,51.0,52.0,28.000,28.323,1756.0,1730.0,2629,4743,
19.4.2026,13:54:25.399,50.0,52.0,28.000,28.456,1757.0,1728.0,2629,4743,
19.4.2026,13:54:25.600,51.0,53.0,28.000,27.967,1757.0,1730.0,2629,4743,
19.4.2026,13:54:25.800,50.0,52.0,28.000,27.943,1756.0,1730.0,2629,4743,
19.4.2026,13:54:26.004,51.0,52.0,28.000,28.060,1753.0,1730.0,2629,4743,
19.4.2026,13:54:26.206,50.0,52.0,28.000,28.250,1756.0,1730.0,2629,4743,
19.4.2026,13:54:26.408,51.0,52.0,27.000,28.333,1756.0,1730.0,2629,4743,
19.4.2026,13:54:26.614,51.0,52.0,27.000,27.990,1751.0,1728.0,2629,4743,
19.4.2026,13:54:26.814,50.0,52.0,28.000,28.101,1757.0,1728.0,2629,4743,
19.4.2026,13:54:27.012,50.0,52.0,28.000,28.029,1755.0,1730.0,2629,4743,
19.4.2026,13:54:27.217,50.0,52.0,28.000,28.255,1755.0,1730.0,2629,4743,
19.4.2026,13:54:27.421,50.0,52.0,28.000,28.445,1756.0,1730.0,2629,4743,
19.4.2026,13:54:27.624,50.0,52.0,28.000,28.223,1756.0,1728.0,2629,4743,
19.4.2026,13:54:27.828,51.0,52.0,28.000,28.170,1755.0,1728.0,2629,4743,
19.4.2026,13:54:28.030,50.0,53.0,28.000,28.235,1749.0,1730.0,2629,4743,
19.4.2026,13:54:28.233,50.0,52.0,28.000,28.517,1756.0,1730.0,2629,4743,
19.4.2026,13:54:28.433,50.0,52.0,28.000,28.252,1756.0,1728.0,2629,4743,
19.4.2026,13:54:28.649,51.0,52.0,28.000,28.041,1748.0,1730.0,2629,4743,
19.4.2026,13:54:28.852,51.0,52.0,28.000,28.080,1756.0,1730.0,2629,4743,
19.4.2026,13:54:29.056,51.0,52.0,28.000,28.052,1755.0,1728.0,2629,4743,
19.4.2026,13:54:29.248,51.0,53.0,28.000,28.239,1757.0,1728.0,2629,4743,
19.4.2026,13:54:29.450,51.0,52.0,28.000,28.424,1756.0,1730.0,2629,4743,
19.4.2026,13:54:29.654,50.0,52.0,28.000,28.295,1756.0,1730.0,2629,4743,
19.4.2026,13:54:29.870,50.0,52.0,28.000,28.301,1756.0,1728.0,2629,4743,
19.4.2026,13:54:30.075,51.0,52.0,28.000,28.319,1737.0,1728.0,2629,4743,
19.4.2026,13:54:30.290,51.0,52.0,28.000,28.302,1755.0,1728.0,2629,4743,
19.4.2026,13:54:30.492,51.0,52.0,28.000,28.273,1753.0,1728.0,2629,4743,
19.4.2026,13:54:30.694,50.0,52.0,28.000,28.196,1756.0,1728.0,2629,4743,
19.4.2026,13:54:30.898,51.0,52.0,28.000,28.128,1756.0,1730.0,2629,4743,
19.4.2026,13:54:31.098,50.0,52.0,27.000,28.119,1743.0,1730.0,2629,4743,
19.4.2026,13:54:31.299,51.0,53.0,28.000,28.118,1756.0,1730.0,2629,4743,
19.4.2026,13:54:31.502,51.0,52.0,28.000,28.212,1755.0,1728.0,2629,4743,
19.4.2026,13:54:31.701,51.0,53.0,28.000,27.984,1756.0,1730.0,2629,4743,
19.4.2026,13:54:31.917,50.0,52.0,28.000,28.060,1755.0,1730.0,2629,4743,
19.4.2026,13:54:32.118,51.0,52.0,27.000,28.071,1751.0,1730.0,2629,4743,
19.4.2026,13:54:32.320,50.0,52.0,28.000,28.039,1756.0,1730.0,2629,4743,
19.4.2026,13:54:32.524,50.0,52.0,27.000,28.058,1755.0,1730.0,2629,4743,
19.4.2026,13:54:32.726,51.0,52.0,28.000,27.984,1736.0,1730.0,2629,4743,
19.4.2026,13:54:32.932,51.0,53.0,28.000,28.044,1756.0,1728.0,2629,4743,
19.4.2026,13:54:33.135,50.0,53.0,28.000,28.230,1755.0,1730.0,2629,4743,
19.4.2026,13:54:33.336,51.0,52.0,28.000,28.351,1756.0,1728.0,2629,4743,
19.4.2026,13:54:33.539,50.0,52.0,28.000,28.335,1756.0,1730.0,2629,4743,
19.4.2026,13:54:33.741,50.0,52.0,28.000,28.168,1756.0,1730.0,2629,4743,
19.4.2026,13:54:33.942,51.0,52.0,28.000,28.179,1755.0,1730.0,2629,4743,
19.4.2026,13:54:34.144,51.0,52.0,27.000,28.144,1753.0,1730.0,2629,4743,
19.4.2026,13:54:34.346,51.0,53.0,27.000,27.938,1756.0,1730.0,2629,4743,
19.4.2026,13:54:34.552,51.0,52.0,28.000,28.096,1757.0,1730.0,2629,4743,
19.4.2026,13:54:34.753,51.0,52.0,27.000,28.039,1752.0,1728.0,2629,4743,
19.4.2026,13:54:34.957,51.0,52.0,27.000,28.018,1756.0,1728.0,2629,4743,
19.4.2026,13:54:35.157,51.0,52.0,28.000,27.873,1756.0,1730.0,2629,4743,
19.4.2026,13:54:35.361,51.0,52.0,28.000,28.239,1756.0,1730.0,2629,4743,
19.4.2026,13:54:35.560,51.0,52.0,28.000,28.332,1756.0,1730.0,2629,4743,
19.4.2026,13:54:35.778,50.0,53.0,28.000,28.107,1738.0,1728.0,2629,4743,
19.4.2026,13:54:35.976,51.0,52.0,28.000,28.204,1755.0,1730.0,2629,4743,
19.4.2026,13:54:36.179,51.0,52.0,27.000,28.194,1755.0,1728.0,2629,4743,
19.4.2026,13:54:36.378,50.0,52.0,28.000,28.122,1745.0,1728.0,2629,4743,
19.4.2026,13:54:36.582,51.0,52.0,28.000,28.251,1756.0,1730.0,2629,4743,
19.4.2026,13:54:36.785,50.0,52.0,28.000,28.229,1754.0,1730.0,2629,4743,
19.4.2026,13:54:36.986,50.0,52.0,28.000,28.439,1744.0,1728.0,2629,4743,
19.4.2026,13:54:37.187,51.0,52.0,28.000,28.297,1756.0,1730.0,2629,4743,
19.4.2026,13:54:37.388,51.0,53.0,28.000,28.416,1756.0,1730.0,2629,4743,
19.4.2026,13:54:37.605,50.0,52.0,28.000,28.383,1757.0,1730.0,2629,4743,
19.4.2026,13:54:37.807,51.0,52.0,27.000,27.981,299.0,1730.0,2629,4743,
19.4.2026,13:54:38.012,51.0,52.0,27.000,28.028,1756.0,1730.0,2629,4743,
19.4.2026,13:54:38.210,51.0,52.0,28.000,27.851,1755.0,1728.0,2629,4743,
19.4.2026,13:54:38.410,51.0,52.0,27.000,27.951,303.0,1728.0,2629,4743,
19.4.2026,13:54:38.612,51.0,53.0,27.000,27.896,1756.0,1730.0,2629,4743,
19.4.2026,13:54:38.817,51.0,53.0,27.000,27.858,1756.0,1730.0,2629,4743,
19.4.2026,13:54:39.024,51.0,53.0,27.000,27.930,300.0,1728.0,2629,4743,
19.4.2026,13:54:39.223,51.0,53.0,28.000,28.048,1756.0,1730.0,2629,4743,
19.4.2026,13:54:39.426,51.0,53.0,28.000,28.183,1756.0,1728.0,2629,4743,
19.4.2026,13:54:39.625,50.0,52.0,28.000,28.017,1756.0,1730.0,2629,4743,
19.4.2026,13:54:39.830,51.0,52.0,27.000,27.946,1751.0,1730.0,2629,4743,
19.4.2026,13:54:40.030,51.0,52.0,27.000,28.057,1755.0,1728.0,2629,4743,
19.4.2026,13:54:40.232,50.0,52.0,28.000,28.005,1756.0,1730.0,2629,4743,
19.4.2026,13:54:40.433,51.0,52.0,27.000,28.054,1752.0,1728.0,2629,4743,
19.4.2026,13:54:40.649,51.0,52.0,28.000,28.167,1756.0,1730.0,2629,4743,
19.4.2026,13:54:40.853,51.0,53.0,28.000,28.210,1756.0,1728.0,2629,4743,
19.4.2026,13:54:41.052,51.0,52.0,28.000,28.201,1753.0,1728.0,2629,4743,
19.4.2026,13:54:41.256,50.0,52.0,28.000,28.173,1756.0,1730.0,2629,4743,
19.4.2026,13:54:41.457,50.0,52.0,28.000,28.346,1755.0,1730.0,2629,4743,
19.4.2026,13:54:41.657,51.0,52.0,28.000,28.398,1756.0,1730.0,2629,4743,
19.4.2026,13:54:41.862,50.0,53.0,28.000,28.328,1754.0,1728.0,2629,4743,
19.4.2026,13:54:42.065,51.0,52.0,28.000,28.424,1756.0,1730.0,2629,4743,
19.4.2026,13:54:42.270,51.0,52.0,27.000,28.097,1756.0,1730.0,2629,4743,
19.4.2026,13:54:42.468,51.0,53.0,27.000,27.872,1753.0,1730.0,2629,4743,
19.4.2026,13:54:42.670,50.0,52.0,28.000,27.905,1756.0,1730.0,2629,4743,
19.4.2026,13:54:42.870,50.0,52.0,28.000,28.286,1755.0,1730.0,2629,4743,
19.4.2026,13:54:43.089,51.0,52.0,27.000,27.978,1753.0,1730.0,2629,4743,
19.4.2026,13:54:43.293,51.0,52.0,27.000,27.959,1756.0,1728.0,2629,4743,
19.4.2026,13:54:43.488,51.0,53.0,28.000,28.049,1757.0,1730.0,2629,4743,
19.4.2026,13:54:43.691,51.0,52.0,27.000,27.974,1756.0,1730.0,2629,4743,
19.4.2026,13:54:43.893,51.0,53.0,27.000,27.818,1756.0,1728.0,2629,4743,
19.4.2026,13:54:44.095,51.0,53.0,27.000,27.834,1750.0,1730.0,2629,4743,
19.4.2026,13:54:44.295,51.0,52.0,27.000,27.836,1756.0,1730.0,2629,4743,
19.4.2026,13:54:44.495,51.0,52.0,27.000,27.708,1756.0,1728.0,2629,4743,
19.4.2026,13:54:44.700,51.0,52.0,27.000,27.876,1756.0,1730.0,2629,4743,
19.4.2026,13:54:44.903,51.0,52.0,27.000,27.762,1756.0,1730.0,2629,4743,
19.4.2026,13:54:45.118,51.0,52.0,27.000,27.947,1755.0,1728.0,2629,4743,
19.4.2026,13:54:45.320,50.0,52.0,28.000,27.896,1741.0,1730.0,2629,4743,
19.4.2026,13:54:45.521,51.0,53.0,28.000,28.084,1756.0,1730.0,2629,4743,
19.4.2026,13:54:45.730,51.0,52.0,27.000,28.136,1756.0,1730.0,2629,4743,
19.4.2026,13:54:45.931,51.0,52.0,28.000,27.841,1756.0,1730.0,2629,4743,
19.4.2026,13:54:46.133,50.0,52.0,27.000,28.006,1751.0,1730.0,2629,4743,
19.4.2026,13:54:46.337,51.0,53.0,28.000,27.965,1756.0,1730.0,2629,4743,
19.4.2026,13:54:46.540,51.0,52.0,27.000,28.011,1756.0,1730.0,2629,4743,
19.4.2026,13:54:46.737,51.0,53.0,27.000,27.907,1744.0,1730.0,2629,4743,
19.4.2026,13:54:46.940,51.0,52.0,28.000,27.920,1756.0,1730.0,2629,4743,
19.4.2026,13:54:47.141,51.0,53.0,27.000,27.959,1755.0,1728.0,2629,4743,
19.4.2026,13:54:47.345,51.0,52.0,27.000,27.966,1756.0,1730.0,2629,4743,
19.4.2026,13:54:47.545,51.0,52.0,28.000,28.218,1756.0,1728.0,2629,4743,
19.4.2026,13:54:47.749,51.0,53.0,27.000,28.140,1757.0,1728.0,2629,4743,
19.4.2026,13:54:47.952,51.0,53.0,27.000,27.610,1755.0,1730.0,2629,4743,
19.4.2026,13:54:48.155,51.0,53.0,27.000,27.870,1744.0,1730.0,2629,4743,
19.4.2026,13:54:48.357,51.0,52.0,28.000,27.974,1756.0,1730.0,2629,4743,
19.4.2026,13:54:48.559,51.0,52.0,27.000,28.011,1754.0,1728.0,2629,4743,
19.4.2026,13:54:48.764,50.0,52.0,27.000,27.874,1756.0,1730.0,2629,4743,
19.4.2026,13:54:48.966,50.0,53.0,28.000,27.748,1756.0,1730.0,2629,4743,
19.4.2026,13:54:49.170,51.0,53.0,27.000,27.884,1756.0,1728.0,2629,4743,
19.4.2026,13:54:49.371,51.0,52.0,27.000,27.857,1757.0,1730.0,2629,4743,
19.4.2026,13:54:49.588,51.0,53.0,28.000,27.896,1756.0,1730.0,2629,4743,
19.4.2026,13:54:49.791,51.0,53.0,28.000,28.094,1756.0,1730.0,2629,4743,
19.4.2026,13:54:49.994,51.0,53.0,27.000,27.814,1751.0,1728.0,2629,4743,
19.4.2026,13:54:50.196,50.0,52.0,27.000,27.787,1757.0,1730.0,2629,4743,
19.4.2026,13:54:50.398,51.0,52.0,27.000,27.555,1756.0,1730.0,2629,4743,
19.4.2026,13:54:50.599,51.0,52.0,27.000,27.661,1747.0,1730.0,2629,4743,
19.4.2026,13:54:50.798,51.0,52.0,27.000,27.550,1756.0,1730.0,2629,4743,
19.4.2026,13:54:51.001,51.0,53.0,27.000,27.510,1756.0,1728.0,2629,4743,
19.4.2026,13:54:51.203,51.0,53.0,27.000,27.598,1749.0,1730.0,2629,4743,
19.4.2026,13:54:51.406,51.0,53.0,27.000,27.747,1757.0,1728.0,2629,4743,
19.4.2026,13:54:51.607,51.0,53.0,27.000,27.825,1757.0,1730.0,2629,4743,
19.4.2026,13:54:51.809,51.0,53.0,27.000,27.786,1757.0,1730.0,2629,4743,
19.4.2026,13:54:52.026,51.0,52.0,27.000,27.623,1753.0,1728.0,2629,4743,
19.4.2026,13:54:52.228,51.0,53.0,27.000,27.524,1756.0,1730.0,2629,4743,
19.4.2026,13:54:52.430,51.0,53.0,27.000,27.689,1756.0,1730.0,2629,4743,
19.4.2026,13:54:52.631,51.0,53.0,27.000,27.864,1740.0,1730.0,2629,4743,
19.4.2026,13:54:52.835,50.0,52.0,27.000,27.648,1756.0,1730.0,2629,4743,
19.4.2026,13:54:53.037,51.0,53.0,27.000,27.430,1756.0,1728.0,2629,4743,
19.4.2026,13:54:53.240,50.0,52.0,27.000,27.518,1741.0,1728.0,2629,4743,
19.4.2026,13:54:53.443,51.0,53.0,27.000,27.560,1756.0,1730.0,2629,4743,
19.4.2026,13:54:53.645,51.0,53.0,27.000,27.653,1756.0,1730.0,2629,4743,
19.4.2026,13:54:53.845,51.0,53.0,27.000,28.047,1757.0,1730.0,2629,4743,
19.4.2026,13:54:54.045,51.0,53.0,28.000,27.687,1753.0,1730.0,2629,4743,
19.4.2026,13:54:54.260,51.0,52.0,27.000,27.821,1756.0,1728.0,2629,4743,
19.4.2026,13:54:54.463,51.0,52.0,27.000,27.772,1756.0,1728.0,2629,4743,
19.4.2026,13:54:54.666,51.0,53.0,27.000,27.582,1752.0,1730.0,2629,4743,
19.4.2026,13:54:54.864,51.0,53.0,27.000,27.719,1756.0,1728.0,2629,4743,
19.4.2026,13:54:55.067,51.0,53.0,27.000,27.668,1755.0,1730.0,2629,4743,
19.4.2026,13:54:55.268,51.0,53.0,27.000,27.877,1739.0,1728.0,2629,4743,
19.4.2026,13:54:55.468,51.0,53.0,27.000,27.805,1756.0,1730.0,2629,4743,
19.4.2026,13:54:55.668,51.0,53.0,28.000,27.876,1756.0,1730.0,2629,4743,
19.4.2026,13:54:55.885,51.0,52.0,27.000,28.052,1756.0,1730.0,2629,4743,
19.4.2026,13:54:56.078,51.0,52.0,27.000,27.777,1755.0,1730.0,2629,4743,
19.4.2026,13:54:56.290,51.0,52.0,27.000,27.879,1757.0,1730.0,2629,4743,
19.4.2026,13:54:56.493,51.0,53.0,27.000,27.945,1756.0,1730.0,2629,4743,
19.4.2026,13:54:56.695,51.0,52.0,27.000,27.892,295.0,1730.0,2629,4743,
19.4.2026,13:54:56.898,51.0,53.0,27.000,27.820,1757.0,1730.0,2629,4743,
19.4.2026,13:54:57.102,51.0,53.0,27.000,27.641,1756.0,1728.0,2629,4743,
19.4.2026,13:54:57.305,51.0,53.0,27.000,27.526,1737.0,1730.0,2629,4743,
19.4.2026,13:54:57.509,51.0,53.0,27.000,27.531,1756.0,1730.0,2629,4743,
19.4.2026,13:54:57.711,51.0,52.0,27.000,27.833,1756.0,1730.0,2629,4743,
19.4.2026,13:54:57.917,51.0,53.0,27.000,27.670,1756.0,1730.0,2629,4743,
19.4.2026,13:54:58.120,51.0,53.0,27.000,27.743,1754.0,1730.0,2629,4743,
19.4.2026,13:54:58.324,51.0,53.0,27.000,27.643,1756.0,1728.0,2629,4743,
19.4.2026,13:54:58.539,51.0,53.0,27.000,27.581,1757.0,1730.0,2629,4743,
19.4.2026,13:54:58.739,51.0,53.0,27.000,27.518,1743.0,1730.0,2629,4743,
19.4.2026,13:54:58.942,51.0,52.0,27.000,27.522,1756.0,1730.0,2629,4743,
19.4.2026,13:54:59.143,51.0,53.0,27.000,27.378,1754.0,1730.0,2629,4743,
19.4.2026,13:54:59.347,52.0,53.0,27.000,27.632,1729.0,1730.0,2629,4743,
19.4.2026,13:54:59.548,51.0,53.0,27.000,27.717,1756.0,1728.0,2629,4743,
19.4.2026,13:54:59.751,51.0,53.0,28.000,27.742,1756.0,1730.0,2629,4743,
19.4.2026,13:54:59.953,51.0,53.0,27.000,27.861,1756.0,1730.0,2629,4743,
19.4.2026,13:55:0.158,51.0,53.0,27.000,27.584,1744.0,1728.0,2629,4743,
19.4.2026,13:55:0.355,51.0,53.0,27.000,27.691,1756.0,1730.0,2629,4743,
19.4.2026,13:55:0.571,51.0,53.0,27.000,27.762,1755.0,1728.0,2629,4743,
19.4.2026,13:55:0.773,51.0,53.0,27.000,28.007,1745.0,1728.0,2629,4743,
19.4.2026,13:55:0.976,51.0,52.0,27.000,27.903,1756.0,1730.0,2629,4743,
19.4.2026,13:55:1.182,51.0,53.0,27.000,27.855,1756.0,1730.0,2629,4743,
19.4.2026,13:55:1.383,51.0,53.0,27.000,27.838,1745.0,1730.0,2629,4743,
19.4.2026,13:55:1.584,51.0,53.0,27.000,27.874,1756.0,1730.0,2629,4743,
19.4.2026,13:55:1.785,52.0,53.0,27.000,28.046,1756.0,1728.0,2629,4743,
19.4.2026,13:55:1.986,51.0,53.0,27.000,28.053,1756.0,1730.0,2629,4743,
19.4.2026,13:55:2.190,51.0,53.0,27.000,27.856,1753.0,1730.0,2629,4743,
19.4.2026,13:55:2.387,51.0,53.0,27.000,27.711,1757.0,1730.0,2629,4743,
19.4.2026,13:55:2.590,51.0,53.0,27.000,27.702,1756.0,1730.0,2629,4743,
19.4.2026,13:55:2.809,51.0,53.0,27.000,27.678,1755.0,1730.0,2629,4743,
19.4.2026,13:55:3.008,51.0,53.0,27.000,27.860,1756.0,1730.0,2629,4743,
19.4.2026,13:55:3.212,51.0,53.0,27.000,27.784,1755.0,1730.0,2629,4743,
19.4.2026,13:55:3.406,51.0,53.0,28.000,27.757,1755.0,1730.0,2629,4743,
19.4.2026,13:55:3.611,51.0,52.0,27.000,28.068,1731.0,1728.0,2629,4743,
19.4.2026,13:55:3.813,51.0,53.0,28.000,28.187,1756.0,1730.0,2629,4743,
19.4.2026,13:55:4.012,51.0,53.0,27.000,28.188,1732.0,1730.0,2629,4743,
19.4.2026,13:55:4.215,52.0,53.0,27.000,27.774,1756.0,1728.0,2629,4743,
19.4.2026,13:55:4.431,51.0,53.0,28.000,27.967,1755.0,1728.0,2629,4743,
19.4.2026,13:55:4.636,51.0,53.0,28.000,27.920,1757.0,1730.0,2629,4743,
19.4.2026,13:55:4.836,51.0,53.0,28.000,28.192,1756.0,1730.0,2629,4743,
19.4.2026,13:55:5.040,51.0,53.0,28.000,28.177,1751.0,1730.0,2629,4743,
19.4.2026,13:55:5.247,51.0,53.0,28.000,28.020,1756.0,1728.0,2629,4743,
19.4.2026,13:55:5.445,51.0,53.0,27.000,28.051,1755.0,1730.0,2629,4743,
19.4.2026,13:55:5.648,51.0,53.0,28.000,27.940,1744.0,1730.0,2629,4743,
19.4.2026,13:55:5.849,52.0,53.0,28.000,28.411,1755.0,1730.0,2629,4743,
19.4.2026,13:55:6.051,51.0,53.0,28.000,28.443,1756.0,1728.0,2629,4743,
19.4.2026,13:55:6.252,51.0,53.0,28.000,28.351,1756.0,1728.0,2629,4743,
19.4.2026,13:55:6.456,51.0,52.0,28.000,28.183,1750.0,1730.0,2629,4743,
19.4.2026,13:55:6.656,51.0,53.0,28.000,28.187,1755.0,1730.0,2629,4743,
19.4.2026,13:55:6.861,51.0,53.0,27.000,28.114,1756.0,1730.0,2629,4743,
19.4.2026,13:55:7.063,51.0,53.0,27.000,27.903,1754.0,1728.0,2629,4743,
19.4.2026,13:55:7.267,51.0,53.0,28.000,27.971,1756.0,1730.0,2629,4743,
19.4.2026,13:55:7.467,51.0,53.0,28.000,27.971,1756.0,1730.0,2629,4743,
19.4.2026,13:55:7.671,51.0,53.0,27.000,27.853,1756.0,1730.0,2629,4743,
19.4.2026,13:55:7.876,51.0,53.0,28.000,27.997,1755.0,1730.0,2629,4743,
19.4.2026,13:55:8.076,51.0,53.0,27.000,28.053,1757.0,1730.0,2629,4743,
19.4.2026,13:55:8.278,51.0,53.0,28.000,27.989,1754.0,1730.0,2629,4743,
19.4.2026,13:55:8.484,51.0,53.0,28.000,28.119,1725.0,1730.0,2629,4743,
19.4.2026,13:55:8.686,51.0,53.0,28.000,28.195,1755.0,1730.0,2629,4743,
19.4.2026,13:55:8.887,51.0,53.0,27.000,28.064,1755.0,1730.0,2629,4743,
19.4.2026,13:55:9.104,51.0,53.0,27.000,27.921,1757.0,1730.0,2629,4743,
19.4.2026,13:55:9.309,51.0,53.0,27.000,28.071,1756.0,1730.0,2629,4743,
19.4.2026,13:55:9.510,51.0,53.0,27.000,27.803,1751.0,1730.0,2629,4743,
19.4.2026,13:55:9.711,51.0,53.0,28.000,27.944,1756.0,1728.0,2629,4743,
19.4.2026,13:55:9.911,51.0,53.0,27.000,27.757,1756.0,1728.0,2629,4743,
19.4.2026,13:55:10.112,51.0,53.0,28.000,28.123,1755.0,1730.0,2629,4743,
19.4.2026,13:55:10.316,51.0,53.0,27.000,28.406,1755.0,1730.0,2629,4743,
19.4.2026,13:55:10.518,51.0,53.0,27.000,28.102,1723.0,1730.0,2629,4743,
19.4.2026,13:55:10.718,51.0,53.0,28.000,28.075,1756.0,1730.0,2629,4743,
19.4.2026,13:55:10.923,51.0,53.0,27.000,28.300,301.0,1728.0,2629,4743,
19.4.2026,13:55:11.124,51.0,53.0,28.000,28.115,1756.0,1730.0,2629,4743,
19.4.2026,13:55:11.338,52.0,53.0,28.000,28.099,1755.0,1730.0,2629,4743,
19.4.2026,13:55:11.540,51.0,53.0,28.000,28.267,1755.0,1730.0,2629,4743,
19.4.2026,13:55:11.740,51.0,53.0,28.000,28.437,1756.0,1728.0,2629,4743,
19.4.2026,13:55:11.942,51.0,53.0,28.000,28.501,1756.0,1730.0,2629,4743,
19.4.2026,13:55:12.148,51.0,53.0,28.000,28.577,1756.0,1730.0,2629,4743,
19.4.2026,13:55:12.350,52.0,53.0,28.000,28.406,1755.0,1730.0,2629,4743,
19.4.2026,13:55:12.553,51.0,53.0,28.000,28.268,1732.0,1730.0,2629,4743,
19.4.2026,13:55:12.755,51.0,53.0,28.000,28.256,1755.0,1730.0,2629,4743,
19.4.2026,13:55:12.954,52.0,53.0,28.000,28.242,1755.0,1728.0,2629,4743,
19.4.2026,13:55:13.156,52.0,53.0,28.000,28.181,1743.0,1730.0,2629,4743,
19.4.2026,13:55:13.357,51.0,53.0,28.000,28.167,1756.0,1730.0,2629,4743,
19.4.2026,13:55:13.560,51.0,53.0,28.000,28.205,1756.0,1730.0,2629,4743,
19.4.2026,13:55:13.762,52.0,53.0,27.000,28.211,1734.0,1730.0,2629,4743,
19.4.2026,13:55:13.978,52.0,53.0,28.000,28.166,1755.0,1728.0,2629,4743,
19.4.2026,13:55:14.180,51.0,53.0,28.000,28.307,1756.0,1730.0,2629,4743,
19.4.2026,13:55:14.380,51.0,53.0,28.000,28.600,1756.0,1730.0,2629,4743,
19.4.2026,13:55:14.580,52.0,53.0,28.000,28.370,1752.0,1728.0,2629,4743,
19.4.2026,13:55:14.782,52.0,53.0,28.000,28.249,1756.0,1728.0,2629,4743,
19.4.2026,13:55:14.985,51.0,53.0,28.000,28.412,1755.0,1730.0,2629,4743,
19.4.2026,13:55:15.185,51.0,53.0,28.000,28.382,1738.0,1730.0,2629,4743,
19.4.2026,13:55:15.387,51.0,53.0,28.000,28.460,1756.0,1730.0,2629,4743,
19.4.2026,13:55:15.591,52.0,54.0,28.000,28.274,1756.0,1730.0,2629,4743,
19.4.2026,13:55:15.805,51.0,53.0,28.000,28.305,1756.0,1730.0,2629,4743,
19.4.2026,13:55:16.009,51.0,53.0,28.000,28.292,1756.0,1730.0,2629,4743,
19.4.2026,13:55:16.209,51.0,53.0,28.000,28.523,1755.0,1730.0,2629,4743,
19.4.2026,13:55:16.412,52.0,53.0,28.000,28.363,1756.0,1728.0,2629,4743,
19.4.2026,13:55:16.613,51.0,53.0,27.000,28.168,1743.0,1730.0,2629,4743,
19.4.2026,13:55:16.816,52.0,53.0,28.000,28.196,1756.0,1728.0,2629,4743,
19.4.2026,13:55:17.017,51.0,53.0,28.000,28.198,1755.0,1730.0,2629,4743,
19.4.2026,13:55:17.222,51.0,53.0,28.000,28.060,1718.0,1730.0,2629,4743,
19.4.2026,13:55:17.422,51.0,53.0,28.000,28.028,1755.0,1730.0,2629,4743,
19.4.2026,13:55:17.622,51.0,53.0,28.000,28.169,1755.0,1730.0,2629,4743,
19.4.2026,13:55:17.839,51.0,53.0,27.000,28.135,1752.0,1730.0,2629,4743,
19.4.2026,13:55:18.058,52.0,53.0,28.000,28.032,1755.0,1730.0,2629,4743,
19.4.2026,13:55:18.276,51.0,53.0,28.000,28.225,1756.0,1730.0,2629,4743,
19.4.2026,13:55:18.478,52.0,53.0,28.000,28.280,1756.0,1730.0,2629,4743,
19.4.2026,13:55:18.680,51.0,53.0,28.000,28.172,1754.0,1730.0,2629,4743,
19.4.2026,13:55:18.881,51.0,53.0,28.000,28.245,1756.0,1728.0,2629,4743,
19.4.2026,13:55:19.086,51.0,53.0,28.000,28.372,1756.0,1730.0,2629,4743,
19.4.2026,13:55:19.288,51.0,53.0,28.000,28.147,1753.0,1730.0,2629,4743,
19.4.2026,13:55:19.489,51.0,53.0,27.000,28.124,1756.0,1730.0,2629,4743,
19.4.2026,13:55:19.692,52.0,53.0,27.000,28.045,1756.0,1730.0,2629,4743,
19.4.2026,13:55:19.894,51.0,53.0,27.000,27.933,1729.0,1728.0,2629,4743,
19.4.2026,13:55:20.098,51.0,53.0,28.000,28.079,1755.0,1730.0,2629,4743,
19.4.2026,13:55:20.322,52.0,53.0,28.000,28.462,1755.0,1730.0,2629,4743,
19.4.2026,13:55:20.503,51.0,53.0,28.000,28.384,1755.0,1728.0,2629,4743,
19.4.2026,13:55:20.703,51.0,53.0,27.000,28.070,1745.0,1728.0,2629,4743,
19.4.2026,13:55:20.905,52.0,53.0,28.000,27.904,1756.0,1730.0,2629,4743,
19.4.2026,13:55:21.106,51.0,53.0,28.000,28.151,1755.0,1730.0,2629,4743,
19.4.2026,13:55:21.322,51.0,53.0,28.000,28.219,1757.0,1730.0,2629,4743,
19.4.2026,13:55:21.525,51.0,54.0,28.000,28.122,1755.0,1730.0,2629,4743,
19.4.2026,13:55:21.727,51.0,53.0,27.000,27.931,1752.0,1730.0,2629,4743,
19.4.2026,13:55:21.931,51.0,53.0,28.000,28.025,1756.0,1730.0,2629,4743,
19.4.2026,13:55:22.142,51.0,53.0,28.000,28.297,1756.0,1730.0,2629,4743,
19.4.2026,13:55:22.334,51.0,53.0,28.000,28.297,1756.0,1730.0,2629,4743,
19.4.2026,13:55:22.538,52.0,53.0,27.000,28.142,1753.0,1730.0,2629,4743,
19.4.2026,13:55:22.738,51.0,53.0,28.000,28.114,1756.0,1728.0,2629,4743,
19.4.2026,13:55:22.939,52.0,54.0,27.000,28.068,1755.0,1730.0,2629,4743,
19.4.2026,13:55:23.167,51.0,53.0,28.000,27.957,1756.0,1728.0,2629,4743,
19.4.2026,13:55:23.343,51.0,53.0,28.000,27.957,1756.0,1728.0,2629,4743,
19.4.2026,13:55:23.543,52.0,53.0,27.000,28.052,1755.0,1730.0,2629,4743,
19.4.2026,13:55:23.748,51.0,53.0,27.000,27.883,1756.0,1728.0,2629,4743,
19.4.2026,13:55:23.963,52.0,53.0,27.000,27.875,1753.0,1730.0,2629,4743,
19.4.2026,13:55:24.176,51.0,53.0,28.000,28.142,1755.0,1730.0,2629,4743,
19.4.2026,13:55:24.384,51.0,53.0,27.000,28.199,1740.0,1730.0,2629,4743,
19.4.2026,13:55:24.586,51.0,53.0,28.000,28.136,1757.0,1728.0,2629,4743,
19.4.2026,13:55:24.789,52.0,53.0,28.000,28.213,1754.0,1730.0,2629,4743,
19.4.2026,13:55:24.993,51.0,53.0,28.000,28.200,1734.0,1730.0,2629,4743,
19.4.2026,13:55:25.195,51.0,53.0,28.000,28.169,1755.0,1728.0,2629,4743,
19.4.2026,13:55:25.396,52.0,53.0,28.000,28.355,1752.0,1730.0,2629,4743,
19.4.2026,13:55:25.598,52.0,53.0,27.000,28.158,1756.0,1730.0,2629,4743,
19.4.2026,13:55:25.801,51.0,53.0,28.000,28.031,1755.0,1730.0,2629,4743,
19.4.2026,13:55:26.002,52.0,54.0,27.000,27.930,1756.0,1730.0,2629,4743,
19.4.2026,13:55:26.206,51.0,53.0,28.000,28.032,1756.0,1730.0,2629,4743,
19.4.2026,13:55:26.407,51.0,54.0,27.000,27.979,1756.0,1728.0,2629,4743,
19.4.2026,13:55:26.610,51.0,53.0,27.000,27.649,1749.0,1730.0,2629,4743,
19.4.2026,13:55:26.811,52.0,53.0,27.000,27.951,1755.0,1730.0,2629,4743,
19.4.2026,13:55:27.012,51.0,53.0,28.000,28.021,1754.0,1730.0,2629,4743,
19.4.2026,13:55:27.228,51.0,53.0,27.000,27.919,1756.0,1730.0,2629,4743,
19.4.2026,13:55:27.432,52.0,53.0,27.000,27.725,1756.0,1730.0,2629,4743,
19.4.2026,13:55:27.634,52.0,53.0,27.000,27.871,1746.0,1730.0,2629,4743,
19.4.2026,13:55:27.826,52.0,53.0,27.000,27.888,1756.0,1730.0,2629,4743,
19.4.2026,13:55:28.027,52.0,54.0,27.000,27.716,1754.0,1730.0,2629,4743,
19.4.2026,13:55:28.232,52.0,53.0,27.000,27.841,1756.0,1730.0,2629,4743,
19.4.2026,13:55:28.435,52.0,53.0,27.000,27.752,1755.0,1730.0,2629,4743,
19.4.2026,13:55:28.650,52.0,53.0,27.000,27.850,1756.0,1728.0,2629,4743,
19.4.2026,13:55:28.854,52.0,54.0,27.000,27.743,1747.0,1730.0,2629,4743,
19.4.2026,13:55:29.055,51.0,54.0,27.000,27.726,1755.0,1730.0,2629,4743,
19.4.2026,13:55:29.255,52.0,53.0,28.000,27.937,1755.0,1728.0,2629,4743,
19.4.2026,13:55:29.456,52.0,53.0,27.000,28.055,1722.0,1730.0,2629,4743,
19.4.2026,13:55:29.662,52.0,53.0,28.000,28.224,1756.0,1730.0,2629,4743,
19.4.2026,13:55:29.863,51.0,53.0,27.000,27.875,1752.0,1730.0,2629,4743,
19.4.2026,13:55:30.067,51.0,53.0,27.000,27.916,1756.0,1728.0,2629,4743,
19.4.2026,13:55:30.269,52.0,53.0,28.000,28.386,1756.0,1728.0,2629,4743,
19.4.2026,13:55:30.470,52.0,53.0,28.000,28.495,1756.0,1730.0,2629,4743,
19.4.2026,13:55:30.673,52.0,53.0,28.000,28.420,1741.0,1730.0,2629,4743,
19.4.2026,13:55:30.878,52.0,53.0,27.000,28.129,1756.0,1728.0,2629,4743,
19.4.2026,13:55:31.078,52.0,53.0,28.000,27.999,1754.0,1730.0,2629,4743,
19.4.2026,13:55:31.279,52.0,53.0,28.000,28.153,1723.0,1730.0,2629,4743,
19.4.2026,13:55:31.480,51.0,53.0,28.000,28.170,1755.0,1730.0,2629,4743,
19.4.2026,13:55:31.695,52.0,53.0,28.000,28.452,1752.0,1728.0,2629,4743,
19.4.2026,13:55:31.899,52.0,54.0,28.000,28.304,1755.0,1730.0,2629,4743,
19.4.2026,13:55:32.101,52.0,53.0,28.000,28.101,1755.0,1730.0,2629,4743,
19.4.2026,13:55:32.303,52.0,54.0,28.000,28.230,1755.0,1730.0,2629,4743,
19.4.2026,13:55:32.514,51.0,54.0,28.000,28.359,1756.0,1730.0,2629,4743,
19.4.2026,13:55:32.709,52.0,53.0,28.000,28.318,1755.0,1730.0,2629,4743,
19.4.2026,13:55:32.911,52.0,53.0,28.000,28.290,1748.0,1730.0,2629,4743,
19.4.2026,13:55:33.123,52.0,53.0,28.000,28.298,1756.0,1730.0,2629,4743,
19.4.2026,13:55:33.316,51.0,53.0,28.000,28.248,1754.0,1728.0,2629,4743,
19.4.2026,13:55:33.521,51.0,53.0,28.000,28.287,1756.0,1730.0,2629,4743,
19.4.2026,13:55:33.723,51.0,53.0,28.000,28.233,1755.0,1728.0,2629,4743,
19.4.2026,13:55:33.928,52.0,53.0,28.000,28.162,1744.0,1730.0,2629,4743,
19.4.2026,13:55:34.134,51.0,53.0,27.000,28.001,1756.0,1730.0,2629,4743,
19.4.2026,13:55:34.334,52.0,54.0,28.000,28.261,1751.0,1730.0,2629,4743,
19.4.2026,13:55:34.536,51.0,53.0,28.000,28.312,1756.0,1728.0,2629,4743,
19.4.2026,13:55:34.738,51.0,54.0,28.000,28.451,1756.0,1728.0,2629,4743,
19.4.2026,13:55:34.941,52.0,53.0,28.000,28.288,1755.0,1730.0,2629,4743,
19.4.2026,13:55:35.143,51.0,53.0,28.000,28.422,1755.0,1730.0,2629,4743,
19.4.2026,13:55:35.345,51.0,53.0,28.000,28.519,1756.0,1730.0,2629,4743,
19.4.2026,13:55:35.545,51.0,53.0,28.000,28.322,1733.0,1730.0,2629,4743,
19.4.2026,13:55:35.749,51.0,53.0,28.000,28.324,1756.0,1728.0,2629,4743,
19.4.2026,13:55:35.953,51.0,54.0,28.000,28.144,1752.0,1728.0,2629,4743,
19.4.2026,13:55:36.156,51.0,53.0,28.000,28.322,1757.0,1730.0,2629,4743,
19.4.2026,13:55:36.358,51.0,53.0,28.000,28.398,1754.0,1730.0,2629,4743,
19.4.2026,13:55:36.570,51.0,54.0,28.000,28.576,1755.0,1728.0,2629,4743,
19.4.2026,13:55:36.763,51.0,54.0,28.000,28.496,1756.0,1728.0,2629,4743,
19.4.2026,13:55:36.975,52.0,54.0,28.000,28.329,1756.0,1730.0,2629,4743,
19.4.2026,13:55:37.177,52.0,53.0,28.000,28.180,1742.0,1730.0,2629,4743,
19.4.2026,13:55:37.385,51.0,53.0,28.000,28.348,1755.0,1730.0,2629,4743,
19.4.2026,13:55:37.587,52.0,53.0,28.000,28.506,1750.0,1728.0,2629,4743,
19.4.2026,13:55:37.789,51.0,53.0,28.000,28.510,1756.0,1728.0,2629,4743,
19.4.2026,13:55:37.997,51.0,53.0,27.000,28.439,1756.0,1730.0,2629,4743,
19.4.2026,13:55:38.187,52.0,54.0,27.000,28.098,1742.0,1730.0,2629,4743,
19.4.2026,13:55:38.391,52.0,53.0,27.000,28.021,1756.0,1730.0,2629,4743,
19.4.2026,13:55:38.590,52.0,53.0,27.000,28.021,1756.0,1730.0,2629,4743,
19.4.2026,13:55:38.806,51.0,53.0,28.000,28.132,1756.0,1730.0,2629,4743,
19.4.2026,13:55:39.008,51.0,53.0,27.000,28.114,1756.0,1728.0,2629,4743,
19.4.2026,13:55:39.211,52.0,53.0,28.000,27.996,1755.0,1730.0,2629,4743,
19.4.2026,13:55:39.412,52.0,53.0,27.000,28.000,1737.0,1728.0,2629,4743,
19.4.2026,13:55:39.616,51.0,53.0,28.000,28.113,1756.0,1730.0,2629,4743,
19.4.2026,13:55:39.818,52.0,53.0,28.000,28.038,1753.0,1730.0,2629,4743,
19.4.2026,13:55:40.043,52.0,53.0,28.000,28.108,1755.0,1730.0,2629,4743,
19.4.2026,13:55:40.222,51.0,54.0,28.000,28.258,1755.0,1728.0,2629,4743,
19.4.2026,13:55:40.427,52.0,54.0,28.000,28.417,1738.0,1730.0,2629,4743,
19.4.2026,13:55:40.630,52.0,53.0,28.000,28.387,1756.0,1730.0,2629,4743,
19.4.2026,13:55:40.832,52.0,54.0,28.000,28.476,1755.0,1730.0,2629,4743,
19.4.2026,13:55:41.058,52.0,53.0,28.000,28.434,1753.0,1728.0,2629,4743,
19.4.2026,13:55:41.261,52.0,54.0,28.000,28.288,1756.0,1730.0,2629,4743,
19.4.2026,13:55:41.438,52.0,53.0,28.000,28.477,1755.0,1730.0,2629,4743,
19.4.2026,13:55:41.638,52.0,53.0,28.000,28.477,1755.0,1730.0,2629,4743,
19.4.2026,13:55:41.841,52.0,53.0,28.000,28.451,1747.0,1730.0,2629,4743,
19.4.2026,13:55:42.044,51.0,53.0,28.000,28.469,1756.0,1728.0,2629,4743,
19.4.2026,13:55:42.248,52.0,53.0,28.000,28.208,1754.0,1728.0,2629,4743,
19.4.2026,13:55:42.450,52.0,54.0,27.000,28.103,1757.0,1730.0,2629,4743,
19.4.2026,13:55:42.653,52.0,54.0,28.000,28.213,1755.0,1730.0,2629,4743,
19.4.2026,13:55:42.868,52.0,54.0,28.000,28.512,1756.0,1730.0,2629,4743,
19.4.2026,13:55:43.073,52.0,54.0,28.000,28.512,1756.0,1730.0,2629,4743,
19.4.2026,13:55:43.267,51.0,53.0,28.000,28.481,1756.0,1730.0,2629,4743,
19.4.2026,13:55:43.472,51.0,53.0,28.000,28.297,1756.0,1730.0,2629,4743,
19.4.2026,13:55:43.673,52.0,54.0,28.000,28.221,1742.0,1730.0,2629,4743,
19.4.2026,13:55:43.877,52.0,53.0,28.000,28.349,1756.0,1728.0,2629,4743,
19.4.2026,13:55:44.077,51.0,54.0,28.000,28.327,1754.0,1728.0,2629,4743,
19.4.2026,13:55:44.279,52.0,54.0,28.000,28.258,1755.0,1730.0,2629,4743,
19.4.2026,13:55:44.481,52.0,54.0,28.000,28.608,1755.0,1728.0,2629,4743,
19.4.2026,13:55:44.684,52.0,53.0,28.000,28.868,1746.0,1730.0,2629,4743,
19.4.2026,13:55:44.902,52.0,53.0,28.000,28.642,1755.0,1728.0,2629,4743,
19.4.2026,13:55:45.103,52.0,53.0,28.000,28.593,1756.0,1728.0,2629,4743,
19.4.2026,13:55:45.304,52.0,53.0,28.000,28.461,1756.0,1730.0,2629,4743,
19.4.2026,13:55:45.507,52.0,54.0,28.000,28.303,1756.0,1730.0,2629,4743,
19.4.2026,13:55:45.713,52.0,54.0,28.000,28.264,1755.0,1730.0,2629,4743,
19.4.2026,13:55:45.912,52.0,54.0,27.000,28.250,1730.0,1730.0,2629,4743,
19.4.2026,13:55:46.115,51.0,54.0,28.000,28.255,1755.0,1730.0,2629,4743,
19.4.2026,13:55:46.318,52.0,53.0,27.000,28.122,1750.0,1730.0,2629,4743,
19.4.2026,13:55:46.522,53.0,54.0,27.000,28.096,1756.0,1730.0,2629,4743,
19.4.2026,13:55:46.721,52.0,54.0,28.000,28.056,1753.0,1730.0,2629,4743,
19.4.2026,13:55:46.923,52.0,54.0,27.000,28.027,1736.0,1730.0,2629,4743,
19.4.2026,13:55:47.126,52.0,54.0,28.000,28.069,1756.0,1730.0,2629,4743,
19.4.2026,13:55:47.326,52.0,53.0,28.000,28.242,1755.0,1730.0,2629,4743,
19.4.2026,13:55:47.542,52.0,54.0,27.000,28.236,298.0,1730.0,2629,4743,
19.4.2026,13:55:47.760,52.0,53.0,28.000,28.336,1756.0,1730.0,2629,4743,
19.4.2026,13:55:47.964,52.0,54.0,28.000,28.502,1754.0,1728.0,2629,4743,
19.4.2026,13:55:48.168,52.0,53.0,28.000,28.471,296.0,1728.0,2629,4743,
19.4.2026,13:55:48.375,51.0,53.0,28.000,28.278,1755.0,1728.0,2629,4743,
19.4.2026,13:55:48.578,52.0,53.0,28.000,28.288,1750.0,1730.0,2629,4743,
19.4.2026,13:55:48.777,52.0,53.0,28.000,28.189,1756.0,1728.0,2629,4743,
19.4.2026,13:55:48.993,52.0,54.0,28.000,28.107,1754.0,1730.0,2629,4743,
19.4.2026,13:55:49.199,52.0,53.0,28.000,28.155,1756.0,1730.0,2629,4743,
19.4.2026,13:55:49.396,52.0,54.0,27.000,28.242,1756.0,1730.0,2629,4743,
19.4.2026,13:55:49.597,51.0,53.0,28.000,28.092,1755.0,1728.0,2629,4743,
19.4.2026,13:55:49.798,52.0,53.0,28.000,28.114,1748.0,1730.0,2629,4743,
19.4.2026,13:55:50.002,52.0,54.0,28.000,28.229,1755.0,1730.0,2629,4743,
19.4.2026,13:55:50.204,52.0,53.0,28.000,28.163,1753.0,1728.0,2629,4743,
19.4.2026,13:55:50.406,52.0,54.0,28.000,28.398,1756.0,1730.0,2629,4743,
19.4.2026,13:55:50.610,52.0,54.0,28.000,28.222,1755.0,1730.0,2629,4743,
19.4.2026,13:55:50.812,52.0,54.0,27.000,28.090,1721.0,1728.0,2629,4743,
19.4.2026,13:55:51.026,52.0,54.0,28.000,28.337,1755.0,1728.0,2629,4743,
19.4.2026,13:55:51.226,52.0,54.0,28.000,28.252,1753.0,1728.0,2629,4743,
19.4.2026,13:55:51.428,52.0,54.0,28.000,28.239,1756.0,1730.0,2629,4743,
19.4.2026,13:55:51.633,52.0,53.0,27.000,28.231,1756.0,1730.0,2629,4743,
19.4.2026,13:55:51.836,52.0,54.0,28.000,28.067,1754.0,1730.0,2629,4743,
19.4.2026,13:55:52.037,52.0,54.0,28.000,28.132,1756.0,1730.0,2629,4743,
19.4.2026,13:55:52.238,52.0,53.0,28.000,28.217,1755.0,1730.0,2629,4743,
19.4.2026,13:55:52.442,52.0,54.0,27.000,28.078,1724.0,1730.0,2629,4743,
19.4.2026,13:55:52.644,52.0,54.0,28.000,28.165,1755.0,1728.0,2629,4743,
19.4.2026,13:55:52.844,52.0,53.0,28.000,28.107,1752.0,1730.0,2629,4743,
19.4.2026,13:55:53.046,51.0,54.0,28.000,28.102,1755.0,1728.0,2629,4743,
19.4.2026,13:55:53.246,51.0,53.0,28.000,27.967,1753.0,1730.0,2629,4743,
19.4.2026,13:55:53.465,52.0,53.0,28.000,28.088,1756.0,1730.0,2629,4743,
19.4.2026,13:55:53.664,52.0,54.0,28.000,27.997,1754.0,1728.0,2629,4743,
19.4.2026,13:55:53.866,52.0,54.0,27.000,28.126,1756.0,1728.0,2629,4743,
19.4.2026,13:55:54.067,52.0,54.0,27.000,28.126,1756.0,1728.0,2629,4743,
19.4.2026,13:55:54.267,51.0,53.0,28.000,28.179,1755.0,1730.0,2629,4743,
19.4.2026,13:55:54.473,52.0,53.0,28.000,28.395,1749.0,1728.0,2629,4743,
19.4.2026,13:55:54.675,52.0,54.0,28.000,28.268,1756.0,1730.0,2629,4743,
19.4.2026,13:55:54.874,52.0,54.0,28.000,28.269,1756.0,1730.0,2629,4743,
19.4.2026,13:55:55.075,52.0,54.0,28.000,28.313,1751.0,1728.0,2629,4743,
19.4.2026,13:55:55.291,51.0,53.0,28.000,28.163,1755.0,1728.0,2629,4743,
19.4.2026,13:55:55.494,52.0,54.0,28.000,28.333,1755.0,1728.0,2629,4743,
19.4.2026,13:55:55.696,52.0,53.0,28.000,28.414,1755.0,1728.0,2629,4743,
19.4.2026,13:55:55.900,52.0,54.0,27.000,28.098,1756.0,1730.0,2629,4743,
19.4.2026,13:55:56.101,52.0,53.0,27.000,28.024,1756.0,1730.0,2629,4743,
19.4.2026,13:55:56.304,52.0,53.0,28.000,28.145,1752.0,1730.0,2629,4743,
19.4.2026,13:55:56.505,52.0,54.0,28.000,28.353,1756.0,1728.0,2629,4743,
19.4.2026,13:55:56.707,52.0,54.0,28.000,28.301,1755.0,1730.0,2629,4743,
19.4.2026,13:55:56.910,52.0,54.0,28.000,28.361,1737.0,1730.0,2629,4743,
19.4.2026,13:55:57.111,52.0,53.0,28.000,28.373,1756.0,1730.0,2629,4743,
19.4.2026,13:55:57.314,52.0,54.0,28.000,28.453,1752.0,1730.0,2629,4743,
19.4.2026,13:55:57.515,52.0,54.0,28.000,28.433,1756.0,1730.0,2629,4743,
19.4.2026,13:55:57.729,52.0,54.0,28.000,28.597,1756.0,1730.0,2629,4743,
19.4.2026,13:55:57.931,52.0,54.0,28.000,28.353,1756.0,1730.0,2629,4743,
19.4.2026,13:55:58.135,52.0,53.0,28.000,28.370,1746.0,1730.0,2629,4743,
19.4.2026,13:55:58.335,52.0,54.0,27.000,28.170,1756.0,1730.0,2629,4743,
19.4.2026,13:55:58.536,52.0,54.0,28.000,28.047,1754.0,1728.0,2629,4743,
19.4.2026,13:55:58.739,52.0,53.0,28.000,28.237,1756.0,1730.0,2629,4743,
19.4.2026,13:55:58.941,52.0,54.0,28.000,28.057,1752.0,1730.0,2629,4743,
19.4.2026,13:55:59.146,52.0,54.0,28.000,28.078,1755.0,1730.0,2629,4743,
19.4.2026,13:55:59.347,52.0,54.0,28.000,28.298,1756.0,1730.0,2629,4743,
19.4.2026,13:55:59.549,52.0,54.0,27.000,28.060,1730.0,1730.0,2629,4743,
19.4.2026,13:55:59.751,52.0,54.0,28.000,28.192,1756.0,1730.0,2629,4743,
19.4.2026,13:55:59.950,52.0,54.0,28.000,28.335,1756.0,1730.0,2629,4743,
19.4.2026,13:56:0.166,52.0,54.0,28.000,28.346,1755.0,1730.0,2629,4743,
19.4.2026,13:56:0.370,52.0,54.0,28.000,28.252,1755.0,1728.0,2629,4743,
19.4.2026,13:56:0.570,52.0,54.0,28.000,28.315,1755.0,1728.0,2629,4743,
19.4.2026,13:56:0.771,52.0,54.0,28.000,28.466,1729.0,1730.0,2629,4743,
19.4.2026,13:56:0.972,52.0,54.0,28.000,28.261,1756.0,1728.0,2629,4743,
19.4.2026,13:56:1.175,52.0,54.0,28.000,28.238,1754.0,1728.0,2629,4743,
19.4.2026,13:56:1.376,52.0,53.0,27.000,28.285,1717.0,1728.0,2629,4743,
19.4.2026,13:56:1.581,53.0,54.0,28.000,28.281,1756.0,1730.0,2629,4743,
19.4.2026,13:56:1.781,52.0,54.0,28.000,28.359,1755.0,1730.0,2629,4743,
19.4.2026,13:56:1.988,52.0,54.0,28.000,28.150,1756.0,1730.0,2629,4743,
19.4.2026,13:56:2.188,52.0,54.0,28.000,28.261,1756.0,1730.0,2629,4743,
19.4.2026,13:56:2.391,52.0,53.0,28.000,28.469,1754.0,1730.0,2629,4743,
19.4.2026,13:56:2.593,52.0,53.0,28.000,28.346,1756.0,1730.0,2629,4743,
19.4.2026,13:56:2.794,52.0,54.0,28.000,28.453,1755.0,1730.0,2629,4743,
19.4.2026,13:56:3.010,52.0,54.0,27.000,28.250,1733.0,1730.0,2629,4743,
19.4.2026,13:56:3.210,52.0,54.0,28.000,28.190,1755.0,1730.0,2629,4743,
19.4.2026,13:56:3.413,52.0,54.0,28.000,28.133,1750.0,1728.0,2629,4743,
19.4.2026,13:56:3.615,52.0,54.0,28.000,28.427,1756.0,1730.0,2629,4743,
19.4.2026,13:56:3.816,52.0,54.0,28.000,28.296,1756.0,1728.0,2629,4743,
19.4.2026,13:56:4.022,52.0,54.0,28.000,28.561,1755.0,1728.0,2629,4743,
19.4.2026,13:56:4.219,52.0,54.0,28.000,28.572,1756.0,1730.0,2629,4743,
19.4.2026,13:56:4.419,52.0,54.0,28.000,28.531,1754.0,1728.0,2629,4743,
19.4.2026,13:56:4.621,52.0,54.0,28.000,28.359,1732.0,1728.0,2629,4743,
19.4.2026,13:56:4.825,52.0,54.0,28.000,28.264,1756.0,1730.0,2629,4743,
19.4.2026,13:56:5.033,52.0,54.0,28.000,28.418,1750.0,1730.0,2629,4743,
19.4.2026,13:56:5.232,52.0,54.0,28.000,28.519,1756.0,1730.0,2629,4743,
19.4.2026,13:56:5.435,52.0,53.0,28.000,28.526,1755.0,1728.0,2629,4743,
19.4.2026,13:56:5.651,52.0,54.0,28.000,28.166,1757.0,1728.0,2629,4743,
19.4.2026,13:56:5.854,53.0,54.0,28.000,28.073,1753.0,1730.0,2629,4743,
19.4.2026,13:56:6.049,53.0,54.0,28.000,28.274,1756.0,1730.0,2629,4743,
19.4.2026,13:56:6.250,53.0,54.0,28.000,28.432,1756.0,1730.0,2629,4743,
19.4.2026,13:56:6.450,52.0,54.0,23.000,27.678,119.0,1730.0,2629,4743,
19.4.2026,13:56:6.667,52.0,53.0,21.000,21.756,70.0,1728.0,2629,4743,
19.4.2026,13:56:6.871,51.0,53.0,22.000,21.906,58.0,1730.0,2626,4741,
19.4.2026,13:56:7.076,51.0,53.0,22.000,21.569,29.0,1730.0,2626,4741,
19.4.2026,13:56:7.274,52.0,53.0,20.000,21.199,19.0,1730.0,2626,4741,
19.4.2026,13:56:7.477,51.0,53.0,20.000,20.443,13.0,1730.0,2626,4741,
19.4.2026,13:56:7.680,52.0,52.0,20.000,20.403,20.0,1726.0,2626,4741,
19.4.2026,13:56:7.884,52.0,53.0,20.000,20.431,20.0,1726.0,2626,4741,
19.4.2026,13:56:8.090,52.0,53.0,20.000,20.388,24.0,1730.0,2626,4741,
19.4.2026,13:56:8.288,51.0,52.0,20.000,20.533,50.0,1670.0,2626,4741,
19.4.2026,13:56:8.489,52.0,53.0,20.000,20.503,20.0,1730.0,2626,4741,
19.4.2026,13:56:8.691,51.0,52.0,20.000,20.436,21.0,1728.0,2626,4741,
19.4.2026,13:56:8.895,52.0,53.0,20.000,20.490,12.0,1730.0,2626,4741,
19.4.2026,13:56:9.098,52.0,53.0,20.000,20.625,46.0,1726.0,2626,4741,
19.4.2026,13:56:9.299,52.0,53.0,20.000,20.429,40.0,1730.0,2626,4741,
19.4.2026,13:56:9.505,52.0,52.0,20.000,20.292,16.0,1720.0,2626,4741,
19.4.2026,13:56:9.709,52.0,53.0,20.000,20.364,20.0,1730.0,2626,4741,
19.4.2026,13:56:9.909,51.0,53.0,20.000,20.369,24.0,1730.0,2626,4741,
19.4.2026,13:56:10.117,52.0,53.0,20.000,20.333,34.0,1730.0,2626,4741,
19.4.2026,13:56:10.316,52.0,53.0,20.000,20.371,12.0,1730.0,2626,4741,
19.4.2026,13:56:10.515,51.0,52.0,20.000,20.337,20.0,1728.0,2626,4741,
19.4.2026,13:56:10.717,51.0,52.0,20.000,20.265,17.0,1730.0,2626,4741,
19.4.2026,13:56:10.924,52.0,53.0,20.000,20.276,34.0,1728.0,2626,4741,
19.4.2026,13:56:11.125,52.0,53.0,20.000,20.272,22.0,1728.0,2626,4741,
19.4.2026,13:56:11.328,51.0,53.0,20.000,20.382,22.0,1730.0,2626,4741,
19.4.2026,13:56:11.528,52.0,53.0,20.000,20.411,49.0,1730.0,2626,4741,
19.4.2026,13:56:11.745,52.0,53.0,20.000,20.354,18.0,1730.0,2626,4741,
19.4.2026,13:56:11.945,51.0,53.0,20.000,20.384,10.0,1728.0,2626,4741,
19.4.2026,13:56:12.147,52.0,52.0,19.000,20.341,12.0,1730.0,2626,4741,
19.4.2026,13:56:12.351,52.0,53.0,20.000,20.306,44.0,1730.0,2626,4741,
19.4.2026,13:56:12.551,51.0,53.0,20.000,20.471,8.0,1728.0,2626,4741,
19.4.2026,13:56:12.757,52.0,53.0,20.000,20.329,42.0,1726.0,2626,4741,
19.4.2026,13:56:12.958,51.0,53.0,20.000,20.404,26.0,1730.0,2626,4741,
19.4.2026,13:56:13.159,51.0,52.0,20.000,20.360,22.0,1730.0,2626,4741,
19.4.2026,13:56:13.360,51.0,52.0,20.000,20.260,37.0,1730.0,2626,4741,
19.4.2026,13:56:13.564,52.0,53.0,20.000,20.296,18.0,1692.0,2626,4741,
19.4.2026,13:56:13.767,51.0,52.0,20.000,20.304,21.0,1730.0,2626,4741,
19.4.2026,13:56:13.971,51.0,52.0,20.000,20.434,23.0,1730.0,2626,4741,
19.4.2026,13:56:14.173,51.0,52.0,20.000,20.324,21.0,1726.0,2626,4741,
19.4.2026,13:56:14.371,51.0,53.0,20.000,20.332,28.0,1728.0,2626,4741,
19.4.2026,13:56:14.579,51.0,53.0,20.000,20.455,32.0,1730.0,2626,4741,
19.4.2026,13:56:14.784,52.0,53.0,20.000,20.434,13.0,1726.0,2626,4741,
19.4.2026,13:56:14.989,52.0,53.0,20.000,20.456,14.0,1730.0,2626,4741,
19.4.2026,13:56:15.190,51.0,53.0,20.000,20.414,31.0,1730.0,2626,4741,
19.4.2026,13:56:15.391,52.0,53.0,20.000,20.465,34.0,1728.0,2626,4741,
19.4.2026,13:56:15.591,51.0,53.0,20.000,20.492,57.0,1730.0,2626,4741,
19.4.2026,13:56:15.796,52.0,53.0,20.000,20.410,56.0,1730.0,2626,4741,
19.4.2026,13:56:15.997,51.0,53.0,20.000,20.388,48.0,1730.0,2626,4741,
19.4.2026,13:56:16.216,52.0,53.0,20.000,20.331,34.0,1730.0,2626,4741,
19.4.2026,13:56:16.433,51.0,52.0,20.000,20.226,27.0,1726.0,2626,4741,
19.4.2026,13:56:16.635,51.0,52.0,20.000,20.321,27.0,1730.0,2626,4741,
19.4.2026,13:56:16.839,51.0,53.0,20.000,20.332,25.0,1730.0,2626,4741,
19.4.2026,13:56:17.039,51.0,53.0,20.000,20.234,1.0,1730.0,2626,4741,
19.4.2026,13:56:17.239,51.0,53.0,20.000,20.365,41.0,1728.0,2626,4741,
19.4.2026,13:56:17.446,52.0,53.0,20.000,20.473,46.0,1730.0,2626,4741,
19.4.2026,13:56:17.642,52.0,53.0,19.000,20.387,50.0,1730.0,2626,4742,
19.4.2026,13:56:17.864,52.0,53.0,21.000,20.351,183.0,1730.0,2613,4732,
Date,Time,"GPU Temperature [°C]","GPU Hot Spot Temperature [°C]","GPU ASIC Power [W]","GPU PPT [W]","GPU Clock [MHz]","GPU Memory Clock [MHz]","GPU D3D Memory Dedicated [MB]","GPU Memory Usage [MB]",
,,GPU [#0]: AMD Radeon RX 5500 XT,GPU [#0]: AMD Radeon RX 5500 XT,GPU [#0]: AMD Radeon RX 5500 XT,GPU [#0]: AMD Radeon RX 5500 XT,GPU [#0]: AMD Radeon RX 5500 XT,GPU [#0]: AMD Radeon RX 5500 XT,GPU [#0]: AMD Radeon RX 5500 XT,GPU [#0]: AMD Radeon RX 5500 XT,
