Date,Time,"GPU Temperature [°C]","GPU Hot Spot Temperature [°C]","GPU ASIC Power [W]","GPU PPT [W]","GPU Clock [MHz]","GPU Memory Clock [MHz]","GPU D3D Memory Dedicated [MB]","GPU Memory Usage [MB]",
24.4.2026,13:51:23.952,37.0,37.0,23.000,22.006,95.0,1730.0,1150,5223,
24.4.2026,13:51:24.061,37.0,37.0,23.000,22.006,95.0,1730.0,1150,5223,
24.4.2026,13:51:24.265,37.0,38.0,22.000,22.350,50.0,1730.0,1145,5218,
24.4.2026,13:51:24.468,37.0,37.0,21.000,21.916,49.0,1730.0,1145,5218,
24.4.2026,13:51:24.671,37.0,38.0,21.000,21.700,37.0,1728.0,1145,5218,
24.4.2026,13:51:24.873,37.0,37.0,20.000,21.513,30.0,1730.0,1145,5218,
24.4.2026,13:51:25.073,37.0,37.0,21.000,21.129,44.0,1730.0,1145,5218,
24.4.2026,13:51:25.277,37.0,37.0,21.000,21.787,60.0,1730.0,1145,5218,
24.4.2026,13:51:25.478,37.0,37.0,22.000,21.639,86.0,1730.0,1145,5218,
24.4.2026,13:51:25.680,37.0,37.0,21.000,21.744,38.0,1730.0,1145,5218,
24.4.2026,13:51:25.884,37.0,37.0,20.000,21.303,2.0,1726.0,1145,5218,
24.4.2026,13:51:26.083,37.0,37.0,22.000,21.420,40.0,1726.0,1145,5218,
24.4.2026,13:51:26.284,37.0,38.0,21.000,21.636,56.0,1726.0,1145,5218,
24.4.2026,13:51:26.499,37.0,37.0,21.000,21.615,26.0,1730.0,1145,5218,
24.4.2026,13:51:26.701,37.0,37.0,21.000,21.666,29.0,1730.0,1145,5218,
24.4.2026,13:51:26.904,37.0,37.0,21.000,21.464,22.0,1730.0,1149,5223,
24.4.2026,13:51:27.107,37.0,38.0,21.000,21.641,32.0,1726.0,1149,5223,
24.4.2026,13:51:27.312,36.0,37.0,21.000,21.660,51.0,1730.0,1149,5223,
24.4.2026,13:51:27.517,37.0,38.0,21.000,21.775,46.0,1730.0,1149,5223,
24.4.2026,13:51:27.720,38.0,38.0,21.000,21.702,29.0,1728.0,1149,5223,
24.4.2026,13:51:27.924,37.0,38.0,21.000,21.310,28.0,1730.0,1149,5223,
24.4.2026,13:51:28.128,37.0,38.0,21.000,21.550,60.0,1722.0,1149,5223,
24.4.2026,13:51:28.327,37.0,38.0,21.000,21.867,47.0,1730.0,1149,5223,
24.4.2026,13:51:28.529,37.0,38.0,21.000,21.721,61.0,1730.0,1149,5223,
24.4.2026,13:51:28.732,38.0,38.0,21.000,21.965,44.0,1730.0,1149,5223,
24.4.2026,13:51:28.937,37.0,37.0,20.000,21.432,2.0,1730.0,1149,5223,
24.4.2026,13:51:29.143,37.0,38.0,21.000,21.453,42.0,1728.0,1149,5223,
24.4.2026,13:51:29.348,37.0,37.0,21.000,21.633,58.0,1730.0,1149,5223,
24.4.2026,13:51:29.535,37.0,38.0,21.000,21.659,39.0,1730.0,1149,5223,
24.4.2026,13:51:29.743,37.0,37.0,20.000,21.599,8.0,1730.0,1149,5223,
24.4.2026,13:51:29.948,37.0,37.0,20.000,21.184,24.0,1728.0,1149,5223,
24.4.2026,13:51:30.151,37.0,38.0,21.000,21.544,41.0,1730.0,1149,5223,
24.4.2026,13:51:30.358,37.0,38.0,22.000,21.730,45.0,1730.0,1150,5223,
24.4.2026,13:51:30.555,37.0,38.0,23.000,22.728,36.0,1730.0,1151,5225,
24.4.2026,13:51:30.758,37.0,38.0,22.000,23.065,16.0,1728.0,1151,5225,
24.4.2026,13:51:30.962,37.0,38.0,23.000,22.443,19.0,1730.0,1151,5225,
24.4.2026,13:51:31.165,37.0,38.0,22.000,23.227,15.0,1728.0,1151,5225,
24.4.2026,13:51:31.370,38.0,38.0,30.000,26.726,1756.0,1728.0,1153,5226,
24.4.2026,13:51:31.575,37.0,38.0,30.000,29.797,1758.0,1728.0,1153,5226,
24.4.2026,13:51:31.781,38.0,38.0,29.000,29.849,261.0,1730.0,1153,5226,
24.4.2026,13:51:31.983,38.0,38.0,29.000,29.637,1758.0,1730.0,1153,5226,
24.4.2026,13:51:32.185,38.0,38.0,30.000,30.016,1758.0,1730.0,1153,5226,
24.4.2026,13:51:32.389,37.0,38.0,29.000,29.904,1758.0,1728.0,1153,5226,
24.4.2026,13:51:32.595,38.0,39.0,29.000,29.945,308.0,1730.0,1153,5226,
24.4.2026,13:51:32.789,37.0,38.0,30.000,29.913,1753.0,1730.0,1153,5226,
24.4.2026,13:51:32.991,38.0,39.0,29.000,29.926,1757.0,1730.0,1153,5226,
24.4.2026,13:51:33.196,38.0,38.0,30.000,29.814,1757.0,1728.0,1153,5226,
24.4.2026,13:51:33.399,38.0,39.0,29.000,29.860,1751.0,1730.0,1153,5226,
24.4.2026,13:51:33.603,38.0,39.0,29.000,29.807,301.0,1730.0,1153,5226,
24.4.2026,13:51:33.812,38.0,39.0,30.000,29.773,1758.0,1730.0,1153,5226,
24.4.2026,13:51:34.016,38.0,39.0,29.000,29.906,1758.0,1728.0,1153,5226,
24.4.2026,13:51:34.207,38.0,38.0,29.000,29.975,264.0,1730.0,1153,5226,
24.4.2026,13:51:34.425,38.0,39.0,30.000,29.968,1758.0,1730.0,1153,5226,
24.4.2026,13:51:34.626,38.0,38.0,29.000,29.835,1758.0,1730.0,1153,5226,
24.4.2026,13:51:34.819,38.0,38.0,29.000,29.716,299.0,1730.0,1153,5226,
24.4.2026,13:51:35.024,38.0,39.0,29.000,29.711,1748.0,1730.0,1153,5226,
24.4.2026,13:51:35.224,38.0,39.0,29.000,29.881,1756.0,1728.0,1153,5226,
24.4.2026,13:51:35.432,38.0,38.0,29.000,29.805,299.0,1730.0,1153,5226,
24.4.2026,13:51:35.637,38.0,39.0,29.000,29.914,1758.0,1728.0,1153,5226,
24.4.2026,13:51:35.846,38.0,39.0,29.000,29.948,264.0,1730.0,1153,5226,
24.4.2026,13:51:36.051,38.0,39.0,30.000,29.712,1748.0,1728.0,1153,5226,
24.4.2026,13:51:36.269,38.0,39.0,29.000,29.938,1757.0,1730.0,1153,5226,
24.4.2026,13:51:36.476,38.0,39.0,29.000,30.200,299.0,1730.0,1153,5226,
24.4.2026,13:51:36.685,38.0,39.0,30.000,29.971,1757.0,1730.0,1153,5226,
24.4.2026,13:51:36.890,38.0,39.0,30.000,30.340,1733.0,1728.0,1153,5226,
24.4.2026,13:51:37.094,38.0,39.0,30.000,30.217,1757.0,1730.0,1153,5226,
24.4.2026,13:51:37.296,38.0,39.0,30.000,30.249,1758.0,1728.0,1153,5226,
24.4.2026,13:51:37.501,38.0,39.0,30.000,30.172,1758.0,1730.0,1153,5226,
24.4.2026,13:51:37.706,38.0,39.0,30.000,30.176,295.0,1728.0,1153,5226,
24.4.2026,13:51:37.898,38.0,39.0,30.000,30.275,1758.0,1730.0,1153,5226,
24.4.2026,13:51:38.103,38.0,39.0,29.000,29.684,1758.0,1728.0,1153,5226,
24.4.2026,13:51:38.306,39.0,39.0,29.000,30.052,1758.0,1728.0,1153,5226,
24.4.2026,13:51:38.512,38.0,39.0,30.000,30.050,1756.0,1730.0,1153,5226,
24.4.2026,13:51:38.718,38.0,39.0,30.000,30.133,1758.0,1728.0,1153,5226,
24.4.2026,13:51:38.922,38.0,39.0,29.000,30.041,1758.0,1728.0,1153,5226,
24.4.2026,13:51:39.126,38.0,39.0,30.000,29.857,1749.0,1730.0,1153,5226,
24.4.2026,13:51:39.334,38.0,39.0,29.000,29.931,259.0,1728.0,1153,5226,
24.4.2026,13:51:39.540,38.0,39.0,30.000,30.030,1757.0,1728.0,1153,5226,
24.4.2026,13:51:39.748,38.0,39.0,30.000,30.096,301.0,1728.0,1153,5226,
24.4.2026,13:51:39.955,39.0,39.0,30.000,30.488,1758.0,1728.0,1153,5226,
24.4.2026,13:51:40.155,38.0,39.0,29.000,30.215,278.0,1728.0,1153,5226,
24.4.2026,13:51:40.361,38.0,39.0,29.000,29.981,1757.0,1728.0,1153,5226,
24.4.2026,13:51:40.563,38.0,39.0,29.000,30.080,1757.0,1728.0,1153,5226,
24.4.2026,13:51:40.770,39.0,39.0,29.000,29.961,298.0,1730.0,1153,5226,
24.4.2026,13:51:40.976,38.0,39.0,29.000,30.075,1757.0,1730.0,1153,5226,
24.4.2026,13:51:41.183,39.0,39.0,29.000,29.975,1757.0,1730.0,1153,5226,
24.4.2026,13:51:41.382,38.0,39.0,29.000,29.797,1758.0,1730.0,1153,5226,
24.4.2026,13:51:41.589,39.0,39.0,30.000,30.322,1758.0,1730.0,1153,5226,
24.4.2026,13:51:41.794,38.0,39.0,30.000,30.608,1758.0,1730.0,1153,5226,
24.4.2026,13:51:41.999,38.0,39.0,30.000,30.353,1757.0,1728.0,1153,5226,
24.4.2026,13:51:42.203,38.0,39.0,30.000,30.475,1758.0,1728.0,1153,5226,
24.4.2026,13:51:42.406,38.0,39.0,30.000,30.527,1758.0,1730.0,1153,5226,
24.4.2026,13:51:42.611,39.0,39.0,30.000,30.604,1758.0,1730.0,1153,5226,
24.4.2026,13:51:42.803,38.0,39.0,30.000,30.549,1758.0,1728.0,1153,5226,
24.4.2026,13:51:43.004,38.0,39.0,30.000,30.474,1756.0,1730.0,1153,5226,
24.4.2026,13:51:43.208,39.0,39.0,30.000,30.454,1757.0,1730.0,1153,5226,
24.4.2026,13:51:43.414,38.0,39.0,30.000,30.424,303.0,1730.0,1153,5226,
24.4.2026,13:51:43.621,39.0,39.0,29.000,30.391,296.0,1728.0,1153,5226,
24.4.2026,13:51:43.830,38.0,39.0,30.000,30.234,299.0,1730.0,1153,5226,
24.4.2026,13:51:44.031,38.0,39.0,30.000,30.513,307.0,1730.0,1153,5226,
24.4.2026,13:51:44.238,39.0,39.0,30.000,30.035,1758.0,1730.0,1153,5226,
24.4.2026,13:51:44.444,39.0,39.0,30.000,30.098,1757.0,1730.0,1153,5226,
24.4.2026,13:51:44.647,39.0,39.0,29.000,30.315,297.0,1730.0,1153,5226,
24.4.2026,13:51:44.854,39.0,39.0,29.000,30.507,267.0,1730.0,1153,5226,
24.4.2026,13:51:45.054,39.0,39.0,30.000,30.166,1756.0,1730.0,1153,5226,
24.4.2026,13:51:45.260,38.0,39.0,30.000,30.207,1758.0,1730.0,1153,5226,
24.4.2026,13:51:45.465,39.0,39.0,29.000,30.167,1758.0,1730.0,1153,5226,
24.4.2026,13:51:45.671,39.0,39.0,29.000,30.052,281.0,1728.0,1153,5226,
24.4.2026,13:51:45.875,39.0,39.0,30.000,30.181,1758.0,1728.0,1153,5226,
24.4.2026,13:51:46.080,39.0,39.0,30.000,30.204,1757.0,1730.0,1153,5226,
24.4.2026,13:51:46.284,38.0,39.0,29.000,30.157,1757.0,1730.0,1153,5226,
24.4.2026,13:51:46.489,38.0,39.0,30.000,30.409,289.0,1730.0,1153,5226,
24.4.2026,13:51:46.693,39.0,39.0,29.000,30.335,287.0,1730.0,1153,5226,
24.4.2026,13:51:46.901,39.0,39.0,30.000,30.455,1757.0,1730.0,1153,5226,
24.4.2026,13:51:47.108,38.0,39.0,29.000,30.220,1758.0,1730.0,1153,5226,
24.4.2026,13:51:47.311,39.0,39.0,30.000,30.328,1751.0,1730.0,1153,5226,
24.4.2026,13:51:47.523,39.0,39.0,30.000,30.178,1757.0,1728.0,1153,5226,
24.4.2026,13:51:47.737,39.0,39.0,30.000,30.086,1758.0,1730.0,1153,5226,
24.4.2026,13:51:47.941,39.0,40.0,30.000,30.084,1758.0,1730.0,1153,5226,
24.4.2026,13:51:48.143,39.0,39.0,30.000,29.951,1757.0,1730.0,1153,5226,
24.4.2026,13:51:48.349,39.0,39.0,29.000,29.719,243.0,1728.0,1153,5226,
24.4.2026,13:51:48.553,38.0,39.0,29.000,29.557,1758.0,1728.0,1153,5226,
24.4.2026,13:51:48.757,39.0,40.0,30.000,29.861,1758.0,1728.0,1153,5226,
24.4.2026,13:51:48.964,39.0,39.0,29.000,30.131,283.0,1730.0,1153,5226,
24.4.2026,13:51:49.169,39.0,39.0,29.000,29.969,279.0,1730.0,1153,5226,
24.4.2026,13:51:49.371,39.0,40.0,29.000,30.001,280.0,1730.0,1153,5226,
24.4.2026,13:51:49.574,39.0,39.0,30.000,30.110,1756.0,1730.0,1153,5226,
24.4.2026,13:51:49.781,39.0,40.0,29.000,29.940,1757.0,1730.0,1153,5226,
24.4.2026,13:51:49.983,39.0,40.0,30.000,29.805,1758.0,1730.0,1153,5226,
24.4.2026,13:51:50.187,39.0,39.0,29.000,29.994,271.0,1728.0,1153,5226,
24.4.2026,13:51:50.395,39.0,39.0,29.000,29.749,1719.0,1730.0,1153,5226,
24.4.2026,13:51:50.594,39.0,39.0,30.000,30.031,1755.0,1728.0,1153,5226,
24.4.2026,13:51:50.799,39.0,40.0,30.000,30.020,1757.0,1730.0,1153,5226,
24.4.2026,13:51:51.002,39.0,39.0,30.000,29.951,1757.0,1730.0,1153,5226,
24.4.2026,13:51:51.206,38.0,40.0,29.000,30.143,1757.0,1730.0,1153,5226,
24.4.2026,13:51:51.401,39.0,39.0,29.000,29.795,285.0,1728.0,1153,5226,
24.4.2026,13:51:51.602,39.0,39.0,29.000,29.883,1737.0,1728.0,1153,5226,
24.4.2026,13:51:51.802,39.0,39.0,29.000,29.883,1737.0,1728.0,1153,5226,
24.4.2026,13:51:52.005,39.0,39.0,29.000,29.672,1757.0,1728.0,1153,5226,
24.4.2026,13:51:52.208,39.0,39.0,29.000,29.728,305.0,1730.0,1153,5226,
24.4.2026,13:51:52.410,39.0,39.0,30.000,29.809,1759.0,1730.0,1153,5226,
24.4.2026,13:51:52.617,39.0,39.0,30.000,30.000,1758.0,1730.0,1153,5226,
24.4.2026,13:51:52.822,39.0,39.0,29.000,29.954,1728.0,1730.0,1153,5226,
24.4.2026,13:51:53.028,39.0,39.0,30.000,29.837,1750.0,1730.0,1153,5226,
24.4.2026,13:51:53.233,38.0,39.0,29.000,30.022,267.0,1730.0,1153,5226,
24.4.2026,13:51:53.442,39.0,39.0,29.000,29.977,299.0,1728.0,1153,5226,
24.4.2026,13:51:53.629,39.0,40.0,30.000,30.042,1758.0,1730.0,1153,5226,
24.4.2026,13:51:53.834,39.0,39.0,30.000,30.113,1757.0,1730.0,1153,5226,
24.4.2026,13:51:54.040,39.0,40.0,30.000,30.310,1757.0,1730.0,1153,5226,
24.4.2026,13:51:54.240,39.0,39.0,30.000,30.184,1757.0,1728.0,1153,5226,
24.4.2026,13:51:54.442,39.0,40.0,29.000,30.067,1757.0,1730.0,1153,5226,
24.4.2026,13:51:54.644,39.0,40.0,30.000,30.131,1757.0,1730.0,1153,5226,
24.4.2026,13:51:54.862,39.0,39.0,30.000,30.429,1758.0,1730.0,1153,5226,
24.4.2026,13:51:55.052,39.0,40.0,30.000,30.680,1758.0,1730.0,1153,5226,
24.4.2026,13:51:55.255,39.0,40.0,29.000,30.265,283.0,1728.0,1153,5226,
24.4.2026,13:51:55.460,39.0,40.0,30.000,30.159,1759.0,1730.0,1153,5226,
24.4.2026,13:51:55.664,39.0,40.0,29.000,29.858,1727.0,1730.0,1153,5226,
24.4.2026,13:51:55.866,39.0,39.0,29.000,30.103,305.0,1730.0,1153,5226,
24.4.2026,13:51:56.072,39.0,39.0,29.000,29.924,299.0,1730.0,1153,5226,
24.4.2026,13:51:56.277,39.0,40.0,29.000,30.004,1758.0,1728.0,1153,5226,
24.4.2026,13:51:56.484,39.0,40.0,29.000,30.068,261.0,1730.0,1153,5226,
24.4.2026,13:51:56.684,40.0,40.0,29.000,29.865,288.0,1728.0,1153,5226,
24.4.2026,13:51:56.886,39.0,40.0,29.000,29.853,1754.0,1728.0,1153,5226,
24.4.2026,13:51:57.092,39.0,40.0,29.000,29.821,287.0,1730.0,1153,5226,
24.4.2026,13:51:57.293,39.0,39.0,30.000,29.797,1757.0,1730.0,1153,5226,
24.4.2026,13:51:57.499,39.0,40.0,29.000,30.053,296.0,1730.0,1153,5226,
24.4.2026,13:51:57.701,39.0,40.0,30.000,29.832,1758.0,1730.0,1153,5226,
24.4.2026,13:51:57.905,39.0,40.0,29.000,30.023,303.0,1730.0,1153,5226,
24.4.2026,13:51:58.110,39.0,40.0,29.000,30.042,1756.0,1730.0,1153,5226,
24.4.2026,13:51:58.319,39.0,40.0,29.000,29.946,1758.0,1730.0,1153,5226,
24.4.2026,13:51:58.521,39.0,40.0,29.000,30.028,289.0,1728.0,1153,5226,
24.4.2026,13:51:58.727,39.0,40.0,30.000,30.304,1711.0,1728.0,1153,5226,
24.4.2026,13:51:58.931,39.0,40.0,30.000,30.320,284.0,1728.0,1153,5226,
24.4.2026,13:51:59.139,40.0,40.0,29.000,30.144,270.0,1730.0,1153,5226,
24.4.2026,13:51:59.343,39.0,40.0,29.000,29.841,265.0,1730.0,1153,5226,
24.4.2026,13:51:59.543,39.0,40.0,29.000,30.015,1757.0,1730.0,1153,5226,
24.4.2026,13:51:59.765,39.0,40.0,30.000,30.376,1758.0,1730.0,1153,5226,
24.4.2026,13:51:59.946,39.0,40.0,29.000,30.122,289.0,1730.0,1153,5226,
24.4.2026,13:52:0.148,39.0,40.0,29.000,29.998,295.0,1730.0,1153,5226,
24.4.2026,13:52:0.357,40.0,40.0,29.000,29.904,265.0,1728.0,1153,5226,
24.4.2026,13:52:0.558,40.0,40.0,29.000,29.778,288.0,1728.0,1153,5226,
24.4.2026,13:52:0.767,39.0,40.0,29.000,29.935,301.0,1728.0,1153,5226,
24.4.2026,13:52:0.971,39.0,40.0,29.000,30.005,255.0,1730.0,1153,5226,
24.4.2026,13:52:1.174,39.0,40.0,29.000,29.849,1758.0,1728.0,1153,5226,
24.4.2026,13:52:1.378,39.0,40.0,30.000,29.933,1758.0,1730.0,1153,5226,
24.4.2026,13:52:1.569,40.0,40.0,29.000,29.953,278.0,1730.0,1153,5226,
24.4.2026,13:52:1.777,39.0,40.0,29.000,29.850,273.0,1730.0,1153,5226,
24.4.2026,13:52:1.981,39.0,40.0,30.000,29.872,1757.0,1730.0,1153,5226,
24.4.2026,13:52:2.186,39.0,40.0,30.000,29.723,1757.0,1730.0,1153,5226,
24.4.2026,13:52:2.391,39.0,40.0,30.000,29.918,1757.0,1728.0,1153,5226,
24.4.2026,13:52:2.596,39.0,40.0,30.000,30.047,306.0,1730.0,1153,5226,
24.4.2026,13:52:2.799,39.0,40.0,29.000,29.823,246.0,1730.0,1153,5226,
24.4.2026,13:52:2.989,39.0,40.0,30.000,29.722,1754.0,1730.0,1153,5226,
24.4.2026,13:52:3.197,40.0,40.0,30.000,29.886,1757.0,1728.0,1153,5226,
24.4.2026,13:52:3.398,39.0,40.0,30.000,30.138,1758.0,1730.0,1153,5226,
24.4.2026,13:52:3.601,39.0,40.0,30.000,30.096,1758.0,1728.0,1153,5226,
24.4.2026,13:52:3.818,40.0,40.0,29.000,29.973,280.0,1728.0,1153,5226,
24.4.2026,13:52:4.020,39.0,40.0,30.000,29.849,297.0,1730.0,1153,5226,
24.4.2026,13:52:4.234,39.0,40.0,30.000,29.951,1758.0,1730.0,1153,5226,
24.4.2026,13:52:4.439,40.0,40.0,30.000,29.942,1757.0,1730.0,1153,5226,
24.4.2026,13:52:4.644,39.0,40.0,30.000,30.003,1757.0,1728.0,1153,5226,
24.4.2026,13:52:4.848,39.0,40.0,30.000,29.985,1757.0,1728.0,1153,5226,
24.4.2026,13:52:5.055,40.0,40.0,30.000,29.954,296.0,1730.0,1153,5226,
24.4.2026,13:52:5.256,39.0,40.0,30.000,29.945,1750.0,1730.0,1153,5226,
24.4.2026,13:52:5.462,39.0,40.0,30.000,30.015,1755.0,1728.0,1153,5226,
24.4.2026,13:52:5.666,40.0,40.0,30.000,30.123,1757.0,1730.0,1153,5226,
24.4.2026,13:52:5.873,39.0,40.0,30.000,30.266,1758.0,1730.0,1153,5226,
24.4.2026,13:52:6.078,39.0,40.0,30.000,30.480,1758.0,1730.0,1153,5226,
24.4.2026,13:52:6.281,40.0,40.0,30.000,30.374,1756.0,1728.0,1153,5226,
24.4.2026,13:52:6.486,40.0,40.0,31.000,30.527,1757.0,1730.0,1153,5226,
24.4.2026,13:52:6.689,40.0,41.0,30.000,30.442,1758.0,1730.0,1153,5226,
24.4.2026,13:52:6.879,39.0,40.0,30.000,30.242,1758.0,1730.0,1153,5226,
24.4.2026,13:52:7.098,40.0,40.0,30.000,30.290,1758.0,1730.0,1153,5226,
24.4.2026,13:52:7.304,40.0,41.0,30.000,30.337,1758.0,1728.0,1153,5226,
24.4.2026,13:52:7.512,40.0,40.0,30.000,29.804,1757.0,1730.0,1153,5226,
24.4.2026,13:52:7.717,40.0,40.0,30.000,29.798,1757.0,1730.0,1153,5226,
24.4.2026,13:52:7.923,40.0,40.0,30.000,29.864,1757.0,1730.0,1153,5226,
24.4.2026,13:52:8.128,40.0,40.0,29.000,30.084,1743.0,1730.0,1153,5226,
24.4.2026,13:52:8.346,39.0,40.0,30.000,29.868,1754.0,1728.0,1153,5226,
24.4.2026,13:52:8.538,40.0,40.0,29.000,29.912,306.0,1728.0,1153,5226,
24.4.2026,13:52:8.741,40.0,40.0,30.000,29.987,1757.0,1728.0,1153,5226,
24.4.2026,13:52:8.946,40.0,40.0,30.000,29.929,1757.0,1730.0,1153,5226,
24.4.2026,13:52:9.150,40.0,40.0,29.000,30.235,1758.0,1728.0,1153,5226,
24.4.2026,13:52:9.357,40.0,40.0,30.000,30.026,1758.0,1730.0,1153,5226,
24.4.2026,13:52:9.562,40.0,41.0,29.000,30.051,1732.0,1728.0,1153,5226,
24.4.2026,13:52:9.769,40.0,40.0,29.000,30.056,265.0,1730.0,1153,5226,
24.4.2026,13:52:9.969,40.0,40.0,30.000,30.122,1757.0,1728.0,1153,5226,
24.4.2026,13:52:10.162,40.0,40.0,30.000,30.224,1757.0,1730.0,1153,5226,
24.4.2026,13:52:10.365,40.0,40.0,30.000,29.960,288.0,1728.0,1153,5226,
24.4.2026,13:52:10.571,40.0,41.0,30.000,30.065,1727.0,1730.0,1153,5226,
24.4.2026,13:52:10.776,40.0,41.0,30.000,30.136,293.0,1728.0,1153,5226,
24.4.2026,13:52:10.982,40.0,41.0,30.000,30.034,1755.0,1730.0,1153,5226,
24.4.2026,13:52:11.189,39.0,40.0,30.000,30.326,1757.0,1730.0,1153,5226,
24.4.2026,13:52:11.391,40.0,40.0,29.000,30.191,1758.0,1730.0,1153,5226,
24.4.2026,13:52:11.598,40.0,40.0,30.000,30.023,1758.0,1730.0,1153,5226,
24.4.2026,13:52:11.818,40.0,40.0,29.000,30.051,1750.0,1728.0,1153,5226,
24.4.2026,13:52:12.034,40.0,40.0,30.000,29.877,1757.0,1728.0,1153,5226,
24.4.2026,13:52:12.222,39.0,40.0,30.000,29.882,1757.0,1730.0,1153,5226,
24.4.2026,13:52:12.438,40.0,40.0,29.000,30.146,281.0,1730.0,1153,5226,
24.4.2026,13:52:12.645,39.0,41.0,30.000,30.128,1755.0,1730.0,1153,5226,
24.4.2026,13:52:12.843,40.0,40.0,30.000,30.059,308.0,1730.0,1153,5226,
24.4.2026,13:52:13.047,40.0,40.0,30.000,30.130,1757.0,1730.0,1153,5226,
24.4.2026,13:52:13.251,40.0,41.0,29.000,30.185,1758.0,1730.0,1153,5226,
24.4.2026,13:52:13.452,40.0,40.0,30.000,30.012,1758.0,1730.0,1153,5226,
24.4.2026,13:52:13.664,40.0,40.0,29.000,29.751,275.0,1728.0,1153,5226,
24.4.2026,13:52:13.850,40.0,40.0,29.000,29.690,284.0,1728.0,1153,5226,
24.4.2026,13:52:14.058,40.0,41.0,29.000,29.579,1757.0,1730.0,1153,5226,
24.4.2026,13:52:14.259,40.0,41.0,30.000,29.691,1758.0,1730.0,1153,5226,
24.4.2026,13:52:14.465,40.0,40.0,30.000,29.865,1757.0,1728.0,1153,5226,
24.4.2026,13:52:14.667,40.0,40.0,29.000,29.994,1758.0,1730.0,1153,5226,
24.4.2026,13:52:14.871,40.0,41.0,29.000,29.647,1751.0,1728.0,1153,5226,
24.4.2026,13:52:15.073,40.0,40.0,29.000,29.676,1756.0,1730.0,1153,5226,
24.4.2026,13:52:15.278,40.0,40.0,29.000,29.455,1758.0,1730.0,1153,5226,
24.4.2026,13:52:15.485,40.0,41.0,29.000,29.510,1758.0,1730.0,1153,5226,
24.4.2026,13:52:15.691,40.0,41.0,29.000,29.603,1758.0,1728.0,1153,5226,
24.4.2026,13:52:15.890,40.0,40.0,29.000,29.502,309.0,1730.0,1153,5226,
24.4.2026,13:52:16.095,40.0,41.0,29.000,29.665,280.0,1730.0,1153,5226,
24.4.2026,13:52:16.296,40.0,41.0,29.000,29.588,1758.0,1730.0,1153,5226,
24.4.2026,13:52:16.504,40.0,40.0,29.000,29.608,1758.0,1730.0,1153,5226,
24.4.2026,13:52:16.708,40.0,40.0,29.000,29.612,1758.0,1730.0,1153,5226,
24.4.2026,13:52:16.913,40.0,41.0,29.000,29.672,262.0,1730.0,1153,5226,
24.4.2026,13:52:17.119,40.0,40.0,29.000,29.592,289.0,1730.0,1153,5226,
24.4.2026,13:52:17.322,40.0,41.0,29.000,29.424,1757.0,1728.0,1153,5226,
24.4.2026,13:52:17.524,40.0,41.0,29.000,29.665,1757.0,1730.0,1153,5226,
24.4.2026,13:52:17.728,40.0,41.0,30.000,29.859,1757.0,1730.0,1153,5226,
24.4.2026,13:52:17.936,40.0,41.0,30.000,30.076,1758.0,1730.0,1153,5226,
24.4.2026,13:52:18.141,40.0,41.0,30.000,30.330,1758.0,1728.0,1153,5226,
24.4.2026,13:52:18.345,40.0,41.0,30.000,30.146,1758.0,1730.0,1153,5226,
24.4.2026,13:52:18.535,40.0,41.0,30.000,30.217,1757.0,1730.0,1153,5226,
24.4.2026,13:52:18.753,40.0,41.0,30.000,30.407,1758.0,1730.0,1153,5226,
24.4.2026,13:52:18.941,40.0,41.0,30.000,30.349,1758.0,1728.0,1153,5226,
24.4.2026,13:52:19.147,40.0,41.0,30.000,30.307,1757.0,1730.0,1153,5226,
24.4.2026,13:52:19.352,40.0,41.0,29.000,30.324,268.0,1730.0,1153,5226,
24.4.2026,13:52:19.557,40.0,41.0,30.000,30.129,298.0,1730.0,1153,5226,
24.4.2026,13:52:19.761,40.0,41.0,30.000,30.084,1754.0,1730.0,1153,5226,
24.4.2026,13:52:19.963,40.0,41.0,30.000,30.001,1756.0,1730.0,1153,5226,
24.4.2026,13:52:20.165,40.0,41.0,30.000,30.297,1758.0,1730.0,1153,5226,
24.4.2026,13:52:20.367,40.0,41.0,30.000,30.403,1728.0,1730.0,1153,5226,
24.4.2026,13:52:20.569,40.0,41.0,30.000,30.172,1750.0,1730.0,1153,5226,
24.4.2026,13:52:20.785,40.0,41.0,30.000,30.125,1756.0,1730.0,1153,5226,
24.4.2026,13:52:20.974,40.0,41.0,30.000,30.238,290.0,1728.0,1153,5226,
24.4.2026,13:52:21.190,40.0,41.0,30.000,30.119,1757.0,1730.0,1153,5226,
24.4.2026,13:52:21.394,40.0,41.0,30.000,30.112,1757.0,1730.0,1153,5226,
24.4.2026,13:52:21.600,40.0,41.0,30.000,29.966,1758.0,1730.0,1153,5226,
24.4.2026,13:52:21.805,40.0,41.0,30.000,30.009,1742.0,1730.0,1153,5226,
24.4.2026,13:52:22.007,40.0,41.0,29.000,29.885,1737.0,1730.0,1153,5226,
24.4.2026,13:52:22.222,40.0,41.0,29.000,29.921,277.0,1730.0,1153,5226,
24.4.2026,13:52:22.413,40.0,41.0,29.000,29.924,290.0,1730.0,1153,5226,
24.4.2026,13:52:22.621,40.0,41.0,29.000,29.905,297.0,1730.0,1153,5226,
24.4.2026,13:52:22.823,40.0,41.0,30.000,29.881,1756.0,1730.0,1153,5226,
24.4.2026,13:52:23.029,40.0,41.0,29.000,29.970,1701.0,1728.0,1153,5226,
24.4.2026,13:52:23.232,40.0,41.0,29.000,29.907,273.0,1730.0,1153,5226,
24.4.2026,13:52:23.436,41.0,41.0,29.000,30.007,1758.0,1730.0,1153,5226,
24.4.2026,13:52:23.638,41.0,41.0,29.000,30.005,1758.0,1730.0,1153,5226,
24.4.2026,13:52:23.847,40.0,41.0,29.000,29.776,1757.0,1728.0,1153,5226,
24.4.2026,13:52:24.050,40.0,41.0,29.000,30.070,285.0,1730.0,1153,5226,
24.4.2026,13:52:24.252,40.0,41.0,30.000,29.825,307.0,1730.0,1153,5226,
24.4.2026,13:52:24.454,40.0,41.0,29.000,30.001,1757.0,1728.0,1153,5226,
24.4.2026,13:52:24.657,40.0,41.0,30.000,29.679,1757.0,1730.0,1153,5226,
24.4.2026,13:52:24.861,40.0,41.0,29.000,29.627,280.0,1730.0,1153,5226,
24.4.2026,13:52:25.063,41.0,41.0,29.000,29.532,290.0,1730.0,1153,5226,
24.4.2026,13:52:25.267,40.0,41.0,29.000,29.490,1757.0,1728.0,1153,5226,
24.4.2026,13:52:25.467,40.0,41.0,29.000,29.711,299.0,1728.0,1153,5226,
24.4.2026,13:52:25.674,40.0,41.0,29.000,29.785,305.0,1730.0,1153,5226,
24.4.2026,13:52:25.869,41.0,41.0,29.000,29.436,265.0,1730.0,1153,5226,
24.4.2026,13:52:26.078,41.0,41.0,29.000,29.690,304.0,1730.0,1153,5226,
24.4.2026,13:52:26.281,41.0,41.0,29.000,29.786,1757.0,1730.0,1153,5226,
24.4.2026,13:52:26.487,40.0,41.0,29.000,29.501,296.0,1730.0,1153,5226,
24.4.2026,13:52:26.692,40.0,41.0,29.000,29.570,1757.0,1728.0,1153,5226,
24.4.2026,13:52:26.892,41.0,41.0,29.000,29.572,1758.0,1728.0,1153,5226,
24.4.2026,13:52:27.095,40.0,41.0,29.000,29.572,290.0,1728.0,1153,5226,
24.4.2026,13:52:27.303,41.0,41.0,29.000,29.825,292.0,1730.0,1153,5226,
24.4.2026,13:52:27.504,41.0,41.0,29.000,29.944,1756.0,1730.0,1153,5226,
24.4.2026,13:52:27.721,40.0,41.0,29.000,29.885,1757.0,1728.0,1153,5226,
24.4.2026,13:52:27.911,40.0,41.0,29.000,29.967,301.0,1730.0,1153,5226,
24.4.2026,13:52:28.116,41.0,41.0,30.000,29.879,1757.0,1730.0,1153,5226,
24.4.2026,13:52:28.322,41.0,41.0,29.000,30.036,287.0,1730.0,1153,5226,
24.4.2026,13:52:28.527,40.0,41.0,29.000,30.020,274.0,1728.0,1153,5226,
24.4.2026,13:52:28.728,41.0,41.0,30.000,29.892,1756.0,1730.0,1153,5226,
24.4.2026,13:52:28.934,40.0,41.0,30.000,30.022,1757.0,1730.0,1153,5226,
24.4.2026,13:52:29.138,40.0,41.0,29.000,29.857,1758.0,1728.0,1153,5226,
24.4.2026,13:52:29.340,40.0,41.0,29.000,29.637,283.0,1728.0,1153,5226,
24.4.2026,13:52:29.545,40.0,41.0,30.000,29.827,1749.0,1728.0,1153,5226,
24.4.2026,13:52:29.748,40.0,41.0,29.000,30.057,1758.0,1730.0,1153,5226,
24.4.2026,13:52:29.953,40.0,41.0,29.000,30.032,1757.0,1730.0,1153,5226,
24.4.2026,13:52:30.158,40.0,41.0,30.000,30.086,1758.0,1730.0,1153,5226,
24.4.2026,13:52:30.347,40.0,41.0,30.000,30.206,1757.0,1730.0,1153,5226,
24.4.2026,13:52:30.566,40.0,41.0,30.000,30.191,1757.0,1730.0,1153,5226,
24.4.2026,13:52:30.774,40.0,41.0,29.000,30.163,1757.0,1730.0,1153,5226,
24.4.2026,13:52:30.979,40.0,41.0,30.000,30.275,1757.0,1730.0,1153,5226,
24.4.2026,13:52:31.185,40.0,41.0,30.000,30.316,1757.0,1730.0,1153,5226,
24.4.2026,13:52:31.395,41.0,41.0,30.000,30.441,1757.0,1728.0,1153,5226,
24.4.2026,13:52:31.597,41.0,41.0,29.000,30.312,1758.0,1728.0,1153,5226,
24.4.2026,13:52:31.798,41.0,41.0,30.000,29.739,1734.0,1730.0,1153,5226,
24.4.2026,13:52:32.005,40.0,41.0,29.000,29.935,1756.0,1728.0,1153,5226,
24.4.2026,13:52:32.203,41.0,41.0,29.000,30.025,1756.0,1730.0,1153,5226,
24.4.2026,13:52:32.408,41.0,42.0,29.000,29.894,1757.0,1730.0,1153,5226,
24.4.2026,13:52:32.610,41.0,41.0,29.000,29.909,305.0,1730.0,1153,5226,
24.4.2026,13:52:32.801,40.0,41.0,29.000,30.068,299.0,1730.0,1153,5226,
24.4.2026,13:52:33.007,40.0,42.0,30.000,29.879,302.0,1728.0,1153,5226,
24.4.2026,13:52:33.211,41.0,41.0,30.000,30.353,1757.0,1728.0,1153,5226,
24.4.2026,13:52:33.422,41.0,42.0,30.000,30.190,1757.0,1728.0,1153,5226,
24.4.2026,13:52:33.621,40.0,41.0,29.000,30.124,1758.0,1730.0,1153,5226,
24.4.2026,13:52:33.823,41.0,41.0,30.000,30.006,1758.0,1730.0,1153,5226,
24.4.2026,13:52:34.025,40.0,41.0,29.000,30.030,291.0,1728.0,1153,5226,
24.4.2026,13:52:34.229,41.0,41.0,29.000,29.951,1757.0,1730.0,1153,5226,
24.4.2026,13:52:34.443,40.0,41.0,29.000,29.705,1757.0,1728.0,1153,5226,
24.4.2026,13:52:34.643,41.0,42.0,29.000,29.621,1757.0,1728.0,1153,5226,
24.4.2026,13:52:34.832,40.0,41.0,29.000,29.797,290.0,1728.0,1153,5226,
24.4.2026,13:52:35.037,40.0,41.0,29.000,29.568,1757.0,1730.0,1153,5226,
24.4.2026,13:52:35.243,41.0,41.0,29.000,29.700,1758.0,1728.0,1153,5226,
24.4.2026,13:52:35.447,41.0,41.0,29.000,29.560,1755.0,1730.0,1153,5226,
24.4.2026,13:52:35.646,41.0,41.0,29.000,29.331,1757.0,1728.0,1153,5226,
24.4.2026,13:52:35.851,40.0,41.0,29.000,29.767,1758.0,1730.0,1153,5226,
24.4.2026,13:52:36.059,40.0,41.0,29.000,29.503,1757.0,1730.0,1153,5226,
24.4.2026,13:52:36.261,40.0,41.0,29.000,29.681,294.0,1730.0,1153,5226,
24.4.2026,13:52:36.466,40.0,41.0,30.000,29.758,1753.0,1730.0,1153,5226,
24.4.2026,13:52:36.669,41.0,41.0,29.000,29.913,1757.0,1730.0,1153,5226,
24.4.2026,13:52:36.874,40.0,41.0,30.000,29.898,1757.0,1730.0,1153,5226,
24.4.2026,13:52:37.082,40.0,41.0,30.000,30.026,1758.0,1728.0,1153,5226,
24.4.2026,13:52:37.283,40.0,41.0,29.000,29.887,1757.0,1730.0,1153,5226,
24.4.2026,13:52:37.489,41.0,42.0,29.000,29.777,278.0,1730.0,1153,5226,
24.4.2026,13:52:37.695,41.0,42.0,29.000,29.728,272.0,1730.0,1153,5226,
24.4.2026,13:52:37.900,41.0,42.0,29.000,29.707,1756.0,1730.0,1153,5226,
24.4.2026,13:52:38.101,40.0,41.0,30.000,30.046,300.0,1730.0,1153,5226,
24.4.2026,13:52:38.301,41.0,42.0,30.000,29.847,1757.0,1730.0,1153,5226,
24.4.2026,13:52:38.519,41.0,41.0,30.000,30.132,298.0,1730.0,1153,5226,
24.4.2026,13:52:38.709,41.0,41.0,30.000,30.214,1749.0,1730.0,1153,5226,
24.4.2026,13:52:38.913,40.0,41.0,29.000,29.897,261.0,1730.0,1153,5226,
24.4.2026,13:52:39.118,41.0,42.0,30.000,30.053,1756.0,1730.0,1153,5226,
24.4.2026,13:52:39.326,41.0,41.0,30.000,30.019,1758.0,1730.0,1153,5226,
24.4.2026,13:52:39.529,41.0,41.0,29.000,29.984,1757.0,1730.0,1153,5226,
24.4.2026,13:52:39.735,41.0,42.0,29.000,29.751,1758.0,1730.0,1153,5226,
24.4.2026,13:52:39.927,41.0,41.0,29.000,29.966,1753.0,1728.0,1153,5226,
24.4.2026,13:52:40.137,41.0,42.0,29.000,29.554,1755.0,1730.0,1153,5226,
24.4.2026,13:52:40.337,40.0,41.0,29.000,29.702,313.0,1730.0,1153,5226,
24.4.2026,13:52:40.542,40.0,41.0,29.000,30.022,1757.0,1730.0,1153,5226,
24.4.2026,13:52:40.748,41.0,41.0,29.000,29.807,1757.0,1730.0,1153,5226,
24.4.2026,13:52:40.955,41.0,42.0,29.000,29.909,1724.0,1730.0,1153,5226,
24.4.2026,13:52:41.145,41.0,42.0,29.000,29.938,271.0,1728.0,1153,5226,
24.4.2026,13:52:41.351,41.0,42.0,29.000,29.899,288.0,1728.0,1153,5226,
24.4.2026,13:52:41.556,41.0,42.0,30.000,29.959,1757.0,1730.0,1153,5226,
24.4.2026,13:52:41.760,41.0,42.0,30.000,29.928,1757.0,1730.0,1153,5226,
24.4.2026,13:52:41.968,41.0,42.0,30.000,30.243,1758.0,1730.0,1153,5226,
24.4.2026,13:52:42.173,41.0,42.0,30.000,30.362,1757.0,1730.0,1153,5226,
24.4.2026,13:52:42.378,41.0,41.0,30.000,30.472,1757.0,1730.0,1153,5226,
24.4.2026,13:52:42.582,41.0,41.0,30.000,30.446,1758.0,1730.0,1153,5226,
24.4.2026,13:52:42.787,41.0,42.0,30.000,30.390,1758.0,1730.0,1153,5226,
24.4.2026,13:52:42.991,41.0,42.0,30.000,30.389,1758.0,1728.0,1153,5226,
24.4.2026,13:52:43.196,41.0,42.0,30.000,30.476,1758.0,1730.0,1153,5226,
24.4.2026,13:52:43.398,41.0,42.0,30.000,30.140,1757.0,1730.0,1153,5226,
24.4.2026,13:52:43.605,41.0,42.0,29.000,29.918,257.0,1730.0,1153,5226,
24.4.2026,13:52:43.813,41.0,42.0,29.000,29.410,276.0,1730.0,1153,5226,
24.4.2026,13:52:44.016,41.0,41.0,29.000,29.846,281.0,1730.0,1153,5226,
24.4.2026,13:52:44.229,40.0,41.0,29.000,29.722,308.0,1730.0,1153,5226,
24.4.2026,13:52:44.434,41.0,41.0,29.000,29.744,1757.0,1730.0,1153,5226,
24.4.2026,13:52:44.639,41.0,42.0,30.000,30.024,1758.0,1730.0,1153,5226,
24.4.2026,13:52:44.845,41.0,42.0,29.000,29.974,279.0,1730.0,1153,5226,
24.4.2026,13:52:45.055,41.0,42.0,29.000,29.968,293.0,1728.0,1153,5226,
24.4.2026,13:52:45.258,41.0,41.0,29.000,30.076,298.0,1728.0,1153,5226,
24.4.2026,13:52:45.462,41.0,42.0,30.000,29.891,1757.0,1728.0,1153,5226,
24.4.2026,13:52:45.662,40.0,42.0,29.000,29.971,293.0,1730.0,1153,5226,
24.4.2026,13:52:45.867,41.0,42.0,29.000,29.906,292.0,1728.0,1153,5226,
24.4.2026,13:52:46.076,41.0,42.0,29.000,29.926,283.0,1728.0,1153,5226,
24.4.2026,13:52:46.280,41.0,42.0,29.000,29.945,1757.0,1730.0,1153,5226,
24.4.2026,13:52:46.481,41.0,42.0,29.000,29.945,1757.0,1730.0,1153,5226,
24.4.2026,13:52:46.683,41.0,42.0,29.000,29.913,1757.0,1730.0,1153,5226,
24.4.2026,13:52:46.889,41.0,42.0,29.000,29.824,301.0,1730.0,1153,5226,
24.4.2026,13:52:47.093,41.0,42.0,29.000,29.793,236.0,1728.0,1153,5226,
24.4.2026,13:52:47.301,42.0,42.0,29.000,29.817,287.0,1728.0,1153,5226,
24.4.2026,13:52:47.522,41.0,42.0,29.000,29.705,275.0,1730.0,1153,5226,
24.4.2026,13:52:47.727,41.0,42.0,29.000,29.654,295.0,1730.0,1153,5226,
24.4.2026,13:52:47.928,41.0,42.0,30.000,29.735,1756.0,1730.0,1153,5226,
24.4.2026,13:52:48.140,41.0,42.0,30.000,30.013,1757.0,1730.0,1153,5226,
24.4.2026,13:52:48.340,41.0,42.0,29.000,29.816,269.0,1730.0,1153,5226,
24.4.2026,13:52:48.542,41.0,42.0,29.000,29.850,1756.0,1730.0,1153,5226,
24.4.2026,13:52:48.748,41.0,42.0,30.000,30.152,1756.0,1730.0,1153,5226,
24.4.2026,13:52:48.957,41.0,42.0,29.000,29.999,1757.0,1730.0,1153,5226,
24.4.2026,13:52:49.145,41.0,42.0,29.000,29.999,1757.0,1730.0,1153,5226,
24.4.2026,13:52:49.359,41.0,42.0,29.000,29.837,287.0,1730.0,1153,5226,
24.4.2026,13:52:49.559,41.0,42.0,29.000,29.837,287.0,1730.0,1153,5226,
24.4.2026,13:52:49.764,41.0,42.0,30.000,30.293,1757.0,1730.0,1153,5226,
24.4.2026,13:52:49.967,42.0,42.0,29.000,30.158,273.0,1730.0,1153,5226,
24.4.2026,13:52:50.172,41.0,42.0,29.000,29.869,1758.0,1730.0,1153,5226,
24.4.2026,13:52:50.374,41.0,42.0,30.000,29.912,1747.0,1730.0,1153,5226,
24.4.2026,13:52:50.580,41.0,42.0,29.000,29.863,299.0,1730.0,1153,5226,
24.4.2026,13:52:50.788,41.0,42.0,30.000,29.877,1757.0,1728.0,1153,5226,
24.4.2026,13:52:51.002,41.0,42.0,29.000,29.809,286.0,1730.0,1153,5226,
24.4.2026,13:52:51.195,41.0,42.0,29.000,29.809,286.0,1730.0,1153,5226,
24.4.2026,13:52:51.398,41.0,42.0,29.000,29.745,271.0,1730.0,1153,5226,
24.4.2026,13:52:51.604,42.0,42.0,30.000,29.929,1731.0,1728.0,1153,5226,
24.4.2026,13:52:51.807,41.0,42.0,29.000,29.831,277.0,1730.0,1153,5226,
24.4.2026,13:52:52.013,41.0,42.0,30.000,29.752,1754.0,1728.0,1153,5226,
24.4.2026,13:52:52.220,41.0,42.0,29.000,29.951,1758.0,1728.0,1153,5226,
24.4.2026,13:52:52.422,41.0,42.0,29.000,29.901,294.0,1730.0,1153,5226,
24.4.2026,13:52:52.632,41.0,42.0,29.000,29.873,1757.0,1730.0,1153,5226,
24.4.2026,13:52:52.829,41.0,42.0,29.000,29.663,285.0,1730.0,1153,5226,
24.4.2026,13:52:53.034,41.0,42.0,29.000,29.634,1757.0,1730.0,1153,5226,
24.4.2026,13:52:53.225,41.0,42.0,29.000,29.735,298.0,1730.0,1153,5226,
24.4.2026,13:52:53.432,41.0,42.0,30.000,30.012,1756.0,1728.0,1153,5226,
24.4.2026,13:52:53.647,41.0,42.0,29.000,29.911,1757.0,1728.0,1153,5226,
24.4.2026,13:52:53.843,41.0,42.0,29.000,29.753,319.0,1728.0,1153,5226,
24.4.2026,13:52:54.045,41.0,42.0,30.000,29.869,1758.0,1730.0,1153,5226,
24.4.2026,13:52:54.256,41.0,42.0,30.000,30.106,1758.0,1730.0,1153,5226,
24.4.2026,13:52:54.454,42.0,42.0,30.000,30.203,1757.0,1728.0,1153,5226,
24.4.2026,13:52:54.679,42.0,42.0,29.000,30.181,1757.0,1730.0,1153,5226,
24.4.2026,13:52:54.861,42.0,42.0,29.000,30.181,1757.0,1730.0,1153,5226,
24.4.2026,13:52:55.053,41.0,42.0,30.000,29.948,1758.0,1730.0,1153,5226,
24.4.2026,13:52:55.261,42.0,42.0,29.000,29.863,1757.0,1728.0,1153,5226,
24.4.2026,13:52:55.465,41.0,42.0,29.000,30.068,1758.0,1728.0,1153,5226,
24.4.2026,13:52:55.664,41.0,42.0,29.000,29.903,1757.0,1730.0,1153,5226,
24.4.2026,13:52:55.870,42.0,42.0,29.000,29.714,282.0,1728.0,1153,5226,
24.4.2026,13:52:56.074,41.0,42.0,29.000,29.605,298.0,1730.0,1153,5226,
24.4.2026,13:52:56.280,42.0,42.0,29.000,29.787,1758.0,1728.0,1153,5226,
24.4.2026,13:52:56.482,41.0,42.0,29.000,29.851,1750.0,1730.0,1153,5226,
24.4.2026,13:52:56.682,41.0,42.0,29.000,29.806,1756.0,1730.0,1153,5226,
24.4.2026,13:52:56.891,42.0,43.0,29.000,29.750,1756.0,1730.0,1153,5226,
24.4.2026,13:52:57.097,42.0,42.0,29.000,29.715,323.0,1730.0,1153,5226,
24.4.2026,13:52:57.298,41.0,42.0,29.000,29.558,285.0,1730.0,1153,5226,
24.4.2026,13:52:57.500,41.0,42.0,29.000,29.513,1758.0,1730.0,1153,5226,
24.4.2026,13:52:57.693,42.0,42.0,29.000,29.550,273.0,1730.0,1153,5226,
24.4.2026,13:52:57.905,41.0,42.0,29.000,29.633,1752.0,1728.0,1153,5226,
24.4.2026,13:52:58.109,41.0,42.0,30.000,29.966,1757.0,1730.0,1153,5226,
24.4.2026,13:52:58.313,42.0,43.0,29.000,29.867,1758.0,1730.0,1153,5226,
24.4.2026,13:52:58.513,42.0,42.0,29.000,29.691,1758.0,1730.0,1153,5226,
24.4.2026,13:52:58.713,41.0,42.0,29.000,29.846,299.0,1728.0,1153,5226,
24.4.2026,13:52:58.920,42.0,43.0,30.000,30.068,1749.0,1728.0,1153,5226,
24.4.2026,13:52:59.124,42.0,42.0,30.000,29.749,1756.0,1730.0,1153,5226,
24.4.2026,13:52:59.325,41.0,42.0,30.000,29.819,1757.0,1730.0,1153,5226,
24.4.2026,13:52:59.534,41.0,42.0,29.000,30.000,1757.0,1730.0,1153,5226,
24.4.2026,13:52:59.740,41.0,42.0,29.000,29.879,1757.0,1728.0,1153,5226,
24.4.2026,13:52:59.940,41.0,43.0,29.000,29.836,273.0,1730.0,1153,5226,
24.4.2026,13:53:0.131,41.0,42.0,29.000,29.811,274.0,1730.0,1153,5226,
24.4.2026,13:53:0.347,41.0,42.0,29.000,29.711,1753.0,1728.0,1153,5226,
24.4.2026,13:53:0.553,41.0,42.0,29.000,29.721,1756.0,1730.0,1153,5226,
24.4.2026,13:53:0.762,41.0,42.0,30.000,29.863,1758.0,1730.0,1153,5226,
24.4.2026,13:53:0.965,41.0,42.0,29.000,29.617,1758.0,1728.0,1153,5226,
24.4.2026,13:53:1.168,41.0,42.0,29.000,29.893,1743.0,1730.0,1153,5226,
24.4.2026,13:53:1.372,41.0,43.0,29.000,29.750,1753.0,1730.0,1153,5226,
24.4.2026,13:53:1.576,41.0,42.0,29.000,29.633,1756.0,1730.0,1153,5226,
24.4.2026,13:53:1.776,41.0,43.0,29.000,29.620,1758.0,1730.0,1153,5226,
24.4.2026,13:53:1.983,41.0,42.0,29.000,29.610,304.0,1728.0,1153,5226,
24.4.2026,13:53:2.184,42.0,42.0,29.000,29.640,1757.0,1730.0,1153,5226,
24.4.2026,13:53:2.386,41.0,42.0,29.000,29.625,1746.0,1728.0,1153,5226,
24.4.2026,13:53:2.589,41.0,42.0,29.000,29.607,1755.0,1730.0,1153,5226,
24.4.2026,13:53:2.791,42.0,42.0,30.000,29.750,1757.0,1730.0,1153,5226,
24.4.2026,13:53:3.001,42.0,42.0,29.000,29.467,1758.0,1728.0,1153,5226,
24.4.2026,13:53:3.202,42.0,42.0,29.000,29.587,1731.0,1730.0,1153,5226,
24.4.2026,13:53:3.408,42.0,42.0,29.000,29.545,1751.0,1730.0,1153,5226,
24.4.2026,13:53:3.597,42.0,43.0,29.000,29.507,1757.0,1730.0,1153,5226,
24.4.2026,13:53:3.805,42.0,42.0,29.000,29.515,1757.0,1730.0,1153,5226,
24.4.2026,13:53:4.009,42.0,42.0,29.000,29.570,1757.0,1730.0,1153,5226,
24.4.2026,13:53:4.217,42.0,42.0,29.000,29.711,299.0,1730.0,1153,5226,
24.4.2026,13:53:4.420,42.0,42.0,29.000,29.640,1755.0,1728.0,1153,5226,
24.4.2026,13:53:4.623,41.0,42.0,29.000,29.449,300.0,1730.0,1153,5226,
24.4.2026,13:53:4.828,41.0,43.0,29.000,29.714,1757.0,1728.0,1153,5226,
24.4.2026,13:53:5.027,41.0,42.0,29.000,29.549,1757.0,1728.0,1153,5226,
24.4.2026,13:53:5.230,42.0,43.0,29.000,29.402,1749.0,1728.0,1153,5226,
24.4.2026,13:53:5.430,41.0,42.0,29.000,29.438,1755.0,1730.0,1153,5226,
24.4.2026,13:53:5.636,41.0,42.0,29.000,29.506,1756.0,1730.0,1153,5226,
24.4.2026,13:53:5.840,42.0,42.0,28.000,29.266,273.0,1730.0,1153,5226,
24.4.2026,13:53:6.043,42.0,42.0,29.000,29.349,1757.0,1730.0,1153,5226,
24.4.2026,13:53:6.248,42.0,43.0,30.000,30.026,1757.0,1730.0,1153,5226,
24.4.2026,13:53:6.454,41.0,43.0,30.000,30.054,1757.0,1730.0,1153,5226,
24.4.2026,13:53:6.657,42.0,43.0,29.000,30.035,1757.0,1728.0,1153,5226,
24.4.2026,13:53:6.849,42.0,43.0,29.000,29.737,1756.0,1730.0,1153,5226,
24.4.2026,13:53:7.066,42.0,42.0,30.000,30.008,1756.0,1730.0,1153,5226,
24.4.2026,13:53:7.256,42.0,43.0,29.000,29.967,1756.0,1730.0,1153,5226,
24.4.2026,13:53:7.462,41.0,43.0,29.000,29.821,1758.0,1730.0,1153,5226,
24.4.2026,13:53:7.671,42.0,42.0,29.000,29.719,1757.0,1730.0,1153,5226,
24.4.2026,13:53:7.878,41.0,43.0,29.000,29.799,1758.0,1728.0,1153,5226,
24.4.2026,13:53:8.067,42.0,43.0,29.000,29.558,293.0,1730.0,1153,5226,
24.4.2026,13:53:8.285,42.0,43.0,29.000,29.570,1757.0,1728.0,1153,5226,
24.4.2026,13:53:8.503,42.0,43.0,29.000,29.581,1756.0,1730.0,1153,5226,
24.4.2026,13:53:8.708,42.0,42.0,29.000,29.513,279.0,1730.0,1153,5226,
24.4.2026,13:53:8.926,42.0,42.0,29.000,29.642,271.0,1730.0,1153,5226,
24.4.2026,13:53:9.145,42.0,43.0,29.000,29.533,1758.0,1730.0,1153,5226,
24.4.2026,13:53:9.353,41.0,43.0,29.000,29.385,1735.0,1730.0,1153,5226,
24.4.2026,13:53:9.556,42.0,43.0,29.000,29.423,1758.0,1730.0,1153,5226,
24.4.2026,13:53:9.759,42.0,43.0,30.000,29.453,1755.0,1730.0,1153,5226,
24.4.2026,13:53:9.963,42.0,43.0,30.000,29.719,1757.0,1730.0,1153,5226,
24.4.2026,13:53:10.170,42.0,42.0,29.000,29.804,1758.0,1730.0,1153,5226,
24.4.2026,13:53:10.374,42.0,43.0,29.000,29.443,289.0,1730.0,1153,5226,
24.4.2026,13:53:10.575,41.0,43.0,29.000,29.205,1757.0,1730.0,1153,5226,
24.4.2026,13:53:10.783,42.0,43.0,29.000,29.480,1736.0,1730.0,1153,5226,
24.4.2026,13:53:10.985,42.0,43.0,29.000,29.227,295.0,1728.0,1153,5226,
24.4.2026,13:53:11.176,42.0,43.0,29.000,29.470,265.0,1730.0,1153,5226,
24.4.2026,13:53:11.381,42.0,43.0,29.000,29.496,1747.0,1730.0,1153,5226,
24.4.2026,13:53:11.588,42.0,43.0,29.000,29.244,1755.0,1730.0,1153,5226,
24.4.2026,13:53:11.795,42.0,43.0,29.000,29.211,302.0,1730.0,1153,5226,
24.4.2026,13:53:12.002,42.0,43.0,29.000,29.249,1757.0,1730.0,1153,5226,
24.4.2026,13:53:12.203,42.0,43.0,29.000,29.630,1723.0,1728.0,1153,5226,
24.4.2026,13:53:12.412,42.0,42.0,29.000,29.450,1746.0,1730.0,1153,5226,
24.4.2026,13:53:12.613,42.0,43.0,29.000,29.249,1756.0,1728.0,1153,5226,
24.4.2026,13:53:12.816,42.0,43.0,29.000,29.443,1757.0,1728.0,1153,5226,
24.4.2026,13:53:13.023,42.0,43.0,29.000,29.491,1757.0,1730.0,1153,5226,
24.4.2026,13:53:13.236,42.0,43.0,29.000,29.292,1758.0,1730.0,1153,5226,
24.4.2026,13:53:13.442,42.0,43.0,29.000,29.634,1753.0,1728.0,1153,5226,
24.4.2026,13:53:13.649,43.0,43.0,29.000,29.561,1756.0,1728.0,1153,5226,
24.4.2026,13:53:13.851,42.0,43.0,29.000,29.512,1757.0,1730.0,1153,5226,
24.4.2026,13:53:14.055,42.0,43.0,29.000,29.128,1757.0,1730.0,1153,5226,
24.4.2026,13:53:14.257,42.0,43.0,29.000,29.547,1758.0,1730.0,1153,5226,
24.4.2026,13:53:14.466,43.0,43.0,29.000,29.517,1757.0,1730.0,1153,5226,
24.4.2026,13:53:14.670,42.0,43.0,29.000,29.488,1738.0,1730.0,1153,5226,
24.4.2026,13:53:14.871,42.0,43.0,29.000,29.514,1755.0,1728.0,1153,5226,
24.4.2026,13:53:15.079,42.0,43.0,29.000,29.507,1756.0,1728.0,1153,5226,
24.4.2026,13:53:15.284,42.0,43.0,29.000,29.386,1757.0,1728.0,1153,5226,
24.4.2026,13:53:15.482,42.0,43.0,29.000,29.407,1757.0,1730.0,1153,5226,
24.4.2026,13:53:15.682,42.0,43.0,29.000,29.525,1751.0,1730.0,1153,5226,
24.4.2026,13:53:15.883,42.0,43.0,29.000,29.133,1755.0,1728.0,1153,5226,
24.4.2026,13:53:16.084,42.0,43.0,29.000,29.580,1757.0,1730.0,1153,5226,
24.4.2026,13:53:16.288,42.0,43.0,29.000,29.677,1757.0,1728.0,1153,5226,
24.4.2026,13:53:16.494,42.0,43.0,29.000,29.412,1758.0,1730.0,1153,5226,
24.4.2026,13:53:16.701,42.0,43.0,28.000,29.385,283.0,1728.0,1153,5226,
24.4.2026,13:53:16.905,42.0,43.0,29.000,29.348,1745.0,1730.0,1153,5226,
24.4.2026,13:53:17.109,42.0,43.0,29.000,29.370,300.0,1730.0,1153,5226,
24.4.2026,13:53:17.313,42.0,43.0,29.000,29.450,1757.0,1730.0,1153,5226,
24.4.2026,13:53:17.513,42.0,43.0,29.000,29.399,1757.0,1730.0,1153,5226,
24.4.2026,13:53:17.718,42.0,43.0,29.000,29.630,1757.0,1730.0,1153,5226,
24.4.2026,13:53:17.921,42.0,43.0,29.000,29.730,287.0,1728.0,1153,5226,
24.4.2026,13:53:18.122,42.0,43.0,29.000,29.759,1757.0,1728.0,1153,5226,
24.4.2026,13:53:18.326,42.0,43.0,29.000,30.032,1757.0,1728.0,1153,5226,
24.4.2026,13:53:18.528,42.0,43.0,29.000,30.027,1757.0,1728.0,1153,5226,
24.4.2026,13:53:18.733,42.0,43.0,29.000,29.975,1758.0,1730.0,1153,5226,
24.4.2026,13:53:18.939,42.0,43.0,29.000,29.873,1757.0,1728.0,1153,5226,
24.4.2026,13:53:19.129,42.0,43.0,29.000,29.858,1757.0,1730.0,1153,5226,
24.4.2026,13:53:19.347,42.0,43.0,29.000,30.087,1757.0,1730.0,1153,5226,
24.4.2026,13:53:19.552,42.0,43.0,29.000,29.883,1757.0,1730.0,1153,5226,
24.4.2026,13:53:19.759,42.0,43.0,29.000,29.932,1757.0,1730.0,1153,5226,
24.4.2026,13:53:19.962,42.0,43.0,29.000,29.930,1757.0,1728.0,1153,5226,
24.4.2026,13:53:20.167,42.0,43.0,29.000,29.911,281.0,1728.0,1153,5226,
24.4.2026,13:53:20.371,42.0,43.0,29.000,29.756,304.0,1730.0,1153,5226,
24.4.2026,13:53:20.572,42.0,43.0,29.000,29.633,1744.0,1730.0,1153,5226,
24.4.2026,13:53:20.779,42.0,43.0,30.000,29.748,1754.0,1730.0,1153,5226,
24.4.2026,13:53:20.987,42.0,43.0,29.000,29.667,1757.0,1730.0,1153,5226,
24.4.2026,13:53:21.176,42.0,43.0,29.000,29.549,296.0,1730.0,1153,5226,
24.4.2026,13:53:21.379,42.0,43.0,29.000,29.665,1758.0,1730.0,1153,5226,
24.4.2026,13:53:21.599,42.0,43.0,29.000,29.675,1757.0,1730.0,1153,5226,
24.4.2026,13:53:21.808,42.0,43.0,29.000,29.791,274.0,1730.0,1153,5226,
24.4.2026,13:53:22.017,42.0,43.0,30.000,29.708,1755.0,1728.0,1153,5226,
24.4.2026,13:53:22.209,42.0,43.0,29.000,29.821,1757.0,1730.0,1153,5226,
24.4.2026,13:53:22.418,43.0,43.0,30.000,29.776,1757.0,1730.0,1153,5226,
24.4.2026,13:53:22.623,42.0,43.0,29.000,29.950,1757.0,1730.0,1153,5226,
24.4.2026,13:53:22.829,42.0,43.0,29.000,29.737,276.0,1730.0,1153,5226,
24.4.2026,13:53:23.037,42.0,43.0,29.000,29.669,266.0,1728.0,1153,5226,
24.4.2026,13:53:23.225,42.0,43.0,29.000,30.095,290.0,1730.0,1153,5226,
24.4.2026,13:53:23.427,42.0,43.0,29.000,29.936,305.0,1730.0,1153,5226,
24.4.2026,13:53:23.631,42.0,43.0,30.000,30.017,1757.0,1730.0,1153,5226,
24.4.2026,13:53:23.835,42.0,43.0,30.000,30.118,1757.0,1730.0,1153,5226,
24.4.2026,13:53:24.046,42.0,43.0,30.000,30.072,1757.0,1730.0,1153,5226,
24.4.2026,13:53:24.241,42.0,43.0,29.000,29.956,1757.0,1730.0,1153,5226,
24.4.2026,13:53:24.442,42.0,43.0,29.000,29.840,276.0,1730.0,1153,5226,
24.4.2026,13:53:24.661,42.0,43.0,29.000,29.609,285.0,1728.0,1153,5226,
24.4.2026,13:53:24.878,42.0,43.0,30.000,29.953,1757.0,1728.0,1153,5226,
24.4.2026,13:53:25.098,42.0,43.0,29.000,29.842,297.0,1730.0,1153,5226,
24.4.2026,13:53:25.315,42.0,43.0,29.000,29.947,1757.0,1730.0,1153,5226,
24.4.2026,13:53:25.519,43.0,43.0,29.000,30.190,280.0,1728.0,1153,5226,
24.4.2026,13:53:25.736,42.0,43.0,30.000,30.060,305.0,1728.0,1153,5226,
24.4.2026,13:53:25.940,42.0,43.0,29.000,30.008,276.0,1728.0,1153,5226,
24.4.2026,13:53:26.145,42.0,43.0,30.000,29.990,297.0,1730.0,1153,5226,
24.4.2026,13:53:26.351,43.0,43.0,30.000,29.979,1754.0,1730.0,1153,5226,
24.4.2026,13:53:26.555,42.0,44.0,30.000,29.958,1757.0,1730.0,1153,5226,
24.4.2026,13:53:26.761,42.0,43.0,29.000,30.125,1757.0,1728.0,1153,5226,
24.4.2026,13:53:26.966,42.0,43.0,30.000,29.847,1757.0,1728.0,1153,5226,
24.4.2026,13:53:27.169,42.0,43.0,29.000,29.771,1757.0,1730.0,1153,5226,
24.4.2026,13:53:27.374,43.0,43.0,29.000,29.895,1751.0,1730.0,1153,5226,
24.4.2026,13:53:27.577,42.0,43.0,29.000,29.441,1751.0,1728.0,1153,5226,
24.4.2026,13:53:27.786,42.0,43.0,29.000,29.604,288.0,1730.0,1153,5226,
24.4.2026,13:53:27.993,42.0,43.0,29.000,29.591,1757.0,1728.0,1153,5226,
24.4.2026,13:53:28.193,42.0,43.0,30.000,29.550,1757.0,1730.0,1153,5226,
24.4.2026,13:53:28.399,42.0,43.0,30.000,29.761,1757.0,1728.0,1153,5226,
24.4.2026,13:53:28.611,43.0,43.0,29.000,29.951,280.0,1728.0,1153,5226,
24.4.2026,13:53:28.808,43.0,43.0,29.000,29.820,276.0,1728.0,1153,5226,
24.4.2026,13:53:29.011,42.0,43.0,29.000,29.720,1757.0,1728.0,1153,5226,
24.4.2026,13:53:29.213,42.0,43.0,30.000,29.650,1756.0,1730.0,1153,5226,
24.4.2026,13:53:29.418,42.0,43.0,30.000,29.825,1757.0,1730.0,1153,5226,
24.4.2026,13:53:29.630,43.0,43.0,29.000,29.841,1757.0,1730.0,1153,5226,
24.4.2026,13:53:29.831,42.0,44.0,29.000,29.776,276.0,1730.0,1153,5226,
24.4.2026,13:53:30.035,42.0,43.0,30.000,29.792,1751.0,1728.0,1153,5226,
24.4.2026,13:53:30.227,42.0,43.0,29.000,29.927,1758.0,1730.0,1153,5226,
24.4.2026,13:53:30.426,42.0,43.0,29.000,29.925,1756.0,1730.0,1153,5226,
24.4.2026,13:53:30.628,42.0,44.0,29.000,30.041,1757.0,1728.0,1153,5226,
24.4.2026,13:53:30.850,43.0,43.0,30.000,30.060,1757.0,1730.0,1153,5226,
24.4.2026,13:53:31.054,42.0,43.0,29.000,30.022,1757.0,1728.0,1153,5226,
24.4.2026,13:53:31.257,42.0,43.0,29.000,29.891,1757.0,1730.0,1153,5226,
24.4.2026,13:53:31.463,42.0,43.0,29.000,29.951,1757.0,1728.0,1153,5226,
24.4.2026,13:53:31.668,42.0,43.0,29.000,29.890,1756.0,1730.0,1153,5226,
24.4.2026,13:53:31.873,42.0,43.0,29.000,29.928,1758.0,1730.0,1153,5226,
24.4.2026,13:53:32.080,42.0,43.0,29.000,29.572,298.0,1728.0,1153,5226,
24.4.2026,13:53:32.282,42.0,43.0,29.000,29.637,1752.0,1730.0,1153,5226,
24.4.2026,13:53:32.484,43.0,43.0,29.000,29.553,1757.0,1730.0,1153,5226,
24.4.2026,13:53:32.687,42.0,43.0,29.000,29.706,1757.0,1730.0,1153,5226,
24.4.2026,13:53:32.890,42.0,44.0,29.000,29.541,307.0,1730.0,1153,5226,
24.4.2026,13:53:33.095,42.0,43.0,29.000,29.595,1749.0,1730.0,1153,5226,
24.4.2026,13:53:33.286,42.0,43.0,29.000,29.412,1756.0,1730.0,1153,5226,
24.4.2026,13:53:33.488,42.0,43.0,29.000,29.618,1757.0,1730.0,1153,5226,
24.4.2026,13:53:33.697,42.0,43.0,30.000,29.869,1756.0,1730.0,1153,5226,
24.4.2026,13:53:33.901,43.0,43.0,29.000,29.816,284.0,1728.0,1153,5226,
24.4.2026,13:53:34.105,42.0,43.0,30.000,29.601,1744.0,1728.0,1153,5226,
24.4.2026,13:53:34.308,42.0,44.0,29.000,29.800,1755.0,1730.0,1153,5226,
24.4.2026,13:53:34.514,42.0,43.0,29.000,29.704,1757.0,1730.0,1153,5226,
24.4.2026,13:53:34.717,42.0,43.0,29.000,29.694,1757.0,1730.0,1153,5226,
24.4.2026,13:53:34.923,42.0,43.0,29.000,29.682,1757.0,1730.0,1153,5226,
24.4.2026,13:53:35.128,42.0,43.0,29.000,29.773,269.0,1730.0,1153,5226,
24.4.2026,13:53:35.329,42.0,43.0,29.000,29.669,1756.0,1728.0,1153,5226,
24.4.2026,13:53:35.533,42.0,43.0,29.000,29.533,299.0,1730.0,1153,5226,
24.4.2026,13:53:35.732,42.0,43.0,29.000,29.523,1757.0,1728.0,1153,5226,
24.4.2026,13:53:35.936,42.0,43.0,29.000,29.259,1757.0,1730.0,1153,5226,
24.4.2026,13:53:36.143,43.0,43.0,29.000,29.515,285.0,1728.0,1153,5226,
24.4.2026,13:53:36.335,42.0,43.0,29.000,29.244,286.0,1728.0,1153,5226,
24.4.2026,13:53:36.538,42.0,44.0,29.000,29.406,291.0,1728.0,1153,5226,
24.4.2026,13:53:36.742,42.0,43.0,28.000,29.574,257.0,1730.0,1153,5226,
24.4.2026,13:53:36.942,43.0,43.0,29.000,29.387,1744.0,1730.0,1153,5226,
24.4.2026,13:53:37.151,42.0,43.0,29.000,29.219,1757.0,1730.0,1153,5226,
24.4.2026,13:53:37.352,43.0,43.0,29.000,29.668,1755.0,1730.0,1153,5226,
24.4.2026,13:53:37.557,43.0,43.0,29.000,29.603,1757.0,1730.0,1153,5226,
24.4.2026,13:53:37.765,42.0,44.0,29.000,29.476,298.0,1730.0,1153,5226,
24.4.2026,13:53:37.968,42.0,43.0,29.000,29.383,296.0,1730.0,1153,5226,
24.4.2026,13:53:38.175,43.0,43.0,29.000,29.550,297.0,1728.0,1153,5226,
24.4.2026,13:53:38.377,43.0,43.0,29.000,29.541,300.0,1728.0,1153,5226,
24.4.2026,13:53:38.583,43.0,43.0,28.000,29.443,257.0,1730.0,1153,5226,
24.4.2026,13:53:38.790,43.0,44.0,29.000,29.345,1752.0,1730.0,1153,5226,
24.4.2026,13:53:38.992,43.0,44.0,29.000,29.565,1756.0,1730.0,1153,5226,
24.4.2026,13:53:39.196,43.0,43.0,29.000,29.453,1756.0,1728.0,1153,5226,
24.4.2026,13:53:39.401,42.0,43.0,29.000,29.546,1757.0,1728.0,1153,5226,
24.4.2026,13:53:39.609,42.0,43.0,29.000,29.440,1757.0,1730.0,1153,5226,
24.4.2026,13:53:39.814,43.0,43.0,29.000,29.537,1757.0,1730.0,1153,5226,
24.4.2026,13:53:40.018,43.0,44.0,29.000,29.740,1735.0,1730.0,1153,5226,
24.4.2026,13:53:40.220,42.0,43.0,29.000,29.551,1757.0,1730.0,1153,5226,
24.4.2026,13:53:40.424,42.0,43.0,29.000,29.482,278.0,1728.0,1153,5226,
24.4.2026,13:53:40.627,42.0,44.0,29.000,29.760,295.0,1728.0,1153,5226,
24.4.2026,13:53:40.816,43.0,44.0,29.000,29.804,1757.0,1730.0,1153,5226,
24.4.2026,13:53:41.023,43.0,43.0,29.000,29.533,1720.0,1728.0,1153,5226,
24.4.2026,13:53:41.225,42.0,43.0,29.000,29.660,1749.0,1730.0,1153,5226,
24.4.2026,13:53:41.431,43.0,44.0,28.000,29.201,227.0,1728.0,1153,5226,
24.4.2026,13:53:41.633,43.0,44.0,29.000,29.362,272.0,1728.0,1153,5226,
24.4.2026,13:53:41.841,43.0,43.0,29.000,29.526,298.0,1730.0,1153,5226,
24.4.2026,13:53:42.048,42.0,43.0,29.000,29.647,297.0,1730.0,1153,5226,
24.4.2026,13:53:42.254,43.0,44.0,29.000,29.490,293.0,1730.0,1153,5226,
24.4.2026,13:53:42.456,42.0,43.0,29.000,29.304,1756.0,1730.0,1153,5226,
24.4.2026,13:53:42.658,42.0,43.0,29.000,29.648,1757.0,1730.0,1153,5226,
24.4.2026,13:53:42.863,43.0,44.0,29.000,29.691,1758.0,1730.0,1153,5226,
24.4.2026,13:53:43.052,43.0,44.0,29.000,29.805,1758.0,1730.0,1153,5226,
24.4.2026,13:53:43.271,43.0,44.0,29.000,29.868,1757.0,1728.0,1153,5226,
24.4.2026,13:53:43.458,43.0,44.0,29.000,29.867,1757.0,1728.0,1153,5226,
24.4.2026,13:53:43.660,43.0,43.0,30.000,30.044,1757.0,1730.0,1153,5226,
24.4.2026,13:53:43.863,43.0,44.0,29.000,29.984,1757.0,1730.0,1153,5226,
24.4.2026,13:53:44.069,42.0,44.0,29.000,29.738,1757.0,1730.0,1153,5226,
24.4.2026,13:53:44.278,43.0,44.0,29.000,29.345,1757.0,1730.0,1153,5226,
24.4.2026,13:53:44.479,43.0,43.0,29.000,29.188,293.0,1728.0,1153,5226,
24.4.2026,13:53:44.680,43.0,43.0,29.000,29.299,295.0,1728.0,1153,5226,
24.4.2026,13:53:44.884,43.0,44.0,29.000,29.292,1756.0,1730.0,1153,5226,
24.4.2026,13:53:45.090,43.0,44.0,29.000,28.997,1757.0,1728.0,1153,5226,
24.4.2026,13:53:45.300,43.0,44.0,29.000,29.286,1757.0,1730.0,1153,5226,
24.4.2026,13:53:45.495,43.0,44.0,29.000,29.324,1757.0,1728.0,1153,5226,
24.4.2026,13:53:45.696,43.0,44.0,29.000,29.228,275.0,1730.0,1153,5226,
24.4.2026,13:53:45.901,43.0,44.0,29.000,29.176,1746.0,1728.0,1153,5226,
24.4.2026,13:53:46.106,43.0,44.0,29.000,29.090,1756.0,1730.0,1153,5226,
24.4.2026,13:53:46.314,43.0,44.0,29.000,29.140,1757.0,1730.0,1153,5226,
24.4.2026,13:53:46.514,43.0,43.0,29.000,29.014,1758.0,1728.0,1153,5226,
24.4.2026,13:53:46.715,43.0,44.0,28.000,29.306,275.0,1728.0,1153,5226,
24.4.2026,13:53:46.917,42.0,44.0,29.000,29.258,1747.0,1730.0,1153,5226,
24.4.2026,13:53:47.126,43.0,44.0,29.000,29.450,1756.0,1730.0,1153,5226,
24.4.2026,13:53:47.337,43.0,44.0,29.000,29.312,1758.0,1728.0,1153,5226,
24.4.2026,13:53:47.539,42.0,44.0,28.000,29.026,1758.0,1728.0,1153,5226,
24.4.2026,13:53:47.741,43.0,44.0,29.000,29.121,296.0,1728.0,1153,5226,
24.4.2026,13:53:47.946,43.0,44.0,29.000,29.275,1744.0,1730.0,1153,5226,
24.4.2026,13:53:48.147,43.0,44.0,28.000,29.482,266.0,1730.0,1153,5226,
24.4.2026,13:53:48.353,43.0,44.0,29.000,29.365,299.0,1730.0,1153,5226,
24.4.2026,13:53:48.554,43.0,44.0,29.000,29.363,1757.0,1728.0,1153,5226,
24.4.2026,13:53:48.762,43.0,44.0,29.000,29.426,302.0,1730.0,1153,5226,
24.4.2026,13:53:48.964,43.0,44.0,29.000,29.554,1758.0,1728.0,1153,5226,
24.4.2026,13:53:49.172,43.0,44.0,29.000,29.606,245.0,1730.0,1153,5226,
24.4.2026,13:53:49.379,43.0,44.0,30.000,29.576,1756.0,1730.0,1153,5226,
24.4.2026,13:53:49.583,43.0,44.0,29.000,29.820,296.0,1728.0,1153,5226,
24.4.2026,13:53:49.787,43.0,44.0,29.000,29.470,1757.0,1730.0,1153,5226,
24.4.2026,13:53:49.993,43.0,44.0,29.000,29.449,279.0,1730.0,1153,5226,
24.4.2026,13:53:50.196,43.0,44.0,28.000,29.381,301.0,1730.0,1153,5226,
24.4.2026,13:53:50.400,43.0,44.0,29.000,29.336,1754.0,1728.0,1153,5226,
24.4.2026,13:53:50.603,43.0,44.0,29.000,29.422,1757.0,1728.0,1153,5226,
24.4.2026,13:53:50.807,43.0,44.0,29.000,29.758,1757.0,1730.0,1153,5226,
24.4.2026,13:53:51.011,43.0,44.0,29.000,29.367,1757.0,1730.0,1153,5226,
24.4.2026,13:53:51.211,43.0,44.0,29.000,29.062,1757.0,1730.0,1153,5226,
24.4.2026,13:53:51.416,43.0,44.0,29.000,29.496,292.0,1730.0,1153,5226,
24.4.2026,13:53:51.623,43.0,45.0,29.000,29.202,1750.0,1728.0,1153,5226,
24.4.2026,13:53:51.831,43.0,44.0,29.000,29.078,299.0,1730.0,1153,5226,
24.4.2026,13:53:52.034,43.0,44.0,29.000,29.108,1758.0,1728.0,1153,5226,
24.4.2026,13:53:52.227,43.0,44.0,28.000,29.280,278.0,1730.0,1153,5226,
24.4.2026,13:53:52.434,43.0,44.0,29.000,29.309,1758.0,1730.0,1153,5226,
24.4.2026,13:53:52.637,43.0,44.0,29.000,29.073,1758.0,1730.0,1153,5226,
24.4.2026,13:53:52.844,44.0,44.0,29.000,29.187,1719.0,1730.0,1153,5226,
24.4.2026,13:53:53.048,44.0,44.0,29.000,29.372,1749.0,1730.0,1153,5226,
24.4.2026,13:53:53.251,43.0,44.0,29.000,29.212,267.0,1730.0,1153,5226,
24.4.2026,13:53:53.454,43.0,44.0,29.000,29.206,1746.0,1730.0,1153,5226,
24.4.2026,13:53:53.658,43.0,44.0,29.000,29.312,306.0,1730.0,1153,5226,
24.4.2026,13:53:53.871,43.0,44.0,29.000,29.466,303.0,1730.0,1153,5226,
24.4.2026,13:53:54.076,43.0,44.0,29.000,29.485,289.0,1730.0,1153,5226,
24.4.2026,13:53:54.279,44.0,44.0,29.000,29.460,1757.0,1730.0,1153,5226,
24.4.2026,13:53:54.482,43.0,44.0,29.000,29.383,1757.0,1730.0,1153,5226,
24.4.2026,13:53:54.684,43.0,44.0,29.000,29.737,1757.0,1730.0,1153,5226,
24.4.2026,13:53:54.891,43.0,44.0,29.000,29.880,1757.0,1730.0,1153,5226,
24.4.2026,13:53:55.094,43.0,44.0,29.000,29.822,1756.0,1728.0,1153,5226,
24.4.2026,13:53:55.296,43.0,44.0,30.000,29.892,1757.0,1728.0,1153,5226,
24.4.2026,13:53:55.496,43.0,44.0,30.000,29.892,1757.0,1728.0,1153,5226,
24.4.2026,13:53:55.701,43.0,44.0,29.000,29.941,1757.0,1730.0,1153,5226,
24.4.2026,13:53:55.906,43.0,44.0,29.000,29.551,1757.0,1728.0,1153,5226,
24.4.2026,13:53:56.108,43.0,44.0,29.000,29.652,1757.0,1730.0,1153,5226,
24.4.2026,13:53:56.309,43.0,43.0,30.000,29.788,1757.0,1730.0,1153,5226,
24.4.2026,13:53:56.510,43.0,44.0,29.000,29.451,272.0,1730.0,1153,5226,
24.4.2026,13:53:56.715,44.0,44.0,29.000,29.425,280.0,1730.0,1153,5226,
24.4.2026,13:53:56.917,43.0,44.0,29.000,29.403,286.0,1730.0,1153,5226,
24.4.2026,13:53:57.120,43.0,44.0,29.000,29.270,278.0,1730.0,1153,5226,
24.4.2026,13:53:57.325,43.0,44.0,29.000,29.399,1752.0,1730.0,1153,5226,
24.4.2026,13:53:57.528,43.0,44.0,29.000,29.798,1757.0,1730.0,1153,5226,
24.4.2026,13:53:57.730,43.0,44.0,29.000,29.457,303.0,1730.0,1153,5226,
24.4.2026,13:53:57.936,44.0,44.0,28.000,29.417,274.0,1730.0,1153,5226,
24.4.2026,13:53:58.142,43.0,44.0,29.000,29.394,1757.0,1728.0,1153,5226,
24.4.2026,13:53:58.333,43.0,44.0,29.000,29.479,293.0,1730.0,1153,5226,
24.4.2026,13:53:58.549,43.0,45.0,29.000,29.547,1754.0,1728.0,1153,5226,
24.4.2026,13:53:58.741,43.0,44.0,30.000,29.713,1757.0,1728.0,1153,5226,
24.4.2026,13:53:58.947,43.0,44.0,29.000,29.825,1758.0,1728.0,1153,5226,
24.4.2026,13:53:59.150,43.0,44.0,29.000,29.865,1748.0,1730.0,1153,5226,
24.4.2026,13:53:59.358,43.0,44.0,29.000,29.859,273.0,1730.0,1153,5226,
24.4.2026,13:53:59.564,43.0,44.0,29.000,29.677,309.0,1730.0,1153,5226,
24.4.2026,13:53:59.767,43.0,44.0,29.000,29.831,288.0,1730.0,1153,5226,
24.4.2026,13:53:59.959,43.0,44.0,29.000,29.632,1757.0,1730.0,1153,5226,
24.4.2026,13:54:0.165,43.0,44.0,29.000,29.537,1748.0,1730.0,1153,5226,
24.4.2026,13:54:0.369,43.0,44.0,29.000,29.641,267.0,1730.0,1153,5226,
24.4.2026,13:54:0.576,43.0,44.0,29.000,29.748,1756.0,1730.0,1153,5226,
24.4.2026,13:54:0.781,43.0,44.0,29.000,29.800,279.0,1730.0,1153,5226,
24.4.2026,13:54:0.990,43.0,44.0,29.000,29.817,291.0,1728.0,1153,5226,
24.4.2026,13:54:1.186,43.0,45.0,29.000,29.827,1738.0,1730.0,1153,5226,
24.4.2026,13:54:1.383,43.0,44.0,30.000,29.899,1755.0,1730.0,1153,5226,
24.4.2026,13:54:1.592,43.0,44.0,29.000,29.933,1757.0,1728.0,1153,5226,
24.4.2026,13:54:1.795,43.0,44.0,29.000,29.613,1756.0,1728.0,1153,5226,
24.4.2026,13:54:2.012,43.0,44.0,29.000,29.795,1711.0,1730.0,1153,5226,
24.4.2026,13:54:2.190,44.0,44.0,29.000,29.584,306.0,1730.0,1153,5226,
24.4.2026,13:54:2.410,43.0,44.0,29.000,29.549,1757.0,1728.0,1153,5226,
24.4.2026,13:54:2.616,44.0,45.0,30.000,29.539,1757.0,1730.0,1153,5226,
24.4.2026,13:54:2.826,43.0,45.0,29.000,29.575,1757.0,1730.0,1153,5226,
24.4.2026,13:54:3.037,44.0,45.0,29.000,29.620,1758.0,1728.0,1153,5226,
24.4.2026,13:54:3.228,43.0,45.0,29.000,29.542,1735.0,1728.0,1153,5226,
24.4.2026,13:54:3.433,44.0,45.0,29.000,29.550,300.0,1730.0,1153,5226,
24.4.2026,13:54:3.640,43.0,44.0,30.000,29.667,1755.0,1730.0,1153,5226,
24.4.2026,13:54:3.847,43.0,44.0,29.000,29.595,1757.0,1730.0,1153,5226,
24.4.2026,13:54:4.064,44.0,44.0,29.000,29.478,1757.0,1730.0,1153,5226,
24.4.2026,13:54:4.268,43.0,44.0,29.000,29.524,1758.0,1730.0,1153,5226,
24.4.2026,13:54:4.457,43.0,44.0,29.000,29.313,1728.0,1730.0,1153,5226,
24.4.2026,13:54:4.666,43.0,44.0,29.000,29.384,1755.0,1730.0,1153,5226,
24.4.2026,13:54:4.869,43.0,44.0,29.000,29.507,1757.0,1728.0,1153,5226,
24.4.2026,13:54:5.075,43.0,45.0,29.000,29.542,1757.0,1730.0,1153,5226,
24.4.2026,13:54:5.289,43.0,45.0,29.000,29.826,281.0,1728.0,1153,5226,
24.4.2026,13:54:5.486,43.0,44.0,30.000,29.922,1750.0,1730.0,1153,5226,
24.4.2026,13:54:5.688,44.0,44.0,29.000,29.743,1757.0,1730.0,1153,5226,
24.4.2026,13:54:5.904,43.0,44.0,29.000,29.690,1757.0,1730.0,1153,5226,
24.4.2026,13:54:6.085,44.0,44.0,30.000,29.803,1757.0,1730.0,1153,5226,
24.4.2026,13:54:6.289,43.0,44.0,30.000,29.866,1752.0,1730.0,1153,5226,
24.4.2026,13:54:6.499,43.0,44.0,29.000,29.560,1757.0,1730.0,1153,5226,
24.4.2026,13:54:6.704,43.0,45.0,29.000,29.573,1757.0,1730.0,1153,5226,
24.4.2026,13:54:6.908,44.0,44.0,29.000,29.962,1758.0,1728.0,1153,5226,
24.4.2026,13:54:7.111,43.0,44.0,30.000,30.024,1757.0,1730.0,1153,5226,
24.4.2026,13:54:7.315,43.0,44.0,30.000,30.187,1757.0,1730.0,1153,5226,
24.4.2026,13:54:7.504,43.0,44.0,30.000,30.207,1757.0,1728.0,1153,5226,
24.4.2026,13:54:7.712,44.0,44.0,30.000,30.128,1757.0,1730.0,1153,5226,
24.4.2026,13:54:7.914,43.0,45.0,30.000,30.160,1757.0,1730.0,1153,5226,
24.4.2026,13:54:8.117,44.0,45.0,29.000,30.046,288.0,1730.0,1153,5226,
24.4.2026,13:54:8.319,43.0,45.0,30.000,29.762,1758.0,1730.0,1153,5226,
24.4.2026,13:54:8.523,44.0,45.0,29.000,29.807,302.0,1728.0,1153,5226,
24.4.2026,13:54:8.729,44.0,45.0,29.000,29.693,1751.0,1728.0,1153,5226,
24.4.2026,13:54:8.937,43.0,45.0,29.000,29.488,296.0,1730.0,1153,5226,
24.4.2026,13:54:9.141,43.0,45.0,29.000,29.285,1757.0,1730.0,1153,5226,
24.4.2026,13:54:9.341,44.0,45.0,29.000,28.972,1757.0,1730.0,1153,5226,
24.4.2026,13:54:9.543,44.0,45.0,28.000,29.244,281.0,1730.0,1153,5226,
24.4.2026,13:54:9.752,43.0,44.0,29.000,29.242,1751.0,1728.0,1153,5226,
24.4.2026,13:54:9.959,43.0,44.0,29.000,29.540,1756.0,1730.0,1153,5226,
24.4.2026,13:54:10.161,43.0,44.0,29.000,29.619,1757.0,1730.0,1153,5226,
24.4.2026,13:54:10.365,43.0,44.0,29.000,29.617,1757.0,1730.0,1153,5226,
24.4.2026,13:54:10.569,44.0,45.0,29.000,29.432,1757.0,1728.0,1153,5226,
24.4.2026,13:54:10.775,43.0,44.0,29.000,29.510,1743.0,1728.0,1153,5226,
24.4.2026,13:54:10.982,44.0,45.0,30.000,29.811,1756.0,1730.0,1153,5226,
24.4.2026,13:54:11.186,44.0,45.0,29.000,29.748,276.0,1728.0,1153,5226,
24.4.2026,13:54:11.396,44.0,44.0,29.000,29.651,1757.0,1730.0,1153,5226,
24.4.2026,13:54:11.603,44.0,44.0,29.000,29.687,291.0,1730.0,1153,5226,
24.4.2026,13:54:11.808,44.0,45.0,29.000,29.614,1740.0,1730.0,1153,5226,
24.4.2026,13:54:12.016,43.0,45.0,29.000,29.530,1752.0,1730.0,1153,5226,
24.4.2026,13:54:12.220,43.0,45.0,29.000,29.572,1758.0,1730.0,1153,5226,
24.4.2026,13:54:12.425,44.0,45.0,29.000,29.562,1757.0,1730.0,1153,5226,
24.4.2026,13:54:12.636,44.0,44.0,28.000,29.590,276.0,1730.0,1153,5226,
24.4.2026,13:54:12.838,44.0,45.0,29.000,29.304,1756.0,1730.0,1153,5226,
24.4.2026,13:54:13.039,43.0,45.0,29.000,29.487,295.0,1730.0,1153,5226,
24.4.2026,13:54:13.239,44.0,44.0,29.000,29.434,1752.0,1730.0,1153,5226,
24.4.2026,13:54:13.446,43.0,44.0,29.000,29.485,298.0,1728.0,1153,5226,
24.4.2026,13:54:13.653,44.0,44.0,29.000,29.661,1757.0,1730.0,1153,5226,
24.4.2026,13:54:13.857,44.0,44.0,29.000,29.503,281.0,1728.0,1153,5226,
24.4.2026,13:54:14.061,44.0,45.0,29.000,29.407,273.0,1728.0,1153,5226,
24.4.2026,13:54:14.265,43.0,45.0,29.000,29.433,1750.0,1730.0,1153,5226,
24.4.2026,13:54:14.470,44.0,45.0,29.000,29.305,1757.0,1730.0,1153,5226,
24.4.2026,13:54:14.664,43.0,45.0,29.000,29.329,1757.0,1728.0,1153,5226,
24.4.2026,13:54:14.868,44.0,45.0,29.000,29.346,1757.0,1730.0,1153,5226,
24.4.2026,13:54:15.074,44.0,45.0,29.000,29.291,1748.0,1730.0,1153,5226,
24.4.2026,13:54:15.281,44.0,45.0,29.000,29.369,1757.0,1730.0,1153,5226,
24.4.2026,13:54:15.480,43.0,45.0,29.000,29.431,1756.0,1730.0,1153,5226,
24.4.2026,13:54:15.684,44.0,45.0,29.000,29.418,1758.0,1730.0,1153,5226,
24.4.2026,13:54:15.892,44.0,44.0,29.000,29.494,280.0,1730.0,1153,5226,
24.4.2026,13:54:16.097,43.0,45.0,29.000,29.280,1750.0,1730.0,1153,5226,
24.4.2026,13:54:16.317,44.0,45.0,28.000,28.769,272.0,1730.0,1153,5226,
24.4.2026,13:54:16.535,44.0,45.0,29.000,29.298,291.0,1728.0,1153,5226,
24.4.2026,13:54:16.736,44.0,44.0,29.000,29.084,1756.0,1730.0,1153,5226,
24.4.2026,13:54:16.925,44.0,45.0,28.000,28.979,302.0,1728.0,1153,5226,
24.4.2026,13:54:17.144,44.0,45.0,29.000,29.292,1758.0,1730.0,1153,5226,
24.4.2026,13:54:17.349,44.0,45.0,29.000,29.324,1758.0,1728.0,1153,5226,
24.4.2026,13:54:17.552,43.0,45.0,29.000,29.365,292.0,1728.0,1153,5226,
24.4.2026,13:54:17.769,44.0,45.0,29.000,29.245,1749.0,1730.0,1153,5226,
24.4.2026,13:54:17.978,44.0,45.0,29.000,29.130,1757.0,1730.0,1153,5226,
24.4.2026,13:54:18.181,44.0,45.0,29.000,29.108,1757.0,1728.0,1153,5226,
24.4.2026,13:54:18.385,44.0,45.0,28.000,29.023,302.0,1730.0,1153,5226,
24.4.2026,13:54:18.588,44.0,45.0,29.000,29.198,1757.0,1730.0,1153,5226,
24.4.2026,13:54:18.791,44.0,45.0,29.000,29.469,1758.0,1730.0,1153,5226,
24.4.2026,13:54:18.993,44.0,45.0,29.000,29.530,1757.0,1728.0,1153,5226,
24.4.2026,13:54:19.194,44.0,45.0,29.000,29.564,1757.0,1728.0,1153,5226,
24.4.2026,13:54:19.400,44.0,45.0,29.000,29.702,1757.0,1728.0,1153,5226,
24.4.2026,13:54:19.604,44.0,45.0,30.000,29.912,1757.0,1728.0,1153,5226,
24.4.2026,13:54:19.807,44.0,45.0,29.000,29.858,1757.0,1730.0,1153,5226,
24.4.2026,13:54:20.011,44.0,45.0,29.000,29.752,1757.0,1730.0,1153,5226,
24.4.2026,13:54:20.213,44.0,45.0,29.000,29.403,298.0,1728.0,1153,5226,
24.4.2026,13:54:20.411,45.0,45.0,28.000,29.172,1732.0,1730.0,1153,5226,
24.4.2026,13:54:20.629,44.0,45.0,28.000,28.975,1755.0,1730.0,1153,5226,
24.4.2026,13:54:20.832,44.0,45.0,29.000,29.052,1757.0,1730.0,1153,5226,
24.4.2026,13:54:21.037,44.0,45.0,29.000,29.368,1756.0,1730.0,1153,5226,
24.4.2026,13:54:21.242,44.0,45.0,29.000,29.501,285.0,1728.0,1153,5226,
24.4.2026,13:54:21.446,44.0,45.0,29.000,29.479,1757.0,1730.0,1153,5226,
24.4.2026,13:54:21.647,44.0,45.0,29.000,29.157,1757.0,1730.0,1153,5226,
24.4.2026,13:54:21.876,44.0,45.0,29.000,29.455,1757.0,1728.0,1153,5226,
24.4.2026,13:54:22.056,44.0,45.0,29.000,29.220,279.0,1730.0,1153,5226,
24.4.2026,13:54:22.254,44.0,45.0,28.000,29.215,284.0,1730.0,1153,5226,
24.4.2026,13:54:22.457,44.0,45.0,29.000,29.217,1757.0,1728.0,1153,5226,
24.4.2026,13:54:22.661,44.0,45.0,28.000,29.016,269.0,1728.0,1153,5226,
24.4.2026,13:54:22.863,43.0,45.0,28.000,29.020,305.0,1728.0,1153,5226,
24.4.2026,13:54:23.068,44.0,45.0,28.000,28.515,1756.0,1730.0,1153,5226,
24.4.2026,13:54:23.271,44.0,45.0,28.000,28.576,282.0,1730.0,1153,5226,
24.4.2026,13:54:23.473,44.0,45.0,29.000,28.784,1756.0,1728.0,1153,5226,
24.4.2026,13:54:23.681,44.0,45.0,28.000,28.898,1756.0,1728.0,1153,5226,
24.4.2026,13:54:23.887,44.0,45.0,29.000,28.945,1756.0,1730.0,1153,5226,
24.4.2026,13:54:24.086,44.0,45.0,28.000,29.039,286.0,1730.0,1153,5226,
24.4.2026,13:54:24.286,44.0,45.0,29.000,28.905,1748.0,1728.0,1153,5226,
24.4.2026,13:54:24.491,44.0,45.0,29.000,29.237,1756.0,1730.0,1153,5226,
24.4.2026,13:54:24.697,44.0,45.0,29.000,29.150,1757.0,1730.0,1153,5226,
24.4.2026,13:54:24.899,44.0,45.0,28.000,29.036,304.0,1728.0,1153,5226,
24.4.2026,13:54:25.103,44.0,45.0,28.000,28.824,1757.0,1730.0,1153,5226,
24.4.2026,13:54:25.312,44.0,45.0,28.000,29.148,287.0,1730.0,1153,5226,
24.4.2026,13:54:25.510,44.0,45.0,29.000,28.959,1745.0,1730.0,1153,5226,
24.4.2026,13:54:25.714,44.0,45.0,29.000,29.110,297.0,1730.0,1153,5226,
24.4.2026,13:54:25.924,44.0,45.0,29.000,29.096,1756.0,1730.0,1153,5226,
24.4.2026,13:54:26.125,45.0,45.0,28.000,29.236,274.0,1730.0,1153,5226,
24.4.2026,13:54:26.330,44.0,45.0,29.000,29.216,306.0,1730.0,1153,5226,
24.4.2026,13:54:26.521,44.0,45.0,29.000,29.232,303.0,1730.0,1153,5226,
24.4.2026,13:54:26.736,44.0,45.0,28.000,29.336,268.0,1730.0,1153,5226,
24.4.2026,13:54:26.941,44.0,45.0,28.000,29.174,1755.0,1728.0,1153,5226,
24.4.2026,13:54:27.157,44.0,45.0,29.000,29.093,1758.0,1728.0,1153,5226,
24.4.2026,13:54:27.362,44.0,45.0,29.000,29.061,1757.0,1728.0,1153,5226,
24.4.2026,13:54:27.564,44.0,45.0,29.000,29.105,1757.0,1730.0,1153,5226,
24.4.2026,13:54:27.756,44.0,45.0,29.000,29.209,1756.0,1730.0,1153,5226,
24.4.2026,13:54:27.960,45.0,45.0,28.000,28.684,1757.0,1730.0,1153,5226,
24.4.2026,13:54:28.175,45.0,45.0,28.000,28.598,1757.0,1730.0,1153,5226,
24.4.2026,13:54:28.380,44.0,45.0,28.000,28.712,283.0,1730.0,1153,5226,
24.4.2026,13:54:28.586,44.0,45.0,29.000,28.681,1757.0,1730.0,1153,5226,
24.4.2026,13:54:28.788,45.0,45.0,28.000,28.847,292.0,1730.0,1153,5226,
24.4.2026,13:54:28.995,44.0,45.0,28.000,28.682,287.0,1728.0,1153,5226,
24.4.2026,13:54:29.198,44.0,45.0,29.000,28.945,1753.0,1728.0,1153,5226,
24.4.2026,13:54:29.402,44.0,45.0,29.000,28.835,1757.0,1728.0,1153,5226,
24.4.2026,13:54:29.607,44.0,45.0,29.000,29.038,292.0,1730.0,1153,5226,
24.4.2026,13:54:29.812,44.0,45.0,28.000,29.019,1757.0,1730.0,1153,5226,
24.4.2026,13:54:30.018,44.0,45.0,29.000,29.090,300.0,1730.0,1153,5226,
24.4.2026,13:54:30.220,44.0,45.0,28.000,29.186,264.0,1728.0,1153,5226,
24.4.2026,13:54:30.422,44.0,45.0,29.000,29.203,1747.0,1728.0,1153,5226,
24.4.2026,13:54:30.628,44.0,45.0,29.000,29.362,1757.0,1730.0,1153,5226,
24.4.2026,13:54:30.819,44.0,45.0,29.000,29.521,1757.0,1728.0,1153,5226,
24.4.2026,13:54:31.025,45.0,45.0,29.000,29.748,1757.0,1728.0,1153,5226,
24.4.2026,13:54:31.229,44.0,45.0,29.000,29.747,1758.0,1730.0,1153,5226,
24.4.2026,13:54:31.432,44.0,46.0,29.000,29.861,1757.0,1730.0,1153,5226,
24.4.2026,13:54:31.639,45.0,46.0,29.000,29.869,1757.0,1728.0,1153,5226,
24.4.2026,13:54:31.845,44.0,45.0,29.000,29.635,1757.0,1728.0,1153,5226,
24.4.2026,13:54:32.047,44.0,45.0,29.000,29.441,1757.0,1730.0,1153,5226,
24.4.2026,13:54:32.254,44.0,45.0,29.000,29.165,1757.0,1730.0,1153,5226,
24.4.2026,13:54:32.457,44.0,45.0,28.000,28.996,1757.0,1730.0,1153,5226,
24.4.2026,13:54:32.661,44.0,45.0,28.000,28.828,1728.0,1730.0,1153,5226,
24.4.2026,13:54:32.869,44.0,45.0,28.000,29.043,1756.0,1730.0,1153,5226,
24.4.2026,13:54:33.070,44.0,45.0,29.000,29.000,1757.0,1728.0,1153,5226,
24.4.2026,13:54:33.275,45.0,46.0,29.000,29.223,1757.0,1730.0,1153,5226,
24.4.2026,13:54:33.478,44.0,45.0,28.000,29.175,285.0,1728.0,1153,5226,
24.4.2026,13:54:33.682,44.0,45.0,29.000,29.022,1749.0,1728.0,1153,5226,
24.4.2026,13:54:33.888,44.0,45.0,29.000,29.031,1757.0,1728.0,1153,5226,
24.4.2026,13:54:34.093,45.0,45.0,29.000,28.974,1757.0,1730.0,1153,5226,
24.4.2026,13:54:34.299,45.0,45.0,29.000,29.361,1757.0,1730.0,1153,5226,
24.4.2026,13:54:34.503,44.0,45.0,28.000,29.167,1738.0,1730.0,1153,5226,
24.4.2026,13:54:34.697,44.0,45.0,28.000,29.040,269.0,1730.0,1153,5226,
24.4.2026,13:54:34.904,44.0,45.0,28.000,28.972,1757.0,1728.0,1153,5226,
24.4.2026,13:54:35.110,44.0,45.0,29.000,29.043,1757.0,1730.0,1153,5226,
24.4.2026,13:54:35.313,45.0,45.0,29.000,29.424,1722.0,1730.0,1153,5226,
24.4.2026,13:54:35.518,44.0,45.0,29.000,29.513,1752.0,1728.0,1153,5226,
24.4.2026,13:54:35.720,45.0,46.0,29.000,29.120,284.0,1730.0,1153,5226,
24.4.2026,13:54:35.920,45.0,45.0,28.000,29.152,303.0,1728.0,1153,5226,
24.4.2026,13:54:36.121,45.0,45.0,28.000,29.207,301.0,1730.0,1153,5226,
24.4.2026,13:54:36.326,45.0,45.0,29.000,29.214,1757.0,1728.0,1153,5226,
24.4.2026,13:54:36.535,44.0,45.0,28.000,29.381,242.0,1728.0,1153,5226,
24.4.2026,13:54:36.755,45.0,46.0,29.000,29.126,1756.0,1728.0,1153,5226,
24.4.2026,13:54:36.966,44.0,45.0,29.000,29.185,1757.0,1728.0,1153,5226,
24.4.2026,13:54:37.166,45.0,45.0,28.000,29.181,307.0,1728.0,1153,5226,
24.4.2026,13:54:37.369,44.0,45.0,28.000,29.013,1716.0,1730.0,1153,5226,
24.4.2026,13:54:37.582,45.0,45.0,29.000,28.779,1739.0,1730.0,1153,5226,
24.4.2026,13:54:37.773,45.0,45.0,28.000,29.022,290.0,1730.0,1153,5226,
24.4.2026,13:54:37.975,44.0,45.0,29.000,28.922,1756.0,1730.0,1153,5226,
24.4.2026,13:54:38.180,44.0,45.0,29.000,29.212,1757.0,1730.0,1153,5226,
24.4.2026,13:54:38.394,45.0,45.0,29.000,28.634,285.0,1730.0,1153,5226,
24.4.2026,13:54:38.594,45.0,45.0,28.000,29.273,300.0,1730.0,1153,5226,
24.4.2026,13:54:38.798,44.0,45.0,29.000,29.368,1721.0,1728.0,1153,5226,
24.4.2026,13:54:39.001,44.0,45.0,28.000,28.954,287.0,1728.0,1153,5226,
24.4.2026,13:54:39.207,44.0,45.0,29.000,29.119,1744.0,1730.0,1153,5226,
24.4.2026,13:54:39.400,44.0,45.0,29.000,29.159,297.0,1730.0,1153,5226,
24.4.2026,13:54:39.603,45.0,45.0,29.000,29.394,286.0,1728.0,1153,5226,
24.4.2026,13:54:39.804,45.0,45.0,29.000,29.318,1757.0,1730.0,1153,5226,
24.4.2026,13:54:40.011,44.0,45.0,29.000,29.314,1756.0,1728.0,1153,5226,
24.4.2026,13:54:40.208,45.0,45.0,29.000,29.419,1757.0,1730.0,1153,5226,
24.4.2026,13:54:40.415,45.0,45.0,29.000,29.009,1732.0,1730.0,1153,5226,
24.4.2026,13:54:40.620,44.0,45.0,28.000,29.053,243.0,1728.0,1153,5226,
24.4.2026,13:54:40.822,45.0,46.0,28.000,29.050,1756.0,1730.0,1153,5226,
24.4.2026,13:54:41.028,44.0,45.0,29.000,28.824,1757.0,1730.0,1153,5226,
24.4.2026,13:54:41.229,44.0,46.0,29.000,28.767,1757.0,1730.0,1153,5226,
24.4.2026,13:54:41.433,45.0,46.0,29.000,29.024,1757.0,1728.0,1153,5226,
24.4.2026,13:54:41.635,45.0,45.0,29.000,29.216,1757.0,1728.0,1153,5226,
24.4.2026,13:54:41.842,45.0,45.0,28.000,29.187,283.0,1728.0,1153,5226,
24.4.2026,13:54:42.047,44.0,45.0,29.000,29.084,1739.0,1730.0,1153,5226,
24.4.2026,13:54:42.249,45.0,45.0,28.000,29.251,300.0,1730.0,1153,5226,
24.4.2026,13:54:42.453,45.0,45.0,29.000,29.171,1757.0,1730.0,1153,5226,
24.4.2026,13:54:42.654,45.0,46.0,29.000,29.251,1757.0,1728.0,1153,5226,
24.4.2026,13:54:42.858,45.0,46.0,29.000,29.534,1757.0,1728.0,1153,5226,
24.4.2026,13:54:43.063,45.0,46.0,29.000,29.807,1757.0,1730.0,1153,5226,
24.4.2026,13:54:43.261,45.0,45.0,29.000,29.635,1757.0,1730.0,1153,5226,
24.4.2026,13:54:43.469,45.0,45.0,29.000,29.327,1758.0,1730.0,1153,5226,
24.4.2026,13:54:43.670,45.0,45.0,29.000,29.452,1758.0,1730.0,1153,5226,
24.4.2026,13:54:43.878,44.0,45.0,29.000,29.481,1757.0,1730.0,1153,5226,
24.4.2026,13:54:44.102,45.0,45.0,29.000,29.257,1757.0,1728.0,1153,5226,
24.4.2026,13:54:44.300,45.0,45.0,29.000,29.140,1757.0,1730.0,1153,5226,
24.4.2026,13:54:44.520,45.0,45.0,29.000,29.212,1731.0,1730.0,1153,5226,
24.4.2026,13:54:44.729,45.0,46.0,29.000,29.081,301.0,1730.0,1153,5226,
24.4.2026,13:54:44.931,45.0,45.0,29.000,29.078,1756.0,1728.0,1153,5226,
24.4.2026,13:54:45.138,44.0,45.0,29.000,28.967,1757.0,1730.0,1153,5226,
24.4.2026,13:54:45.341,45.0,46.0,29.000,29.075,1757.0,1730.0,1153,5226,
24.4.2026,13:54:45.540,45.0,45.0,28.000,29.146,1757.0,1730.0,1153,5226,
24.4.2026,13:54:45.744,45.0,45.0,28.000,29.105,285.0,1728.0,1153,5226,
24.4.2026,13:54:45.951,45.0,46.0,28.000,29.139,262.0,1730.0,1153,5226,
24.4.2026,13:54:46.144,45.0,45.0,29.000,29.065,1756.0,1730.0,1153,5226,
24.4.2026,13:54:46.353,44.0,45.0,29.000,29.302,1757.0,1730.0,1153,5226,
24.4.2026,13:54:46.559,45.0,45.0,29.000,29.112,304.0,1730.0,1153,5226,
24.4.2026,13:54:46.765,45.0,45.0,28.000,29.080,258.0,1730.0,1153,5226,
24.4.2026,13:54:46.969,44.0,45.0,29.000,29.017,1756.0,1730.0,1153,5226,
24.4.2026,13:54:47.174,44.0,46.0,29.000,29.375,1757.0,1730.0,1153,5226,
24.4.2026,13:54:47.375,45.0,46.0,28.000,29.165,305.0,1730.0,1153,5226,
24.4.2026,13:54:47.578,45.0,45.0,29.000,29.003,298.0,1730.0,1153,5226,
24.4.2026,13:54:47.783,45.0,45.0,29.000,29.520,275.0,1730.0,1153,5226,
24.4.2026,13:54:47.984,45.0,45.0,29.000,29.385,1755.0,1728.0,1153,5226,
24.4.2026,13:54:48.190,45.0,45.0,29.000,29.268,1757.0,1728.0,1153,5226,
24.4.2026,13:54:48.393,44.0,45.0,29.000,29.394,298.0,1730.0,1153,5226,
24.4.2026,13:54:48.598,45.0,45.0,29.000,29.423,1757.0,1728.0,1153,5226,
24.4.2026,13:54:48.788,45.0,46.0,28.000,29.021,271.0,1730.0,1153,5226,
24.4.2026,13:54:48.995,45.0,46.0,29.000,29.073,1754.0,1728.0,1153,5226,
24.4.2026,13:54:49.197,45.0,46.0,29.000,29.148,1757.0,1730.0,1153,5226,
24.4.2026,13:54:49.398,44.0,45.0,29.000,29.119,1757.0,1730.0,1153,5226,
24.4.2026,13:54:49.602,45.0,46.0,29.000,29.383,1757.0,1728.0,1153,5226,
24.4.2026,13:54:49.804,45.0,45.0,28.000,29.171,309.0,1730.0,1153,5226,
24.4.2026,13:54:50.010,45.0,46.0,29.000,29.125,1755.0,1730.0,1153,5226,
24.4.2026,13:54:50.223,45.0,46.0,29.000,29.212,1758.0,1728.0,1153,5226,
24.4.2026,13:54:50.441,45.0,45.0,29.000,29.190,1757.0,1730.0,1153,5226,
24.4.2026,13:54:50.659,45.0,46.0,29.000,29.426,1722.0,1730.0,1153,5226,
24.4.2026,13:54:50.851,44.0,45.0,29.000,29.359,275.0,1730.0,1153,5226,
24.4.2026,13:54:51.054,44.0,45.0,29.000,29.149,1757.0,1730.0,1153,5226,
24.4.2026,13:54:51.259,45.0,45.0,29.000,29.574,307.0,1728.0,1153,5226,
24.4.2026,13:54:51.466,45.0,45.0,29.000,29.710,1757.0,1730.0,1153,5226,
24.4.2026,13:54:51.670,45.0,46.0,29.000,29.638,1757.0,1728.0,1153,5226,
24.4.2026,13:54:51.878,45.0,46.0,28.000,29.407,259.0,1730.0,1153,5226,
24.4.2026,13:54:52.083,45.0,45.0,29.000,29.485,1756.0,1730.0,1153,5226,
24.4.2026,13:54:52.286,45.0,46.0,29.000,29.451,1756.0,1730.0,1153,5226,
24.4.2026,13:54:52.495,45.0,46.0,29.000,29.182,298.0,1730.0,1153,5226,
24.4.2026,13:54:52.699,45.0,45.0,29.000,29.269,1757.0,1730.0,1153,5226,
24.4.2026,13:54:52.904,45.0,46.0,29.000,29.338,279.0,1730.0,1153,5226,
24.4.2026,13:54:53.103,44.0,45.0,29.000,29.528,1747.0,1730.0,1153,5226,
24.4.2026,13:54:53.309,45.0,46.0,29.000,29.460,283.0,1730.0,1153,5226,
24.4.2026,13:54:53.514,45.0,46.0,29.000,29.565,286.0,1730.0,1153,5226,
24.4.2026,13:54:53.718,45.0,46.0,29.000,29.439,301.0,1730.0,1153,5226,
24.4.2026,13:54:53.924,45.0,45.0,29.000,29.365,310.0,1730.0,1153,5226,
24.4.2026,13:54:54.131,44.0,45.0,29.000,29.397,1757.0,1730.0,1153,5226,
24.4.2026,13:54:54.346,44.0,45.0,29.000,29.392,1758.0,1730.0,1153,5226,
24.4.2026,13:54:54.551,45.0,46.0,29.000,29.485,1757.0,1730.0,1153,5226,
24.4.2026,13:54:54.773,45.0,46.0,30.000,29.800,1757.0,1730.0,1153,5226,
24.4.2026,13:54:54.976,45.0,46.0,29.000,29.870,1757.0,1730.0,1153,5226,
24.4.2026,13:54:55.182,45.0,46.0,30.000,29.955,1756.0,1730.0,1153,5226,
24.4.2026,13:54:55.386,45.0,46.0,30.000,30.099,1756.0,1730.0,1153,5226,
24.4.2026,13:54:55.584,45.0,46.0,30.000,30.271,1757.0,1728.0,1153,5226,
24.4.2026,13:54:55.788,45.0,46.0,30.000,30.193,1757.0,1730.0,1153,5226,
24.4.2026,13:54:55.997,44.0,46.0,29.000,29.972,1751.0,1728.0,1153,5226,
24.4.2026,13:54:56.198,45.0,46.0,29.000,29.673,292.0,1730.0,1153,5226,
24.4.2026,13:54:56.399,45.0,46.0,29.000,29.507,1757.0,1730.0,1153,5226,
24.4.2026,13:54:56.602,45.0,46.0,29.000,29.265,310.0,1730.0,1153,5226,
24.4.2026,13:54:56.804,45.0,46.0,29.000,29.453,300.0,1730.0,1153,5226,
24.4.2026,13:54:57.006,44.0,45.0,29.000,29.349,1757.0,1728.0,1153,5226,
24.4.2026,13:54:57.213,45.0,46.0,29.000,29.551,295.0,1728.0,1153,5226,
24.4.2026,13:54:57.416,44.0,46.0,29.000,29.519,298.0,1730.0,1153,5226,
24.4.2026,13:54:57.619,45.0,46.0,29.000,29.545,288.0,1730.0,1153,5226,
24.4.2026,13:54:57.825,45.0,46.0,29.000,29.226,1757.0,1730.0,1153,5226,
24.4.2026,13:54:58.028,45.0,46.0,28.000,29.411,263.0,1730.0,1153,5226,
24.4.2026,13:54:58.236,45.0,46.0,29.000,29.438,1757.0,1728.0,1153,5226,
24.4.2026,13:54:58.442,45.0,46.0,29.000,29.406,304.0,1728.0,1153,5226,
24.4.2026,13:54:58.650,45.0,46.0,28.000,29.251,1758.0,1730.0,1153,5226,
24.4.2026,13:54:58.858,45.0,46.0,29.000,29.066,1757.0,1730.0,1153,5226,
24.4.2026,13:54:59.065,45.0,46.0,29.000,29.518,1750.0,1730.0,1153,5226,
24.4.2026,13:54:59.270,44.0,46.0,29.000,29.429,297.0,1728.0,1153,5226,
24.4.2026,13:54:59.461,45.0,46.0,29.000,29.362,1756.0,1730.0,1153,5226,
24.4.2026,13:54:59.665,45.0,46.0,29.000,29.437,1757.0,1730.0,1153,5226,
24.4.2026,13:54:59.867,45.0,46.0,29.000,29.227,298.0,1730.0,1153,5226,
24.4.2026,13:55:0.069,45.0,45.0,29.000,29.532,279.0,1730.0,1153,5226,
24.4.2026,13:55:0.274,45.0,45.0,28.000,29.490,258.0,1730.0,1153,5226,
24.4.2026,13:55:0.479,45.0,46.0,29.000,29.485,1754.0,1730.0,1153,5226,
24.4.2026,13:55:0.680,45.0,46.0,29.000,29.584,1757.0,1730.0,1153,5226,
24.4.2026,13:55:0.882,45.0,45.0,29.000,29.654,1757.0,1730.0,1153,5226,
24.4.2026,13:55:1.085,45.0,46.0,29.000,29.653,294.0,1728.0,1153,5226,
24.4.2026,13:55:1.295,45.0,46.0,29.000,29.533,307.0,1728.0,1153,5226,
24.4.2026,13:55:1.496,45.0,46.0,29.000,29.626,1756.0,1730.0,1153,5226,
24.4.2026,13:55:1.701,45.0,46.0,29.000,29.290,1757.0,1730.0,1153,5226,
24.4.2026,13:55:1.901,45.0,45.0,29.000,29.404,1757.0,1730.0,1153,5226,
24.4.2026,13:55:2.110,44.0,46.0,29.000,29.675,1720.0,1730.0,1153,5226,
24.4.2026,13:55:2.318,45.0,46.0,29.000,29.588,1756.0,1730.0,1153,5226,
24.4.2026,13:55:2.524,45.0,46.0,29.000,29.538,1757.0,1730.0,1153,5226,
24.4.2026,13:55:2.730,45.0,46.0,29.000,29.331,1757.0,1730.0,1153,5226,
24.4.2026,13:55:2.931,45.0,46.0,29.000,29.488,256.0,1730.0,1153,5226,
24.4.2026,13:55:3.134,45.0,45.0,29.000,29.425,276.0,1730.0,1153,5226,
24.4.2026,13:55:3.340,45.0,46.0,29.000,29.465,315.0,1730.0,1153,5226,
24.4.2026,13:55:3.543,45.0,46.0,29.000,29.402,1757.0,1730.0,1153,5226,
24.4.2026,13:55:3.748,45.0,46.0,29.000,29.364,1758.0,1730.0,1153,5226,
24.4.2026,13:55:3.956,45.0,46.0,29.000,29.468,1757.0,1730.0,1153,5226,
24.4.2026,13:55:4.163,45.0,46.0,29.000,29.606,1745.0,1730.0,1153,5226,
24.4.2026,13:55:4.361,45.0,46.0,29.000,29.780,1756.0,1730.0,1153,5226,
24.4.2026,13:55:4.565,45.0,46.0,30.000,29.534,1757.0,1730.0,1153,5226,
24.4.2026,13:55:4.757,45.0,46.0,29.000,29.607,1758.0,1728.0,1153,5226,
24.4.2026,13:55:4.960,46.0,46.0,28.000,29.312,274.0,1730.0,1153,5226,
24.4.2026,13:55:5.161,45.0,46.0,29.000,29.384,300.0,1728.0,1153,5226,
24.4.2026,13:55:5.368,45.0,46.0,29.000,29.480,1756.0,1730.0,1153,5226,
24.4.2026,13:55:5.581,45.0,46.0,29.000,29.273,1757.0,1730.0,1153,5226,
24.4.2026,13:55:5.771,45.0,46.0,29.000,29.523,1758.0,1730.0,1153,5226,
24.4.2026,13:55:5.979,45.0,46.0,28.000,29.337,275.0,1728.0,1153,5226,
24.4.2026,13:55:6.182,45.0,46.0,28.000,29.282,1758.0,1728.0,1153,5226,
24.4.2026,13:55:6.386,45.0,46.0,29.000,29.453,1758.0,1730.0,1153,5226,
24.4.2026,13:55:6.591,45.0,46.0,29.000,29.786,1757.0,1728.0,1153,5226,
24.4.2026,13:55:6.794,45.0,46.0,29.000,29.644,1757.0,1730.0,1153,5226,
24.4.2026,13:55:6.999,45.0,46.0,29.000,29.722,1757.0,1728.0,1153,5226,
24.4.2026,13:55:7.201,45.0,46.0,29.000,29.803,1756.0,1730.0,1153,5226,
24.4.2026,13:55:7.408,45.0,46.0,30.000,29.965,1757.0,1728.0,1153,5226,
24.4.2026,13:55:7.610,45.0,46.0,30.000,29.977,1757.0,1728.0,1153,5226,
24.4.2026,13:55:7.816,45.0,46.0,29.000,29.908,1754.0,1730.0,1153,5226,
24.4.2026,13:55:8.024,45.0,46.0,29.000,29.341,1756.0,1730.0,1153,5226,
24.4.2026,13:55:8.234,45.0,46.0,29.000,29.373,277.0,1730.0,1153,5226,
24.4.2026,13:55:8.434,45.0,46.0,29.000,28.856,1756.0,1730.0,1153,5226,
24.4.2026,13:55:8.637,45.0,46.0,29.000,29.316,1756.0,1730.0,1153,5226,
24.4.2026,13:55:8.841,45.0,46.0,29.000,29.183,310.0,1730.0,1153,5226,
24.4.2026,13:55:9.047,45.0,46.0,29.000,29.393,1757.0,1730.0,1153,5226,
24.4.2026,13:55:9.251,45.0,46.0,28.000,29.462,265.0,1730.0,1153,5226,
24.4.2026,13:55:9.451,45.0,46.0,29.000,29.210,1752.0,1730.0,1153,5226,
24.4.2026,13:55:9.658,45.0,47.0,28.000,29.509,286.0,1730.0,1153,5226,
24.4.2026,13:55:9.848,45.0,47.0,28.000,29.509,286.0,1730.0,1153,5226,
24.4.2026,13:55:10.060,45.0,46.0,29.000,29.362,1757.0,1728.0,1153,5226,
24.4.2026,13:55:10.264,45.0,46.0,29.000,29.455,1738.0,1728.0,1153,5226,
24.4.2026,13:55:10.472,45.0,47.0,29.000,29.350,1757.0,1730.0,1153,5226,
24.4.2026,13:55:10.662,45.0,46.0,29.000,29.347,286.0,1728.0,1153,5226,
24.4.2026,13:55:10.868,45.0,46.0,29.000,29.252,281.0,1730.0,1153,5226,
24.4.2026,13:55:11.070,45.0,46.0,29.000,29.160,1757.0,1730.0,1153,5226,
24.4.2026,13:55:11.277,45.0,46.0,29.000,29.258,289.0,1728.0,1153,5226,
24.4.2026,13:55:11.482,45.0,46.0,28.000,29.043,272.0,1730.0,1153,5226,
24.4.2026,13:55:11.690,45.0,46.0,29.000,29.343,288.0,1730.0,1153,5226,
24.4.2026,13:55:11.916,45.0,46.0,29.000,29.457,1757.0,1730.0,1153,5226,
24.4.2026,13:55:12.094,45.0,46.0,29.000,29.457,1757.0,1730.0,1153,5226,
24.4.2026,13:55:12.296,45.0,46.0,29.000,29.419,1757.0,1730.0,1153,5226,
24.4.2026,13:55:12.496,45.0,46.0,29.000,29.435,1758.0,1730.0,1153,5226,
24.4.2026,13:55:12.701,45.0,46.0,29.000,29.340,285.0,1728.0,1153,5226,
24.4.2026,13:55:12.930,45.0,46.0,29.000,29.229,266.0,1730.0,1153,5226,
24.4.2026,13:55:13.107,45.0,46.0,29.000,29.271,289.0,1730.0,1153,5226,
24.4.2026,13:55:13.304,46.0,47.0,29.000,29.379,296.0,1728.0,1153,5226,
24.4.2026,13:55:13.505,45.0,47.0,29.000,29.487,1757.0,1728.0,1153,5226,
24.4.2026,13:55:13.708,45.0,46.0,29.000,29.416,1757.0,1728.0,1153,5226,
24.4.2026,13:55:13.910,45.0,46.0,29.000,29.650,291.0,1728.0,1153,5226,
24.4.2026,13:55:14.127,45.0,46.0,29.000,29.604,241.0,1730.0,1153,5226,
24.4.2026,13:55:14.330,45.0,46.0,29.000,29.497,294.0,1730.0,1153,5226,
24.4.2026,13:55:14.535,45.0,46.0,29.000,29.593,307.0,1730.0,1153,5226,
24.4.2026,13:55:14.724,45.0,46.0,29.000,29.632,1757.0,1730.0,1153,5226,
24.4.2026,13:55:14.932,45.0,46.0,29.000,29.295,282.0,1728.0,1153,5226,
24.4.2026,13:55:15.134,45.0,46.0,30.000,29.269,1757.0,1730.0,1153,5226,
24.4.2026,13:55:15.337,45.0,46.0,30.000,29.873,1757.0,1728.0,1153,5226,
24.4.2026,13:55:15.551,46.0,47.0,29.000,29.643,293.0,1730.0,1153,5226,
24.4.2026,13:55:15.740,45.0,46.0,29.000,29.703,1756.0,1728.0,1153,5226,
24.4.2026,13:55:15.945,45.0,46.0,30.000,29.831,1756.0,1728.0,1153,5226,
24.4.2026,13:55:16.153,45.0,46.0,29.000,29.898,1757.0,1728.0,1153,5226,
24.4.2026,13:55:16.354,45.0,46.0,29.000,29.570,270.0,1730.0,1153,5226,
24.4.2026,13:55:16.557,45.0,46.0,30.000,29.709,1751.0,1728.0,1153,5226,
24.4.2026,13:55:16.759,46.0,47.0,29.000,29.727,1756.0,1730.0,1153,5226,
24.4.2026,13:55:16.960,45.0,46.0,29.000,29.686,306.0,1730.0,1153,5226,
24.4.2026,13:55:17.165,46.0,46.0,29.000,29.529,1757.0,1730.0,1153,5226,
24.4.2026,13:55:17.368,45.0,46.0,29.000,29.516,303.0,1728.0,1153,5226,
24.4.2026,13:55:17.567,45.0,46.0,29.000,29.527,1757.0,1730.0,1153,5226,
24.4.2026,13:55:17.783,45.0,46.0,29.000,29.705,1754.0,1730.0,1153,5226,
24.4.2026,13:55:17.993,45.0,46.0,29.000,29.713,303.0,1730.0,1153,5226,
24.4.2026,13:55:18.193,46.0,46.0,29.000,29.771,1757.0,1728.0,1153,5226,
24.4.2026,13:55:18.409,45.0,46.0,29.000,29.560,1757.0,1728.0,1153,5226,
24.4.2026,13:55:18.601,45.0,47.0,30.000,29.942,1756.0,1728.0,1153,5226,
24.4.2026,13:55:18.808,45.0,46.0,30.000,30.098,1757.0,1728.0,1153,5226,
24.4.2026,13:55:19.012,45.0,46.0,30.000,29.945,1757.0,1730.0,1153,5226,
24.4.2026,13:55:19.217,45.0,46.0,30.000,29.996,1756.0,1730.0,1153,5226,
24.4.2026,13:55:19.416,45.0,46.0,30.000,30.073,1757.0,1730.0,1153,5226,
24.4.2026,13:55:19.622,46.0,46.0,29.000,30.007,1757.0,1730.0,1153,5226,
24.4.2026,13:55:19.823,46.0,47.0,30.000,30.069,1757.0,1730.0,1153,5226,
24.4.2026,13:55:20.029,45.0,46.0,29.000,29.960,1757.0,1730.0,1153,5226,
24.4.2026,13:55:20.238,45.0,46.0,29.000,29.497,298.0,1730.0,1153,5226,
24.4.2026,13:55:20.439,45.0,46.0,29.000,29.591,1756.0,1728.0,1153,5226,
24.4.2026,13:55:20.642,45.0,46.0,30.000,29.464,1756.0,1730.0,1153,5226,
24.4.2026,13:55:20.845,45.0,46.0,29.000,29.580,1757.0,1728.0,1153,5226,
24.4.2026,13:55:21.051,45.0,46.0,29.000,29.451,1757.0,1730.0,1153,5226,
24.4.2026,13:55:21.258,46.0,47.0,29.000,29.630,1756.0,1728.0,1153,5226,
24.4.2026,13:55:21.460,45.0,46.0,29.000,29.535,267.0,1728.0,1153,5226,
24.4.2026,13:55:21.664,45.0,46.0,29.000,29.777,269.0,1728.0,1153,5226,
24.4.2026,13:55:21.866,45.0,46.0,29.000,29.342,1750.0,1730.0,1153,5226,
24.4.2026,13:55:22.081,45.0,47.0,29.000,29.691,1757.0,1728.0,1153,5226,
24.4.2026,13:55:22.284,45.0,47.0,29.000,29.436,1757.0,1728.0,1153,5226,
24.4.2026,13:55:22.486,45.0,46.0,29.000,29.353,1757.0,1728.0,1153,5226,
24.4.2026,13:55:22.692,45.0,46.0,29.000,29.219,1757.0,1730.0,1153,5226,
24.4.2026,13:55:22.901,45.0,46.0,29.000,29.160,1738.0,1730.0,1153,5226,
24.4.2026,13:55:23.107,45.0,46.0,28.000,29.316,275.0,1730.0,1153,5226,
24.4.2026,13:55:23.310,45.0,46.0,29.000,29.226,1755.0,1730.0,1153,5226,
24.4.2026,13:55:23.516,45.0,46.0,29.000,29.415,306.0,1730.0,1153,5226,
24.4.2026,13:55:23.718,45.0,46.0,29.000,29.460,1756.0,1730.0,1153,5226,
24.4.2026,13:55:23.924,45.0,46.0,29.000,29.528,1749.0,1728.0,1153,5226,
24.4.2026,13:55:24.123,45.0,47.0,30.000,29.440,1754.0,1728.0,1153,5226,
24.4.2026,13:55:24.326,45.0,46.0,29.000,29.107,1754.0,1730.0,1153,5226,
24.4.2026,13:55:24.533,45.0,46.0,29.000,29.068,1757.0,1728.0,1153,5226,
24.4.2026,13:55:24.736,45.0,46.0,29.000,28.995,289.0,1728.0,1153,5226,
24.4.2026,13:55:24.939,45.0,47.0,29.000,29.144,1757.0,1730.0,1153,5226,
24.4.2026,13:55:25.140,45.0,46.0,29.000,29.376,1757.0,1730.0,1153,5226,
24.4.2026,13:55:25.339,45.0,46.0,29.000,29.279,1740.0,1730.0,1153,5226,
24.4.2026,13:55:25.542,46.0,46.0,29.000,29.439,1754.0,1730.0,1153,5226,
24.4.2026,13:55:25.749,45.0,46.0,28.000,29.422,294.0,1730.0,1153,5226,
24.4.2026,13:55:25.954,45.0,46.0,28.000,28.936,303.0,1730.0,1153,5226,
24.4.2026,13:55:26.161,46.0,46.0,29.000,29.017,278.0,1728.0,1153,5226,
24.4.2026,13:55:26.378,45.0,46.0,29.000,29.101,1757.0,1730.0,1153,5226,
24.4.2026,13:55:26.579,46.0,46.0,30.000,29.082,1756.0,1730.0,1153,5226,
24.4.2026,13:55:26.784,45.0,46.0,29.000,29.298,1720.0,1730.0,1153,5226,
24.4.2026,13:55:26.988,45.0,46.0,29.000,29.331,286.0,1730.0,1153,5226,
24.4.2026,13:55:27.188,45.0,46.0,29.000,29.257,1751.0,1728.0,1153,5226,
24.4.2026,13:55:27.390,45.0,46.0,29.000,29.221,293.0,1730.0,1153,5226,
24.4.2026,13:55:27.600,46.0,47.0,29.000,29.276,1757.0,1730.0,1153,5226,
24.4.2026,13:55:27.804,45.0,46.0,29.000,28.921,300.0,1730.0,1153,5226,
24.4.2026,13:55:28.012,46.0,46.0,29.000,29.307,1757.0,1730.0,1153,5226,
24.4.2026,13:55:28.217,46.0,47.0,29.000,29.566,289.0,1730.0,1153,5226,
24.4.2026,13:55:28.423,45.0,46.0,29.000,29.402,293.0,1730.0,1153,5226,
24.4.2026,13:55:28.623,45.0,47.0,29.000,29.561,1743.0,1730.0,1153,5226,
24.4.2026,13:55:28.829,46.0,46.0,29.000,29.656,288.0,1730.0,1153,5226,
24.4.2026,13:55:29.034,46.0,47.0,29.000,29.377,278.0,1730.0,1153,5226,
24.4.2026,13:55:29.222,46.0,47.0,29.000,29.271,281.0,1728.0,1153,5226,
24.4.2026,13:55:29.429,46.0,46.0,29.000,29.337,1756.0,1730.0,1153,5226,
24.4.2026,13:55:29.634,45.0,47.0,29.000,29.372,1757.0,1728.0,1153,5226,
24.4.2026,13:55:29.841,45.0,46.0,29.000,29.292,1757.0,1728.0,1153,5226,
24.4.2026,13:55:30.044,45.0,47.0,29.000,29.442,1756.0,1730.0,1153,5226,
24.4.2026,13:55:30.245,46.0,46.0,28.000,29.304,269.0,1730.0,1153,5226,
24.4.2026,13:55:30.448,45.0,46.0,29.000,29.416,1757.0,1730.0,1153,5226,
24.4.2026,13:55:30.652,45.0,47.0,29.000,29.643,1757.0,1730.0,1153,5226,
24.4.2026,13:55:30.857,46.0,46.0,29.000,29.945,1756.0,1730.0,1153,5226,
24.4.2026,13:55:31.063,46.0,47.0,29.000,30.020,1757.0,1730.0,1153,5226,
24.4.2026,13:55:31.264,46.0,47.0,29.000,30.043,1756.0,1728.0,1153,5226,
24.4.2026,13:55:31.472,45.0,47.0,30.000,30.023,1756.0,1730.0,1153,5226,
24.4.2026,13:55:31.682,45.0,47.0,30.000,30.151,1757.0,1730.0,1153,5226,
24.4.2026,13:55:31.895,46.0,47.0,30.000,30.076,1756.0,1728.0,1153,5226,
24.4.2026,13:55:32.084,46.0,47.0,29.000,29.855,1735.0,1730.0,1153,5226,
24.4.2026,13:55:32.286,45.0,47.0,29.000,29.542,1755.0,1730.0,1153,5226,
24.4.2026,13:55:32.491,45.0,47.0,29.000,29.350,1757.0,1730.0,1153,5226,
24.4.2026,13:55:32.695,46.0,46.0,29.000,29.541,1756.0,1728.0,1153,5226,
24.4.2026,13:55:32.901,46.0,46.0,29.000,29.266,301.0,1730.0,1153,5226,
24.4.2026,13:55:33.107,46.0,47.0,29.000,29.435,321.0,1730.0,1153,5226,
24.4.2026,13:55:33.310,46.0,46.0,29.000,29.680,1756.0,1728.0,1153,5226,
24.4.2026,13:55:33.515,46.0,46.0,29.000,29.732,1756.0,1730.0,1153,5226,
24.4.2026,13:55:33.719,46.0,47.0,29.000,29.532,1757.0,1730.0,1153,5226,
24.4.2026,13:55:33.911,46.0,47.0,29.000,29.467,299.0,1730.0,1153,5226,
24.4.2026,13:55:34.127,45.0,47.0,29.000,29.654,270.0,1730.0,1153,5226,
24.4.2026,13:55:34.319,45.0,47.0,29.000,29.548,1756.0,1728.0,1153,5226,
24.4.2026,13:55:34.525,46.0,47.0,29.000,29.681,1757.0,1730.0,1153,5226,
24.4.2026,13:55:34.738,45.0,46.0,29.000,29.572,1757.0,1730.0,1153,5226,
24.4.2026,13:55:34.946,45.0,46.0,28.000,29.558,277.0,1728.0,1153,5226,
24.4.2026,13:55:35.153,46.0,47.0,29.000,29.469,1755.0,1730.0,1153,5226,
24.4.2026,13:55:35.356,46.0,47.0,29.000,29.664,1757.0,1728.0,1153,5226,
24.4.2026,13:55:35.559,45.0,46.0,29.000,29.552,1757.0,1730.0,1153,5226,
24.4.2026,13:55:35.759,45.0,46.0,29.000,29.636,1756.0,1730.0,1153,5226,
24.4.2026,13:55:35.963,46.0,47.0,29.000,29.439,279.0,1730.0,1153,5226,
24.4.2026,13:55:36.172,45.0,47.0,29.000,29.538,317.0,1728.0,1153,5226,
24.4.2026,13:55:36.372,46.0,47.0,29.000,29.643,306.0,1730.0,1153,5226,
24.4.2026,13:55:36.577,45.0,47.0,29.000,29.579,1757.0,1728.0,1153,5226,
24.4.2026,13:55:36.784,46.0,47.0,29.000,29.422,1757.0,1728.0,1153,5226,
24.4.2026,13:55:36.992,45.0,47.0,29.000,29.600,307.0,1730.0,1153,5226,
24.4.2026,13:55:37.195,46.0,46.0,29.000,29.578,271.0,1728.0,1153,5226,
24.4.2026,13:55:37.398,46.0,47.0,29.000,29.449,1756.0,1730.0,1153,5226,
24.4.2026,13:55:37.599,46.0,47.0,28.000,29.327,305.0,1730.0,1153,5226,
24.4.2026,13:55:37.804,45.0,47.0,28.000,29.238,272.0,1730.0,1153,5226,
24.4.2026,13:55:38.009,45.0,47.0,28.000,28.926,292.0,1730.0,1153,5226,
24.4.2026,13:55:38.211,46.0,47.0,28.000,28.986,276.0,1730.0,1153,5226,
24.4.2026,13:55:38.416,46.0,47.0,29.000,28.904,1748.0,1730.0,1153,5226,
24.4.2026,13:55:38.620,46.0,47.0,29.000,29.356,1755.0,1728.0,1153,5226,
24.4.2026,13:55:38.828,46.0,47.0,29.000,29.278,302.0,1728.0,1153,5226,
24.4.2026,13:55:39.030,46.0,47.0,29.000,29.317,1757.0,1728.0,1153,5226,
24.4.2026,13:55:39.239,46.0,47.0,30.000,29.892,1757.0,1730.0,1153,5226,
24.4.2026,13:55:39.438,46.0,47.0,29.000,29.917,268.0,1730.0,1153,5226,
24.4.2026,13:55:39.631,46.0,47.0,29.000,29.452,298.0,1730.0,1153,5226,
24.4.2026,13:55:39.837,45.0,47.0,30.000,29.523,1755.0,1730.0,1153,5226,
24.4.2026,13:55:40.038,46.0,47.0,29.000,29.786,281.0,1730.0,1153,5226,
24.4.2026,13:55:40.249,45.0,46.0,29.000,29.760,289.0,1728.0,1153,5226,
24.4.2026,13:55:40.449,46.0,47.0,29.000,29.546,1756.0,1730.0,1153,5226,
24.4.2026,13:55:40.655,45.0,46.0,29.000,29.554,1713.0,1728.0,1153,5226,
24.4.2026,13:55:40.862,46.0,47.0,29.000,29.526,1751.0,1730.0,1153,5226,
24.4.2026,13:55:41.065,46.0,47.0,29.000,29.391,1755.0,1730.0,1153,5226,
24.4.2026,13:55:41.260,46.0,47.0,29.000,29.594,1756.0,1728.0,1153,5226,
24.4.2026,13:55:41.459,46.0,47.0,29.000,29.551,1756.0,1730.0,1153,5226,
24.4.2026,13:55:41.663,46.0,47.0,28.000,29.417,275.0,1730.0,1153,5226,
24.4.2026,13:55:41.870,45.0,47.0,29.000,29.086,1757.0,1730.0,1153,5226,
24.4.2026,13:55:42.073,46.0,47.0,28.000,29.409,256.0,1730.0,1153,5226,
24.4.2026,13:55:42.277,46.0,47.0,29.000,29.398,1740.0,1730.0,1153,5226,
24.4.2026,13:55:42.476,45.0,47.0,29.000,29.651,1756.0,1728.0,1153,5226,
24.4.2026,13:55:42.681,46.0,47.0,29.000,30.012,1756.0,1730.0,1153,5226,
24.4.2026,13:55:42.889,46.0,47.0,29.000,29.807,1757.0,1728.0,1153,5226,
24.4.2026,13:55:43.094,46.0,47.0,29.000,29.674,1757.0,1730.0,1153,5226,
24.4.2026,13:55:43.295,46.0,47.0,29.000,29.914,1757.0,1730.0,1153,5226,
24.4.2026,13:55:43.497,46.0,47.0,29.000,29.988,1757.0,1730.0,1153,5226,
24.4.2026,13:55:43.703,46.0,47.0,30.000,30.005,1757.0,1728.0,1153,5226,
24.4.2026,13:55:43.913,46.0,47.0,30.000,30.177,1756.0,1730.0,1153,5226,
24.4.2026,13:55:44.131,46.0,47.0,29.000,29.671,260.0,1730.0,1153,5226,
24.4.2026,13:55:44.337,46.0,47.0,29.000,29.396,277.0,1728.0,1153,5226,
24.4.2026,13:55:44.540,46.0,47.0,30.000,29.604,1755.0,1730.0,1153,5226,
24.4.2026,13:55:44.745,45.0,47.0,29.000,29.664,1756.0,1730.0,1153,5226,
24.4.2026,13:55:44.948,46.0,47.0,29.000,29.767,292.0,1730.0,1153,5226,
24.4.2026,13:55:45.149,46.0,47.0,29.000,29.553,1757.0,1730.0,1153,5226,
24.4.2026,13:55:45.351,46.0,47.0,29.000,29.654,1757.0,1730.0,1153,5226,
24.4.2026,13:55:45.554,46.0,47.0,30.000,29.686,1740.0,1730.0,1153,5226,
24.4.2026,13:55:45.757,46.0,47.0,29.000,29.236,1717.0,1730.0,1153,5226,
24.4.2026,13:55:45.960,46.0,47.0,29.000,29.529,286.0,1730.0,1153,5226,
24.4.2026,13:55:46.164,46.0,47.0,29.000,29.659,1756.0,1730.0,1153,5226,
24.4.2026,13:55:46.366,46.0,47.0,29.000,29.503,1756.0,1728.0,1153,5226,
24.4.2026,13:55:46.569,46.0,47.0,30.000,29.752,1757.0,1728.0,1153,5226,
24.4.2026,13:55:46.775,46.0,47.0,30.000,29.819,1757.0,1728.0,1153,5226,
24.4.2026,13:55:46.982,46.0,47.0,29.000,29.860,266.0,1730.0,1153,5226,
24.4.2026,13:55:47.186,46.0,47.0,29.000,29.704,1752.0,1728.0,1153,5226,
24.4.2026,13:55:47.394,46.0,47.0,29.000,29.584,1755.0,1730.0,1153,5226,
24.4.2026,13:55:47.598,46.0,47.0,30.000,29.900,1756.0,1730.0,1153,5226,
24.4.2026,13:55:47.802,46.0,47.0,29.000,29.871,1757.0,1728.0,1153,5226,
24.4.2026,13:55:48.008,46.0,47.0,29.000,29.494,298.0,1728.0,1153,5226,
24.4.2026,13:55:48.210,46.0,47.0,29.000,29.691,1752.0,1728.0,1153,5226,
24.4.2026,13:55:48.412,45.0,47.0,29.000,29.579,1756.0,1730.0,1153,5226,
24.4.2026,13:55:48.619,46.0,47.0,29.000,29.786,1757.0,1728.0,1153,5226,
24.4.2026,13:55:48.830,46.0,47.0,29.000,29.726,1756.0,1730.0,1153,5226,
24.4.2026,13:55:49.028,46.0,48.0,30.000,29.774,1757.0,1730.0,1153,5226,
24.4.2026,13:55:49.234,46.0,47.0,29.000,29.981,269.0,1730.0,1153,5226,
24.4.2026,13:55:49.435,45.0,47.0,29.000,29.647,259.0,1730.0,1153,5226,
24.4.2026,13:55:49.639,46.0,47.0,29.000,29.340,267.0,1728.0,1153,5226,
24.4.2026,13:55:49.848,46.0,47.0,29.000,29.300,1755.0,1730.0,1153,5226,
24.4.2026,13:55:50.046,45.0,47.0,29.000,29.145,305.0,1730.0,1153,5226,
24.4.2026,13:55:50.248,46.0,47.0,29.000,29.283,287.0,1730.0,1153,5226,
24.4.2026,13:55:50.454,46.0,47.0,29.000,29.358,1757.0,1730.0,1153,5226,
24.4.2026,13:55:50.659,45.0,47.0,29.000,29.644,302.0,1728.0,1153,5226,
24.4.2026,13:55:50.862,46.0,47.0,29.000,29.780,308.0,1728.0,1153,5226,
24.4.2026,13:55:51.054,45.0,46.0,29.000,29.775,1757.0,1730.0,1153,5226,
24.4.2026,13:55:51.257,46.0,47.0,29.000,29.661,297.0,1728.0,1153,5226,
24.4.2026,13:55:51.458,46.0,47.0,29.000,29.655,295.0,1728.0,1153,5226,
24.4.2026,13:55:51.668,46.0,47.0,29.000,29.570,280.0,1728.0,1153,5226,
24.4.2026,13:55:51.871,46.0,47.0,29.000,29.704,1750.0,1730.0,1153,5226,
24.4.2026,13:55:52.077,46.0,47.0,30.000,29.840,1756.0,1730.0,1153,5226,
24.4.2026,13:55:52.283,46.0,47.0,29.000,29.775,1756.0,1730.0,1153,5226,
24.4.2026,13:55:52.484,46.0,47.0,29.000,29.684,308.0,1730.0,1153,5226,
24.4.2026,13:55:52.692,46.0,47.0,29.000,29.662,1757.0,1730.0,1153,5226,
24.4.2026,13:55:52.880,46.0,46.0,29.000,29.309,1757.0,1728.0,1153,5226,
24.4.2026,13:55:53.083,46.0,47.0,29.000,29.734,1757.0,1730.0,1153,5226,
24.4.2026,13:55:53.300,46.0,47.0,29.000,29.557,292.0,1728.0,1153,5226,
24.4.2026,13:55:53.489,46.0,47.0,28.000,29.213,245.0,1728.0,1153,5226,
24.4.2026,13:55:53.694,46.0,47.0,29.000,29.398,304.0,1730.0,1153,5226,
24.4.2026,13:55:53.901,46.0,47.0,29.000,29.157,1754.0,1728.0,1153,5226,
24.4.2026,13:55:54.110,46.0,47.0,29.000,29.361,1757.0,1730.0,1153,5226,
24.4.2026,13:55:54.313,46.0,47.0,29.000,29.061,276.0,1730.0,1153,5226,
24.4.2026,13:55:54.519,46.0,47.0,29.000,29.319,1757.0,1730.0,1153,5226,
24.4.2026,13:55:54.721,47.0,47.0,30.000,29.703,1757.0,1728.0,1153,5226,
24.4.2026,13:55:54.913,47.0,47.0,30.000,29.703,1757.0,1728.0,1153,5226,
24.4.2026,13:55:55.115,46.0,47.0,30.000,30.077,1757.0,1728.0,1153,5226,
24.4.2026,13:55:55.320,46.0,47.0,30.000,30.161,1756.0,1728.0,1153,5226,
24.4.2026,13:55:55.522,46.0,47.0,30.000,30.253,1757.0,1730.0,1153,5226,
24.4.2026,13:55:55.728,46.0,48.0,30.000,30.063,1757.0,1728.0,1153,5226,
24.4.2026,13:55:55.933,46.0,47.0,30.000,30.151,1756.0,1730.0,1153,5226,
24.4.2026,13:55:56.137,46.0,47.0,29.000,30.016,1756.0,1730.0,1153,5226,
24.4.2026,13:55:56.344,46.0,47.0,30.000,29.931,1756.0,1730.0,1153,5226,
24.4.2026,13:55:56.549,46.0,48.0,29.000,29.551,1757.0,1730.0,1153,5226,
24.4.2026,13:55:56.749,46.0,47.0,29.000,29.803,303.0,1730.0,1153,5226,
24.4.2026,13:55:56.952,46.0,47.0,29.000,29.707,278.0,1730.0,1153,5226,
24.4.2026,13:55:57.158,46.0,47.0,29.000,29.651,297.0,1728.0,1153,5226,
24.4.2026,13:55:57.362,46.0,47.0,29.000,29.879,1736.0,1730.0,1153,5226,
24.4.2026,13:55:57.564,46.0,47.0,29.000,29.703,1743.0,1730.0,1153,5226,
24.4.2026,13:55:57.768,46.0,47.0,29.000,29.766,273.0,1730.0,1153,5226,
24.4.2026,13:55:57.959,46.0,47.0,29.000,29.498,280.0,1730.0,1153,5226,
24.4.2026,13:55:58.175,46.0,47.0,29.000,29.579,297.0,1730.0,1153,5226,
24.4.2026,13:55:58.376,46.0,47.0,29.000,29.550,1756.0,1730.0,1153,5226,
24.4.2026,13:55:58.580,46.0,47.0,29.000,29.474,1756.0,1730.0,1153,5226,
24.4.2026,13:55:58.780,46.0,47.0,29.000,29.424,283.0,1730.0,1153,5226,
24.4.2026,13:55:58.979,46.0,47.0,29.000,29.538,256.0,1730.0,1153,5226,
24.4.2026,13:55:59.184,46.0,47.0,29.000,29.607,298.0,1730.0,1153,5226,
24.4.2026,13:55:59.391,46.0,47.0,29.000,29.579,1755.0,1728.0,1153,5226,
24.4.2026,13:55:59.594,46.0,47.0,29.000,29.363,290.0,1728.0,1153,5226,
24.4.2026,13:55:59.798,46.0,47.0,29.000,29.319,308.0,1728.0,1153,5226,
24.4.2026,13:55:59.990,46.0,47.0,29.000,29.436,301.0,1730.0,1153,5226,
24.4.2026,13:56:0.194,47.0,48.0,29.000,29.669,274.0,1730.0,1153,5226,
24.4.2026,13:56:0.397,46.0,47.0,29.000,29.715,295.0,1730.0,1153,5226,
24.4.2026,13:56:0.601,47.0,47.0,29.000,29.362,289.0,1728.0,1153,5226,
24.4.2026,13:56:0.817,46.0,47.0,29.000,29.332,1737.0,1730.0,1153,5226,
24.4.2026,13:56:1.012,46.0,47.0,30.000,29.595,1754.0,1730.0,1153,5226,
24.4.2026,13:56:1.217,46.0,47.0,30.000,29.353,1756.0,1730.0,1153,5226,
24.4.2026,13:56:1.429,46.0,47.0,29.000,29.435,1756.0,1730.0,1153,5226,
24.4.2026,13:56:1.627,46.0,48.0,29.000,29.327,1756.0,1730.0,1153,5226,
24.4.2026,13:56:1.831,46.0,47.0,29.000,29.402,306.0,1728.0,1153,5226,
24.4.2026,13:56:2.047,46.0,47.0,29.000,29.475,1757.0,1728.0,1153,5226,
24.4.2026,13:56:2.240,46.0,47.0,29.000,29.445,281.0,1730.0,1153,5226,
24.4.2026,13:56:2.457,46.0,47.0,29.000,29.446,269.0,1730.0,1153,5226,
24.4.2026,13:56:2.662,46.0,47.0,29.000,29.446,292.0,1728.0,1153,5226,
24.4.2026,13:56:2.868,46.0,47.0,28.000,29.409,251.0,1730.0,1153,5226,
24.4.2026,13:56:3.074,47.0,48.0,29.000,29.259,1756.0,1730.0,1153,5226,
24.4.2026,13:56:3.277,46.0,47.0,29.000,29.613,287.0,1730.0,1153,5226,
24.4.2026,13:56:3.487,46.0,48.0,29.000,29.207,288.0,1730.0,1153,5226,
24.4.2026,13:56:3.686,46.0,47.0,29.000,29.269,1744.0,1730.0,1153,5226,
24.4.2026,13:56:3.889,47.0,47.0,29.000,29.418,1756.0,1730.0,1153,5226,
24.4.2026,13:56:4.089,47.0,47.0,28.000,29.247,277.0,1730.0,1153,5226,
24.4.2026,13:56:4.292,46.0,48.0,28.000,29.336,292.0,1728.0,1153,5226,
24.4.2026,13:56:4.506,46.0,47.0,29.000,29.085,303.0,1730.0,1153,5226,
24.4.2026,13:56:4.704,46.0,47.0,29.000,29.330,1755.0,1730.0,1153,5226,
24.4.2026,13:56:4.896,46.0,47.0,29.000,29.343,1757.0,1730.0,1153,5226,
24.4.2026,13:56:5.103,46.0,47.0,29.000,29.252,1757.0,1730.0,1153,5226,
24.4.2026,13:56:5.307,46.0,47.0,29.000,29.290,275.0,1730.0,1153,5226,
24.4.2026,13:56:5.537,46.0,47.0,29.000,29.324,1749.0,1728.0,1153,5226,
24.4.2026,13:56:5.718,46.0,47.0,29.000,29.246,1755.0,1728.0,1153,5226,
24.4.2026,13:56:5.922,47.0,48.0,29.000,29.266,1757.0,1728.0,1153,5226,
24.4.2026,13:56:6.127,47.0,48.0,29.000,29.240,300.0,1730.0,1153,5226,
24.4.2026,13:56:6.333,46.0,47.0,28.000,29.126,273.0,1728.0,1153,5226,
24.4.2026,13:56:6.525,46.0,47.0,29.000,29.222,1749.0,1728.0,1153,5226,
24.4.2026,13:56:6.729,45.0,47.0,29.000,29.145,1756.0,1730.0,1153,5226,
24.4.2026,13:56:6.932,46.0,47.0,29.000,29.239,1756.0,1728.0,1153,5226,
24.4.2026,13:56:7.135,46.0,47.0,29.000,29.645,1756.0,1730.0,1153,5226,
24.4.2026,13:56:7.339,47.0,48.0,29.000,29.883,1756.0,1730.0,1153,5226,
24.4.2026,13:56:7.545,46.0,48.0,29.000,29.816,1756.0,1730.0,1153,5226,
24.4.2026,13:56:7.750,46.0,47.0,29.000,29.844,1756.0,1730.0,1153,5226,
24.4.2026,13:56:7.956,46.0,47.0,29.000,29.891,1756.0,1730.0,1153,5226,
24.4.2026,13:56:8.147,47.0,48.0,30.000,29.909,1756.0,1730.0,1153,5226,
24.4.2026,13:56:8.352,47.0,47.0,29.000,30.073,1757.0,1730.0,1153,5226,
24.4.2026,13:56:8.555,47.0,47.0,29.000,29.643,1756.0,1730.0,1153,5226,
24.4.2026,13:56:8.757,47.0,48.0,29.000,29.532,1756.0,1730.0,1153,5226,
24.4.2026,13:56:8.962,46.0,48.0,28.000,29.619,262.0,1730.0,1153,5226,
24.4.2026,13:56:9.165,46.0,47.0,29.000,29.394,1749.0,1730.0,1153,5226,
24.4.2026,13:56:9.373,47.0,48.0,29.000,29.528,1755.0,1730.0,1153,5226,
24.4.2026,13:56:9.573,47.0,48.0,29.000,29.775,1756.0,1730.0,1153,5226,
24.4.2026,13:56:9.780,46.0,47.0,29.000,29.853,279.0,1728.0,1153,5226,
24.4.2026,13:56:9.988,46.0,47.0,29.000,29.523,1747.0,1730.0,1153,5226,
24.4.2026,13:56:10.195,47.0,48.0,29.000,29.487,272.0,1730.0,1153,5226,
24.4.2026,13:56:10.398,47.0,47.0,29.000,29.410,281.0,1728.0,1153,5226,
24.4.2026,13:56:10.601,46.0,47.0,29.000,29.506,1756.0,1728.0,1153,5226,
24.4.2026,13:56:10.807,46.0,47.0,29.000,29.427,1756.0,1730.0,1153,5226,
24.4.2026,13:56:11.009,46.0,47.0,29.000,29.323,1756.0,1730.0,1153,5226,
24.4.2026,13:56:11.212,46.0,48.0,29.000,29.572,299.0,1728.0,1153,5226,
24.4.2026,13:56:11.416,46.0,47.0,29.000,29.400,259.0,1730.0,1153,5226,
24.4.2026,13:56:11.623,47.0,47.0,29.000,29.407,1755.0,1728.0,1153,5226,
24.4.2026,13:56:11.830,46.0,47.0,29.000,29.301,281.0,1730.0,1153,5226,
24.4.2026,13:56:12.032,46.0,48.0,28.000,29.036,279.0,1730.0,1153,5226,
24.4.2026,13:56:12.222,47.0,48.0,28.000,29.109,273.0,1728.0,1153,5226,
24.4.2026,13:56:12.431,46.0,47.0,28.000,28.859,295.0,1730.0,1153,5226,
24.4.2026,13:56:12.639,46.0,47.0,29.000,29.184,285.0,1730.0,1153,5226,
24.4.2026,13:56:12.843,46.0,47.0,29.000,29.130,266.0,1730.0,1153,5226,
24.4.2026,13:56:13.046,46.0,48.0,29.000,29.248,1755.0,1730.0,1153,5226,
24.4.2026,13:56:13.249,46.0,47.0,29.000,29.134,293.0,1730.0,1153,5226,
24.4.2026,13:56:13.458,46.0,47.0,29.000,29.530,1756.0,1728.0,1153,5226,
24.4.2026,13:56:13.662,46.0,47.0,29.000,29.311,300.0,1728.0,1153,5226,
24.4.2026,13:56:13.869,46.0,47.0,29.000,29.579,283.0,1730.0,1153,5226,
24.4.2026,13:56:14.075,46.0,48.0,29.000,29.658,1756.0,1730.0,1153,5226,
24.4.2026,13:56:14.277,47.0,48.0,29.000,29.709,287.0,1728.0,1153,5226,
24.4.2026,13:56:14.475,46.0,47.0,29.000,29.534,257.0,1730.0,1153,5226,
24.4.2026,13:56:14.681,46.0,48.0,29.000,29.212,295.0,1728.0,1153,5226,
24.4.2026,13:56:14.887,46.0,47.0,29.000,29.304,1753.0,1730.0,1153,5226,
24.4.2026,13:56:15.090,46.0,47.0,29.000,29.315,1755.0,1728.0,1153,5226,
24.4.2026,13:56:15.295,47.0,48.0,29.000,29.590,1756.0,1728.0,1153,5226,
24.4.2026,13:56:15.499,47.0,48.0,29.000,29.762,1757.0,1728.0,1153,5226,
24.4.2026,13:56:15.702,46.0,47.0,29.000,29.723,1757.0,1730.0,1153,5226,
24.4.2026,13:56:15.907,47.0,48.0,29.000,29.559,299.0,1730.0,1153,5226,
24.4.2026,13:56:16.118,46.0,48.0,29.000,29.638,289.0,1730.0,1153,5226,
24.4.2026,13:56:16.302,46.0,47.0,28.000,29.243,278.0,1730.0,1153,5226,
24.4.2026,13:56:16.508,47.0,48.0,29.000,29.234,1740.0,1728.0,1153,5226,
24.4.2026,13:56:16.712,46.0,48.0,29.000,29.308,1752.0,1730.0,1153,5226,
24.4.2026,13:56:16.913,46.0,48.0,29.000,29.230,280.0,1730.0,1153,5226,
24.4.2026,13:56:17.123,46.0,48.0,29.000,29.156,1757.0,1730.0,1153,5226,
24.4.2026,13:56:17.322,46.0,48.0,29.000,29.393,1757.0,1728.0,1153,5226,
24.4.2026,13:56:17.523,46.0,47.0,29.000,29.182,1757.0,1730.0,1153,5226,
24.4.2026,13:56:17.724,47.0,48.0,30.000,29.322,1756.0,1730.0,1153,5226,
24.4.2026,13:56:17.931,47.0,47.0,29.000,29.334,1748.0,1730.0,1153,5226,
24.4.2026,13:56:18.140,47.0,48.0,28.000,29.178,299.0,1730.0,1153,5226,
24.4.2026,13:56:18.340,46.0,47.0,29.000,29.084,1757.0,1730.0,1153,5226,
24.4.2026,13:56:18.545,47.0,48.0,29.000,29.109,1757.0,1728.0,1153,5226,
24.4.2026,13:56:18.748,46.0,48.0,29.000,29.220,1720.0,1728.0,1153,5226,
24.4.2026,13:56:18.953,46.0,47.0,29.000,29.408,1757.0,1730.0,1153,5226,
24.4.2026,13:56:19.161,47.0,48.0,29.000,29.931,1756.0,1728.0,1153,5226,
24.4.2026,13:56:19.366,47.0,48.0,30.000,29.978,1757.0,1728.0,1153,5226,
24.4.2026,13:56:19.570,47.0,48.0,30.000,29.905,1757.0,1730.0,1153,5226,
24.4.2026,13:56:19.774,46.0,47.0,30.000,29.855,1756.0,1728.0,1153,5226,
24.4.2026,13:56:19.978,46.0,48.0,29.000,29.931,1756.0,1730.0,1153,5226,
24.4.2026,13:56:20.185,47.0,48.0,29.000,29.746,1757.0,1728.0,1153,5226,
24.4.2026,13:56:20.389,47.0,48.0,30.000,29.989,1756.0,1730.0,1153,5226,
24.4.2026,13:56:20.592,47.0,48.0,29.000,29.621,1755.0,1728.0,1153,5226,
24.4.2026,13:56:20.797,47.0,47.0,29.000,29.495,1757.0,1730.0,1153,5226,
24.4.2026,13:56:21.002,46.0,47.0,29.000,29.339,1756.0,1730.0,1153,5226,
24.4.2026,13:56:21.204,47.0,48.0,28.000,29.483,261.0,1728.0,1153,5226,
24.4.2026,13:56:21.396,47.0,47.0,29.000,29.190,303.0,1730.0,1153,5226,
24.4.2026,13:56:21.598,46.0,48.0,29.000,29.464,1751.0,1728.0,1153,5226,
24.4.2026,13:56:21.816,47.0,48.0,29.000,29.221,1752.0,1730.0,1153,5226,
24.4.2026,13:56:22.020,46.0,48.0,29.000,29.457,1756.0,1728.0,1153,5226,
24.4.2026,13:56:22.226,47.0,48.0,29.000,29.539,1757.0,1730.0,1153,5226,
24.4.2026,13:56:22.431,46.0,48.0,29.000,29.460,307.0,1730.0,1153,5226,
24.4.2026,13:56:22.634,47.0,48.0,29.000,29.189,1757.0,1730.0,1153,5226,
24.4.2026,13:56:22.838,47.0,48.0,29.000,29.347,291.0,1728.0,1153,5226,
24.4.2026,13:56:23.043,47.0,47.0,29.000,29.057,298.0,1730.0,1153,5226,
24.4.2026,13:56:23.247,47.0,47.0,29.000,29.328,286.0,1730.0,1153,5226,
24.4.2026,13:56:23.447,47.0,47.0,29.000,29.471,1756.0,1728.0,1153,5226,
24.4.2026,13:56:23.655,46.0,47.0,29.000,29.115,1757.0,1728.0,1153,5226,
24.4.2026,13:56:23.859,47.0,48.0,29.000,29.301,1757.0,1730.0,1153,5226,
24.4.2026,13:56:24.064,47.0,47.0,29.000,29.328,1724.0,1730.0,1153,5226,
24.4.2026,13:56:24.269,47.0,48.0,28.000,29.071,264.0,1730.0,1153,5226,
24.4.2026,13:56:24.476,47.0,48.0,29.000,29.111,1754.0,1730.0,1153,5226,
24.4.2026,13:56:24.683,46.0,48.0,30.000,29.384,1756.0,1730.0,1153,5226,
24.4.2026,13:56:24.879,46.0,48.0,29.000,29.264,302.0,1730.0,1153,5226,
24.4.2026,13:56:25.088,47.0,48.0,29.000,29.504,275.0,1730.0,1153,5226,
24.4.2026,13:56:25.288,46.0,48.0,29.000,29.360,1756.0,1730.0,1153,5226,
24.4.2026,13:56:25.492,46.0,47.0,29.000,29.621,1748.0,1730.0,1153,5226,
24.4.2026,13:56:25.695,46.0,48.0,29.000,29.649,1756.0,1728.0,1153,5226,
24.4.2026,13:56:25.910,46.0,48.0,30.000,29.190,1756.0,1730.0,1153,5226,
24.4.2026,13:56:26.115,47.0,48.0,29.000,29.270,1756.0,1730.0,1153,5226,
24.4.2026,13:56:26.317,47.0,48.0,29.000,29.265,1742.0,1730.0,1153,5226,
24.4.2026,13:56:26.522,47.0,47.0,30.000,29.438,1748.0,1728.0,1153,5226,
24.4.2026,13:56:26.731,46.0,48.0,28.000,29.458,288.0,1730.0,1153,5226,
24.4.2026,13:56:26.930,47.0,48.0,29.000,29.171,1756.0,1728.0,1153,5226,
24.4.2026,13:56:27.134,46.0,48.0,29.000,29.501,1757.0,1728.0,1153,5226,
24.4.2026,13:56:27.339,47.0,47.0,30.000,29.675,1757.0,1728.0,1153,5226,
24.4.2026,13:56:27.540,47.0,48.0,28.000,29.653,279.0,1730.0,1153,5226,
24.4.2026,13:56:27.746,47.0,48.0,29.000,29.587,1745.0,1730.0,1153,5226,
24.4.2026,13:56:27.948,47.0,48.0,30.000,29.551,1752.0,1730.0,1153,5226,
24.4.2026,13:56:28.152,47.0,48.0,29.000,29.399,1754.0,1730.0,1153,5226,
24.4.2026,13:56:28.355,46.0,48.0,30.000,29.821,1756.0,1730.0,1153,5226,
24.4.2026,13:56:28.561,47.0,48.0,29.000,29.541,286.0,1730.0,1153,5226,
24.4.2026,13:56:28.761,47.0,47.0,29.000,29.877,1757.0,1730.0,1153,5226,
24.4.2026,13:56:28.960,47.0,48.0,29.000,29.492,1757.0,1730.0,1153,5226,
24.4.2026,13:56:29.166,47.0,47.0,29.000,29.562,273.0,1730.0,1153,5226,
24.4.2026,13:56:29.371,47.0,48.0,29.000,29.448,289.0,1730.0,1153,5226,
24.4.2026,13:56:29.571,47.0,47.0,29.000,29.497,272.0,1730.0,1153,5226,
24.4.2026,13:56:29.779,47.0,48.0,29.000,29.551,1745.0,1730.0,1153,5226,
24.4.2026,13:56:29.981,47.0,47.0,29.000,29.737,1755.0,1730.0,1153,5226,
24.4.2026,13:56:30.185,47.0,47.0,30.000,29.721,1755.0,1730.0,1153,5226,
24.4.2026,13:56:30.387,47.0,48.0,30.000,29.917,1757.0,1730.0,1153,5226,
24.4.2026,13:56:30.594,47.0,48.0,29.000,29.804,1756.0,1730.0,1153,5226,
24.4.2026,13:56:30.799,47.0,48.0,29.000,29.656,1757.0,1730.0,1153,5226,
24.4.2026,13:56:31.002,46.0,48.0,30.000,29.731,1757.0,1730.0,1153,5226,
24.4.2026,13:56:31.205,47.0,47.0,30.000,30.416,1756.0,1728.0,1153,5226,
24.4.2026,13:56:31.395,47.0,48.0,30.000,30.467,1757.0,1730.0,1153,5226,
24.4.2026,13:56:31.602,47.0,48.0,30.000,30.304,1757.0,1730.0,1153,5226,
24.4.2026,13:56:31.807,47.0,48.0,30.000,30.236,1756.0,1730.0,1153,5226,
24.4.2026,13:56:32.012,47.0,48.0,30.000,30.239,1757.0,1728.0,1153,5226,
24.4.2026,13:56:32.219,47.0,48.0,30.000,30.465,1757.0,1730.0,1153,5226,
24.4.2026,13:56:32.410,47.0,48.0,30.000,30.348,1756.0,1728.0,1153,5226,
24.4.2026,13:56:32.616,47.0,48.0,29.000,30.071,296.0,1730.0,1153,5226,
24.4.2026,13:56:32.820,47.0,48.0,29.000,29.620,302.0,1730.0,1153,5226,
24.4.2026,13:56:33.029,47.0,48.0,29.000,29.753,299.0,1730.0,1153,5226,
24.4.2026,13:56:33.242,47.0,48.0,29.000,29.873,1756.0,1730.0,1153,5226,
24.4.2026,13:56:33.444,47.0,48.0,30.000,29.891,1757.0,1730.0,1153,5226,
24.4.2026,13:56:33.652,47.0,48.0,29.000,29.928,301.0,1728.0,1153,5226,
24.4.2026,13:56:33.857,47.0,48.0,29.000,29.552,283.0,1730.0,1153,5226,
24.4.2026,13:56:34.058,47.0,48.0,29.000,29.765,285.0,1730.0,1153,5226,
24.4.2026,13:56:34.266,47.0,48.0,29.000,29.857,1752.0,1730.0,1153,5226,
24.4.2026,13:56:34.475,47.0,48.0,30.000,29.667,1756.0,1728.0,1153,5226,
24.4.2026,13:56:34.678,47.0,48.0,29.000,29.787,1757.0,1730.0,1153,5226,
24.4.2026,13:56:34.880,47.0,48.0,29.000,29.959,304.0,1728.0,1153,5226,
24.4.2026,13:56:35.094,47.0,48.0,30.000,30.006,1753.0,1730.0,1153,5226,
24.4.2026,13:56:35.295,47.0,48.0,30.000,30.034,1755.0,1730.0,1153,5226,
24.4.2026,13:56:35.500,47.0,48.0,29.000,29.950,1756.0,1730.0,1153,5226,
24.4.2026,13:56:35.704,47.0,48.0,29.000,29.610,299.0,1730.0,1153,5226,
24.4.2026,13:56:35.907,47.0,48.0,29.000,29.831,1756.0,1730.0,1153,5226,
24.4.2026,13:56:36.111,47.0,48.0,29.000,29.901,289.0,1728.0,1153,5226,
24.4.2026,13:56:36.324,47.0,48.0,29.000,29.762,283.0,1728.0,1153,5226,
24.4.2026,13:56:36.529,47.0,48.0,30.000,29.877,1754.0,1730.0,1153,5226,
24.4.2026,13:56:36.735,47.0,48.0,29.000,29.799,306.0,1730.0,1153,5226,
24.4.2026,13:56:36.938,47.0,48.0,29.000,29.912,1756.0,1730.0,1153,5226,
24.4.2026,13:56:37.141,47.0,48.0,29.000,29.846,1756.0,1730.0,1153,5226,
24.4.2026,13:56:37.346,47.0,48.0,29.000,29.815,248.0,1730.0,1153,5226,
24.4.2026,13:56:37.551,48.0,48.0,29.000,29.900,264.0,1728.0,1153,5226,
24.4.2026,13:56:37.742,48.0,48.0,29.000,29.900,264.0,1728.0,1153,5226,
24.4.2026,13:56:37.948,47.0,48.0,29.000,29.843,1756.0,1730.0,1153,5226,
24.4.2026,13:56:38.154,47.0,48.0,29.000,29.671,1756.0,1730.0,1153,5226,
24.4.2026,13:56:38.361,47.0,48.0,29.000,29.868,1756.0,1728.0,1153,5226,
24.4.2026,13:56:38.562,47.0,48.0,29.000,29.843,1757.0,1728.0,1153,5226,
24.4.2026,13:56:38.764,47.0,47.0,29.000,29.846,292.0,1730.0,1153,5226,
24.4.2026,13:56:38.973,47.0,48.0,29.000,29.775,297.0,1730.0,1153,5226,
24.4.2026,13:56:39.174,47.0,48.0,29.000,29.698,299.0,1730.0,1153,5226,
24.4.2026,13:56:39.377,47.0,48.0,29.000,29.808,1757.0,1728.0,1153,5226,
24.4.2026,13:56:39.567,47.0,48.0,29.000,29.767,1757.0,1730.0,1153,5226,
24.4.2026,13:56:39.771,47.0,48.0,29.000,29.845,1757.0,1730.0,1153,5226,
24.4.2026,13:56:39.976,47.0,48.0,29.000,29.721,303.0,1730.0,1153,5226,
24.4.2026,13:56:40.182,47.0,48.0,29.000,29.815,1756.0,1730.0,1153,5226,
24.4.2026,13:56:40.385,47.0,47.0,29.000,29.808,1756.0,1730.0,1153,5226,
24.4.2026,13:56:40.591,46.0,48.0,30.000,30.177,1757.0,1730.0,1153,5226,
24.4.2026,13:56:40.793,47.0,48.0,29.000,29.994,1715.0,1728.0,1153,5226,
24.4.2026,13:56:41.001,46.0,48.0,29.000,29.946,290.0,1730.0,1153,5226,
24.4.2026,13:56:41.206,47.0,48.0,30.000,29.808,1756.0,1730.0,1153,5226,
24.4.2026,13:56:41.407,47.0,48.0,29.000,29.959,263.0,1730.0,1153,5226,
24.4.2026,13:56:41.599,47.0,48.0,29.000,29.958,296.0,1730.0,1153,5226,
24.4.2026,13:56:41.802,47.0,49.0,29.000,30.075,1757.0,1728.0,1153,5226,
24.4.2026,13:56:42.006,46.0,48.0,29.000,29.699,234.0,1730.0,1153,5226,
24.4.2026,13:56:42.213,47.0,48.0,29.000,29.717,275.0,1730.0,1153,5226,
24.4.2026,13:56:42.430,46.0,48.0,30.000,29.731,1748.0,1728.0,1153,5226,
24.4.2026,13:56:42.628,47.0,48.0,29.000,29.870,1756.0,1730.0,1153,5226,
24.4.2026,13:56:42.832,47.0,48.0,29.000,29.531,292.0,1728.0,1153,5226,
24.4.2026,13:56:43.042,48.0,49.0,29.000,29.506,1757.0,1730.0,1153,5226,
24.4.2026,13:56:43.241,47.0,48.0,30.000,29.745,1757.0,1730.0,1153,5226,
24.4.2026,13:56:43.455,47.0,49.0,30.000,30.109,1756.0,1728.0,1153,5226,
24.4.2026,13:56:43.652,47.0,48.0,30.000,30.094,1757.0,1730.0,1153,5226,
24.4.2026,13:56:43.859,47.0,48.0,30.000,30.051,1756.0,1730.0,1153,5226,
24.4.2026,13:56:44.061,48.0,49.0,30.000,29.807,1758.0,1730.0,1153,5226,
24.4.2026,13:56:44.266,47.0,48.0,29.000,30.104,1757.0,1730.0,1153,5226,
24.4.2026,13:56:44.484,47.0,48.0,29.000,29.833,1756.0,1728.0,1153,5226,
24.4.2026,13:56:44.662,47.0,48.0,30.000,29.859,1756.0,1730.0,1153,5226,
24.4.2026,13:56:44.871,47.0,47.0,29.000,29.622,307.0,1728.0,1153,5226,
24.4.2026,13:56:45.077,47.0,48.0,30.000,29.451,1754.0,1728.0,1153,5226,
24.4.2026,13:56:45.282,47.0,48.0,29.000,29.492,1756.0,1730.0,1153,5226,
24.4.2026,13:56:45.487,48.0,48.0,28.000,29.349,290.0,1730.0,1153,5226,
24.4.2026,13:56:45.691,47.0,48.0,29.000,29.275,1757.0,1730.0,1153,5226,
24.4.2026,13:56:45.896,47.0,48.0,29.000,29.279,1756.0,1728.0,1153,5226,
24.4.2026,13:56:46.100,47.0,48.0,29.000,29.253,1719.0,1728.0,1153,5226,
24.4.2026,13:56:46.305,47.0,48.0,29.000,29.568,271.0,1730.0,1153,5226,
24.4.2026,13:56:46.509,47.0,48.0,29.000,29.727,291.0,1730.0,1153,5226,
24.4.2026,13:56:46.714,47.0,49.0,30.000,29.508,1757.0,1730.0,1153,5226,
24.4.2026,13:56:46.919,47.0,48.0,29.000,29.424,1757.0,1728.0,1153,5226,
24.4.2026,13:56:47.149,47.0,48.0,30.000,29.657,1756.0,1730.0,1153,5226,
24.4.2026,13:56:47.331,47.0,48.0,29.000,29.895,248.0,1730.0,1153,5226,
24.4.2026,13:56:47.539,47.0,48.0,29.000,29.737,271.0,1730.0,1153,5226,
24.4.2026,13:56:47.766,47.0,48.0,29.000,29.383,1755.0,1728.0,1153,5226,
24.4.2026,13:56:47.948,47.0,48.0,29.000,29.431,295.0,1728.0,1153,5226,
24.4.2026,13:56:48.153,47.0,48.0,29.000,29.434,1757.0,1728.0,1153,5226,
24.4.2026,13:56:48.358,47.0,48.0,29.000,29.494,1757.0,1730.0,1153,5226,
24.4.2026,13:56:48.563,47.0,48.0,29.000,29.557,1699.0,1730.0,1153,5226,
24.4.2026,13:56:48.768,47.0,48.0,29.000,29.395,1730.0,1730.0,1153,5226,
24.4.2026,13:56:48.967,47.0,48.0,27.000,29.211,190.0,1728.0,1153,5226,
24.4.2026,13:56:49.172,47.0,49.0,29.000,29.382,1745.0,1730.0,1153,5226,
24.4.2026,13:56:49.379,47.0,48.0,29.000,29.811,1756.0,1730.0,1153,5226,
24.4.2026,13:56:49.585,46.0,48.0,29.000,29.926,1757.0,1730.0,1153,5226,
24.4.2026,13:56:49.789,47.0,48.0,30.000,29.774,1757.0,1730.0,1153,5226,
24.4.2026,13:56:49.996,47.0,48.0,29.000,29.799,298.0,1730.0,1153,5226,
24.4.2026,13:56:50.202,47.0,48.0,29.000,30.005,260.0,1730.0,1153,5226,
24.4.2026,13:56:50.405,47.0,48.0,29.000,29.609,1757.0,1730.0,1153,5226,
24.4.2026,13:56:50.604,47.0,48.0,29.000,29.651,1757.0,1728.0,1153,5226,
24.4.2026,13:56:50.806,47.0,48.0,29.000,29.478,1756.0,1728.0,1153,5226,
24.4.2026,13:56:51.010,47.0,48.0,29.000,29.577,1757.0,1730.0,1153,5226,
24.4.2026,13:56:51.214,48.0,48.0,29.000,29.597,301.0,1728.0,1153,5226,
24.4.2026,13:56:51.421,47.0,48.0,29.000,29.625,1751.0,1730.0,1153,5226,
24.4.2026,13:56:51.627,47.0,48.0,29.000,29.537,1757.0,1730.0,1153,5226,
24.4.2026,13:56:51.820,47.0,48.0,29.000,29.426,311.0,1730.0,1153,5226,
24.4.2026,13:56:52.023,48.0,49.0,29.000,29.328,1757.0,1730.0,1153,5226,
24.4.2026,13:56:52.227,47.0,48.0,29.000,29.524,301.0,1730.0,1153,5226,
24.4.2026,13:56:52.436,47.0,48.0,29.000,29.721,264.0,1728.0,1153,5226,
24.4.2026,13:56:52.633,47.0,48.0,29.000,29.313,1756.0,1730.0,1153,5226,
24.4.2026,13:56:52.836,47.0,48.0,29.000,29.375,1756.0,1730.0,1153,5226,
24.4.2026,13:56:53.041,47.0,48.0,29.000,29.821,1757.0,1730.0,1153,5226,
24.4.2026,13:56:53.250,48.0,48.0,29.000,29.705,1751.0,1730.0,1153,5226,
24.4.2026,13:56:53.452,47.0,48.0,29.000,29.759,305.0,1730.0,1153,5226,
24.4.2026,13:56:53.658,47.0,48.0,30.000,29.781,1757.0,1730.0,1153,5226,
24.4.2026,13:56:53.849,47.0,49.0,29.000,29.649,1757.0,1730.0,1153,5226,
24.4.2026,13:56:54.053,47.0,48.0,30.000,29.823,1758.0,1730.0,1153,5226,
24.4.2026,13:56:54.260,47.0,48.0,29.000,30.061,262.0,1730.0,1153,5226,
24.4.2026,13:56:54.465,47.0,49.0,29.000,29.772,1748.0,1728.0,1153,5226,
24.4.2026,13:56:54.670,47.0,49.0,29.000,29.835,1757.0,1728.0,1153,5226,
24.4.2026,13:56:54.875,47.0,49.0,29.000,29.760,1756.0,1728.0,1153,5226,
24.4.2026,13:56:55.080,47.0,48.0,29.000,29.874,1756.0,1728.0,1153,5226,
24.4.2026,13:56:55.282,47.0,48.0,30.000,29.974,1757.0,1730.0,1153,5226,
24.4.2026,13:56:55.473,47.0,48.0,29.000,30.050,1757.0,1730.0,1153,5226,
24.4.2026,13:56:55.680,47.0,48.0,29.000,29.795,1757.0,1730.0,1153,5226,
24.4.2026,13:56:55.886,47.0,48.0,29.000,29.901,1756.0,1730.0,1153,5226,
24.4.2026,13:56:56.092,48.0,49.0,29.000,29.795,1757.0,1728.0,1153,5226,
24.4.2026,13:56:56.296,47.0,49.0,29.000,29.873,1757.0,1728.0,1153,5226,
24.4.2026,13:56:56.505,47.0,48.0,29.000,29.984,1757.0,1730.0,1153,5226,
24.4.2026,13:56:56.725,47.0,49.0,30.000,29.972,1757.0,1728.0,1153,5226,
24.4.2026,13:56:56.932,47.0,49.0,29.000,29.734,1757.0,1730.0,1153,5226,
24.4.2026,13:56:57.141,47.0,48.0,29.000,29.665,302.0,1730.0,1153,5226,
24.4.2026,13:56:57.342,47.0,48.0,29.000,29.781,1757.0,1728.0,1153,5226,
24.4.2026,13:56:57.544,47.0,48.0,29.000,29.425,306.0,1730.0,1153,5226,
24.4.2026,13:56:57.742,47.0,48.0,28.000,29.236,265.0,1730.0,1153,5226,
24.4.2026,13:56:57.946,47.0,48.0,29.000,29.428,1755.0,1730.0,1153,5226,
24.4.2026,13:56:58.154,47.0,48.0,29.000,29.560,298.0,1730.0,1153,5226,
24.4.2026,13:56:58.352,47.0,48.0,29.000,29.459,1757.0,1730.0,1153,5226,
24.4.2026,13:56:58.561,47.0,49.0,29.000,29.641,288.0,1730.0,1153,5226,
24.4.2026,13:56:58.768,47.0,48.0,29.000,29.575,277.0,1730.0,1153,5226,
24.4.2026,13:56:58.958,48.0,48.0,28.000,29.511,264.0,1728.0,1153,5226,
24.4.2026,13:56:59.174,48.0,48.0,29.000,29.699,1750.0,1730.0,1153,5226,
24.4.2026,13:56:59.365,47.0,49.0,29.000,29.343,1755.0,1730.0,1153,5226,
24.4.2026,13:56:59.570,47.0,48.0,29.000,29.550,283.0,1730.0,1153,5226,
24.4.2026,13:56:59.777,47.0,49.0,29.000,29.491,1757.0,1728.0,1153,5226,
24.4.2026,13:56:59.982,47.0,49.0,29.000,29.407,1758.0,1730.0,1153,5226,
24.4.2026,13:57:0.182,47.0,48.0,29.000,29.189,1757.0,1730.0,1153,5226,
24.4.2026,13:57:0.391,48.0,48.0,29.000,29.235,1757.0,1730.0,1153,5226,
24.4.2026,13:57:0.597,47.0,49.0,29.000,29.308,284.0,1728.0,1153,5226,
24.4.2026,13:57:0.800,48.0,48.0,29.000,29.347,277.0,1730.0,1153,5226,
24.4.2026,13:57:0.990,47.0,48.0,29.000,29.519,1756.0,1730.0,1153,5226,
24.4.2026,13:57:1.197,47.0,49.0,29.000,29.710,300.0,1730.0,1153,5226,
24.4.2026,13:57:1.401,47.0,48.0,29.000,29.408,1758.0,1730.0,1153,5226,
24.4.2026,13:57:1.603,47.0,48.0,29.000,29.412,1756.0,1728.0,1153,5226,
24.4.2026,13:57:1.804,47.0,48.0,28.000,29.324,277.0,1730.0,1153,5226,
24.4.2026,13:57:2.008,47.0,49.0,28.000,29.091,269.0,1730.0,1153,5226,
24.4.2026,13:57:2.214,47.0,48.0,28.000,29.191,295.0,1730.0,1153,5226,
24.4.2026,13:57:2.419,47.0,48.0,29.000,29.411,303.0,1730.0,1153,5226,
24.4.2026,13:57:2.622,47.0,49.0,29.000,29.242,293.0,1730.0,1153,5226,
24.4.2026,13:57:2.821,47.0,49.0,29.000,29.646,1757.0,1730.0,1153,5226,
24.4.2026,13:57:3.026,48.0,49.0,29.000,29.498,1758.0,1730.0,1153,5226,
24.4.2026,13:57:3.229,47.0,49.0,29.000,29.626,1757.0,1728.0,1153,5226,
24.4.2026,13:57:3.431,47.0,48.0,29.000,29.426,305.0,1730.0,1153,5226,
24.4.2026,13:57:3.635,48.0,49.0,29.000,29.571,289.0,1730.0,1153,5226,
24.4.2026,13:57:3.841,48.0,49.0,29.000,29.697,1744.0,1728.0,1153,5226,
24.4.2026,13:57:4.045,47.0,49.0,29.000,29.571,1756.0,1730.0,1153,5226,
24.4.2026,13:57:4.249,47.0,49.0,29.000,29.767,1756.0,1730.0,1153,5226,
24.4.2026,13:57:4.456,47.0,49.0,30.000,29.720,1757.0,1730.0,1153,5226,
24.4.2026,13:57:4.674,47.0,49.0,29.000,29.963,1757.0,1730.0,1153,5226,
24.4.2026,13:57:4.878,47.0,48.0,29.000,29.698,295.0,1730.0,1153,5226,
24.4.2026,13:57:5.068,47.0,48.0,29.000,29.719,1755.0,1728.0,1153,5226,
24.4.2026,13:57:5.274,47.0,48.0,29.000,29.696,1757.0,1730.0,1153,5226,
24.4.2026,13:57:5.474,47.0,49.0,29.000,29.652,1757.0,1728.0,1153,5226,
24.4.2026,13:57:5.679,48.0,48.0,29.000,29.623,1757.0,1730.0,1153,5226,
24.4.2026,13:57:5.886,47.0,48.0,29.000,29.668,316.0,1728.0,1153,5226,
24.4.2026,13:57:6.084,48.0,49.0,29.000,29.560,1749.0,1730.0,1153,5226,
24.4.2026,13:57:6.302,48.0,49.0,29.000,29.429,1755.0,1728.0,1153,5226,
24.4.2026,13:57:6.510,48.0,49.0,29.000,29.500,1757.0,1728.0,1153,5226,
24.4.2026,13:57:6.713,47.0,49.0,29.000,29.296,1757.0,1728.0,1153,5226,
24.4.2026,13:57:6.920,47.0,49.0,29.000,29.299,1757.0,1730.0,1153,5226,
24.4.2026,13:57:7.125,47.0,48.0,28.000,29.426,260.0,1730.0,1153,5226,
24.4.2026,13:57:7.333,47.0,48.0,29.000,29.279,1757.0,1730.0,1153,5226,
24.4.2026,13:57:7.535,47.0,48.0,29.000,29.880,1757.0,1728.0,1153,5226,
24.4.2026,13:57:7.737,48.0,49.0,29.000,29.672,1757.0,1730.0,1153,5226,
24.4.2026,13:57:7.941,48.0,49.0,29.000,29.628,1758.0,1730.0,1153,5226,
24.4.2026,13:57:8.146,48.0,49.0,29.000,29.716,1758.0,1730.0,1153,5226,
24.4.2026,13:57:8.350,48.0,49.0,29.000,29.651,1758.0,1730.0,1153,5226,
24.4.2026,13:57:8.552,48.0,49.0,29.000,29.663,1757.0,1730.0,1153,5226,
24.4.2026,13:57:8.755,48.0,49.0,29.000,29.760,1758.0,1728.0,1153,5226,
24.4.2026,13:57:8.965,47.0,48.0,29.000,29.649,1757.0,1728.0,1153,5226,
24.4.2026,13:57:9.169,47.0,49.0,29.000,29.497,1758.0,1730.0,1153,5226,
24.4.2026,13:57:9.372,47.0,48.0,28.000,29.340,1698.0,1730.0,1153,5226,
24.4.2026,13:57:9.585,48.0,49.0,29.000,29.446,267.0,1730.0,1153,5226,
24.4.2026,13:57:9.790,47.0,48.0,29.000,29.441,1757.0,1728.0,1153,5226,
24.4.2026,13:57:9.997,48.0,48.0,29.000,29.239,1758.0,1730.0,1153,5226,
24.4.2026,13:57:10.202,47.0,49.0,29.000,29.365,1758.0,1730.0,1153,5226,
24.4.2026,13:57:10.413,48.0,49.0,29.000,29.227,1757.0,1730.0,1153,5226,
24.4.2026,13:57:10.618,48.0,49.0,28.000,29.377,244.0,1730.0,1153,5226,
24.4.2026,13:57:10.823,48.0,48.0,29.000,29.407,303.0,1728.0,1153,5226,
24.4.2026,13:57:11.025,47.0,49.0,29.000,29.210,1757.0,1728.0,1153,5226,
24.4.2026,13:57:11.231,47.0,49.0,29.000,29.183,294.0,1730.0,1153,5226,
24.4.2026,13:57:11.430,47.0,48.0,29.000,29.176,1758.0,1730.0,1153,5226,
24.4.2026,13:57:11.633,47.0,49.0,29.000,29.254,1759.0,1730.0,1153,5226,
24.4.2026,13:57:11.838,47.0,49.0,29.000,29.162,1757.0,1728.0,1153,5226,
24.4.2026,13:57:12.041,47.0,48.0,29.000,29.272,268.0,1730.0,1153,5226,
24.4.2026,13:57:12.248,48.0,49.0,29.000,29.446,1752.0,1730.0,1153,5226,
24.4.2026,13:57:12.453,47.0,48.0,29.000,29.403,1756.0,1730.0,1153,5226,
24.4.2026,13:57:12.656,47.0,48.0,29.000,29.405,288.0,1730.0,1153,5226,
24.4.2026,13:57:12.866,48.0,48.0,29.000,29.402,291.0,1730.0,1153,5226,
24.4.2026,13:57:13.061,47.0,49.0,29.000,29.634,1757.0,1730.0,1153,5226,
24.4.2026,13:57:13.268,48.0,49.0,29.000,29.401,277.0,1730.0,1153,5226,
24.4.2026,13:57:13.472,47.0,48.0,29.000,29.542,1737.0,1728.0,1153,5226,
24.4.2026,13:57:13.662,47.0,48.0,29.000,29.480,1754.0,1730.0,1153,5226,
24.4.2026,13:57:13.867,48.0,49.0,29.000,29.311,1758.0,1728.0,1153,5226,
24.4.2026,13:57:14.081,47.0,48.0,29.000,29.361,1757.0,1730.0,1153,5226,
24.4.2026,13:57:14.284,48.0,49.0,28.000,29.264,288.0,1728.0,1153,5226,
24.4.2026,13:57:14.490,48.0,48.0,28.000,29.242,272.0,1730.0,1153,5226,
24.4.2026,13:57:14.692,47.0,49.0,29.000,29.198,292.0,1730.0,1153,5226,
24.4.2026,13:57:14.898,48.0,49.0,29.000,29.080,295.0,1730.0,1153,5226,
24.4.2026,13:57:15.101,47.0,49.0,29.000,29.277,1756.0,1730.0,1153,5226,
24.4.2026,13:57:15.308,47.0,49.0,29.000,29.370,1757.0,1728.0,1153,5226,
24.4.2026,13:57:15.512,47.0,48.0,29.000,29.230,1757.0,1730.0,1153,5226,
24.4.2026,13:57:15.715,47.0,49.0,29.000,28.932,1757.0,1730.0,1153,5226,
24.4.2026,13:57:15.915,47.0,49.0,28.000,28.858,284.0,1730.0,1153,5226,
24.4.2026,13:57:16.123,47.0,49.0,28.000,28.933,269.0,1730.0,1153,5226,
24.4.2026,13:57:16.330,47.0,49.0,29.000,29.070,1736.0,1730.0,1153,5226,
24.4.2026,13:57:16.524,47.0,49.0,29.000,28.900,1749.0,1728.0,1153,5226,
24.4.2026,13:57:16.727,47.0,48.0,29.000,29.250,304.0,1730.0,1153,5226,
24.4.2026,13:57:16.929,47.0,48.0,29.000,29.180,1756.0,1730.0,1153,5226,
24.4.2026,13:57:17.136,47.0,49.0,29.000,29.212,1757.0,1730.0,1153,5226,
24.4.2026,13:57:17.338,48.0,49.0,29.000,29.352,1758.0,1728.0,1153,5226,
24.4.2026,13:57:17.540,47.0,48.0,29.000,29.314,1757.0,1730.0,1153,5226,
24.4.2026,13:57:17.740,47.0,49.0,29.000,29.342,1758.0,1730.0,1153,5226,
24.4.2026,13:57:17.945,47.0,49.0,28.000,29.439,253.0,1728.0,1153,5226,
24.4.2026,13:57:18.150,47.0,49.0,29.000,29.323,1748.0,1728.0,1153,5226,
24.4.2026,13:57:18.361,48.0,49.0,29.000,29.589,1757.0,1730.0,1153,5226,
24.4.2026,13:57:18.567,48.0,49.0,29.000,29.266,1757.0,1730.0,1153,5226,
24.4.2026,13:57:18.773,47.0,49.0,29.000,29.297,282.0,1730.0,1153,5226,
24.4.2026,13:57:18.979,48.0,49.0,28.000,29.168,297.0,1728.0,1153,5226,
24.4.2026,13:57:19.181,47.0,48.0,28.000,29.125,269.0,1730.0,1153,5226,
24.4.2026,13:57:19.383,48.0,49.0,29.000,29.218,1758.0,1730.0,1153,5226,
24.4.2026,13:57:19.586,48.0,49.0,29.000,29.614,1758.0,1730.0,1153,5226,
24.4.2026,13:57:19.791,48.0,49.0,29.000,29.538,1757.0,1730.0,1153,5226,
24.4.2026,13:57:19.996,47.0,49.0,29.000,29.646,1758.0,1730.0,1153,5226,
24.4.2026,13:57:20.201,48.0,49.0,30.000,29.780,1757.0,1730.0,1153,5226,
24.4.2026,13:57:20.404,48.0,49.0,29.000,29.955,1757.0,1730.0,1153,5226,
24.4.2026,13:57:20.611,47.0,49.0,29.000,29.549,1757.0,1730.0,1153,5226,
24.4.2026,13:57:20.814,47.0,49.0,29.000,29.329,1758.0,1728.0,1153,5226,
24.4.2026,13:57:21.007,48.0,49.0,29.000,29.439,1755.0,1728.0,1153,5226,
24.4.2026,13:57:21.211,48.0,48.0,28.000,29.224,1758.0,1730.0,1153,5226,
24.4.2026,13:57:21.414,48.0,49.0,28.000,29.052,308.0,1730.0,1153,5226,
24.4.2026,13:57:21.618,47.0,49.0,29.000,28.956,306.0,1728.0,1153,5226,
24.4.2026,13:57:21.823,47.0,49.0,29.000,29.112,1749.0,1730.0,1153,5226,
24.4.2026,13:57:22.029,48.0,49.0,29.000,29.094,1757.0,1728.0,1153,5226,
24.4.2026,13:57:22.234,48.0,49.0,29.000,29.203,1757.0,1728.0,1153,5226,
24.4.2026,13:57:22.440,47.0,49.0,28.000,29.187,1758.0,1730.0,1153,5226,
24.4.2026,13:57:22.639,47.0,49.0,28.000,29.172,287.0,1728.0,1153,5226,
24.4.2026,13:57:22.847,47.0,49.0,29.000,29.005,1744.0,1730.0,1153,5226,
24.4.2026,13:57:23.048,47.0,49.0,28.000,29.217,1757.0,1730.0,1153,5226,
24.4.2026,13:57:23.252,48.0,49.0,28.000,29.118,296.0,1728.0,1153,5226,
24.4.2026,13:57:23.454,48.0,49.0,29.000,28.980,1758.0,1730.0,1153,5226,
24.4.2026,13:57:23.653,48.0,49.0,29.000,29.338,1758.0,1730.0,1153,5226,
24.4.2026,13:57:23.861,47.0,49.0,28.000,29.229,307.0,1728.0,1153,5226,
24.4.2026,13:57:24.065,48.0,49.0,29.000,29.180,1748.0,1730.0,1153,5226,
24.4.2026,13:57:24.269,48.0,49.0,29.000,29.133,1756.0,1728.0,1153,5226,
24.4.2026,13:57:24.457,48.0,49.0,29.000,29.133,1756.0,1728.0,1153,5226,
24.4.2026,13:57:24.677,48.0,49.0,28.000,29.001,1758.0,1730.0,1153,5226,
24.4.2026,13:57:24.880,48.0,49.0,28.000,28.785,305.0,1730.0,1153,5226,
24.4.2026,13:57:25.098,48.0,49.0,29.000,28.767,1757.0,1728.0,1153,5226,
24.4.2026,13:57:25.304,48.0,50.0,29.000,29.046,1745.0,1730.0,1153,5226,
24.4.2026,13:57:25.512,48.0,49.0,29.000,29.119,1756.0,1730.0,1153,5226,
24.4.2026,13:57:25.717,48.0,49.0,28.000,29.057,301.0,1730.0,1153,5226,
24.4.2026,13:57:25.921,47.0,49.0,29.000,28.967,1758.0,1730.0,1153,5226,
24.4.2026,13:57:26.124,48.0,49.0,29.000,29.261,1745.0,1728.0,1153,5226,
24.4.2026,13:57:26.324,48.0,49.0,29.000,29.083,284.0,1728.0,1153,5226,
24.4.2026,13:57:26.528,48.0,49.0,28.000,28.911,1758.0,1730.0,1153,5226,
24.4.2026,13:57:26.731,48.0,49.0,28.000,29.085,300.0,1728.0,1153,5226,
24.4.2026,13:57:26.937,48.0,49.0,28.000,28.826,298.0,1730.0,1153,5226,
24.4.2026,13:57:27.142,48.0,49.0,28.000,29.039,317.0,1728.0,1153,5226,
24.4.2026,13:57:27.353,48.0,49.0,28.000,28.956,282.0,1730.0,1153,5226,
24.4.2026,13:57:27.556,48.0,49.0,28.000,29.039,290.0,1730.0,1153,5226,
24.4.2026,13:57:27.764,48.0,49.0,28.000,29.033,1757.0,1728.0,1153,5226,
24.4.2026,13:57:27.975,48.0,49.0,28.000,28.881,306.0,1728.0,1153,5226,
24.4.2026,13:57:28.181,48.0,49.0,29.000,29.084,1758.0,1730.0,1153,5226,
24.4.2026,13:57:28.388,47.0,49.0,29.000,29.177,289.0,1730.0,1153,5226,
24.4.2026,13:57:28.596,48.0,49.0,29.000,29.087,313.0,1730.0,1153,5226,
24.4.2026,13:57:28.800,47.0,49.0,28.000,29.125,277.0,1728.0,1153,5226,
24.4.2026,13:57:29.002,48.0,49.0,29.000,29.317,1755.0,1728.0,1153,5226,
24.4.2026,13:57:29.203,49.0,49.0,29.000,29.235,1756.0,1728.0,1153,5226,
24.4.2026,13:57:29.404,48.0,49.0,29.000,28.997,1757.0,1728.0,1153,5226,
24.4.2026,13:57:29.614,48.0,49.0,29.000,29.271,305.0,1730.0,1153,5226,
24.4.2026,13:57:29.814,48.0,50.0,29.000,29.063,1757.0,1728.0,1153,5226,
24.4.2026,13:57:30.021,48.0,49.0,29.000,29.041,1757.0,1730.0,1153,5226,
24.4.2026,13:57:30.228,48.0,49.0,28.000,29.080,285.0,1728.0,1153,5226,
24.4.2026,13:57:30.433,48.0,49.0,29.000,29.219,1755.0,1730.0,1153,5226,
24.4.2026,13:57:30.636,48.0,49.0,29.000,29.039,1757.0,1730.0,1153,5226,
24.4.2026,13:57:30.841,48.0,49.0,28.000,28.981,270.0,1730.0,1153,5226,
24.4.2026,13:57:31.048,48.0,49.0,28.000,29.012,1758.0,1730.0,1153,5226,
24.4.2026,13:57:31.253,48.0,49.0,29.000,28.753,1757.0,1730.0,1153,5226,
24.4.2026,13:57:31.443,48.0,49.0,28.000,29.000,1758.0,1728.0,1153,5226,
24.4.2026,13:57:31.648,48.0,50.0,29.000,29.024,1758.0,1730.0,1153,5226,
24.4.2026,13:57:31.851,48.0,49.0,29.000,29.208,1758.0,1730.0,1153,5226,
24.4.2026,13:57:32.054,48.0,49.0,29.000,29.380,1758.0,1730.0,1153,5226,
24.4.2026,13:57:32.259,48.0,50.0,29.000,29.409,1758.0,1728.0,1153,5226,
24.4.2026,13:57:32.467,48.0,49.0,29.000,29.251,1758.0,1728.0,1153,5226,
24.4.2026,13:57:32.672,48.0,49.0,29.000,29.259,1758.0,1730.0,1153,5226,
24.4.2026,13:57:32.865,48.0,49.0,29.000,29.259,1758.0,1730.0,1153,5226,
24.4.2026,13:57:33.067,48.0,49.0,29.000,29.244,1757.0,1728.0,1153,5226,
24.4.2026,13:57:33.275,48.0,49.0,29.000,29.153,1758.0,1730.0,1153,5226,
24.4.2026,13:57:33.481,48.0,49.0,28.000,28.690,1753.0,1730.0,1153,5226,
24.4.2026,13:57:33.689,48.0,49.0,28.000,28.628,1757.0,1730.0,1153,5226,
24.4.2026,13:57:33.892,48.0,49.0,29.000,28.943,1758.0,1730.0,1153,5226,
24.4.2026,13:57:34.100,47.0,49.0,28.000,28.795,1758.0,1728.0,1153,5226,
24.4.2026,13:57:34.305,48.0,50.0,28.000,28.817,295.0,1730.0,1153,5226,
24.4.2026,13:57:34.512,48.0,49.0,28.000,28.934,281.0,1730.0,1153,5226,
24.4.2026,13:57:34.718,48.0,49.0,29.000,29.068,1754.0,1730.0,1153,5226,
24.4.2026,13:57:34.926,48.0,49.0,28.000,28.925,1756.0,1730.0,1153,5226,
24.4.2026,13:57:35.130,48.0,49.0,29.000,29.132,1757.0,1730.0,1153,5226,
24.4.2026,13:57:35.319,48.0,49.0,29.000,28.669,1758.0,1728.0,1153,5226,
24.4.2026,13:57:35.522,48.0,49.0,29.000,29.202,1758.0,1728.0,1153,5226,
24.4.2026,13:57:35.732,48.0,49.0,28.000,29.340,276.0,1730.0,1153,5226,
24.4.2026,13:57:35.927,48.0,49.0,28.000,29.157,256.0,1730.0,1153,5226,
24.4.2026,13:57:36.128,48.0,49.0,29.000,29.266,1757.0,1728.0,1153,5226,
24.4.2026,13:57:36.344,48.0,49.0,29.000,29.461,1758.0,1728.0,1153,5226,
24.4.2026,13:57:36.549,48.0,49.0,28.000,29.200,1677.0,1730.0,1153,5226,
24.4.2026,13:57:36.752,48.0,50.0,28.000,29.155,274.0,1730.0,1153,5226,
24.4.2026,13:57:36.956,47.0,50.0,28.000,29.011,304.0,1730.0,1153,5226,
24.4.2026,13:57:37.145,48.0,50.0,29.000,29.083,1757.0,1730.0,1153,5226,
24.4.2026,13:57:37.348,49.0,50.0,29.000,29.122,1758.0,1730.0,1153,5226,
24.4.2026,13:57:37.553,48.0,49.0,29.000,29.245,1758.0,1728.0,1153,5226,
24.4.2026,13:57:37.757,48.0,49.0,29.000,29.387,297.0,1730.0,1153,5226,
24.4.2026,13:57:37.964,48.0,49.0,29.000,29.367,1758.0,1730.0,1153,5226,
24.4.2026,13:57:38.189,48.0,49.0,29.000,29.159,251.0,1730.0,1153,5226,
24.4.2026,13:57:38.364,48.0,49.0,29.000,29.212,1757.0,1730.0,1153,5226,
24.4.2026,13:57:38.567,48.0,49.0,29.000,29.179,1758.0,1730.0,1153,5226,
24.4.2026,13:57:38.770,48.0,50.0,29.000,29.283,1758.0,1728.0,1153,5226,
24.4.2026,13:57:38.976,48.0,49.0,28.000,29.091,1758.0,1728.0,1153,5226,
24.4.2026,13:57:39.178,48.0,49.0,29.000,29.080,1723.0,1728.0,1153,5226,
24.4.2026,13:57:39.382,48.0,49.0,29.000,29.389,257.0,1728.0,1153,5226,
24.4.2026,13:57:39.588,49.0,50.0,30.000,29.342,1756.0,1728.0,1153,5226,
24.4.2026,13:57:39.792,48.0,49.0,29.000,29.519,1757.0,1728.0,1153,5226,
24.4.2026,13:57:40.000,47.0,49.0,29.000,29.424,1757.0,1728.0,1153,5226,
24.4.2026,13:57:40.205,48.0,49.0,29.000,29.461,1757.0,1730.0,1153,5226,
24.4.2026,13:57:40.408,49.0,50.0,29.000,29.299,290.0,1730.0,1153,5226,
24.4.2026,13:57:40.614,48.0,49.0,28.000,29.185,260.0,1730.0,1153,5226,
24.4.2026,13:57:40.820,48.0,50.0,30.000,29.313,1755.0,1730.0,1153,5226,
24.4.2026,13:57:41.027,48.0,49.0,29.000,29.405,1757.0,1730.0,1153,5226,
24.4.2026,13:57:41.256,48.0,49.0,30.000,29.153,1757.0,1730.0,1153,5226,
24.4.2026,13:57:41.434,48.0,49.0,28.000,29.494,292.0,1730.0,1153,5226,
24.4.2026,13:57:41.640,48.0,50.0,29.000,29.329,265.0,1728.0,1153,5226,
24.4.2026,13:57:41.845,48.0,50.0,29.000,29.373,1756.0,1728.0,1153,5226,
24.4.2026,13:57:42.050,48.0,50.0,29.000,29.331,1756.0,1730.0,1153,5226,
24.4.2026,13:57:42.243,48.0,50.0,29.000,29.408,1758.0,1730.0,1153,5226,
24.4.2026,13:57:42.450,48.0,49.0,29.000,29.261,1757.0,1728.0,1153,5226,
24.4.2026,13:57:42.652,48.0,50.0,29.000,29.144,298.0,1730.0,1153,5226,
24.4.2026,13:57:42.860,48.0,49.0,29.000,29.285,282.0,1728.0,1153,5226,
24.4.2026,13:57:43.063,48.0,49.0,29.000,29.286,1749.0,1730.0,1153,5226,
24.4.2026,13:57:43.270,48.0,49.0,29.000,29.216,283.0,1730.0,1153,5226,
24.4.2026,13:57:43.476,48.0,49.0,29.000,29.371,1757.0,1730.0,1153,5226,
24.4.2026,13:57:43.682,48.0,49.0,29.000,29.315,1757.0,1728.0,1153,5226,
24.4.2026,13:57:43.889,48.0,49.0,30.000,29.335,1757.0,1730.0,1153,5226,
24.4.2026,13:57:44.091,48.0,49.0,29.000,29.948,1757.0,1728.0,1153,5226,
24.4.2026,13:57:44.297,48.0,49.0,30.000,30.014,1757.0,1728.0,1153,5226,
24.4.2026,13:57:44.500,48.0,49.0,29.000,29.793,1757.0,1728.0,1153,5226,
24.4.2026,13:57:44.704,48.0,50.0,30.000,29.869,1757.0,1730.0,1153,5226,
24.4.2026,13:57:44.909,48.0,50.0,30.000,29.861,1757.0,1728.0,1153,5226,
24.4.2026,13:57:45.097,48.0,50.0,29.000,29.877,1757.0,1730.0,1153,5226,
24.4.2026,13:57:45.300,48.0,49.0,29.000,29.969,1757.0,1728.0,1153,5226,
24.4.2026,13:57:45.522,48.0,50.0,29.000,29.871,1757.0,1730.0,1153,5226,
24.4.2026,13:57:45.726,48.0,49.0,29.000,29.538,1757.0,1730.0,1153,5226,
24.4.2026,13:57:45.933,48.0,50.0,30.000,29.388,1757.0,1730.0,1153,5226,
24.4.2026,13:57:46.137,48.0,49.0,30.000,29.692,1723.0,1728.0,1153,5226,
24.4.2026,13:57:46.344,48.0,50.0,29.000,29.929,241.0,1730.0,1153,5226,
24.4.2026,13:57:46.551,48.0,49.0,29.000,29.600,289.0,1728.0,1153,5226,
24.4.2026,13:57:46.757,48.0,49.0,30.000,29.513,1757.0,1730.0,1153,5226,
24.4.2026,13:57:46.965,48.0,50.0,29.000,29.397,1756.0,1730.0,1153,5226,
24.4.2026,13:57:47.164,48.0,50.0,29.000,29.501,1757.0,1730.0,1153,5226,
24.4.2026,13:57:47.365,48.0,50.0,29.000,29.494,264.0,1730.0,1153,5226,
24.4.2026,13:57:47.568,48.0,49.0,29.000,29.390,279.0,1730.0,1153,5226,
24.4.2026,13:57:47.773,48.0,50.0,29.000,29.250,269.0,1730.0,1153,5226,
24.4.2026,13:57:47.978,48.0,49.0,29.000,29.312,1756.0,1728.0,1153,5226,
24.4.2026,13:57:48.185,48.0,50.0,28.000,29.123,291.0,1730.0,1153,5226,
24.4.2026,13:57:48.391,48.0,50.0,29.000,29.105,1757.0,1728.0,1153,5226,
24.4.2026,13:57:48.596,48.0,49.0,29.000,29.487,1757.0,1730.0,1153,5226,
24.4.2026,13:57:48.792,48.0,49.0,28.000,29.415,265.0,1730.0,1153,5226,
24.4.2026,13:57:48.995,48.0,50.0,29.000,29.168,1723.0,1730.0,1153,5226,
24.4.2026,13:57:49.200,48.0,49.0,28.000,29.437,271.0,1728.0,1153,5226,
24.4.2026,13:57:49.403,48.0,50.0,29.000,29.179,1756.0,1728.0,1153,5226,
24.4.2026,13:57:49.604,48.0,50.0,28.000,29.105,1757.0,1730.0,1153,5226,
24.4.2026,13:57:49.806,48.0,49.0,28.000,29.034,305.0,1728.0,1153,5226,
24.4.2026,13:57:50.006,48.0,49.0,29.000,29.206,1743.0,1728.0,1153,5226,
24.4.2026,13:57:50.208,48.0,49.0,29.000,29.149,302.0,1730.0,1153,5226,
24.4.2026,13:57:50.411,48.0,50.0,29.000,29.104,1758.0,1730.0,1153,5226,
24.4.2026,13:57:50.615,49.0,50.0,28.000,29.200,1758.0,1730.0,1153,5226,
24.4.2026,13:57:50.822,48.0,50.0,28.000,29.070,285.0,1730.0,1153,5226,
24.4.2026,13:57:51.026,48.0,49.0,28.000,28.846,1739.0,1730.0,1153,5226,
24.4.2026,13:57:51.234,48.0,49.0,28.000,28.931,257.0,1730.0,1153,5226,
24.4.2026,13:57:51.441,48.0,49.0,29.000,28.827,1757.0,1730.0,1153,5226,
24.4.2026,13:57:51.629,48.0,49.0,28.000,29.015,295.0,1730.0,1153,5226,
24.4.2026,13:57:51.833,48.0,49.0,28.000,28.838,297.0,1728.0,1153,5226,
24.4.2026,13:57:52.039,48.0,49.0,29.000,28.937,1757.0,1730.0,1153,5226,
24.4.2026,13:57:52.245,49.0,50.0,29.000,29.159,280.0,1728.0,1153,5226,
24.4.2026,13:57:52.449,48.0,49.0,29.000,29.069,1746.0,1730.0,1153,5226,
24.4.2026,13:57:52.656,49.0,50.0,29.000,29.136,1757.0,1730.0,1153,5226,
24.4.2026,13:57:52.862,48.0,49.0,29.000,28.674,1757.0,1730.0,1153,5226,
24.4.2026,13:57:53.052,48.0,49.0,29.000,29.339,1757.0,1730.0,1153,5226,
24.4.2026,13:57:53.259,48.0,49.0,28.000,29.149,298.0,1728.0,1153,5226,
24.4.2026,13:57:53.462,48.0,50.0,29.000,29.411,1729.0,1730.0,1153,5226,
24.4.2026,13:57:53.666,48.0,49.0,29.000,29.324,1751.0,1730.0,1153,5226,
24.4.2026,13:57:53.874,48.0,50.0,29.000,29.238,1756.0,1728.0,1153,5226,
24.4.2026,13:57:54.079,48.0,49.0,29.000,29.435,1758.0,1728.0,1153,5226,
24.4.2026,13:57:54.282,48.0,50.0,29.000,29.663,322.0,1728.0,1153,5226,
24.4.2026,13:57:54.486,48.0,50.0,29.000,29.176,1758.0,1728.0,1153,5226,
24.4.2026,13:57:54.690,48.0,50.0,29.000,29.277,299.0,1728.0,1153,5226,
24.4.2026,13:57:54.882,49.0,49.0,28.000,29.386,251.0,1730.0,1153,5226,
24.4.2026,13:57:55.081,49.0,49.0,28.000,29.005,288.0,1728.0,1153,5226,
24.4.2026,13:57:55.288,49.0,50.0,29.000,29.131,1757.0,1728.0,1153,5226,
24.4.2026,13:57:55.495,48.0,49.0,29.000,29.465,1757.0,1730.0,1153,5226,
24.4.2026,13:57:55.696,48.0,50.0,28.000,29.320,295.0,1730.0,1153,5226,
24.4.2026,13:57:55.909,48.0,49.0,28.000,29.322,303.0,1730.0,1153,5226,
24.4.2026,13:57:56.111,48.0,50.0,29.000,29.714,1758.0,1730.0,1153,5226,
24.4.2026,13:57:56.317,49.0,50.0,29.000,29.480,1758.0,1730.0,1153,5226,
24.4.2026,13:57:56.505,48.0,50.0,29.000,29.450,1758.0,1730.0,1153,5226,
24.4.2026,13:57:56.710,49.0,50.0,29.000,29.643,1757.0,1730.0,1153,5226,
24.4.2026,13:57:56.920,49.0,50.0,29.000,29.696,1758.0,1730.0,1153,5226,
24.4.2026,13:57:57.123,48.0,50.0,29.000,29.605,1757.0,1728.0,1153,5226,
24.4.2026,13:57:57.328,49.0,49.0,29.000,29.587,1758.0,1728.0,1153,5226,
24.4.2026,13:57:57.532,49.0,50.0,29.000,29.700,291.0,1730.0,1153,5226,
24.4.2026,13:57:57.735,48.0,50.0,29.000,29.209,1755.0,1730.0,1153,5226,
24.4.2026,13:57:57.931,48.0,50.0,29.000,29.209,1755.0,1730.0,1153,5226,
24.4.2026,13:57:58.131,49.0,50.0,29.000,29.225,1757.0,1728.0,1153,5226,
24.4.2026,13:57:58.332,48.0,50.0,29.000,29.498,1758.0,1728.0,1153,5226,
24.4.2026,13:57:58.540,48.0,50.0,29.000,29.422,1757.0,1730.0,1153,5226,
24.4.2026,13:57:58.749,49.0,50.0,28.000,29.259,274.0,1730.0,1153,5226,
24.4.2026,13:57:58.953,48.0,49.0,28.000,28.969,261.0,1728.0,1153,5226,
24.4.2026,13:57:59.146,49.0,50.0,29.000,29.311,1752.0,1730.0,1153,5226,
24.4.2026,13:57:59.349,48.0,50.0,29.000,29.411,1756.0,1730.0,1153,5226,
24.4.2026,13:57:59.553,49.0,50.0,28.000,29.297,253.0,1730.0,1153,5226,
24.4.2026,13:57:59.761,49.0,50.0,28.000,29.195,1758.0,1730.0,1153,5226,
24.4.2026,13:57:59.962,48.0,50.0,29.000,29.473,308.0,1730.0,1153,5226,
24.4.2026,13:58:0.167,49.0,50.0,29.000,29.237,283.0,1728.0,1153,5226,
24.4.2026,13:58:0.371,48.0,50.0,28.000,29.239,222.0,1730.0,1153,5226,
24.4.2026,13:58:0.575,48.0,50.0,28.000,29.140,262.0,1730.0,1153,5226,
24.4.2026,13:58:0.778,49.0,50.0,28.000,29.185,243.0,1728.0,1153,5226,
24.4.2026,13:58:0.982,49.0,50.0,29.000,29.097,1750.0,1730.0,1153,5226,
24.4.2026,13:58:1.181,49.0,50.0,29.000,29.378,1753.0,1730.0,1153,5226,
24.4.2026,13:58:1.387,48.0,50.0,29.000,29.005,1756.0,1728.0,1153,5226,
24.4.2026,13:58:1.593,48.0,50.0,29.000,29.004,1756.0,1728.0,1153,5226,
24.4.2026,13:58:1.805,49.0,50.0,29.000,29.334,1758.0,1730.0,1153,5226,
24.4.2026,13:58:2.012,49.0,50.0,29.000,29.308,285.0,1730.0,1153,5226,
24.4.2026,13:58:2.215,49.0,50.0,29.000,29.160,1757.0,1730.0,1153,5226,
24.4.2026,13:58:2.423,48.0,50.0,29.000,28.866,1756.0,1730.0,1153,5226,
24.4.2026,13:58:2.613,48.0,50.0,28.000,29.009,287.0,1730.0,1153,5226,
24.4.2026,13:58:2.818,48.0,49.0,28.000,28.820,1757.0,1730.0,1153,5226,
24.4.2026,13:58:3.024,48.0,50.0,29.000,28.955,1757.0,1728.0,1153,5226,
24.4.2026,13:58:3.228,49.0,50.0,28.000,29.100,287.0,1728.0,1153,5226,
24.4.2026,13:58:3.433,48.0,50.0,28.000,29.050,246.0,1730.0,1153,5226,
24.4.2026,13:58:3.633,49.0,50.0,29.000,29.042,1747.0,1730.0,1153,5226,
24.4.2026,13:58:3.834,49.0,49.0,27.000,29.045,186.0,1730.0,1153,5226,
24.4.2026,13:58:4.039,48.0,50.0,28.000,28.760,294.0,1728.0,1153,5226,
24.4.2026,13:58:4.247,48.0,50.0,29.000,28.996,1755.0,1730.0,1153,5226,
24.4.2026,13:58:4.450,49.0,50.0,29.000,29.099,1757.0,1730.0,1153,5226,
24.4.2026,13:58:4.654,48.0,50.0,28.000,29.190,292.0,1730.0,1153,5226,
24.4.2026,13:58:4.857,49.0,50.0,28.000,28.891,289.0,1728.0,1153,5226,
24.4.2026,13:58:5.062,48.0,49.0,28.000,28.937,292.0,1728.0,1153,5226,
24.4.2026,13:58:5.269,48.0,49.0,28.000,28.856,1753.0,1730.0,1153,5226,
24.4.2026,13:58:5.458,48.0,50.0,29.000,28.671,1756.0,1728.0,1153,5226,
24.4.2026,13:58:5.663,49.0,50.0,29.000,29.087,1758.0,1728.0,1153,5226,
24.4.2026,13:58:5.871,48.0,50.0,29.000,28.958,1758.0,1728.0,1153,5226,
24.4.2026,13:58:6.075,49.0,50.0,29.000,29.030,1757.0,1730.0,1153,5226,
24.4.2026,13:58:6.281,48.0,50.0,29.000,28.962,1737.0,1728.0,1153,5226,
24.4.2026,13:58:6.486,48.0,49.0,29.000,29.122,1751.0,1728.0,1153,5226,
24.4.2026,13:58:6.679,48.0,50.0,29.000,29.006,1757.0,1730.0,1153,5226,
24.4.2026,13:58:6.881,48.0,49.0,28.000,29.057,1757.0,1730.0,1153,5226,
24.4.2026,13:58:7.089,48.0,50.0,29.000,29.013,305.0,1730.0,1153,5226,
24.4.2026,13:58:7.303,49.0,50.0,29.000,29.364,1739.0,1730.0,1153,5226,
24.4.2026,13:58:7.501,48.0,50.0,29.000,29.116,1748.0,1730.0,1153,5226,
24.4.2026,13:58:7.705,49.0,50.0,29.000,29.197,1756.0,1730.0,1153,5226,
24.4.2026,13:58:7.928,48.0,50.0,29.000,29.291,1758.0,1730.0,1153,5226,
24.4.2026,13:58:8.106,49.0,50.0,29.000,29.161,1758.0,1728.0,1153,5226,
24.4.2026,13:58:8.309,48.0,50.0,29.000,29.348,1757.0,1730.0,1153,5226,
24.4.2026,13:58:8.510,48.0,50.0,29.000,29.470,1757.0,1728.0,1153,5226,
24.4.2026,13:58:8.719,48.0,50.0,29.000,29.477,1758.0,1730.0,1153,5226,
24.4.2026,13:58:8.922,48.0,50.0,29.000,29.551,1758.0,1730.0,1153,5226,
24.4.2026,13:58:9.114,48.0,50.0,29.000,29.435,1758.0,1728.0,1153,5226,
24.4.2026,13:58:9.320,48.0,50.0,29.000,29.649,1757.0,1730.0,1153,5226,
24.4.2026,13:58:9.524,49.0,50.0,29.000,29.640,1757.0,1730.0,1153,5226,
24.4.2026,13:58:9.730,48.0,50.0,29.000,29.736,1758.0,1730.0,1153,5226,
24.4.2026,13:58:9.934,49.0,50.0,28.000,29.256,268.0,1730.0,1153,5226,
24.4.2026,13:58:10.138,49.0,50.0,28.000,28.986,275.0,1728.0,1153,5226,
24.4.2026,13:58:10.344,48.0,50.0,29.000,29.087,309.0,1730.0,1153,5226,
24.4.2026,13:58:10.549,48.0,50.0,29.000,29.253,1757.0,1730.0,1153,5226,
24.4.2026,13:58:10.741,49.0,50.0,29.000,29.245,309.0,1730.0,1153,5226,
24.4.2026,13:58:10.946,49.0,50.0,28.000,29.075,1729.0,1728.0,1153,5226,
24.4.2026,13:58:11.151,49.0,50.0,28.000,28.921,1750.0,1728.0,1153,5226,
24.4.2026,13:58:11.352,49.0,50.0,29.000,28.905,1757.0,1728.0,1153,5226,
24.4.2026,13:58:11.559,49.0,50.0,28.000,29.167,1757.0,1728.0,1153,5226,
24.4.2026,13:58:11.765,49.0,50.0,28.000,28.892,1757.0,1730.0,1153,5226,
24.4.2026,13:58:11.972,49.0,50.0,29.000,28.799,1758.0,1730.0,1153,5226,
24.4.2026,13:58:12.172,49.0,50.0,28.000,28.849,1756.0,1730.0,1153,5226,
24.4.2026,13:58:12.375,48.0,50.0,29.000,29.150,1758.0,1728.0,1153,5226,
24.4.2026,13:58:12.580,48.0,50.0,28.000,29.080,1758.0,1730.0,1153,5226,
24.4.2026,13:58:12.784,49.0,50.0,28.000,28.902,283.0,1728.0,1153,5226,
24.4.2026,13:58:12.976,49.0,50.0,29.000,29.076,1758.0,1730.0,1153,5226,
24.4.2026,13:58:13.180,49.0,50.0,29.000,29.102,1749.0,1730.0,1153,5226,
24.4.2026,13:58:13.387,49.0,50.0,29.000,29.317,297.0,1730.0,1153,5226,
24.4.2026,13:58:13.592,48.0,50.0,29.000,29.292,291.0,1730.0,1153,5226,
24.4.2026,13:58:13.796,49.0,50.0,29.000,29.269,1754.0,1730.0,1153,5226,
24.4.2026,13:58:13.998,48.0,50.0,29.000,29.530,1756.0,1728.0,1153,5226,
24.4.2026,13:58:14.197,49.0,50.0,29.000,29.588,1757.0,1730.0,1153,5226,
24.4.2026,13:58:14.403,49.0,50.0,29.000,29.456,1756.0,1728.0,1153,5226,
24.4.2026,13:58:14.610,48.0,50.0,29.000,29.416,299.0,1730.0,1153,5226,
24.4.2026,13:58:14.802,48.0,50.0,29.000,29.506,313.0,1730.0,1153,5226,
24.4.2026,13:58:15.009,48.0,49.0,29.000,29.532,1742.0,1730.0,1153,5226,
24.4.2026,13:58:15.211,48.0,50.0,29.000,29.556,1756.0,1728.0,1153,5226,
24.4.2026,13:58:15.415,48.0,49.0,29.000,29.608,1757.0,1730.0,1153,5226,
24.4.2026,13:58:15.622,49.0,50.0,29.000,29.414,1758.0,1728.0,1153,5226,
24.4.2026,13:58:15.824,49.0,50.0,29.000,28.953,1757.0,1730.0,1153,5226,
24.4.2026,13:58:16.031,48.0,49.0,28.000,29.380,267.0,1728.0,1153,5226,
24.4.2026,13:58:16.237,49.0,50.0,29.000,29.616,1749.0,1730.0,1153,5226,
24.4.2026,13:58:16.429,48.0,50.0,29.000,29.529,1757.0,1730.0,1153,5226,
24.4.2026,13:58:16.634,49.0,50.0,29.000,29.673,278.0,1730.0,1153,5226,
24.4.2026,13:58:16.838,48.0,50.0,29.000,29.522,300.0,1730.0,1153,5226,
24.4.2026,13:58:17.044,49.0,50.0,28.000,29.284,273.0,1730.0,1153,5226,
24.4.2026,13:58:17.243,49.0,50.0,29.000,29.045,288.0,1730.0,1153,5226,
24.4.2026,13:58:17.451,48.0,49.0,29.000,29.460,1757.0,1730.0,1153,5226,
24.4.2026,13:58:17.657,49.0,50.0,29.000,29.634,294.0,1728.0,1153,5226,
24.4.2026,13:58:17.874,49.0,50.0,29.000,29.766,291.0,1728.0,1153,5226,
24.4.2026,13:58:18.076,48.0,50.0,29.000,29.595,268.0,1730.0,1153,5226,
24.4.2026,13:58:18.285,48.0,50.0,29.000,29.706,1756.0,1730.0,1153,5226,
24.4.2026,13:58:18.487,48.0,50.0,29.000,29.633,1757.0,1728.0,1153,5226,
24.4.2026,13:58:18.696,48.0,50.0,29.000,29.748,1757.0,1728.0,1153,5226,
24.4.2026,13:58:18.880,48.0,50.0,29.000,29.748,1757.0,1728.0,1153,5226,
24.4.2026,13:58:19.097,48.0,50.0,29.000,29.603,1755.0,1730.0,1153,5226,
24.4.2026,13:58:19.317,49.0,50.0,29.000,29.481,1756.0,1728.0,1153,5226,
24.4.2026,13:58:19.520,48.0,51.0,29.000,29.578,1757.0,1730.0,1153,5226,
24.4.2026,13:58:19.728,49.0,50.0,29.000,29.838,284.0,1730.0,1153,5226,
24.4.2026,13:58:19.936,48.0,50.0,29.000,29.607,1746.0,1730.0,1153,5226,
24.4.2026,13:58:20.140,48.0,50.0,29.000,29.773,281.0,1730.0,1153,5226,
24.4.2026,13:58:20.342,49.0,50.0,30.000,29.793,1757.0,1730.0,1153,5226,
24.4.2026,13:58:20.546,48.0,50.0,30.000,30.068,1757.0,1728.0,1153,5226,
24.4.2026,13:58:20.752,48.0,50.0,30.000,30.091,1758.0,1730.0,1153,5226,
24.4.2026,13:58:20.943,48.0,50.0,29.000,30.082,1758.0,1730.0,1153,5226,
24.4.2026,13:58:21.150,48.0,50.0,29.000,29.840,1757.0,1728.0,1153,5226,
24.4.2026,13:58:21.354,49.0,50.0,30.000,29.956,1757.0,1730.0,1153,5226,
24.4.2026,13:58:21.557,49.0,50.0,30.000,30.184,1757.0,1730.0,1153,5226,
24.4.2026,13:58:21.761,49.0,50.0,29.000,30.089,1758.0,1730.0,1153,5226,
24.4.2026,13:58:21.971,49.0,50.0,29.000,29.811,1757.0,1728.0,1153,5226,
24.4.2026,13:58:22.173,48.0,50.0,29.000,29.703,296.0,1728.0,1153,5226,
24.4.2026,13:58:22.377,49.0,50.0,29.000,29.738,267.0,1730.0,1153,5226,
24.4.2026,13:58:22.567,49.0,50.0,29.000,29.738,267.0,1730.0,1153,5226,
24.4.2026,13:58:22.769,48.0,50.0,29.000,29.691,1745.0,1730.0,1153,5226,
24.4.2026,13:58:22.974,48.0,50.0,29.000,29.555,1755.0,1728.0,1153,5226,
24.4.2026,13:58:23.179,49.0,50.0,29.000,29.796,1758.0,1730.0,1153,5226,
24.4.2026,13:58:23.385,49.0,50.0,29.000,29.571,307.0,1730.0,1153,5226,
24.4.2026,13:58:23.592,48.0,50.0,29.000,29.408,1757.0,1728.0,1153,5226,
24.4.2026,13:58:23.797,49.0,50.0,28.000,29.289,1675.0,1730.0,1153,5226,
24.4.2026,13:58:23.991,48.0,50.0,29.000,29.453,1753.0,1730.0,1153,5226,
24.4.2026,13:58:24.195,48.0,50.0,29.000,29.628,270.0,1730.0,1153,5226,
24.4.2026,13:58:24.398,48.0,50.0,29.000,29.614,278.0,1730.0,1153,5226,
24.4.2026,13:58:24.600,49.0,50.0,29.000,29.536,1758.0,1730.0,1153,5226,
24.4.2026,13:58:24.804,49.0,50.0,29.000,29.619,291.0,1730.0,1153,5226,
24.4.2026,13:58:25.008,49.0,50.0,29.000,29.530,1757.0,1730.0,1153,5226,
24.4.2026,13:58:25.211,49.0,50.0,29.000,29.488,1734.0,1730.0,1153,5226,
24.4.2026,13:58:25.420,49.0,49.0,28.000,29.009,267.0,1728.0,1153,5226,
24.4.2026,13:58:25.622,48.0,50.0,29.000,29.770,280.0,1730.0,1153,5226,
24.4.2026,13:58:25.822,49.0,50.0,30.000,29.843,1756.0,1728.0,1153,5226,
24.4.2026,13:58:26.027,49.0,50.0,29.000,29.746,1758.0,1730.0,1153,5226,
24.4.2026,13:58:26.233,48.0,50.0,29.000,29.646,281.0,1730.0,1153,5226,
24.4.2026,13:58:26.434,48.0,50.0,29.000,29.271,234.0,1730.0,1153,5226,
24.4.2026,13:58:26.633,49.0,50.0,29.000,29.288,275.0,1730.0,1153,5226,
24.4.2026,13:58:26.840,48.0,50.0,29.000,29.400,297.0,1730.0,1153,5226,
24.4.2026,13:58:27.040,48.0,50.0,29.000,29.752,1757.0,1730.0,1153,5226,
24.4.2026,13:58:27.242,48.0,50.0,29.000,29.841,286.0,1728.0,1153,5226,
24.4.2026,13:58:27.448,48.0,50.0,29.000,29.675,279.0,1730.0,1153,5226,
24.4.2026,13:58:27.653,48.0,50.0,29.000,29.656,297.0,1730.0,1153,5226,
24.4.2026,13:58:27.860,48.0,50.0,29.000,29.663,285.0,1730.0,1153,5226,
24.4.2026,13:58:28.062,48.0,50.0,29.000,29.642,1757.0,1730.0,1153,5226,
24.4.2026,13:58:28.266,49.0,51.0,29.000,29.789,1752.0,1730.0,1153,5226,
24.4.2026,13:58:28.459,49.0,50.0,29.000,29.561,1756.0,1728.0,1153,5226,
24.4.2026,13:58:28.667,49.0,50.0,29.000,29.580,280.0,1728.0,1153,5226,
24.4.2026,13:58:28.873,49.0,50.0,29.000,29.509,1757.0,1730.0,1153,5226,
24.4.2026,13:58:29.074,49.0,50.0,29.000,29.778,268.0,1730.0,1153,5226,
24.4.2026,13:58:29.276,49.0,50.0,29.000,29.437,1704.0,1728.0,1153,5226,
24.4.2026,13:58:29.482,49.0,50.0,29.000,29.525,278.0,1730.0,1153,5226,
24.4.2026,13:58:29.680,49.0,50.0,29.000,29.557,1751.0,1728.0,1153,5226,
24.4.2026,13:58:29.884,49.0,50.0,29.000,29.430,288.0,1728.0,1153,5226,
24.4.2026,13:58:30.085,49.0,50.0,29.000,29.372,1757.0,1730.0,1153,5226,
24.4.2026,13:58:30.289,49.0,50.0,29.000,29.225,288.0,1730.0,1153,5226,
24.4.2026,13:58:30.494,48.0,49.0,29.000,29.196,1758.0,1730.0,1153,5226,
24.4.2026,13:58:30.696,48.0,50.0,29.000,29.551,274.0,1732.0,1153,5226,
24.4.2026,13:58:30.899,48.0,50.0,30.000,29.335,1752.0,1728.0,1153,5226,
24.4.2026,13:58:31.101,49.0,50.0,29.000,29.614,294.0,1730.0,1153,5226,
24.4.2026,13:58:31.309,49.0,50.0,29.000,29.295,1758.0,1728.0,1153,5226,
24.4.2026,13:58:31.508,49.0,50.0,29.000,29.487,292.0,1730.0,1153,5226,
24.4.2026,13:58:31.711,49.0,50.0,29.000,29.684,1758.0,1728.0,1153,5226,
24.4.2026,13:58:31.918,49.0,50.0,29.000,29.646,1712.0,1730.0,1153,5226,
24.4.2026,13:58:32.122,49.0,50.0,29.000,29.607,1752.0,1730.0,1153,5226,
24.4.2026,13:58:32.326,48.0,50.0,29.000,29.538,1754.0,1730.0,1153,5226,
24.4.2026,13:58:32.523,48.0,50.0,30.000,29.814,1757.0,1728.0,1153,5226,
24.4.2026,13:58:32.728,49.0,51.0,30.000,29.844,1757.0,1728.0,1153,5226,
24.4.2026,13:58:32.933,49.0,50.0,30.000,29.893,1758.0,1728.0,1153,5226,
24.4.2026,13:58:33.137,49.0,50.0,29.000,29.718,1757.0,1728.0,1153,5226,
24.4.2026,13:58:33.341,49.0,50.0,30.000,29.833,1757.0,1730.0,1153,5226,
24.4.2026,13:58:33.548,49.0,50.0,29.000,29.964,1757.0,1730.0,1153,5226,
24.4.2026,13:58:33.753,48.0,50.0,30.000,29.839,1757.0,1730.0,1153,5226,
24.4.2026,13:58:33.943,49.0,51.0,30.000,29.863,1758.0,1730.0,1153,5226,
24.4.2026,13:58:34.149,49.0,50.0,29.000,29.940,278.0,1730.0,1153,5226,
24.4.2026,13:58:34.350,49.0,51.0,29.000,29.392,1756.0,1730.0,1153,5226,
24.4.2026,13:58:34.555,49.0,51.0,29.000,29.531,1758.0,1730.0,1153,5226,
24.4.2026,13:58:34.762,49.0,50.0,28.000,29.159,265.0,1730.0,1153,5226,
24.4.2026,13:58:34.965,48.0,50.0,29.000,29.575,1753.0,1730.0,1153,5226,
24.4.2026,13:58:35.169,49.0,50.0,29.000,29.447,1756.0,1730.0,1153,5226,
24.4.2026,13:58:35.372,49.0,51.0,29.000,29.647,1757.0,1728.0,1153,5226,
24.4.2026,13:58:35.576,49.0,51.0,29.000,29.414,1757.0,1730.0,1153,5226,
24.4.2026,13:58:35.782,49.0,50.0,29.000,29.684,1757.0,1728.0,1153,5226,
24.4.2026,13:58:35.987,49.0,50.0,29.000,29.531,1752.0,1730.0,1153,5226,
24.4.2026,13:58:36.177,49.0,50.0,29.000,29.359,1757.0,1730.0,1153,5226,
24.4.2026,13:58:36.393,49.0,51.0,29.000,29.545,1758.0,1730.0,1153,5226,
24.4.2026,13:58:36.592,49.0,50.0,29.000,29.613,295.0,1728.0,1153,5226,
24.4.2026,13:58:36.791,49.0,50.0,29.000,29.568,298.0,1730.0,1153,5226,
24.4.2026,13:58:36.996,49.0,50.0,30.000,29.803,1751.0,1730.0,1153,5226,
24.4.2026,13:58:37.196,48.0,50.0,29.000,29.840,1756.0,1728.0,1153,5226,
24.4.2026,13:58:37.403,48.0,50.0,29.000,29.622,1757.0,1728.0,1153,5226,
24.4.2026,13:58:37.609,48.0,50.0,29.000,29.463,295.0,1730.0,1153,5226,
24.4.2026,13:58:37.813,49.0,51.0,29.000,29.491,1758.0,1728.0,1153,5226,
24.4.2026,13:58:38.017,49.0,51.0,29.000,29.719,268.0,1730.0,1153,5226,
24.4.2026,13:58:38.221,49.0,50.0,29.000,29.744,1755.0,1730.0,1153,5226,
24.4.2026,13:58:38.426,49.0,50.0,29.000,29.610,1758.0,1728.0,1153,5226,
24.4.2026,13:58:38.629,48.0,50.0,29.000,29.496,1757.0,1728.0,1153,5226,
24.4.2026,13:58:38.837,48.0,51.0,29.000,29.571,291.0,1730.0,1153,5226,
24.4.2026,13:58:39.040,49.0,50.0,29.000,29.288,303.0,1730.0,1153,5226,
24.4.2026,13:58:39.240,49.0,50.0,29.000,29.415,295.0,1730.0,1153,5226,
24.4.2026,13:58:39.444,49.0,50.0,29.000,29.418,293.0,1730.0,1153,5226,
24.4.2026,13:58:39.646,48.0,50.0,29.000,29.655,1757.0,1730.0,1153,5226,
24.4.2026,13:58:39.850,49.0,50.0,29.000,29.493,299.0,1730.0,1153,5226,
24.4.2026,13:58:40.054,49.0,50.0,29.000,29.384,299.0,1730.0,1153,5226,
24.4.2026,13:58:40.260,49.0,50.0,29.000,29.824,1751.0,1730.0,1153,5226,
24.4.2026,13:58:40.465,49.0,51.0,29.000,29.827,1757.0,1730.0,1153,5226,
24.4.2026,13:58:40.670,49.0,50.0,29.000,29.240,1757.0,1728.0,1153,5226,
24.4.2026,13:58:40.875,49.0,50.0,29.000,29.502,1757.0,1730.0,1153,5226,
24.4.2026,13:58:41.103,49.0,51.0,29.000,29.417,1758.0,1730.0,1153,5226,
24.4.2026,13:58:41.281,48.0,50.0,28.000,29.193,269.0,1730.0,1153,5226,
24.4.2026,13:58:41.491,49.0,50.0,29.000,29.418,1746.0,1728.0,1153,5226,
24.4.2026,13:58:41.717,49.0,50.0,29.000,29.549,1757.0,1730.0,1153,5226,
24.4.2026,13:58:41.901,49.0,51.0,29.000,29.292,1758.0,1730.0,1153,5226,
24.4.2026,13:58:42.107,49.0,51.0,29.000,29.234,1758.0,1728.0,1153,5226,
24.4.2026,13:58:42.307,49.0,50.0,29.000,29.486,1758.0,1728.0,1153,5226,
24.4.2026,13:58:42.507,49.0,50.0,29.000,29.418,1756.0,1728.0,1153,5226,
24.4.2026,13:58:42.713,49.0,50.0,29.000,29.405,1758.0,1730.0,1153,5226,
24.4.2026,13:58:42.913,49.0,50.0,29.000,29.268,296.0,1730.0,1153,5226,
24.4.2026,13:58:43.119,49.0,50.0,29.000,29.498,1758.0,1730.0,1153,5226,
24.4.2026,13:58:43.324,49.0,50.0,29.000,29.178,1733.0,1730.0,1153,5226,
24.4.2026,13:58:43.527,49.0,51.0,29.000,29.330,1750.0,1730.0,1153,5226,
24.4.2026,13:58:43.729,49.0,51.0,29.000,29.468,298.0,1730.0,1153,5226,
24.4.2026,13:58:43.935,48.0,50.0,29.000,29.259,1757.0,1728.0,1153,5226,
24.4.2026,13:58:44.138,48.0,50.0,29.000,29.487,1758.0,1728.0,1153,5226,
24.4.2026,13:58:44.343,49.0,50.0,29.000,29.432,284.0,1730.0,1153,5226,
24.4.2026,13:58:44.550,49.0,50.0,29.000,29.256,294.0,1730.0,1153,5226,
24.4.2026,13:58:44.749,49.0,50.0,29.000,29.695,1758.0,1730.0,1153,5226,
24.4.2026,13:58:44.954,50.0,51.0,29.000,29.568,1758.0,1728.0,1153,5226,
24.4.2026,13:58:45.158,49.0,51.0,29.000,29.835,1757.0,1728.0,1153,5226,
24.4.2026,13:58:45.349,49.0,50.0,29.000,29.859,1757.0,1730.0,1153,5226,
24.4.2026,13:58:45.559,49.0,50.0,29.000,29.890,1758.0,1728.0,1153,5226,
24.4.2026,13:58:45.765,49.0,50.0,29.000,29.835,1758.0,1730.0,1153,5226,
24.4.2026,13:58:45.968,49.0,51.0,29.000,29.761,1758.0,1730.0,1153,5226,
24.4.2026,13:58:46.177,49.0,50.0,29.000,29.618,1757.0,1728.0,1153,5226,
24.4.2026,13:58:46.386,49.0,50.0,29.000,29.136,287.0,1730.0,1153,5226,
24.4.2026,13:58:46.588,49.0,51.0,29.000,29.434,275.0,1730.0,1153,5226,
24.4.2026,13:58:46.794,49.0,51.0,29.000,29.302,1756.0,1730.0,1153,5226,
24.4.2026,13:58:47.001,49.0,50.0,29.000,29.300,1757.0,1728.0,1153,5226,
24.4.2026,13:58:47.205,49.0,51.0,29.000,29.442,275.0,1728.0,1153,5226,
24.4.2026,13:58:47.409,49.0,50.0,29.000,29.553,1757.0,1730.0,1153,5226,
24.4.2026,13:58:47.599,49.0,51.0,29.000,29.521,306.0,1728.0,1153,5226,
24.4.2026,13:58:47.805,49.0,50.0,28.000,29.401,260.0,1730.0,1153,5226,
24.4.2026,13:58:48.008,49.0,50.0,29.000,29.249,283.0,1730.0,1153,5226,
24.4.2026,13:58:48.215,48.0,50.0,29.000,29.464,1753.0,1730.0,1153,5226,
24.4.2026,13:58:48.421,49.0,50.0,29.000,29.598,294.0,1730.0,1153,5226,
24.4.2026,13:58:48.620,49.0,50.0,29.000,29.602,1758.0,1730.0,1153,5226,
24.4.2026,13:58:48.825,49.0,50.0,29.000,29.730,280.0,1728.0,1153,5226,
24.4.2026,13:58:49.026,49.0,50.0,29.000,29.611,264.0,1728.0,1153,5226,
24.4.2026,13:58:49.226,49.0,50.0,29.000,29.453,285.0,1730.0,1153,5226,
24.4.2026,13:58:49.441,49.0,50.0,29.000,29.723,1756.0,1728.0,1153,5226,
24.4.2026,13:58:49.642,49.0,50.0,29.000,29.561,1756.0,1728.0,1153,5226,
24.4.2026,13:58:49.845,49.0,50.0,30.000,29.525,1757.0,1730.0,1153,5226,
24.4.2026,13:58:50.045,49.0,51.0,29.000,29.772,295.0,1730.0,1153,5226,
24.4.2026,13:58:50.248,49.0,51.0,29.000,29.613,1757.0,1730.0,1153,5226,
24.4.2026,13:58:50.454,49.0,50.0,29.000,29.721,278.0,1730.0,1153,5226,
24.4.2026,13:58:50.653,49.0,51.0,29.000,29.838,1753.0,1728.0,1153,5226,
24.4.2026,13:58:50.854,49.0,51.0,30.000,29.494,1755.0,1730.0,1153,5226,
24.4.2026,13:58:51.059,49.0,50.0,29.000,29.646,302.0,1728.0,1153,5226,
24.4.2026,13:58:51.262,49.0,50.0,29.000,29.513,1757.0,1730.0,1153,5226,
24.4.2026,13:58:51.465,49.0,50.0,29.000,29.734,267.0,1728.0,1153,5226,
24.4.2026,13:58:51.669,49.0,51.0,29.000,29.555,288.0,1728.0,1153,5226,
24.4.2026,13:58:51.876,49.0,50.0,29.000,29.383,307.0,1730.0,1153,5226,
24.4.2026,13:58:52.067,49.0,50.0,29.000,29.534,1757.0,1730.0,1153,5226,
24.4.2026,13:58:52.272,49.0,50.0,29.000,29.768,1757.0,1730.0,1153,5226,
24.4.2026,13:58:52.486,49.0,51.0,29.000,29.622,1757.0,1730.0,1153,5226,
24.4.2026,13:58:52.692,49.0,50.0,29.000,29.649,301.0,1730.0,1153,5226,
24.4.2026,13:58:52.891,49.0,50.0,29.000,29.359,1752.0,1728.0,1153,5226,
24.4.2026,13:58:53.100,49.0,51.0,29.000,29.672,1757.0,1728.0,1153,5226,
24.4.2026,13:58:53.306,49.0,50.0,29.000,29.220,1757.0,1730.0,1153,5226,
24.4.2026,13:58:53.510,49.0,51.0,29.000,29.621,1757.0,1730.0,1153,5226,
24.4.2026,13:58:53.718,49.0,51.0,30.000,29.871,1757.0,1730.0,1153,5226,
24.4.2026,13:58:53.922,49.0,50.0,30.000,29.925,1742.0,1730.0,1153,5226,
24.4.2026,13:58:54.125,49.0,51.0,29.000,29.562,1754.0,1728.0,1153,5226,
24.4.2026,13:58:54.332,49.0,50.0,29.000,29.611,1757.0,1730.0,1153,5226,
24.4.2026,13:58:54.539,49.0,50.0,29.000,29.250,1758.0,1730.0,1153,5226,
24.4.2026,13:58:54.739,49.0,50.0,29.000,29.419,1758.0,1730.0,1153,5226,
24.4.2026,13:58:54.944,49.0,50.0,29.000,29.406,1757.0,1728.0,1153,5226,
24.4.2026,13:58:55.148,49.0,50.0,28.000,29.534,1699.0,1730.0,1153,5226,
24.4.2026,13:58:55.349,49.0,50.0,29.000,29.384,282.0,1730.0,1153,5226,
24.4.2026,13:58:55.557,49.0,51.0,29.000,29.469,1757.0,1728.0,1153,5226,
24.4.2026,13:58:55.762,49.0,50.0,28.000,29.309,306.0,1730.0,1153,5226,
24.4.2026,13:58:55.963,49.0,50.0,29.000,29.353,1757.0,1730.0,1153,5226,
24.4.2026,13:58:56.168,50.0,51.0,29.000,29.533,1757.0,1728.0,1153,5226,
24.4.2026,13:58:56.371,49.0,51.0,29.000,29.510,1744.0,1730.0,1153,5226,
24.4.2026,13:58:56.574,49.0,50.0,29.000,29.859,1758.0,1728.0,1153,5226,
24.4.2026,13:58:56.777,49.0,51.0,29.000,29.867,1757.0,1728.0,1153,5226,
24.4.2026,13:58:56.984,49.0,51.0,30.000,29.981,1758.0,1728.0,1153,5226,
24.4.2026,13:58:57.187,50.0,51.0,30.000,30.199,1757.0,1730.0,1153,5226,
24.4.2026,13:58:57.393,50.0,50.0,30.000,30.129,1758.0,1728.0,1153,5226,
24.4.2026,13:58:57.582,49.0,51.0,29.000,30.050,1757.0,1730.0,1153,5226,
24.4.2026,13:58:57.789,49.0,50.0,30.000,30.078,1758.0,1728.0,1153,5226,
24.4.2026,13:58:57.991,49.0,51.0,30.000,30.065,1757.0,1730.0,1153,5226,
24.4.2026,13:58:58.193,50.0,50.0,29.000,29.862,1757.0,1728.0,1153,5226,
24.4.2026,13:58:58.399,49.0,51.0,29.000,29.388,1757.0,1728.0,1153,5226,
24.4.2026,13:58:58.606,49.0,50.0,28.000,29.173,281.0,1728.0,1153,5226,
24.4.2026,13:58:58.812,50.0,51.0,29.000,29.090,284.0,1730.0,1153,5226,
24.4.2026,13:58:59.020,49.0,51.0,29.000,29.191,299.0,1728.0,1153,5226,
24.4.2026,13:58:59.236,49.0,50.0,29.000,29.584,1755.0,1730.0,1153,5226,
24.4.2026,13:58:59.428,49.0,51.0,29.000,29.324,1756.0,1730.0,1153,5226,
24.4.2026,13:58:59.631,49.0,50.0,29.000,29.329,272.0,1730.0,1153,5226,
24.4.2026,13:58:59.837,49.0,51.0,29.000,29.403,1757.0,1730.0,1153,5226,
24.4.2026,13:59:0.050,49.0,50.0,29.000,29.558,292.0,1730.0,1153,5226,
24.4.2026,13:59:0.240,49.0,50.0,29.000,29.624,1757.0,1730.0,1153,5226,
24.4.2026,13:59:0.444,49.0,50.0,28.000,29.358,279.0,1730.0,1153,5226,
24.4.2026,13:59:0.649,49.0,50.0,28.000,29.184,279.0,1728.0,1153,5226,
24.4.2026,13:59:0.850,49.0,51.0,29.000,29.273,287.0,1730.0,1153,5226,
24.4.2026,13:59:1.054,49.0,51.0,29.000,29.684,1754.0,1730.0,1153,5226,
24.4.2026,13:59:1.256,49.0,50.0,29.000,29.733,1756.0,1730.0,1153,5226,
24.4.2026,13:59:1.461,49.0,50.0,29.000,29.576,1757.0,1730.0,1153,5226,
24.4.2026,13:59:1.670,49.0,51.0,29.000,29.615,285.0,1728.0,1153,5226,
24.4.2026,13:59:1.870,49.0,51.0,29.000,29.638,309.0,1728.0,1153,5226,
24.4.2026,13:59:2.077,49.0,50.0,29.000,29.692,311.0,1728.0,1153,5226,
24.4.2026,13:59:2.280,49.0,51.0,29.000,29.698,251.0,1730.0,1153,5226,
24.4.2026,13:59:2.485,49.0,51.0,29.000,29.801,284.0,1730.0,1153,5226,
24.4.2026,13:59:2.679,49.0,51.0,29.000,29.801,284.0,1730.0,1153,5226,
24.4.2026,13:59:2.891,49.0,51.0,29.000,29.872,1757.0,1730.0,1153,5226,
24.4.2026,13:59:3.084,49.0,50.0,29.000,29.650,280.0,1730.0,1153,5226,
24.4.2026,13:59:3.291,50.0,50.0,28.000,29.591,261.0,1730.0,1153,5226,
24.4.2026,13:59:3.497,49.0,50.0,29.000,29.685,272.0,1730.0,1153,5226,
24.4.2026,13:59:3.701,49.0,51.0,29.000,29.550,296.0,1728.0,1153,5226,
24.4.2026,13:59:3.906,49.0,51.0,29.000,29.529,291.0,1730.0,1153,5226,
24.4.2026,13:59:4.111,49.0,50.0,29.000,29.441,303.0,1728.0,1153,5226,
24.4.2026,13:59:4.317,49.0,50.0,29.000,29.605,1757.0,1728.0,1153,5226,
24.4.2026,13:59:4.506,49.0,51.0,29.000,29.789,1758.0,1730.0,1153,5226,
24.4.2026,13:59:4.709,49.0,50.0,29.000,29.411,1757.0,1730.0,1153,5226,
24.4.2026,13:59:4.917,49.0,50.0,29.000,29.415,272.0,1730.0,1153,5226,
24.4.2026,13:59:5.122,49.0,51.0,29.000,29.405,265.0,1728.0,1153,5226,
24.4.2026,13:59:5.335,49.0,50.0,28.000,29.357,261.0,1730.0,1153,5226,
24.4.2026,13:59:5.533,49.0,51.0,29.000,29.355,1755.0,1730.0,1153,5226,
24.4.2026,13:59:5.740,49.0,50.0,29.000,29.157,1755.0,1728.0,1153,5226,
24.4.2026,13:59:5.943,49.0,50.0,29.000,29.263,303.0,1730.0,1153,5226,
24.4.2026,13:59:6.147,49.0,51.0,29.000,29.077,301.0,1730.0,1153,5226,
24.4.2026,13:59:6.352,49.0,51.0,29.000,29.475,307.0,1730.0,1153,5226,
24.4.2026,13:59:6.555,50.0,51.0,29.000,29.389,1757.0,1730.0,1153,5226,
24.4.2026,13:59:6.757,49.0,51.0,29.000,29.501,1757.0,1728.0,1153,5226,
24.4.2026,13:59:6.966,49.0,51.0,29.000,29.414,301.0,1730.0,1153,5226,
24.4.2026,13:59:7.170,49.0,50.0,29.000,29.221,296.0,1730.0,1153,5226,
24.4.2026,13:59:7.379,49.0,51.0,29.000,29.266,1757.0,1728.0,1153,5226,
24.4.2026,13:59:7.583,49.0,51.0,29.000,29.373,1757.0,1728.0,1153,5226,
24.4.2026,13:59:7.802,49.0,51.0,28.000,29.197,281.0,1730.0,1153,5226,
24.4.2026,13:59:8.006,49.0,51.0,29.000,29.175,304.0,1730.0,1153,5226,
24.4.2026,13:59:8.213,49.0,51.0,29.000,29.184,1757.0,1730.0,1153,5226,
24.4.2026,13:59:8.415,49.0,51.0,28.000,28.926,293.0,1730.0,1153,5226,
24.4.2026,13:59:8.617,49.0,50.0,29.000,29.091,1758.0,1730.0,1153,5226,
24.4.2026,13:59:8.821,49.0,51.0,28.000,29.050,291.0,1728.0,1153,5226,
24.4.2026,13:59:9.024,50.0,51.0,29.000,29.043,1758.0,1728.0,1153,5226,
24.4.2026,13:59:9.229,49.0,51.0,29.000,29.411,1757.0,1730.0,1153,5226,
24.4.2026,13:59:9.434,49.0,50.0,29.000,29.617,1757.0,1730.0,1153,5226,
24.4.2026,13:59:9.639,49.0,51.0,29.000,29.853,1757.0,1730.0,1153,5226,
24.4.2026,13:59:9.837,49.0,50.0,29.000,29.893,1758.0,1728.0,1153,5226,
24.4.2026,13:59:10.041,49.0,51.0,29.000,29.784,1757.0,1728.0,1153,5226,
24.4.2026,13:59:10.247,49.0,51.0,29.000,29.768,1758.0,1730.0,1153,5226,
24.4.2026,13:59:10.449,50.0,51.0,29.000,29.859,1757.0,1728.0,1153,5226,
24.4.2026,13:59:10.653,50.0,51.0,29.000,29.487,1722.0,1730.0,1153,5226,
24.4.2026,13:59:10.861,49.0,51.0,28.000,29.248,233.0,1728.0,1153,5226,
24.4.2026,13:59:11.060,50.0,51.0,28.000,29.326,249.0,1730.0,1153,5226,
24.4.2026,13:59:11.268,49.0,51.0,29.000,29.436,1758.0,1730.0,1153,5226,
24.4.2026,13:59:11.472,49.0,51.0,29.000,29.393,1758.0,1730.0,1153,5226,
24.4.2026,13:59:11.678,49.0,50.0,29.000,29.402,1758.0,1728.0,1153,5226,
24.4.2026,13:59:11.885,49.0,51.0,28.000,29.314,258.0,1730.0,1153,5226,
24.4.2026,13:59:12.089,49.0,50.0,28.000,29.233,247.0,1730.0,1153,5226,
24.4.2026,13:59:12.291,50.0,51.0,27.000,29.204,244.0,1730.0,1153,5226,
24.4.2026,13:59:12.491,50.0,51.0,29.000,28.800,1756.0,1728.0,1153,5226,
24.4.2026,13:59:12.698,49.0,51.0,29.000,29.281,290.0,1728.0,1153,5226,
24.4.2026,13:59:12.899,50.0,50.0,29.000,29.360,297.0,1728.0,1153,5226,
24.4.2026,13:59:13.101,49.0,51.0,29.000,29.419,1758.0,1728.0,1153,5226,
24.4.2026,13:59:13.304,49.0,51.0,29.000,29.389,1742.0,1728.0,1153,5226,
24.4.2026,13:59:13.518,49.0,50.0,29.000,29.001,267.0,1730.0,1153,5226,
24.4.2026,13:59:13.721,49.0,51.0,29.000,29.125,1755.0,1730.0,1153,5226,
24.4.2026,13:59:13.932,49.0,51.0,29.000,29.370,1756.0,1730.0,1153,5226,
24.4.2026,13:59:14.132,49.0,50.0,29.000,29.053,1757.0,1728.0,1153,5226,
24.4.2026,13:59:14.335,49.0,51.0,28.000,29.058,304.0,1728.0,1153,5226,
24.4.2026,13:59:14.542,49.0,50.0,29.000,28.860,1757.0,1730.0,1153,5226,
24.4.2026,13:59:14.743,49.0,50.0,28.000,28.775,273.0,1730.0,1153,5226,
24.4.2026,13:59:14.949,50.0,51.0,28.000,28.617,289.0,1730.0,1153,5226,
24.4.2026,13:59:15.154,49.0,51.0,28.000,28.886,1756.0,1730.0,1153,5226,
24.4.2026,13:59:15.359,49.0,51.0,29.000,29.058,1757.0,1728.0,1153,5226,
24.4.2026,13:59:15.564,49.0,50.0,29.000,29.199,1757.0,1730.0,1153,5226,
24.4.2026,13:59:15.769,49.0,50.0,28.000,29.286,254.0,1728.0,1153,5226,
24.4.2026,13:59:15.961,49.0,51.0,29.000,29.232,290.0,1730.0,1153,5226,
24.4.2026,13:59:16.163,49.0,51.0,29.000,29.501,255.0,1730.0,1153,5226,
24.4.2026,13:59:16.372,49.0,51.0,28.000,29.032,275.0,1728.0,1153,5226,
24.4.2026,13:59:16.574,49.0,51.0,29.000,29.383,272.0,1728.0,1153,5226,
24.4.2026,13:59:16.779,50.0,51.0,28.000,29.265,269.0,1730.0,1153,5226,
24.4.2026,13:59:16.985,49.0,51.0,29.000,29.279,1757.0,1730.0,1153,5226,
24.4.2026,13:59:17.188,49.0,51.0,28.000,28.989,276.0,1730.0,1153,5226,
24.4.2026,13:59:17.394,49.0,51.0,29.000,29.087,1757.0,1730.0,1153,5226,
24.4.2026,13:59:17.598,49.0,51.0,29.000,29.396,303.0,1730.0,1153,5226,
24.4.2026,13:59:17.818,50.0,51.0,28.000,29.314,262.0,1730.0,1153,5226,
24.4.2026,13:59:18.025,49.0,51.0,29.000,29.487,272.0,1728.0,1153,5226,
24.4.2026,13:59:18.229,49.0,50.0,29.000,29.338,1757.0,1728.0,1153,5226,
24.4.2026,13:59:18.433,49.0,51.0,29.000,29.444,306.0,1728.0,1153,5226,
24.4.2026,13:59:18.643,49.0,50.0,29.000,29.464,1759.0,1728.0,1153,5226,
24.4.2026,13:59:18.846,50.0,50.0,29.000,29.685,1739.0,1730.0,1153,5226,
24.4.2026,13:59:19.048,49.0,50.0,29.000,29.322,1755.0,1728.0,1153,5226,
24.4.2026,13:59:19.250,49.0,51.0,29.000,29.461,1757.0,1728.0,1153,5226,
24.4.2026,13:59:19.443,49.0,51.0,28.000,29.214,295.0,1730.0,1153,5226,
24.4.2026,13:59:19.648,49.0,51.0,28.000,29.349,282.0,1730.0,1153,5226,
24.4.2026,13:59:19.854,49.0,51.0,28.000,29.205,296.0,1728.0,1153,5226,
24.4.2026,13:59:20.062,50.0,51.0,29.000,29.282,284.0,1730.0,1153,5226,
24.4.2026,13:59:20.265,49.0,51.0,28.000,29.212,280.0,1728.0,1153,5226,
24.4.2026,13:59:20.472,49.0,51.0,30.000,29.468,1752.0,1728.0,1153,5226,
24.4.2026,13:59:20.663,49.0,51.0,29.000,29.343,296.0,1728.0,1153,5226,
24.4.2026,13:59:20.872,50.0,51.0,29.000,29.197,1758.0,1730.0,1153,5226,
24.4.2026,13:59:21.079,50.0,51.0,29.000,29.448,1758.0,1730.0,1153,5226,
24.4.2026,13:59:21.280,49.0,51.0,30.000,29.497,1757.0,1730.0,1153,5226,
24.4.2026,13:59:21.493,49.0,51.0,30.000,29.793,1757.0,1730.0,1153,5226,
24.4.2026,13:59:21.691,50.0,51.0,30.000,29.641,1757.0,1728.0,1153,5226,
24.4.2026,13:59:21.896,49.0,51.0,30.000,29.867,1757.0,1730.0,1153,5226,
24.4.2026,13:59:22.108,50.0,51.0,30.000,29.574,1758.0,1728.0,1153,5226,
24.4.2026,13:59:22.314,50.0,51.0,30.000,29.570,1757.0,1730.0,1153,5226,
24.4.2026,13:59:22.530,49.0,51.0,29.000,29.694,1758.0,1730.0,1153,5226,
24.4.2026,13:59:22.708,49.0,51.0,28.000,29.434,284.0,1730.0,1153,5226,
24.4.2026,13:59:22.923,50.0,51.0,28.000,29.004,1758.0,1730.0,1153,5226,
24.4.2026,13:59:23.125,50.0,51.0,28.000,28.779,301.0,1728.0,1153,5226,
24.4.2026,13:59:23.331,49.0,51.0,29.000,29.050,1737.0,1728.0,1153,5226,
24.4.2026,13:59:23.564,49.0,51.0,29.000,29.111,1753.0,1730.0,1153,5226,
24.4.2026,13:59:23.737,50.0,51.0,29.000,29.133,1755.0,1728.0,1153,5226,
24.4.2026,13:59:23.954,49.0,51.0,29.000,29.552,1757.0,1730.0,1153,5226,
24.4.2026,13:59:24.159,49.0,51.0,28.000,29.288,290.0,1728.0,1153,5226,
24.4.2026,13:59:24.348,49.0,51.0,28.000,29.081,272.0,1730.0,1153,5226,
24.4.2026,13:59:24.555,49.0,51.0,29.000,29.171,268.0,1730.0,1153,5226,
24.4.2026,13:59:24.766,50.0,51.0,29.000,29.170,1756.0,1730.0,1153,5226,
24.4.2026,13:59:24.968,49.0,50.0,28.000,29.068,286.0,1728.0,1153,5226,
24.4.2026,13:59:25.171,50.0,51.0,28.000,29.059,306.0,1728.0,1153,5226,
24.4.2026,13:59:25.374,50.0,51.0,29.000,29.070,297.0,1728.0,1153,5226,
24.4.2026,13:59:25.579,49.0,51.0,29.000,29.209,285.0,1728.0,1153,5226,
24.4.2026,13:59:25.782,50.0,51.0,28.000,29.510,248.0,1730.0,1153,5226,
24.4.2026,13:59:25.988,50.0,51.0,29.000,29.250,1757.0,1730.0,1153,5226,
24.4.2026,13:59:26.193,50.0,51.0,28.000,29.109,1757.0,1728.0,1153,5226,
24.4.2026,13:59:26.394,50.0,51.0,28.000,28.890,299.0,1728.0,1153,5226,
24.4.2026,13:59:26.601,49.0,51.0,28.000,28.834,297.0,1730.0,1153,5226,
24.4.2026,13:59:26.806,50.0,51.0,28.000,28.917,273.0,1730.0,1153,5226,
24.4.2026,13:59:27.009,50.0,51.0,28.000,29.067,253.0,1730.0,1153,5226,
24.4.2026,13:59:27.209,49.0,51.0,28.000,28.886,306.0,1730.0,1153,5226,
24.4.2026,13:59:27.416,50.0,51.0,29.000,29.123,1757.0,1728.0,1153,5226,
24.4.2026,13:59:27.614,50.0,50.0,28.000,29.029,1757.0,1730.0,1153,5226,
24.4.2026,13:59:27.822,49.0,51.0,29.000,29.174,1729.0,1730.0,1153,5226,
24.4.2026,13:59:28.027,49.0,51.0,28.000,28.867,261.0,1730.0,1153,5226,
24.4.2026,13:59:28.232,49.0,51.0,29.000,28.785,297.0,1728.0,1153,5226,
24.4.2026,13:59:28.439,50.0,51.0,29.000,29.098,300.0,1730.0,1153,5226,
24.4.2026,13:59:28.644,49.0,51.0,29.000,29.173,288.0,1730.0,1153,5226,
24.4.2026,13:59:28.832,49.0,51.0,29.000,29.058,277.0,1730.0,1153,5226,
24.4.2026,13:59:29.037,49.0,51.0,29.000,29.236,1757.0,1730.0,1153,5226,
24.4.2026,13:59:29.243,49.0,51.0,29.000,29.336,1757.0,1730.0,1153,5226,
24.4.2026,13:59:29.445,49.0,51.0,29.000,29.461,295.0,1730.0,1153,5226,
24.4.2026,13:59:29.655,49.0,51.0,29.000,29.318,1753.0,1728.0,1153,5226,
24.4.2026,13:59:29.860,50.0,50.0,28.000,29.063,295.0,1730.0,1153,5226,
24.4.2026,13:59:30.051,50.0,51.0,29.000,28.997,291.0,1730.0,1153,5226,
24.4.2026,13:59:30.256,49.0,51.0,29.000,29.102,1757.0,1730.0,1153,5226,
24.4.2026,13:59:30.459,50.0,51.0,29.000,29.091,1758.0,1730.0,1153,5226,
24.4.2026,13:59:30.660,50.0,51.0,28.000,28.904,273.0,1730.0,1153,5226,
24.4.2026,13:59:30.865,50.0,51.0,29.000,29.137,300.0,1728.0,1153,5226,
24.4.2026,13:59:31.082,50.0,51.0,29.000,29.066,1753.0,1728.0,1153,5226,
24.4.2026,13:59:31.288,49.0,51.0,29.000,29.312,1757.0,1730.0,1153,5226,
24.4.2026,13:59:31.501,49.0,50.0,29.000,29.343,1757.0,1730.0,1153,5226,
24.4.2026,13:59:31.707,49.0,51.0,29.000,29.193,1736.0,1728.0,1153,5226,
24.4.2026,13:59:31.898,50.0,51.0,29.000,29.302,1754.0,1730.0,1153,5226,
24.4.2026,13:59:32.105,49.0,51.0,29.000,29.161,1757.0,1730.0,1153,5226,
24.4.2026,13:59:32.310,50.0,51.0,28.000,28.740,296.0,1730.0,1153,5226,
24.4.2026,13:59:32.512,49.0,51.0,29.000,29.003,1758.0,1730.0,1153,5226,
24.4.2026,13:59:32.716,49.0,51.0,29.000,28.825,1758.0,1728.0,1153,5226,
24.4.2026,13:59:32.921,49.0,51.0,28.000,28.677,1757.0,1730.0,1153,5226,
24.4.2026,13:59:33.120,50.0,51.0,28.000,28.928,1757.0,1728.0,1153,5226,
24.4.2026,13:59:33.325,50.0,51.0,29.000,29.347,1757.0,1728.0,1153,5226,
24.4.2026,13:59:33.531,50.0,51.0,29.000,29.589,1757.0,1730.0,1153,5226,
24.4.2026,13:59:33.737,49.0,51.0,30.000,29.762,1757.0,1730.0,1153,5226,
24.4.2026,13:59:33.927,50.0,51.0,29.000,29.731,1758.0,1728.0,1153,5226,
24.4.2026,13:59:34.144,49.0,51.0,29.000,29.859,1758.0,1728.0,1153,5226,
24.4.2026,13:59:34.364,49.0,51.0,30.000,29.804,1757.0,1730.0,1153,5226,
24.4.2026,13:59:34.568,49.0,51.0,30.000,29.939,1758.0,1728.0,1153,5226,
24.4.2026,13:59:34.783,49.0,51.0,29.000,29.475,274.0,1730.0,1153,5226,
24.4.2026,13:59:34.986,49.0,51.0,30.000,29.468,1757.0,1730.0,1153,5226,
24.4.2026,13:59:35.179,50.0,51.0,28.000,29.399,276.0,1730.0,1153,5226,
24.4.2026,13:59:35.385,49.0,51.0,29.000,29.140,1758.0,1728.0,1153,5226,
24.4.2026,13:59:35.589,49.0,51.0,29.000,29.275,301.0,1728.0,1153,5226,
24.4.2026,13:59:35.799,50.0,51.0,29.000,29.124,1738.0,1730.0,1153,5226,
24.4.2026,13:59:36.000,50.0,51.0,29.000,29.306,1754.0,1730.0,1153,5226,
24.4.2026,13:59:36.214,50.0,51.0,29.000,29.130,299.0,1728.0,1153,5226,
24.4.2026,13:59:36.396,50.0,51.0,29.000,29.127,1757.0,1730.0,1153,5226,
24.4.2026,13:59:36.598,50.0,51.0,29.000,29.008,1757.0,1730.0,1153,5226,
24.4.2026,13:59:36.815,50.0,51.0,28.000,29.103,267.0,1730.0,1153,5226,
24.4.2026,13:59:37.007,49.0,50.0,29.000,29.068,1718.0,1728.0,1153,5226,
24.4.2026,13:59:37.210,50.0,51.0,29.000,29.039,301.0,1730.0,1153,5226,
24.4.2026,13:59:37.410,50.0,51.0,29.000,29.484,1756.0,1730.0,1153,5226,
24.4.2026,13:59:37.615,50.0,51.0,28.000,29.017,300.0,1730.0,1153,5226,
24.4.2026,13:59:37.818,50.0,51.0,28.000,29.071,1757.0,1730.0,1153,5226,
24.4.2026,13:59:38.025,49.0,51.0,29.000,29.075,297.0,1728.0,1153,5226,
24.4.2026,13:59:38.227,50.0,51.0,29.000,29.162,1757.0,1730.0,1153,5226,
24.4.2026,13:59:38.432,49.0,51.0,28.000,29.101,1739.0,1730.0,1153,5226,
24.4.2026,13:59:38.637,50.0,51.0,28.000,28.872,268.0,1730.0,1153,5226,
24.4.2026,13:59:38.841,50.0,51.0,28.000,28.795,1754.0,1730.0,1153,5226,
24.4.2026,13:59:39.049,50.0,51.0,29.000,28.999,1757.0,1730.0,1153,5226,
24.4.2026,13:59:39.253,49.0,51.0,29.000,28.835,1758.0,1728.0,1153,5226,
24.4.2026,13:59:39.452,49.0,51.0,28.000,28.946,300.0,1730.0,1153,5226,
24.4.2026,13:59:39.658,49.0,51.0,28.000,29.056,279.0,1730.0,1153,5226,
24.4.2026,13:59:39.863,49.0,51.0,29.000,29.076,1755.0,1730.0,1153,5226,
24.4.2026,13:59:40.066,49.0,51.0,29.000,29.005,312.0,1728.0,1153,5226,
24.4.2026,13:59:40.279,50.0,51.0,29.000,29.207,1757.0,1728.0,1153,5226,
24.4.2026,13:59:40.487,49.0,51.0,29.000,29.166,309.0,1728.0,1153,5226,
24.4.2026,13:59:40.676,50.0,51.0,29.000,29.394,1725.0,1728.0,1153,5226,
24.4.2026,13:59:40.894,50.0,51.0,28.000,29.350,292.0,1730.0,1153,5226,
24.4.2026,13:59:41.096,50.0,51.0,29.000,28.977,1756.0,1730.0,1153,5226,
24.4.2026,13:59:41.286,50.0,51.0,29.000,29.111,300.0,1728.0,1153,5226,
24.4.2026,13:59:41.491,49.0,51.0,29.000,29.320,297.0,1730.0,1153,5226,
24.4.2026,13:59:41.696,50.0,51.0,29.000,29.539,295.0,1730.0,1153,5226,
24.4.2026,13:59:41.899,49.0,51.0,28.000,29.305,254.0,1728.0,1153,5226,
24.4.2026,13:59:42.104,50.0,51.0,29.000,29.381,1757.0,1730.0,1153,5226,
24.4.2026,13:59:42.301,50.0,51.0,29.000,29.308,1758.0,1730.0,1153,5226,
24.4.2026,13:59:42.509,49.0,51.0,29.000,29.256,1757.0,1730.0,1153,5226,
24.4.2026,13:59:42.715,49.0,51.0,29.000,29.467,1710.0,1730.0,1153,5226,
24.4.2026,13:59:42.917,50.0,51.0,29.000,29.380,1745.0,1730.0,1153,5226,
24.4.2026,13:59:43.122,50.0,51.0,29.000,29.310,301.0,1728.0,1153,5226,
24.4.2026,13:59:43.328,50.0,51.0,29.000,29.462,1757.0,1730.0,1153,5226,
24.4.2026,13:59:43.534,49.0,51.0,29.000,29.457,1757.0,1730.0,1153,5226,
24.4.2026,13:59:43.737,49.0,51.0,29.000,29.043,1757.0,1730.0,1153,5226,
24.4.2026,13:59:43.941,49.0,51.0,29.000,29.399,288.0,1728.0,1153,5226,
24.4.2026,13:59:44.131,50.0,51.0,29.000,29.347,308.0,1728.0,1153,5226,
24.4.2026,13:59:44.339,49.0,51.0,29.000,29.400,1757.0,1730.0,1153,5226,
24.4.2026,13:59:44.539,50.0,51.0,29.000,29.143,1758.0,1730.0,1153,5226,
24.4.2026,13:59:44.744,50.0,51.0,29.000,29.216,1757.0,1730.0,1153,5226,
24.4.2026,13:59:44.949,49.0,51.0,28.000,29.160,302.0,1730.0,1153,5226,
24.4.2026,13:59:45.150,50.0,51.0,29.000,29.311,1757.0,1730.0,1153,5226,
24.4.2026,13:59:45.353,50.0,51.0,29.000,29.681,1757.0,1730.0,1153,5226,
24.4.2026,13:59:45.556,49.0,51.0,29.000,29.706,1757.0,1730.0,1153,5226,
24.4.2026,13:59:45.757,50.0,51.0,29.000,29.570,1757.0,1730.0,1153,5226,
24.4.2026,13:59:45.961,49.0,51.0,29.000,29.386,1757.0,1728.0,1153,5226,
24.4.2026,13:59:46.163,49.0,51.0,29.000,29.626,1758.0,1728.0,1153,5226,
24.4.2026,13:59:46.371,50.0,51.0,29.000,29.757,1757.0,1730.0,1153,5226,
24.4.2026,13:59:46.578,50.0,51.0,28.000,29.258,279.0,1728.0,1153,5226,
24.4.2026,13:59:46.785,49.0,51.0,29.000,29.024,1747.0,1730.0,1153,5226,
24.4.2026,13:59:46.995,49.0,51.0,28.000,29.019,284.0,1728.0,1153,5226,
24.4.2026,13:59:47.200,50.0,51.0,28.000,28.560,233.0,1730.0,1153,5226,
24.4.2026,13:59:47.404,49.0,51.0,29.000,29.279,1757.0,1728.0,1153,5226,
24.4.2026,13:59:47.607,50.0,51.0,28.000,29.178,296.0,1730.0,1153,5226,
24.4.2026,13:59:47.813,49.0,51.0,29.000,29.122,1757.0,1730.0,1153,5226,
24.4.2026,13:59:48.020,49.0,51.0,29.000,29.128,290.0,1730.0,1153,5226,
24.4.2026,13:59:48.236,50.0,51.0,29.000,29.345,1723.0,1730.0,1153,5226,
24.4.2026,13:59:48.441,50.0,51.0,29.000,29.369,1737.0,1730.0,1153,5226,
24.4.2026,13:59:48.643,49.0,51.0,29.000,29.433,1755.0,1728.0,1153,5226,
24.4.2026,13:59:48.846,49.0,51.0,29.000,29.442,1756.0,1728.0,1153,5226,
24.4.2026,13:59:49.038,49.0,51.0,29.000,29.508,295.0,1730.0,1153,5226,
24.4.2026,13:59:49.244,50.0,52.0,29.000,29.130,1758.0,1728.0,1153,5226,
24.4.2026,13:59:49.450,50.0,51.0,29.000,29.434,287.0,1730.0,1153,5226,
24.4.2026,13:59:49.659,49.0,51.0,28.000,29.333,285.0,1728.0,1153,5226,
24.4.2026,13:59:49.849,50.0,51.0,29.000,29.206,1754.0,1730.0,1153,5226,
24.4.2026,13:59:50.052,50.0,51.0,29.000,29.192,1756.0,1728.0,1153,5226,
24.4.2026,13:59:50.255,50.0,51.0,29.000,29.090,1757.0,1730.0,1153,5226,
24.4.2026,13:59:50.459,50.0,51.0,28.000,29.031,285.0,1730.0,1153,5226,
24.4.2026,13:59:50.662,49.0,51.0,29.000,28.900,1757.0,1730.0,1153,5226,
24.4.2026,13:59:50.878,50.0,51.0,29.000,28.969,1757.0,1728.0,1153,5226,
24.4.2026,13:59:51.080,50.0,51.0,28.000,29.290,285.0,1730.0,1153,5226,
24.4.2026,13:59:51.282,49.0,51.0,28.000,29.180,280.0,1730.0,1153,5226,
24.4.2026,13:59:51.475,49.0,51.0,28.000,29.173,265.0,1728.0,1153,5226,
24.4.2026,13:59:51.683,50.0,51.0,28.000,29.052,265.0,1730.0,1153,5226,
24.4.2026,13:59:51.881,50.0,51.0,29.000,28.724,1753.0,1728.0,1153,5226,
24.4.2026,13:59:52.086,50.0,51.0,29.000,29.193,1754.0,1728.0,1153,5226,
24.4.2026,13:59:52.290,49.0,51.0,29.000,29.398,1758.0,1730.0,1153,5226,
24.4.2026,13:59:52.493,50.0,51.0,29.000,29.280,304.0,1730.0,1153,5226,
24.4.2026,13:59:52.693,50.0,51.0,29.000,28.924,1757.0,1728.0,1153,5226,
24.4.2026,13:59:52.901,50.0,51.0,29.000,29.037,1758.0,1730.0,1153,5226,
24.4.2026,13:59:53.100,50.0,51.0,29.000,28.911,1719.0,1728.0,1153,5226,
24.4.2026,13:59:53.305,50.0,51.0,28.000,29.244,290.0,1730.0,1153,5226,
24.4.2026,13:59:53.512,50.0,52.0,29.000,29.087,1756.0,1730.0,1153,5226,
24.4.2026,13:59:53.722,50.0,51.0,29.000,29.231,1757.0,1730.0,1153,5226,
24.4.2026,13:59:53.911,50.0,51.0,29.000,29.066,292.0,1728.0,1153,5226,
24.4.2026,13:59:54.114,49.0,51.0,29.000,29.255,1736.0,1730.0,1153,5226,
24.4.2026,13:59:54.322,50.0,51.0,29.000,29.049,1752.0,1728.0,1153,5226,
24.4.2026,13:59:54.527,50.0,52.0,29.000,28.981,1757.0,1730.0,1153,5226,
24.4.2026,13:59:54.731,50.0,52.0,29.000,29.049,1757.0,1730.0,1153,5226,
24.4.2026,13:59:54.934,50.0,51.0,28.000,29.290,1757.0,1730.0,1153,5226,
24.4.2026,13:59:55.135,50.0,51.0,29.000,28.996,292.0,1730.0,1153,5226,
24.4.2026,13:59:55.340,50.0,51.0,29.000,29.136,1753.0,1730.0,1153,5226,
24.4.2026,13:59:55.546,50.0,51.0,29.000,29.118,1757.0,1730.0,1153,5226,
24.4.2026,13:59:55.751,50.0,51.0,29.000,29.211,1757.0,1730.0,1153,5226,
24.4.2026,13:59:55.959,49.0,51.0,28.000,29.160,1757.0,1730.0,1153,5226,
24.4.2026,13:59:56.146,49.0,51.0,29.000,29.179,298.0,1730.0,1153,5226,
24.4.2026,13:59:56.350,50.0,51.0,29.000,29.202,257.0,1730.0,1153,5226,
24.4.2026,13:59:56.555,50.0,51.0,29.000,29.113,1757.0,1728.0,1153,5226,
24.4.2026,13:59:56.762,50.0,51.0,29.000,29.061,300.0,1730.0,1153,5226,
24.4.2026,13:59:56.968,50.0,51.0,29.000,29.113,1757.0,1730.0,1153,5226,
24.4.2026,13:59:57.170,50.0,51.0,29.000,29.603,1758.0,1730.0,1153,5226,
24.4.2026,13:59:57.374,50.0,51.0,29.000,29.916,1757.0,1730.0,1153,5226,
24.4.2026,13:59:57.579,50.0,52.0,29.000,29.674,1757.0,1728.0,1153,5226,
24.4.2026,13:59:57.787,50.0,51.0,30.000,29.736,1757.0,1730.0,1153,5226,
24.4.2026,13:59:57.991,50.0,51.0,29.000,29.640,1756.0,1730.0,1153,5226,
24.4.2026,13:59:58.193,50.0,51.0,29.000,29.897,1757.0,1730.0,1153,5226,
24.4.2026,13:59:58.399,50.0,51.0,30.000,29.854,1757.0,1730.0,1153,5226,
24.4.2026,13:59:58.598,50.0,51.0,29.000,30.065,1757.0,1730.0,1153,5226,
24.4.2026,13:59:58.803,50.0,51.0,28.000,29.339,301.0,1730.0,1153,5226,
24.4.2026,13:59:59.005,50.0,51.0,29.000,29.127,306.0,1730.0,1153,5226,
24.4.2026,13:59:59.213,49.0,51.0,29.000,29.418,1756.0,1730.0,1153,5226,
24.4.2026,13:59:59.417,50.0,51.0,29.000,29.210,1757.0,1730.0,1153,5226,
24.4.2026,13:59:59.621,50.0,51.0,29.000,28.782,1756.0,1730.0,1153,5226,
24.4.2026,13:59:59.826,49.0,51.0,29.000,29.420,1757.0,1730.0,1153,5226,
24.4.2026,14:0:0.037,50.0,51.0,29.000,29.123,1717.0,1728.0,1153,5226,
24.4.2026,14:0:0.229,50.0,51.0,28.000,29.027,291.0,1730.0,1153,5226,
24.4.2026,14:0:0.432,49.0,51.0,29.000,28.947,1747.0,1730.0,1153,5226,
24.4.2026,14:0:0.637,50.0,51.0,28.000,29.060,301.0,1730.0,1153,5226,
24.4.2026,14:0:0.841,50.0,51.0,28.000,28.893,1757.0,1730.0,1153,5226,
24.4.2026,14:0:1.047,50.0,52.0,29.000,28.813,1758.0,1728.0,1153,5226,
24.4.2026,14:0:1.245,50.0,52.0,29.000,28.813,1758.0,1728.0,1153,5226,
24.4.2026,14:0:1.448,50.0,51.0,28.000,28.683,1757.0,1728.0,1153,5226,
24.4.2026,14:0:1.653,50.0,51.0,29.000,28.928,1745.0,1730.0,1153,5226,
24.4.2026,14:0:1.884,50.0,51.0,29.000,29.047,301.0,1730.0,1153,5226,
24.4.2026,14:0:2.064,50.0,51.0,29.000,29.047,301.0,1730.0,1153,5226,
24.4.2026,14:0:2.267,50.0,51.0,28.000,29.088,304.0,1730.0,1153,5226,
24.4.2026,14:0:2.471,50.0,52.0,29.000,29.191,1758.0,1730.0,1153,5226,
24.4.2026,14:0:2.662,50.0,51.0,28.000,28.843,1758.0,1730.0,1153,5226,
24.4.2026,14:0:2.864,50.0,51.0,28.000,28.799,286.0,1730.0,1153,5226,
24.4.2026,14:0:3.068,50.0,51.0,28.000,28.946,296.0,1728.0,1153,5226,
24.4.2026,14:0:3.272,50.0,51.0,28.000,29.004,299.0,1728.0,1153,5226,
24.4.2026,14:0:3.479,50.0,52.0,28.000,28.867,266.0,1730.0,1153,5226,
24.4.2026,14:0:3.681,50.0,51.0,28.000,28.882,295.0,1728.0,1153,5226,
24.4.2026,14:0:3.887,50.0,52.0,28.000,28.643,299.0,1730.0,1153,5226,
24.4.2026,14:0:4.095,50.0,51.0,28.000,28.949,289.0,1730.0,1153,5226,
24.4.2026,14:0:4.286,50.0,51.0,29.000,29.050,1758.0,1730.0,1153,5226,
24.4.2026,14:0:4.491,50.0,51.0,29.000,29.377,288.0,1728.0,1153,5226,
24.4.2026,14:0:4.694,50.0,51.0,28.000,29.503,279.0,1730.0,1153,5226,
24.4.2026,14:0:4.898,50.0,51.0,28.000,29.281,271.0,1728.0,1153,5226,
24.4.2026,14:0:5.105,50.0,52.0,28.000,28.930,289.0,1730.0,1153,5226,
24.4.2026,14:0:5.309,50.0,51.0,29.000,29.106,1757.0,1730.0,1153,5226,
24.4.2026,14:0:5.512,50.0,52.0,28.000,28.816,294.0,1728.0,1153,5226,
24.4.2026,14:0:5.714,50.0,51.0,28.000,28.983,304.0,1730.0,1153,5226,
24.4.2026,14:0:5.919,50.0,52.0,28.000,29.107,265.0,1728.0,1153,5226,
24.4.2026,14:0:6.125,50.0,51.0,29.000,28.991,301.0,1728.0,1153,5226,
24.4.2026,14:0:6.328,50.0,51.0,28.000,29.161,247.0,1730.0,1153,5226,
24.4.2026,14:0:6.533,50.0,52.0,28.000,28.903,259.0,1730.0,1153,5226,
24.4.2026,14:0:6.726,50.0,51.0,29.000,28.893,281.0,1730.0,1153,5226,
24.4.2026,14:0:6.933,50.0,52.0,29.000,29.002,279.0,1730.0,1153,5226,
24.4.2026,14:0:7.139,50.0,52.0,29.000,29.232,1755.0,1730.0,1153,5226,
24.4.2026,14:0:7.341,50.0,51.0,29.000,29.164,1756.0,1730.0,1153,5226,
24.4.2026,14:0:7.546,49.0,51.0,29.000,29.262,1757.0,1730.0,1153,5226,
24.4.2026,14:0:7.752,50.0,52.0,29.000,29.255,1757.0,1730.0,1153,5226,
24.4.2026,14:0:7.943,50.0,52.0,28.000,29.014,279.0,1730.0,1153,5226,
24.4.2026,14:0:8.151,50.0,51.0,28.000,28.893,286.0,1730.0,1153,5226,
24.4.2026,14:0:8.351,50.0,51.0,29.000,29.067,285.0,1730.0,1153,5226,
24.4.2026,14:0:8.555,50.0,51.0,29.000,29.228,1756.0,1730.0,1153,5226,
24.4.2026,14:0:8.759,50.0,51.0,29.000,29.438,1757.0,1730.0,1153,5226,
24.4.2026,14:0:8.964,50.0,51.0,29.000,29.293,1757.0,1730.0,1153,5226,
24.4.2026,14:0:9.170,50.0,51.0,29.000,29.444,1757.0,1728.0,1153,5226,
24.4.2026,14:0:9.369,50.0,52.0,29.000,29.668,1757.0,1730.0,1153,5226,
24.4.2026,14:0:9.576,50.0,51.0,30.000,30.168,1757.0,1730.0,1153,5226,
24.4.2026,14:0:9.777,50.0,51.0,30.000,30.188,1757.0,1728.0,1153,5226,
24.4.2026,14:0:9.981,50.0,52.0,30.000,30.077,1756.0,1730.0,1153,5226,
24.4.2026,14:0:10.184,50.0,51.0,30.000,30.069,1757.0,1728.0,1153,5226,
24.4.2026,14:0:10.384,50.0,51.0,30.000,29.907,1757.0,1730.0,1153,5226,
24.4.2026,14:0:10.587,50.0,51.0,30.000,29.906,1757.0,1728.0,1153,5226,
24.4.2026,14:0:10.793,49.0,51.0,30.000,30.087,1758.0,1728.0,1153,5226,
24.4.2026,14:0:10.994,50.0,52.0,29.000,29.515,1756.0,1730.0,1153,5226,
24.4.2026,14:0:11.194,50.0,52.0,29.000,29.271,1757.0,1730.0,1153,5226,
24.4.2026,14:0:11.396,50.0,51.0,29.000,29.392,1757.0,1728.0,1153,5226,
24.4.2026,14:0:11.603,50.0,52.0,29.000,29.192,291.0,1730.0,1153,5226,
24.4.2026,14:0:11.810,50.0,52.0,29.000,29.402,1738.0,1730.0,1153,5226,
24.4.2026,14:0:12.014,50.0,52.0,29.000,29.361,294.0,1730.0,1153,5226,
24.4.2026,14:0:12.219,50.0,51.0,29.000,29.245,1757.0,1730.0,1153,5226,
24.4.2026,14:0:12.412,49.0,52.0,29.000,29.145,1758.0,1730.0,1153,5226,
24.4.2026,14:0:12.615,49.0,51.0,28.000,29.392,282.0,1730.0,1153,5226,
24.4.2026,14:0:12.824,50.0,51.0,29.000,29.228,299.0,1730.0,1153,5226,
24.4.2026,14:0:13.028,50.0,51.0,29.000,29.316,1756.0,1730.0,1153,5226,
24.4.2026,14:0:13.231,50.0,52.0,29.000,29.522,1757.0,1730.0,1153,5226,
24.4.2026,14:0:13.438,50.0,52.0,29.000,29.299,1757.0,1730.0,1153,5226,
24.4.2026,14:0:13.640,50.0,52.0,29.000,29.137,291.0,1728.0,1153,5226,
24.4.2026,14:0:13.848,50.0,52.0,29.000,29.214,1740.0,1728.0,1153,5226,
24.4.2026,14:0:14.066,50.0,51.0,29.000,29.240,1757.0,1730.0,1153,5226,
24.4.2026,14:0:14.270,50.0,52.0,29.000,29.346,1756.0,1730.0,1153,5226,
24.4.2026,14:0:14.476,50.0,52.0,29.000,29.237,1757.0,1730.0,1153,5226,
24.4.2026,14:0:14.683,50.0,52.0,29.000,29.060,1757.0,1728.0,1153,5226,
24.4.2026,14:0:14.883,50.0,51.0,29.000,29.368,296.0,1728.0,1153,5226,
24.4.2026,14:0:15.086,50.0,51.0,29.000,29.255,297.0,1730.0,1153,5226,
24.4.2026,14:0:15.292,50.0,51.0,29.000,29.399,1756.0,1730.0,1153,5226,
24.4.2026,14:0:15.501,50.0,52.0,29.000,29.260,1756.0,1728.0,1153,5226,
24.4.2026,14:0:15.703,50.0,51.0,29.000,29.146,1757.0,1728.0,1153,5226,
24.4.2026,14:0:15.905,50.0,51.0,28.000,29.186,1758.0,1730.0,1153,5226,
24.4.2026,14:0:16.111,50.0,51.0,28.000,29.199,1723.0,1730.0,1153,5226,
24.4.2026,14:0:16.317,50.0,51.0,29.000,29.164,1752.0,1728.0,1153,5226,
24.4.2026,14:0:16.523,50.0,51.0,29.000,29.015,1756.0,1730.0,1153,5226,
24.4.2026,14:0:16.726,50.0,52.0,29.000,29.141,1757.0,1728.0,1153,5226,
24.4.2026,14:0:16.928,50.0,51.0,28.000,29.216,272.0,1730.0,1153,5226,
24.4.2026,14:0:17.131,50.0,51.0,29.000,29.357,1757.0,1730.0,1153,5226,
24.4.2026,14:0:17.336,50.0,51.0,28.000,29.222,280.0,1730.0,1153,5226,
24.4.2026,14:0:17.536,50.0,51.0,28.000,29.056,296.0,1730.0,1153,5226,
24.4.2026,14:0:17.738,50.0,51.0,28.000,29.373,262.0,1728.0,1153,5226,
24.4.2026,14:0:17.942,50.0,51.0,28.000,29.153,291.0,1730.0,1153,5226,
24.4.2026,14:0:18.145,49.0,51.0,29.000,29.223,1754.0,1730.0,1153,5226,
24.4.2026,14:0:18.351,50.0,52.0,29.000,29.106,287.0,1730.0,1153,5226,
24.4.2026,14:0:18.556,50.0,51.0,29.000,29.366,1757.0,1730.0,1153,5226,
24.4.2026,14:0:18.765,50.0,52.0,29.000,29.212,300.0,1730.0,1153,5226,
24.4.2026,14:0:18.971,49.0,51.0,29.000,29.663,299.0,1730.0,1153,5226,
24.4.2026,14:0:19.169,50.0,52.0,29.000,29.588,1729.0,1728.0,1153,5226,
24.4.2026,14:0:19.369,50.0,52.0,29.000,29.359,1752.0,1728.0,1153,5226,
24.4.2026,14:0:19.576,50.0,51.0,29.000,29.468,1756.0,1728.0,1153,5226,
24.4.2026,14:0:19.784,50.0,52.0,29.000,29.350,1757.0,1730.0,1153,5226,
24.4.2026,14:0:19.977,50.0,52.0,29.000,29.135,284.0,1730.0,1153,5226,
24.4.2026,14:0:20.191,50.0,51.0,28.000,29.326,280.0,1728.0,1153,5226,
24.4.2026,14:0:20.392,50.0,52.0,29.000,29.113,282.0,1730.0,1153,5226,
24.4.2026,14:0:20.600,50.0,52.0,29.000,29.265,1752.0,1730.0,1153,5226,
24.4.2026,14:0:20.804,50.0,52.0,29.000,29.372,1757.0,1730.0,1153,5226,
24.4.2026,14:0:21.021,50.0,52.0,29.000,28.977,1757.0,1730.0,1153,5226,
24.4.2026,14:0:21.239,50.0,52.0,29.000,29.219,1758.0,1730.0,1153,5226,
24.4.2026,14:0:21.438,50.0,52.0,29.000,29.157,1757.0,1728.0,1153,5226,
24.4.2026,14:0:21.643,50.0,52.0,29.000,29.681,1757.0,1728.0,1153,5226,
24.4.2026,14:0:21.835,50.0,52.0,29.000,29.766,1757.0,1730.0,1153,5226,
24.4.2026,14:0:22.037,50.0,51.0,29.000,29.809,1757.0,1730.0,1153,5226,
24.4.2026,14:0:22.239,50.0,51.0,29.000,29.787,1757.0,1728.0,1153,5226,
24.4.2026,14:0:22.445,50.0,52.0,29.000,29.609,1757.0,1728.0,1153,5226,
24.4.2026,14:0:22.652,50.0,52.0,29.000,29.843,1757.0,1728.0,1153,5226,
24.4.2026,14:0:22.858,50.0,51.0,29.000,29.834,1758.0,1728.0,1153,5226,
24.4.2026,14:0:23.064,49.0,51.0,28.000,29.133,298.0,1730.0,1153,5226,
24.4.2026,14:0:23.258,50.0,52.0,29.000,29.280,1738.0,1730.0,1153,5226,
24.4.2026,14:0:23.458,50.0,51.0,29.000,29.267,1749.0,1730.0,1153,5226,
24.4.2026,14:0:23.663,50.0,51.0,29.000,29.494,1756.0,1730.0,1153,5226,
24.4.2026,14:0:23.871,50.0,51.0,29.000,29.499,1757.0,1728.0,1153,5226,
24.4.2026,14:0:24.072,50.0,52.0,29.000,29.510,1757.0,1730.0,1153,5226,
24.4.2026,14:0:24.279,50.0,51.0,28.000,29.315,281.0,1730.0,1153,5226,
24.4.2026,14:0:24.480,50.0,51.0,28.000,29.112,265.0,1730.0,1153,5226,
24.4.2026,14:0:24.688,50.0,51.0,29.000,29.210,303.0,1730.0,1153,5226,
24.4.2026,14:0:24.894,50.0,52.0,29.000,29.225,1758.0,1730.0,1153,5226,
24.4.2026,14:0:25.084,50.0,52.0,29.000,29.332,303.0,1728.0,1153,5226,
24.4.2026,14:0:25.294,50.0,52.0,29.000,29.303,299.0,1728.0,1153,5226,
24.4.2026,14:0:25.494,50.0,52.0,29.000,29.476,291.0,1728.0,1153,5226,
24.4.2026,14:0:25.697,50.0,51.0,29.000,29.397,302.0,1730.0,1153,5226,
24.4.2026,14:0:25.899,50.0,52.0,29.000,29.117,1757.0,1730.0,1153,5226,
24.4.2026,14:0:26.103,50.0,52.0,29.000,29.223,1757.0,1728.0,1153,5226,
24.4.2026,14:0:26.311,50.0,51.0,28.000,29.154,1670.0,1728.0,1153,5226,
24.4.2026,14:0:26.516,50.0,52.0,29.000,29.169,1745.0,1730.0,1153,5226,
24.4.2026,14:0:26.717,50.0,52.0,28.000,29.162,1754.0,1730.0,1153,5226,
24.4.2026,14:0:26.921,50.0,52.0,29.000,29.079,1757.0,1728.0,1153,5226,
24.4.2026,14:0:27.123,50.0,52.0,29.000,29.170,1757.0,1728.0,1153,5226,
24.4.2026,14:0:27.328,50.0,51.0,28.000,29.026,305.0,1730.0,1153,5226,
24.4.2026,14:0:27.530,50.0,52.0,29.000,28.920,1758.0,1728.0,1153,5226,
24.4.2026,14:0:27.738,50.0,51.0,29.000,29.266,1753.0,1728.0,1153,5226,
24.4.2026,14:0:27.943,50.0,52.0,29.000,29.108,1756.0,1728.0,1153,5226,
24.4.2026,14:0:28.151,50.0,52.0,28.000,28.935,1757.0,1730.0,1153,5226,
24.4.2026,14:0:28.357,50.0,52.0,28.000,28.765,1758.0,1730.0,1153,5226,
24.4.2026,14:0:28.556,50.0,52.0,28.000,28.742,1757.0,1730.0,1153,5226,
24.4.2026,14:0:28.760,50.0,52.0,29.000,28.940,1743.0,1730.0,1153,5226,
24.4.2026,14:0:28.965,51.0,51.0,29.000,29.054,1757.0,1728.0,1153,5226,
24.4.2026,14:0:29.169,50.0,52.0,29.000,29.031,1757.0,1728.0,1153,5226,
24.4.2026,14:0:29.382,51.0,52.0,29.000,28.954,1757.0,1730.0,1153,5226,
24.4.2026,14:0:29.579,50.0,51.0,28.000,28.947,301.0,1728.0,1153,5226,
24.4.2026,14:0:29.780,50.0,52.0,29.000,28.928,1754.0,1728.0,1153,5226,
24.4.2026,14:0:29.987,50.0,52.0,28.000,29.038,1757.0,1730.0,1153,5226,
24.4.2026,14:0:30.178,50.0,51.0,28.000,28.804,294.0,1730.0,1153,5226,
24.4.2026,14:0:30.398,50.0,52.0,28.000,28.929,1758.0,1730.0,1153,5226,
24.4.2026,14:0:30.581,50.0,52.0,28.000,28.742,1715.0,1730.0,1153,5226,
24.4.2026,14:0:30.786,50.0,51.0,28.000,28.853,248.0,1730.0,1153,5226,
24.4.2026,14:0:30.991,50.0,51.0,28.000,28.985,273.0,1730.0,1153,5226,
24.4.2026,14:0:31.192,51.0,52.0,28.000,28.899,1757.0,1730.0,1153,5226,
24.4.2026,14:0:31.411,50.0,52.0,28.000,28.766,1757.0,1730.0,1153,5226,
24.4.2026,14:0:31.601,50.0,52.0,28.000,28.766,1757.0,1730.0,1153,5226,
24.4.2026,14:0:31.807,50.0,52.0,29.000,28.920,1757.0,1730.0,1153,5226,
24.4.2026,14:0:32.013,50.0,51.0,28.000,28.716,275.0,1730.0,1153,5226,
24.4.2026,14:0:32.217,50.0,52.0,29.000,28.633,1754.0,1728.0,1153,5226,
24.4.2026,14:0:32.423,50.0,51.0,28.000,28.709,1755.0,1730.0,1153,5226,
24.4.2026,14:0:32.629,50.0,52.0,28.000,28.854,1756.0,1728.0,1153,5226,
24.4.2026,14:0:32.844,50.0,52.0,28.000,29.174,278.0,1730.0,1153,5226,
24.4.2026,14:0:33.047,50.0,52.0,29.000,29.043,294.0,1728.0,1153,5226,
24.4.2026,14:0:33.261,50.0,51.0,28.000,29.357,270.0,1728.0,1153,5226,
24.4.2026,14:0:33.461,50.0,52.0,29.000,29.154,1757.0,1730.0,1153,5226,
24.4.2026,14:0:33.669,50.0,52.0,29.000,29.537,1758.0,1730.0,1153,5226,
24.4.2026,14:0:33.869,50.0,51.0,29.000,29.514,1757.0,1728.0,1153,5226,
24.4.2026,14:0:34.070,50.0,51.0,29.000,29.610,1757.0,1728.0,1153,5226,
24.4.2026,14:0:34.276,50.0,51.0,29.000,29.534,1757.0,1730.0,1153,5226,
24.4.2026,14:0:34.477,49.0,52.0,29.000,29.376,1757.0,1730.0,1153,5226,
24.4.2026,14:0:34.686,50.0,51.0,29.000,29.388,1758.0,1728.0,1153,5226,
24.4.2026,14:0:34.890,50.0,51.0,29.000,29.494,1756.0,1730.0,1153,5226,
24.4.2026,14:0:35.096,50.0,52.0,29.000,29.222,1723.0,1730.0,1153,5226,
24.4.2026,14:0:35.324,50.0,52.0,29.000,29.026,1756.0,1728.0,1153,5226,
24.4.2026,14:0:35.508,50.0,52.0,29.000,29.026,1756.0,1728.0,1153,5226,
24.4.2026,14:0:35.713,50.0,52.0,29.000,28.798,1756.0,1730.0,1153,5226,
24.4.2026,14:0:35.921,50.0,52.0,28.000,28.847,1758.0,1728.0,1153,5226,
24.4.2026,14:0:36.124,50.0,52.0,29.000,28.979,1758.0,1730.0,1153,5226,
24.4.2026,14:0:36.330,51.0,52.0,28.000,29.080,244.0,1728.0,1153,5226,
24.4.2026,14:0:36.530,49.0,52.0,29.000,28.920,1753.0,1730.0,1153,5226,
24.4.2026,14:0:36.738,50.0,52.0,29.000,28.933,1755.0,1730.0,1153,5226,
24.4.2026,14:0:36.926,50.0,52.0,29.000,29.163,1757.0,1730.0,1153,5226,
24.4.2026,14:0:37.144,50.0,52.0,28.000,28.891,1757.0,1728.0,1153,5226,
24.4.2026,14:0:37.336,51.0,52.0,28.000,28.970,280.0,1728.0,1153,5226,
24.4.2026,14:0:37.541,50.0,52.0,28.000,28.994,288.0,1730.0,1153,5226,
24.4.2026,14:0:37.744,50.0,52.0,28.000,28.952,1757.0,1730.0,1153,5226,
24.4.2026,14:0:37.953,50.0,51.0,29.000,28.919,293.0,1730.0,1153,5226,
24.4.2026,14:0:38.156,50.0,52.0,28.000,29.042,303.0,1728.0,1153,5226,
24.4.2026,14:0:38.361,51.0,52.0,28.000,29.145,263.0,1730.0,1153,5226,
24.4.2026,14:0:38.563,50.0,52.0,29.000,29.151,1757.0,1730.0,1153,5226,
24.4.2026,14:0:38.765,50.0,52.0,29.000,29.386,297.0,1730.0,1153,5226,
24.4.2026,14:0:38.973,50.0,52.0,28.000,29.026,285.0,1730.0,1153,5226,
24.4.2026,14:0:39.173,50.0,51.0,29.000,29.108,1757.0,1728.0,1153,5226,
24.4.2026,14:0:39.375,50.0,51.0,29.000,29.338,1757.0,1730.0,1153,5226,
24.4.2026,14:0:39.577,50.0,51.0,29.000,29.290,1757.0,1730.0,1153,5226,
24.4.2026,14:0:39.783,50.0,52.0,29.000,29.324,269.0,1730.0,1153,5226,
24.4.2026,14:0:39.986,51.0,52.0,29.000,29.477,296.0,1728.0,1153,5226,
24.4.2026,14:0:40.191,50.0,51.0,29.000,29.388,1757.0,1728.0,1153,5226,
24.4.2026,14:0:40.391,51.0,52.0,29.000,29.412,1756.0,1730.0,1153,5226,
24.4.2026,14:0:40.596,51.0,52.0,29.000,29.867,1757.0,1730.0,1153,5226,
24.4.2026,14:0:40.801,50.0,51.0,29.000,29.493,263.0,1730.0,1153,5226,
24.4.2026,14:0:41.044,50.0,52.0,29.000,29.444,1757.0,1730.0,1153,5226,
24.4.2026,14:0:41.227,50.0,52.0,29.000,29.444,1757.0,1730.0,1153,5226,
24.4.2026,14:0:41.429,50.0,52.0,29.000,29.285,1757.0,1728.0,1153,5226,
24.4.2026,14:0:41.633,50.0,51.0,29.000,29.610,1757.0,1728.0,1153,5226,
24.4.2026,14:0:41.841,50.0,52.0,29.000,29.567,1757.0,1730.0,1153,5226,
24.4.2026,14:0:42.043,50.0,52.0,29.000,29.326,284.0,1730.0,1153,5226,
24.4.2026,14:0:42.243,50.0,52.0,28.000,29.438,252.0,1730.0,1153,5226,
24.4.2026,14:0:42.447,50.0,52.0,29.000,29.261,1755.0,1728.0,1153,5226,
24.4.2026,14:0:42.650,51.0,52.0,29.000,29.420,1756.0,1730.0,1153,5226,
24.4.2026,14:0:42.851,50.0,52.0,29.000,29.532,1757.0,1728.0,1153,5226,
24.4.2026,14:0:43.055,50.0,52.0,29.000,29.312,1757.0,1730.0,1153,5226,
24.4.2026,14:0:43.262,51.0,52.0,29.000,29.209,283.0,1730.0,1153,5226,
24.4.2026,14:0:43.465,50.0,52.0,29.000,29.424,1753.0,1728.0,1153,5226,
24.4.2026,14:0:43.669,50.0,52.0,29.000,29.415,1757.0,1728.0,1153,5226,
24.4.2026,14:0:43.875,50.0,52.0,29.000,29.455,1757.0,1730.0,1153,5226,
24.4.2026,14:0:44.077,50.0,52.0,29.000,29.320,1757.0,1730.0,1153,5226,
24.4.2026,14:0:44.281,50.0,51.0,29.000,29.129,1757.0,1730.0,1153,5226,
24.4.2026,14:0:44.488,50.0,52.0,29.000,29.261,304.0,1728.0,1153,5226,
24.4.2026,14:0:44.682,50.0,52.0,29.000,29.467,1752.0,1728.0,1153,5226,
24.4.2026,14:0:44.882,50.0,52.0,29.000,29.433,1756.0,1728.0,1153,5226,
24.4.2026,14:0:45.085,50.0,51.0,29.000,29.494,305.0,1730.0,1153,5226,
24.4.2026,14:0:45.291,51.0,52.0,29.000,29.623,1757.0,1730.0,1153,5226,
24.4.2026,14:0:45.493,50.0,51.0,29.000,29.370,1758.0,1728.0,1153,5226,
24.4.2026,14:0:45.695,50.0,52.0,29.000,29.667,1757.0,1728.0,1153,5226,
24.4.2026,14:0:45.900,50.0,52.0,30.000,29.818,1757.0,1730.0,1153,5226,
24.4.2026,14:0:46.105,50.0,52.0,29.000,30.071,1757.0,1730.0,1153,5226,
24.4.2026,14:0:46.307,51.0,52.0,29.000,30.009,1757.0,1728.0,1153,5226,
24.4.2026,14:0:46.510,50.0,52.0,29.000,29.392,1756.0,1728.0,1153,5226,
24.4.2026,14:0:46.717,50.0,52.0,29.000,29.793,1756.0,1730.0,1153,5226,
24.4.2026,14:0:46.923,51.0,52.0,29.000,29.793,1757.0,1728.0,1153,5226,
24.4.2026,14:0:47.114,50.0,52.0,28.000,29.657,273.0,1730.0,1153,5226,
24.4.2026,14:0:47.319,51.0,52.0,29.000,29.127,1756.0,1730.0,1153,5226,
24.4.2026,14:0:47.521,50.0,51.0,29.000,29.301,1757.0,1730.0,1153,5226,
24.4.2026,14:0:47.726,50.0,52.0,29.000,29.548,290.0,1730.0,1153,5226,
24.4.2026,14:0:47.931,50.0,52.0,29.000,29.299,301.0,1728.0,1153,5226,
24.4.2026,14:0:48.141,50.0,52.0,30.000,29.378,303.0,1730.0,1153,5226,
24.4.2026,14:0:48.344,50.0,52.0,29.000,29.355,277.0,1730.0,1153,5226,
24.4.2026,14:0:48.549,50.0,52.0,28.000,29.369,264.0,1730.0,1153,5226,
24.4.2026,14:0:48.752,51.0,51.0,29.000,29.167,1746.0,1730.0,1153,5226,
24.4.2026,14:0:48.956,50.0,52.0,29.000,29.346,1753.0,1730.0,1153,5226,
24.4.2026,14:0:49.163,50.0,51.0,29.000,29.541,1756.0,1730.0,1153,5226,
24.4.2026,14:0:49.368,50.0,52.0,29.000,29.241,298.0,1730.0,1153,5226,
24.4.2026,14:0:49.570,50.0,52.0,29.000,29.263,1757.0,1728.0,1153,5226,
24.4.2026,14:0:49.777,50.0,52.0,29.000,29.523,1757.0,1730.0,1153,5226,
24.4.2026,14:0:49.981,50.0,52.0,29.000,29.625,296.0,1730.0,1153,5226,
24.4.2026,14:0:50.187,50.0,52.0,29.000,29.283,1756.0,1730.0,1153,5226,
24.4.2026,14:0:50.394,51.0,52.0,29.000,29.332,1731.0,1730.0,1153,5226,
24.4.2026,14:0:50.583,51.0,52.0,29.000,29.479,286.0,1730.0,1153,5226,
24.4.2026,14:0:50.787,50.0,52.0,29.000,29.338,1757.0,1730.0,1153,5226,
24.4.2026,14:0:50.993,51.0,52.0,29.000,29.278,292.0,1730.0,1153,5226,
24.4.2026,14:0:51.198,51.0,52.0,29.000,29.416,1757.0,1730.0,1153,5226,
24.4.2026,14:0:51.402,50.0,52.0,29.000,29.302,1710.0,1730.0,1153,5226,
24.4.2026,14:0:51.608,50.0,52.0,29.000,29.177,1732.0,1728.0,1153,5226,
24.4.2026,14:0:51.812,50.0,52.0,29.000,29.154,1751.0,1730.0,1153,5226,
24.4.2026,14:0:52.018,50.0,51.0,29.000,29.091,1753.0,1730.0,1153,5226,
24.4.2026,14:0:52.208,51.0,52.0,29.000,29.014,1755.0,1728.0,1153,5226,
24.4.2026,14:0:52.413,50.0,52.0,29.000,29.173,1756.0,1728.0,1153,5226,
24.4.2026,14:0:52.621,50.0,52.0,29.000,29.072,1757.0,1730.0,1153,5226,
24.4.2026,14:0:52.830,50.0,52.0,28.000,28.779,264.0,1728.0,1153,5226,
24.4.2026,14:0:53.029,50.0,52.0,29.000,28.932,296.0,1728.0,1153,5226,
24.4.2026,14:0:53.236,50.0,52.0,29.000,29.351,1757.0,1730.0,1153,5226,
24.4.2026,14:0:53.440,50.0,52.0,29.000,29.270,1757.0,1730.0,1153,5226,
24.4.2026,14:0:53.637,50.0,52.0,29.000,29.256,1757.0,1730.0,1153,5226,
24.4.2026,14:0:53.843,50.0,52.0,28.000,28.559,1755.0,1730.0,1153,5226,
24.4.2026,14:0:54.048,51.0,52.0,29.000,28.866,1747.0,1730.0,1153,5226,
24.4.2026,14:0:54.252,50.0,52.0,29.000,29.261,1756.0,1730.0,1153,5226,
24.4.2026,14:0:54.454,50.0,52.0,29.000,29.103,1755.0,1728.0,1153,5226,
24.4.2026,14:0:54.665,50.0,52.0,29.000,29.187,1757.0,1730.0,1153,5226,
24.4.2026,14:0:54.864,50.0,51.0,28.000,29.115,1757.0,1730.0,1153,5226,
24.4.2026,14:0:55.066,51.0,52.0,29.000,29.131,290.0,1728.0,1153,5226,
24.4.2026,14:0:55.271,50.0,51.0,29.000,29.415,1753.0,1730.0,1153,5226,
24.4.2026,14:0:55.483,50.0,52.0,29.000,29.205,1756.0,1728.0,1153,5226,
24.4.2026,14:0:55.687,50.0,52.0,29.000,29.188,1756.0,1730.0,1153,5226,
24.4.2026,14:0:55.893,51.0,52.0,29.000,29.512,1758.0,1730.0,1153,5226,
24.4.2026,14:0:56.097,50.0,52.0,29.000,29.258,1733.0,1730.0,1153,5226,
24.4.2026,14:0:56.307,50.0,52.0,29.000,29.111,1752.0,1730.0,1153,5226,
24.4.2026,14:0:56.508,51.0,52.0,29.000,29.177,1757.0,1730.0,1153,5226,
24.4.2026,14:0:56.714,50.0,52.0,29.000,29.223,1757.0,1730.0,1153,5226,
24.4.2026,14:0:56.919,50.0,52.0,29.000,29.165,313.0,1728.0,1153,5226,
24.4.2026,14:0:57.126,50.0,52.0,29.000,29.119,1752.0,1730.0,1153,5226,
24.4.2026,14:0:57.328,50.0,52.0,28.000,29.079,1756.0,1730.0,1153,5226,
24.4.2026,14:0:57.531,50.0,52.0,28.000,29.118,294.0,1728.0,1153,5226,
24.4.2026,14:0:57.734,51.0,52.0,29.000,29.132,1757.0,1728.0,1153,5226,
24.4.2026,14:0:57.940,50.0,52.0,29.000,29.116,1758.0,1730.0,1153,5226,
24.4.2026,14:0:58.146,51.0,52.0,29.000,29.402,1757.0,1728.0,1153,5226,
24.4.2026,14:0:58.350,51.0,52.0,29.000,29.325,1757.0,1730.0,1153,5226,
24.4.2026,14:0:58.554,50.0,52.0,29.000,29.358,1756.0,1728.0,1153,5226,
24.4.2026,14:0:58.757,51.0,52.0,29.000,29.530,1757.0,1730.0,1153,5226,
24.4.2026,14:0:58.960,50.0,52.0,29.000,29.495,1757.0,1730.0,1153,5226,
24.4.2026,14:0:59.165,50.0,52.0,29.000,29.295,1756.0,1728.0,1153,5226,
24.4.2026,14:0:59.372,51.0,51.0,29.000,29.069,1757.0,1730.0,1153,5226,
24.4.2026,14:0:59.576,50.0,52.0,29.000,29.130,1757.0,1730.0,1153,5226,
24.4.2026,14:0:59.782,50.0,52.0,29.000,28.977,289.0,1730.0,1153,5226,
24.4.2026,14:0:59.987,50.0,52.0,29.000,29.046,292.0,1730.0,1153,5226,
24.4.2026,14:1:0.178,50.0,52.0,29.000,29.101,1757.0,1728.0,1153,5226,
24.4.2026,14:1:0.382,50.0,52.0,28.000,29.169,1757.0,1730.0,1153,5226,
24.4.2026,14:1:0.586,51.0,52.0,29.000,28.990,1757.0,1728.0,1153,5226,
24.4.2026,14:1:0.793,50.0,52.0,28.000,28.979,274.0,1730.0,1153,5226,
24.4.2026,14:1:0.994,50.0,52.0,29.000,29.207,1747.0,1730.0,1153,5226,
24.4.2026,14:1:1.196,50.0,52.0,29.000,29.318,1756.0,1730.0,1153,5226,
24.4.2026,14:1:1.400,51.0,52.0,29.000,29.494,1756.0,1728.0,1153,5226,
24.4.2026,14:1:1.605,50.0,52.0,28.000,29.272,295.0,1730.0,1153,5226,
24.4.2026,14:1:1.814,51.0,52.0,28.000,28.979,274.0,1728.0,1153,5226,
24.4.2026,14:1:2.019,50.0,52.0,28.000,28.863,1757.0,1728.0,1153,5226,
24.4.2026,14:1:2.211,50.0,52.0,28.000,28.865,306.0,1730.0,1153,5226,
24.4.2026,14:1:2.413,50.0,52.0,28.000,28.925,259.0,1730.0,1153,5226,
24.4.2026,14:1:2.616,50.0,52.0,29.000,28.875,288.0,1728.0,1153,5226,
24.4.2026,14:1:2.821,50.0,52.0,29.000,29.249,296.0,1730.0,1153,5226,
24.4.2026,14:1:3.025,50.0,51.0,29.000,29.208,298.0,1730.0,1153,5226,
24.4.2026,14:1:3.233,51.0,52.0,29.000,29.332,1756.0,1730.0,1153,5226,
24.4.2026,14:1:3.439,51.0,53.0,29.000,29.477,293.0,1728.0,1153,5226,
24.4.2026,14:1:3.646,51.0,52.0,28.000,29.176,1757.0,1730.0,1153,5226,
24.4.2026,14:1:3.849,50.0,52.0,29.000,29.090,300.0,1728.0,1153,5226,
24.4.2026,14:1:4.053,50.0,52.0,28.000,29.062,289.0,1730.0,1153,5226,
24.4.2026,14:1:4.262,50.0,52.0,29.000,29.131,305.0,1730.0,1153,5226,
24.4.2026,14:1:4.463,50.0,52.0,29.000,29.192,1755.0,1730.0,1153,5226,
24.4.2026,14:1:4.669,51.0,52.0,28.000,29.167,294.0,1730.0,1153,5226,
24.4.2026,14:1:4.875,50.0,51.0,29.000,28.952,1757.0,1730.0,1153,5226,
24.4.2026,14:1:5.083,50.0,52.0,28.000,29.167,289.0,1730.0,1153,5226,
24.4.2026,14:1:5.293,50.0,52.0,28.000,29.245,283.0,1728.0,1153,5226,
24.4.2026,14:1:5.489,50.0,52.0,28.000,29.249,275.0,1728.0,1153,5226,
24.4.2026,14:1:5.695,50.0,52.0,29.000,29.030,1746.0,1730.0,1153,5226,
24.4.2026,14:1:5.899,51.0,52.0,29.000,29.189,1754.0,1728.0,1153,5226,
24.4.2026,14:1:6.113,50.0,52.0,29.000,28.998,1757.0,1730.0,1153,5226,
24.4.2026,14:1:6.320,50.0,52.0,28.000,28.910,1756.0,1730.0,1153,5226,
24.4.2026,14:1:6.521,50.0,52.0,28.000,28.966,280.0,1728.0,1153,5226,
24.4.2026,14:1:6.728,51.0,52.0,28.000,29.028,286.0,1730.0,1153,5226,
24.4.2026,14:1:6.927,50.0,51.0,28.000,28.869,285.0,1728.0,1153,5226,
24.4.2026,14:1:7.131,50.0,52.0,29.000,29.256,1757.0,1730.0,1153,5226,
24.4.2026,14:1:7.334,50.0,52.0,28.000,29.292,247.0,1730.0,1153,5226,
24.4.2026,14:1:7.538,51.0,52.0,29.000,29.009,1753.0,1728.0,1153,5226,
24.4.2026,14:1:7.748,50.0,52.0,29.000,29.174,1757.0,1730.0,1153,5226,
24.4.2026,14:1:7.956,50.0,52.0,29.000,28.841,1757.0,1730.0,1153,5226,
24.4.2026,14:1:8.161,50.0,52.0,29.000,28.813,1757.0,1728.0,1153,5226,
24.4.2026,14:1:8.364,51.0,52.0,28.000,28.730,1756.0,1730.0,1153,5226,
24.4.2026,14:1:8.553,51.0,52.0,28.000,28.442,1757.0,1728.0,1153,5226,
24.4.2026,14:1:8.767,50.0,52.0,28.000,28.676,269.0,1728.0,1153,5226,
24.4.2026,14:1:8.973,51.0,52.0,28.000,28.711,287.0,1730.0,1153,5226,
24.4.2026,14:1:9.161,50.0,52.0,29.000,29.071,1756.0,1730.0,1153,5226,
24.4.2026,14:1:9.370,50.0,52.0,28.000,28.966,279.0,1730.0,1153,5226,
24.4.2026,14:1:9.577,51.0,52.0,29.000,29.032,1757.0,1730.0,1153,5226,
24.4.2026,14:1:9.779,50.0,52.0,29.000,29.166,1757.0,1730.0,1153,5226,
24.4.2026,14:1:9.981,50.0,52.0,29.000,29.444,1757.0,1730.0,1153,5226,
24.4.2026,14:1:10.186,50.0,52.0,29.000,29.374,1757.0,1730.0,1153,5226,
24.4.2026,14:1:10.388,51.0,52.0,29.000,29.319,1757.0,1730.0,1153,5226,
24.4.2026,14:1:10.592,50.0,52.0,29.000,29.404,1757.0,1728.0,1153,5226,
24.4.2026,14:1:10.796,50.0,52.0,29.000,29.560,1757.0,1728.0,1153,5226,
24.4.2026,14:1:11.001,51.0,52.0,29.000,29.428,1757.0,1730.0,1153,5226,
24.4.2026,14:1:11.205,50.0,52.0,29.000,29.387,1757.0,1730.0,1153,5226,
24.4.2026,14:1:11.408,51.0,52.0,28.000,29.056,305.0,1728.0,1153,5226,
24.4.2026,14:1:11.602,51.0,52.0,29.000,28.930,1757.0,1730.0,1153,5226,
24.4.2026,14:1:11.807,51.0,52.0,28.000,29.110,1747.0,1728.0,1153,5226,
24.4.2026,14:1:12.008,51.0,52.0,28.000,29.135,304.0,1728.0,1153,5226,
24.4.2026,14:1:12.213,50.0,52.0,29.000,28.911,1757.0,1730.0,1153,5226,
24.4.2026,14:1:12.421,50.0,52.0,29.000,29.110,1757.0,1728.0,1153,5226,
24.4.2026,14:1:12.627,50.0,52.0,29.000,29.379,287.0,1730.0,1153,5226,
24.4.2026,14:1:12.819,50.0,52.0,29.000,29.306,1751.0,1730.0,1153,5226,
24.4.2026,14:1:13.025,51.0,52.0,29.000,29.076,1757.0,1730.0,1153,5226,
24.4.2026,14:1:13.228,51.0,52.0,29.000,29.055,1756.0,1730.0,1153,5226,
24.4.2026,14:1:13.434,51.0,52.0,29.000,29.191,1757.0,1728.0,1153,5226,
24.4.2026,14:1:13.639,50.0,52.0,28.000,29.188,297.0,1730.0,1153,5226,
24.4.2026,14:1:13.843,51.0,52.0,29.000,29.085,297.0,1730.0,1153,5226,
24.4.2026,14:1:14.050,50.0,52.0,28.000,28.964,1755.0,1730.0,1153,5226,
24.4.2026,14:1:14.239,50.0,52.0,28.000,28.964,1755.0,1730.0,1153,5226,
24.4.2026,14:1:14.454,50.0,52.0,28.000,29.008,301.0,1728.0,1153,5226,
24.4.2026,14:1:14.651,50.0,52.0,28.000,29.017,302.0,1730.0,1153,5226,
24.4.2026,14:1:14.856,51.0,52.0,28.000,28.980,292.0,1730.0,1153,5226,
24.4.2026,14:1:15.071,50.0,52.0,29.000,29.213,1753.0,1728.0,1153,5226,
24.4.2026,14:1:15.266,50.0,52.0,29.000,29.213,1753.0,1728.0,1153,5226,
24.4.2026,14:1:15.471,50.0,52.0,29.000,29.301,1756.0,1730.0,1153,5226,
24.4.2026,14:1:15.688,50.0,52.0,28.000,29.260,283.0,1730.0,1153,5226,
24.4.2026,14:1:15.883,50.0,52.0,28.000,29.260,283.0,1730.0,1153,5226,
24.4.2026,14:1:16.087,50.0,52.0,29.000,29.152,293.0,1730.0,1153,5226,
24.4.2026,14:1:16.288,50.0,52.0,28.000,29.013,298.0,1728.0,1153,5226,
24.4.2026,14:1:16.497,51.0,52.0,28.000,28.853,301.0,1730.0,1153,5226,
24.4.2026,14:1:16.701,50.0,52.0,28.000,28.928,275.0,1728.0,1153,5226,
24.4.2026,14:1:16.906,51.0,52.0,29.000,29.053,1747.0,1728.0,1153,5226,
24.4.2026,14:1:17.105,50.0,52.0,28.000,28.889,286.0,1730.0,1153,5226,
24.4.2026,14:1:17.311,51.0,52.0,28.000,29.095,277.0,1728.0,1153,5226,
24.4.2026,14:1:17.512,50.0,52.0,28.000,28.995,286.0,1730.0,1153,5226,
24.4.2026,14:1:17.713,50.0,52.0,29.000,29.048,1757.0,1730.0,1153,5226,
24.4.2026,14:1:17.916,50.0,52.0,28.000,29.146,275.0,1730.0,1153,5226,
24.4.2026,14:1:18.121,50.0,51.0,28.000,28.763,287.0,1728.0,1153,5226,
24.4.2026,14:1:18.325,50.0,52.0,28.000,28.784,295.0,1730.0,1153,5226,
24.4.2026,14:1:18.530,51.0,52.0,28.000,28.904,1742.0,1730.0,1153,5226,
24.4.2026,14:1:18.738,50.0,51.0,28.000,29.007,1756.0,1728.0,1153,5226,
24.4.2026,14:1:18.931,50.0,52.0,28.000,29.079,253.0,1728.0,1153,5226,
24.4.2026,14:1:19.133,51.0,52.0,28.000,29.124,277.0,1730.0,1153,5226,
24.4.2026,14:1:19.335,51.0,52.0,28.000,28.992,293.0,1730.0,1153,5226,
24.4.2026,14:1:19.540,50.0,52.0,28.000,28.756,292.0,1730.0,1153,5226,
24.4.2026,14:1:19.745,51.0,52.0,28.000,28.826,262.0,1728.0,1153,5226,
24.4.2026,14:1:19.952,51.0,52.0,28.000,28.862,298.0,1730.0,1153,5226,
24.4.2026,14:1:20.153,50.0,52.0,29.000,28.820,1754.0,1730.0,1153,5226,
24.4.2026,14:1:20.358,50.0,52.0,29.000,28.900,297.0,1730.0,1153,5226,
24.4.2026,14:1:20.559,51.0,52.0,29.000,29.336,1757.0,1730.0,1153,5226,
24.4.2026,14:1:20.764,51.0,52.0,28.000,28.952,1757.0,1730.0,1153,5226,
24.4.2026,14:1:20.961,50.0,52.0,28.000,28.999,1720.0,1730.0,1153,5226,
24.4.2026,14:1:21.165,50.0,52.0,29.000,28.978,1752.0,1728.0,1153,5226,
24.4.2026,14:1:21.369,50.0,52.0,29.000,29.028,1756.0,1730.0,1153,5226,
24.4.2026,14:1:21.577,51.0,52.0,28.000,29.005,294.0,1730.0,1153,5226,
24.4.2026,14:1:21.785,51.0,52.0,28.000,29.057,282.0,1730.0,1153,5226,
24.4.2026,14:1:21.972,50.0,52.0,29.000,29.068,1756.0,1730.0,1153,5226,
24.4.2026,14:1:22.181,50.0,52.0,29.000,29.427,1757.0,1730.0,1153,5226,
24.4.2026,14:1:22.661,50.0,51.0,21.000,22.897,311.0,730.0,1147,5222,
24.4.2026,14:1:22.839,50.0,51.0,21.000,22.897,311.0,730.0,1147,5222,
24.4.2026,14:1:23.040,50.0,50.0,18.000,21.776,1755.0,212.0,1149,5222,
24.4.2026,14:1:23.247,49.0,50.0,18.000,18.713,1755.0,198.0,1149,5222,
24.4.2026,14:1:23.453,49.0,50.0,18.000,21.977,1756.0,198.0,1149,5222,
24.4.2026,14:1:23.657,50.0,51.0,18.000,22.311,1756.0,198.0,1149,5222,
24.4.2026,14:1:23.858,49.0,50.0,17.000,21.580,1755.0,198.0,1149,5222,
24.4.2026,14:1:24.058,49.0,50.0,18.000,21.682,1721.0,198.0,1149,5222,
24.4.2026,14:1:24.262,49.0,50.0,18.000,21.716,1752.0,198.0,1149,5222,
24.4.2026,14:1:24.462,49.0,50.0,17.000,18.107,1754.0,198.0,1149,5222,
24.4.2026,14:1:24.665,49.0,50.0,18.000,18.232,1755.0,198.0,1149,5222,
24.4.2026,14:1:24.869,50.0,51.0,28.000,19.814,259.0,1728.0,1149,5222,
24.4.2026,14:1:25.072,50.0,51.0,30.000,28.844,1756.0,1730.0,1149,5222,
24.4.2026,14:1:25.273,51.0,52.0,30.000,29.545,1757.0,1730.0,1149,5222,
24.4.2026,14:1:25.476,50.0,52.0,29.000,29.710,1756.0,1730.0,1149,5222,
24.4.2026,14:1:25.679,50.0,52.0,29.000,29.491,1667.0,1728.0,1149,5222,
24.4.2026,14:1:25.887,50.0,52.0,32.000,29.374,1757.0,1728.0,1149,5223,
24.4.2026,14:1:26.090,51.0,52.0,29.000,29.790,1744.0,1730.0,1149,5223,
24.4.2026,14:1:26.293,50.0,52.0,30.000,29.687,1753.0,1730.0,1149,5223,
24.4.2026,14:1:26.495,50.0,52.0,30.000,29.791,1757.0,1730.0,1149,5223,
24.4.2026,14:1:26.702,51.0,52.0,29.000,29.469,1757.0,1730.0,1149,5223,
24.4.2026,14:1:26.909,50.0,52.0,29.000,29.330,244.0,1728.0,1149,5223,
24.4.2026,14:1:27.111,50.0,52.0,29.000,29.128,279.0,1728.0,1149,5223,
24.4.2026,14:1:27.303,50.0,52.0,29.000,29.147,252.0,1730.0,1149,5223,
24.4.2026,14:1:27.509,51.0,52.0,29.000,28.864,319.0,1730.0,1149,5223,
24.4.2026,14:1:27.711,50.0,52.0,28.000,29.164,273.0,1728.0,1149,5223,
24.4.2026,14:1:27.914,51.0,52.0,28.000,29.000,234.0,1728.0,1149,5222,
24.4.2026,14:1:28.121,51.0,52.0,29.000,29.064,1745.0,1730.0,1149,5222,
24.4.2026,14:1:28.326,50.0,52.0,29.000,29.078,1753.0,1730.0,1149,5222,
24.4.2026,14:1:28.530,51.0,52.0,29.000,29.370,1757.0,1730.0,1149,5222,
24.4.2026,14:1:28.730,50.0,52.0,29.000,29.475,304.0,1730.0,1149,5222,
24.4.2026,14:1:28.933,51.0,52.0,29.000,29.513,1757.0,1730.0,1149,5222,
24.4.2026,14:1:29.140,51.0,53.0,29.000,29.480,1757.0,1730.0,1149,5222,
24.4.2026,14:1:29.343,51.0,52.0,29.000,29.555,284.0,1730.0,1149,5223,
24.4.2026,14:1:29.549,50.0,52.0,29.000,29.293,1757.0,1730.0,1149,5223,
24.4.2026,14:1:29.759,50.0,52.0,29.000,29.380,304.0,1730.0,1149,5223,
24.4.2026,14:1:29.974,50.0,52.0,28.000,29.058,1758.0,1728.0,1149,5223,
24.4.2026,14:1:30.177,50.0,52.0,29.000,28.997,1757.0,1730.0,1149,5223,
24.4.2026,14:1:30.395,51.0,52.0,29.000,29.158,1731.0,1728.0,1149,5222,
24.4.2026,14:1:30.614,50.0,53.0,28.000,29.127,267.0,1730.0,1149,5222,
24.4.2026,14:1:30.821,50.0,52.0,29.000,29.169,1756.0,1730.0,1149,5222,
24.4.2026,14:1:31.026,51.0,52.0,28.000,29.232,290.0,1730.0,1150,5224,
24.4.2026,14:1:31.229,50.0,52.0,29.000,29.126,1758.0,1730.0,1150,5224,
24.4.2026,14:1:31.437,50.0,52.0,28.000,29.452,276.0,1728.0,1150,5224,
24.4.2026,14:1:31.643,50.0,52.0,29.000,29.294,1753.0,1728.0,1150,5224,
24.4.2026,14:1:31.846,50.0,52.0,28.000,29.220,289.0,1728.0,1150,5224,
24.4.2026,14:1:32.045,50.0,52.0,29.000,29.651,1758.0,1730.0,1150,5224,
24.4.2026,14:1:32.249,50.0,52.0,29.000,29.770,267.0,1728.0,1150,5224,
24.4.2026,14:1:32.451,50.0,52.0,29.000,29.625,1745.0,1730.0,1150,5224,
24.4.2026,14:1:32.656,51.0,53.0,29.000,29.655,292.0,1728.0,1150,5224,
24.4.2026,14:1:32.861,50.0,52.0,29.000,29.377,302.0,1728.0,1150,5224,
24.4.2026,14:1:33.063,50.0,52.0,29.000,29.456,294.0,1728.0,1150,5224,
24.4.2026,14:1:33.296,51.0,52.0,28.000,29.404,282.0,1730.0,1150,5224,
24.4.2026,14:1:33.458,51.0,52.0,28.000,29.404,282.0,1730.0,1150,5224,
24.4.2026,14:1:33.675,50.0,52.0,29.000,29.168,1694.0,1728.0,1150,5224,
24.4.2026,14:1:33.883,50.0,52.0,28.000,29.019,276.0,1730.0,1150,5224,
24.4.2026,14:1:34.095,50.0,52.0,28.000,29.056,275.0,1730.0,1150,5224,
24.4.2026,14:1:34.298,50.0,52.0,29.000,28.861,1756.0,1730.0,1150,5224,
24.4.2026,14:1:34.526,50.0,52.0,29.000,29.062,1758.0,1730.0,1150,5224,
24.4.2026,14:1:34.722,50.0,52.0,30.000,29.804,1757.0,1730.0,1150,5224,
24.4.2026,14:1:34.927,51.0,52.0,29.000,29.878,1757.0,1730.0,1150,5224,
24.4.2026,14:1:35.137,51.0,52.0,29.000,29.892,1757.0,1728.0,1150,5224,
24.4.2026,14:1:35.343,50.0,52.0,29.000,29.959,1757.0,1730.0,1150,5224,
24.4.2026,14:1:35.538,50.0,52.0,29.000,29.959,1757.0,1730.0,1150,5224,
24.4.2026,14:1:35.743,50.0,52.0,29.000,29.821,1757.0,1728.0,1150,5224,
24.4.2026,14:1:35.950,50.0,52.0,29.000,29.582,1757.0,1730.0,1150,5224,
24.4.2026,14:1:36.151,51.0,52.0,29.000,29.565,289.0,1730.0,1150,5224,
24.4.2026,14:1:36.357,50.0,52.0,29.000,29.155,1758.0,1728.0,1150,5224,
24.4.2026,14:1:36.565,51.0,52.0,28.000,29.407,289.0,1730.0,1150,5224,
24.4.2026,14:1:36.766,51.0,52.0,29.000,29.151,1757.0,1730.0,1150,5224,
24.4.2026,14:1:36.972,50.0,52.0,29.000,29.190,1757.0,1730.0,1150,5224,
24.4.2026,14:1:37.190,51.0,52.0,30.000,29.637,1755.0,1728.0,1150,5224,
24.4.2026,14:1:37.380,51.0,52.0,30.000,29.637,1755.0,1728.0,1150,5224,
24.4.2026,14:1:37.587,51.0,52.0,29.000,29.569,281.0,1730.0,1150,5224,
24.4.2026,14:1:37.796,51.0,52.0,29.000,29.509,278.0,1730.0,1150,5224,
24.4.2026,14:1:38.000,50.0,52.0,29.000,29.722,1757.0,1730.0,1150,5224,
24.4.2026,14:1:38.203,51.0,52.0,29.000,29.631,273.0,1728.0,1150,5224,
24.4.2026,14:1:38.407,51.0,52.0,29.000,29.709,298.0,1730.0,1150,5224,
24.4.2026,14:1:38.615,50.0,52.0,29.000,29.493,289.0,1730.0,1150,5224,
24.4.2026,14:1:38.821,51.0,52.0,29.000,29.274,1757.0,1728.0,1150,5224,
24.4.2026,14:1:39.026,51.0,52.0,29.000,29.485,291.0,1728.0,1150,5224,
24.4.2026,14:1:39.232,50.0,52.0,29.000,29.497,300.0,1730.0,1150,5224,
24.4.2026,14:1:39.432,51.0,52.0,29.000,29.599,294.0,1730.0,1150,5224,
24.4.2026,14:1:39.636,51.0,53.0,29.000,29.727,283.0,1730.0,1150,5224,
24.4.2026,14:1:39.850,51.0,52.0,30.000,30.018,282.0,1730.0,1150,5224,
24.4.2026,14:1:40.050,51.0,52.0,30.000,30.018,1753.0,1730.0,1150,5224,
24.4.2026,14:1:40.254,51.0,52.0,29.000,29.963,296.0,1730.0,1150,5224,
24.4.2026,14:1:40.465,50.0,52.0,29.000,30.012,1756.0,1730.0,1150,5224,
24.4.2026,14:1:40.674,51.0,53.0,29.000,30.039,288.0,1730.0,1150,5224,
24.4.2026,14:1:40.863,51.0,53.0,29.000,30.039,288.0,1730.0,1150,5224,
24.4.2026,14:1:41.080,50.0,52.0,30.000,29.681,1752.0,1730.0,1150,5224,
24.4.2026,14:1:41.284,50.0,52.0,29.000,29.844,1756.0,1728.0,1150,5224,
24.4.2026,14:1:41.486,51.0,52.0,30.000,29.748,1757.0,1728.0,1150,5224,
24.4.2026,14:1:41.691,51.0,52.0,29.000,29.836,293.0,1730.0,1150,5224,
24.4.2026,14:1:41.904,51.0,52.0,28.000,29.448,278.0,1730.0,1150,5224,
24.4.2026,14:1:42.103,51.0,52.0,29.000,29.370,1751.0,1730.0,1150,5224,
24.4.2026,14:1:42.307,51.0,52.0,29.000,29.728,1755.0,1728.0,1150,5224,
24.4.2026,14:1:42.512,50.0,52.0,29.000,29.702,1756.0,1728.0,1150,5224,
24.4.2026,14:1:42.717,51.0,52.0,29.000,29.635,1757.0,1730.0,1150,5224,
24.4.2026,14:1:42.935,51.0,52.0,29.000,29.549,299.0,1728.0,1150,5224,
24.4.2026,14:1:43.128,51.0,52.0,29.000,29.493,1734.0,1728.0,1150,5224,
24.4.2026,14:1:43.321,51.0,52.0,29.000,29.493,1734.0,1728.0,1150,5224,
24.4.2026,14:1:43.525,50.0,52.0,29.000,29.756,1755.0,1730.0,1150,5224,
24.4.2026,14:1:43.729,50.0,52.0,29.000,29.800,1757.0,1730.0,1150,5224,
24.4.2026,14:1:43.933,51.0,52.0,29.000,29.583,1756.0,1730.0,1150,5224,
24.4.2026,14:1:44.137,51.0,52.0,30.000,29.335,1757.0,1730.0,1150,5224,
24.4.2026,14:1:44.347,50.0,52.0,28.000,29.313,284.0,1730.0,1150,5224,
24.4.2026,14:1:44.539,50.0,52.0,29.000,29.318,300.0,1730.0,1150,5224,
24.4.2026,14:1:44.743,51.0,52.0,29.000,29.533,295.0,1730.0,1150,5224,
24.4.2026,14:1:44.945,50.0,52.0,29.000,29.280,1757.0,1728.0,1150,5224,
24.4.2026,14:1:45.184,50.0,52.0,28.000,29.288,1757.0,1730.0,1150,5224,
24.4.2026,14:1:45.348,50.0,52.0,28.000,29.208,275.0,1728.0,1150,5224,
24.4.2026,14:1:45.555,50.0,52.0,29.000,29.216,1744.0,1730.0,1150,5224,
24.4.2026,14:1:45.759,51.0,52.0,28.000,29.426,285.0,1728.0,1150,5224,
24.4.2026,14:1:45.961,51.0,52.0,28.000,29.098,303.0,1730.0,1150,5224,
24.4.2026,14:1:46.166,50.0,52.0,29.000,29.126,1757.0,1730.0,1150,5224,
24.4.2026,14:1:46.373,51.0,52.0,29.000,29.255,306.0,1730.0,1150,5224,
24.4.2026,14:1:46.579,51.0,53.0,29.000,29.540,1757.0,1728.0,1150,5224,
24.4.2026,14:1:46.770,51.0,52.0,30.000,29.836,1757.0,1728.0,1150,5224,
24.4.2026,14:1:46.973,51.0,52.0,29.000,29.837,1757.0,1728.0,1150,5224,
24.4.2026,14:1:47.179,50.0,52.0,30.000,29.884,1756.0,1728.0,1150,5224,
24.4.2026,14:1:47.382,51.0,52.0,30.000,29.732,1757.0,1730.0,1150,5224,
24.4.2026,14:1:47.588,51.0,52.0,29.000,29.694,1757.0,1730.0,1150,5224,
24.4.2026,14:1:47.793,50.0,52.0,29.000,29.627,1757.0,1730.0,1150,5224,
24.4.2026,14:1:48.002,51.0,52.0,29.000,29.649,1757.0,1730.0,1150,5224,
24.4.2026,14:1:48.202,50.0,52.0,29.000,29.557,1756.0,1730.0,1150,5224,
24.4.2026,14:1:48.408,51.0,52.0,29.000,29.330,1757.0,1730.0,1150,5224,
24.4.2026,14:1:48.612,51.0,52.0,29.000,29.240,1758.0,1730.0,1150,5224,
24.4.2026,14:1:48.817,51.0,53.0,29.000,29.654,293.0,1730.0,1150,5224,
24.4.2026,14:1:49.007,51.0,52.0,28.000,29.269,249.0,1728.0,1150,5224,
24.4.2026,14:1:49.221,51.0,52.0,29.000,29.058,280.0,1730.0,1150,5224,
24.4.2026,14:1:49.424,50.0,52.0,29.000,29.272,267.0,1730.0,1150,5224,
24.4.2026,14:1:49.630,51.0,52.0,29.000,29.280,1751.0,1728.0,1150,5224,
24.4.2026,14:1:49.837,50.0,52.0,29.000,29.285,1756.0,1730.0,1150,5224,
24.4.2026,14:1:50.043,50.0,52.0,29.000,29.488,1757.0,1728.0,1150,5224,
24.4.2026,14:1:50.248,50.0,52.0,29.000,29.143,1757.0,1728.0,1150,5224,
24.4.2026,14:1:50.454,51.0,52.0,29.000,29.169,1757.0,1730.0,1150,5224,
24.4.2026,14:1:50.657,51.0,53.0,29.000,29.520,290.0,1730.0,1150,5224,
24.4.2026,14:1:50.861,50.0,52.0,29.000,29.253,290.0,1728.0,1150,5224,
24.4.2026,14:1:51.066,51.0,52.0,29.000,29.316,1750.0,1730.0,1150,5224,
24.4.2026,14:1:51.273,50.0,52.0,30.000,29.337,1757.0,1728.0,1150,5224,
24.4.2026,14:1:51.475,51.0,52.0,29.000,29.599,273.0,1730.0,1150,5224,
24.4.2026,14:1:51.676,51.0,52.0,29.000,29.428,283.0,1728.0,1150,5224,
24.4.2026,14:1:51.885,51.0,52.0,29.000,29.396,1757.0,1730.0,1150,5224,
24.4.2026,14:1:52.092,51.0,52.0,29.000,29.406,299.0,1730.0,1150,5224,
24.4.2026,14:1:52.296,51.0,52.0,29.000,29.326,273.0,1728.0,1150,5224,
24.4.2026,14:1:52.501,51.0,52.0,29.000,29.507,1736.0,1730.0,1150,5224,
24.4.2026,14:1:52.704,51.0,52.0,29.000,29.154,1750.0,1728.0,1150,5224,
24.4.2026,14:1:52.910,51.0,52.0,30.000,29.287,1752.0,1730.0,1150,5224,
24.4.2026,14:1:53.099,50.0,53.0,29.000,29.192,1757.0,1730.0,1150,5224,
24.4.2026,14:1:53.305,50.0,52.0,29.000,29.304,1757.0,1730.0,1150,5224,
24.4.2026,14:1:53.505,51.0,53.0,29.000,29.379,1757.0,1730.0,1150,5224,
24.4.2026,14:1:53.712,51.0,52.0,28.000,29.318,276.0,1728.0,1150,5224,
24.4.2026,14:1:53.912,51.0,52.0,29.000,29.167,1757.0,1730.0,1150,5224,
24.4.2026,14:1:54.116,51.0,52.0,29.000,29.067,290.0,1730.0,1150,5224,
24.4.2026,14:1:54.319,51.0,52.0,29.000,29.247,1744.0,1728.0,1150,5224,
24.4.2026,14:1:54.529,51.0,53.0,29.000,29.468,1755.0,1730.0,1150,5224,
24.4.2026,14:1:54.735,51.0,52.0,30.000,29.436,1756.0,1730.0,1150,5224,
24.4.2026,14:1:54.937,51.0,52.0,28.000,29.517,284.0,1728.0,1150,5224,
24.4.2026,14:1:55.144,51.0,52.0,29.000,29.252,1756.0,1730.0,1150,5224,
24.4.2026,14:1:55.347,51.0,52.0,28.000,29.241,290.0,1730.0,1150,5224,
24.4.2026,14:1:55.553,51.0,52.0,29.000,29.169,287.0,1728.0,1150,5224,
24.4.2026,14:1:55.758,51.0,53.0,29.000,29.341,1752.0,1730.0,1150,5224,
24.4.2026,14:1:55.965,51.0,53.0,29.000,29.214,1756.0,1730.0,1150,5224,
24.4.2026,14:1:56.166,51.0,52.0,29.000,29.214,1757.0,1728.0,1150,5224,
24.4.2026,14:1:56.369,51.0,52.0,29.000,29.473,1757.0,1730.0,1150,5224,
24.4.2026,14:1:56.577,51.0,53.0,29.000,29.342,297.0,1730.0,1150,5224,
24.4.2026,14:1:56.780,51.0,52.0,29.000,29.368,1717.0,1730.0,1150,5224,
24.4.2026,14:1:56.986,51.0,52.0,29.000,29.448,290.0,1730.0,1150,5224,
24.4.2026,14:1:57.190,51.0,52.0,29.000,29.269,1751.0,1728.0,1150,5224,
24.4.2026,14:1:57.393,51.0,52.0,29.000,29.292,1756.0,1730.0,1150,5224,
24.4.2026,14:1:57.587,51.0,53.0,29.000,29.432,1758.0,1730.0,1150,5224,
24.4.2026,14:1:57.789,51.0,53.0,29.000,29.494,302.0,1730.0,1150,5224,
24.4.2026,14:1:57.996,51.0,52.0,29.000,29.496,1750.0,1730.0,1150,5224,
24.4.2026,14:1:58.196,51.0,52.0,29.000,29.209,1757.0,1730.0,1150,5224,
24.4.2026,14:1:58.405,51.0,52.0,29.000,29.219,1756.0,1730.0,1150,5224,
24.4.2026,14:1:58.610,51.0,52.0,29.000,29.510,1757.0,1728.0,1150,5224,
24.4.2026,14:1:58.814,51.0,52.0,29.000,29.683,1757.0,1728.0,1150,5224,
24.4.2026,14:1:59.005,51.0,52.0,29.000,29.751,1758.0,1730.0,1150,5224,
24.4.2026,14:1:59.208,50.0,52.0,29.000,29.766,1757.0,1728.0,1150,5224,
24.4.2026,14:1:59.414,51.0,53.0,29.000,29.632,1758.0,1730.0,1150,5224,
24.4.2026,14:1:59.617,51.0,52.0,29.000,29.735,1758.0,1730.0,1150,5224,
24.4.2026,14:1:59.820,50.0,52.0,29.000,29.854,1757.0,1728.0,1150,5224,
24.4.2026,14:2:0.026,50.0,51.0,29.000,29.951,1757.0,1730.0,1150,5224,
24.4.2026,14:2:0.233,51.0,52.0,28.000,29.956,268.0,1730.0,1150,5224,
24.4.2026,14:2:0.439,51.0,52.0,29.000,29.521,257.0,1730.0,1150,5224,
24.4.2026,14:2:0.630,51.0,52.0,29.000,29.460,1755.0,1728.0,1150,5224,
24.4.2026,14:2:0.837,51.0,52.0,29.000,29.610,1756.0,1730.0,1150,5224,
24.4.2026,14:2:1.050,51.0,52.0,29.000,29.593,1757.0,1730.0,1150,5224,
24.4.2026,14:2:1.254,51.0,52.0,29.000,29.545,298.0,1730.0,1150,5224,
24.4.2026,14:2:1.444,51.0,52.0,29.000,29.424,296.0,1728.0,1150,5224,
24.4.2026,14:2:1.648,51.0,52.0,29.000,29.517,1756.0,1730.0,1150,5224,
24.4.2026,14:2:1.856,51.0,52.0,29.000,29.384,1757.0,1730.0,1150,5224,
24.4.2026,14:2:2.062,50.0,53.0,29.000,29.369,1758.0,1730.0,1150,5224,
24.4.2026,14:2:2.265,51.0,53.0,28.000,29.338,289.0,1730.0,1150,5224,
24.4.2026,14:2:2.471,51.0,53.0,29.000,29.601,1746.0,1730.0,1150,5224,
24.4.2026,14:2:2.660,51.0,52.0,29.000,29.608,279.0,1730.0,1150,5224,
24.4.2026,14:2:2.881,51.0,52.0,29.000,29.502,1756.0,1728.0,1150,5224,
24.4.2026,14:2:3.086,51.0,52.0,29.000,29.584,1757.0,1730.0,1150,5224,
24.4.2026,14:2:3.292,51.0,52.0,29.000,29.582,1757.0,1728.0,1150,5224,
24.4.2026,14:2:3.493,51.0,53.0,29.000,29.380,286.0,1728.0,1150,5224,
24.4.2026,14:2:3.697,50.0,52.0,29.000,29.510,287.0,1730.0,1150,5224,
24.4.2026,14:2:3.901,51.0,52.0,29.000,29.334,286.0,1728.0,1150,5224,
24.4.2026,14:2:4.110,51.0,52.0,29.000,29.478,1756.0,1728.0,1150,5224,
24.4.2026,14:2:4.315,50.0,52.0,29.000,29.627,305.0,1730.0,1150,5224,
24.4.2026,14:2:4.507,51.0,53.0,29.000,29.474,286.0,1730.0,1150,5224,
24.4.2026,14:2:4.709,50.0,52.0,29.000,29.644,288.0,1730.0,1150,5224,
24.4.2026,14:2:4.912,50.0,53.0,29.000,29.497,1757.0,1730.0,1150,5224,
24.4.2026,14:2:5.129,51.0,52.0,29.000,29.460,1752.0,1730.0,1150,5224,
24.4.2026,14:2:5.318,51.0,53.0,29.000,29.647,297.0,1728.0,1150,5224,
24.4.2026,14:2:5.521,51.0,52.0,29.000,29.360,1753.0,1730.0,1150,5224,
24.4.2026,14:2:5.726,51.0,52.0,29.000,29.409,287.0,1730.0,1150,5224,
24.4.2026,14:2:5.929,52.0,53.0,30.000,29.942,305.0,1728.0,1150,5224,
24.4.2026,14:2:6.132,51.0,52.0,30.000,29.909,1757.0,1728.0,1150,5224,
24.4.2026,14:2:6.335,51.0,52.0,29.000,29.823,1758.0,1730.0,1150,5224,
24.4.2026,14:2:6.539,51.0,53.0,29.000,29.648,289.0,1728.0,1150,5224,
24.4.2026,14:2:6.746,51.0,52.0,29.000,29.720,1755.0,1728.0,1150,5224,
24.4.2026,14:2:6.951,50.0,52.0,29.000,29.504,287.0,1728.0,1150,5224,
24.4.2026,14:2:7.158,51.0,53.0,29.000,29.303,290.0,1730.0,1150,5224,
24.4.2026,14:2:7.363,51.0,53.0,29.000,29.563,1757.0,1728.0,1150,5224,
24.4.2026,14:2:7.565,51.0,52.0,29.000,29.564,290.0,1730.0,1150,5224,
24.4.2026,14:2:7.769,51.0,53.0,29.000,29.695,1757.0,1730.0,1150,5224,
24.4.2026,14:2:7.976,51.0,52.0,29.000,29.502,280.0,1730.0,1150,5224,
24.4.2026,14:2:8.181,51.0,52.0,28.000,29.336,237.0,1730.0,1150,5224,
24.4.2026,14:2:8.386,51.0,53.0,29.000,29.410,279.0,1730.0,1150,5224,
24.4.2026,14:2:8.595,51.0,52.0,29.000,29.531,1756.0,1730.0,1150,5224,
24.4.2026,14:2:8.796,51.0,53.0,29.000,29.480,302.0,1730.0,1150,5224,
24.4.2026,14:2:9.002,50.0,52.0,29.000,29.464,282.0,1728.0,1150,5224,
24.4.2026,14:2:9.204,50.0,52.0,29.000,29.235,1757.0,1730.0,1150,5224,
24.4.2026,14:2:9.410,51.0,52.0,29.000,29.451,1757.0,1730.0,1150,5224,
24.4.2026,14:2:9.614,51.0,53.0,29.000,29.269,1757.0,1730.0,1150,5224,
24.4.2026,14:2:9.820,51.0,52.0,29.000,29.536,278.0,1730.0,1150,5224,
24.4.2026,14:2:10.027,50.0,52.0,29.000,29.447,268.0,1728.0,1150,5224,
24.4.2026,14:2:10.232,50.0,52.0,29.000,29.550,1752.0,1730.0,1150,5224,
24.4.2026,14:2:10.433,51.0,52.0,29.000,29.569,1755.0,1728.0,1150,5224,
24.4.2026,14:2:10.646,51.0,53.0,29.000,29.343,1756.0,1730.0,1150,5224,
24.4.2026,14:2:10.852,51.0,52.0,29.000,29.237,1757.0,1728.0,1150,5224,
24.4.2026,14:2:11.052,51.0,53.0,29.000,29.624,1757.0,1728.0,1150,5224,
24.4.2026,14:2:11.256,51.0,52.0,29.000,29.526,1757.0,1730.0,1150,5224,
24.4.2026,14:2:11.465,51.0,53.0,29.000,29.316,1757.0,1730.0,1150,5224,
24.4.2026,14:2:11.666,51.0,53.0,29.000,29.387,1758.0,1728.0,1150,5224,
24.4.2026,14:2:11.871,51.0,53.0,29.000,29.499,1757.0,1730.0,1150,5224,
24.4.2026,14:2:12.076,51.0,53.0,29.000,29.618,1757.0,1728.0,1150,5224,
24.4.2026,14:2:12.285,51.0,52.0,29.000,29.688,1757.0,1730.0,1150,5224,
24.4.2026,14:2:12.491,51.0,52.0,29.000,29.410,1757.0,1728.0,1150,5224,
24.4.2026,14:2:12.699,50.0,52.0,28.000,29.164,291.0,1728.0,1150,5224,
24.4.2026,14:2:12.904,51.0,52.0,29.000,29.087,280.0,1728.0,1150,5224,
24.4.2026,14:2:13.109,50.0,52.0,28.000,29.192,254.0,1730.0,1150,5224,
24.4.2026,14:2:13.314,51.0,52.0,29.000,29.377,297.0,1728.0,1150,5224,
24.4.2026,14:2:13.519,51.0,52.0,29.000,29.105,1756.0,1728.0,1150,5224,
24.4.2026,14:2:13.707,51.0,52.0,29.000,29.195,1756.0,1728.0,1150,5224,
24.4.2026,14:2:13.911,51.0,52.0,29.000,29.513,1757.0,1730.0,1150,5224,
24.4.2026,14:2:14.120,51.0,53.0,29.000,29.562,1757.0,1728.0,1150,5224,
24.4.2026,14:2:14.322,51.0,52.0,29.000,29.499,1727.0,1730.0,1150,5224,
24.4.2026,14:2:14.524,51.0,52.0,29.000,29.515,1749.0,1730.0,1150,5224,
24.4.2026,14:2:14.730,51.0,53.0,29.000,29.440,1755.0,1728.0,1150,5224,
24.4.2026,14:2:14.933,51.0,53.0,29.000,29.458,1757.0,1728.0,1150,5224,
24.4.2026,14:2:15.140,51.0,52.0,29.000,29.529,304.0,1728.0,1150,5224,
24.4.2026,14:2:15.345,51.0,52.0,29.000,29.081,1757.0,1730.0,1150,5224,
24.4.2026,14:2:15.552,51.0,52.0,29.000,29.241,1757.0,1730.0,1150,5224,
24.4.2026,14:2:15.775,51.0,52.0,28.000,29.293,276.0,1728.0,1150,5224,
24.4.2026,14:2:15.976,52.0,52.0,29.000,29.451,270.0,1730.0,1150,5224,
24.4.2026,14:2:16.181,51.0,52.0,29.000,29.572,1756.0,1730.0,1150,5224,
24.4.2026,14:2:16.383,50.0,52.0,29.000,29.705,1757.0,1730.0,1150,5224,
24.4.2026,14:2:16.589,51.0,53.0,29.000,29.551,1757.0,1730.0,1150,5224,
24.4.2026,14:2:16.797,51.0,52.0,28.000,29.348,271.0,1730.0,1150,5224,
24.4.2026,14:2:17.000,51.0,52.0,29.000,29.155,1757.0,1730.0,1150,5224,
24.4.2026,14:2:17.203,51.0,53.0,30.000,29.454,1756.0,1730.0,1150,5224,
24.4.2026,14:2:17.407,51.0,52.0,29.000,29.691,1757.0,1728.0,1150,5224,
24.4.2026,14:2:17.609,51.0,53.0,29.000,29.680,1758.0,1730.0,1150,5224,
24.4.2026,14:2:17.814,51.0,52.0,29.000,29.322,303.0,1730.0,1150,5224,
24.4.2026,14:2:18.021,51.0,53.0,29.000,29.485,298.0,1730.0,1150,5224,
24.4.2026,14:2:18.233,51.0,52.0,29.000,29.352,298.0,1730.0,1150,5224,
24.4.2026,14:2:18.434,51.0,52.0,29.000,29.322,1757.0,1730.0,1150,5224,
24.4.2026,14:2:18.643,51.0,52.0,29.000,29.362,1757.0,1730.0,1150,5224,
24.4.2026,14:2:18.835,51.0,52.0,29.000,29.107,300.0,1730.0,1150,5224,
24.4.2026,14:2:19.036,51.0,52.0,29.000,29.203,1757.0,1728.0,1150,5224,
24.4.2026,14:2:19.253,50.0,52.0,29.000,29.484,1752.0,1730.0,1150,5224,
24.4.2026,14:2:19.445,51.0,52.0,28.000,29.567,288.0,1730.0,1150,5224,
24.4.2026,14:2:19.649,51.0,53.0,29.000,29.284,292.0,1730.0,1150,5224,
24.4.2026,14:2:19.856,51.0,53.0,29.000,29.276,1758.0,1730.0,1150,5224,
24.4.2026,14:2:20.060,51.0,53.0,28.000,29.369,265.0,1728.0,1150,5224,
24.4.2026,14:2:20.268,51.0,52.0,29.000,29.365,296.0,1730.0,1150,5224,
24.4.2026,14:2:20.467,51.0,52.0,29.000,29.211,1724.0,1728.0,1150,5224,
24.4.2026,14:2:20.669,51.0,52.0,28.000,29.300,264.0,1730.0,1150,5224,
24.4.2026,14:2:20.874,51.0,53.0,29.000,29.187,1756.0,1728.0,1150,5224,
24.4.2026,14:2:21.080,51.0,52.0,29.000,28.939,1757.0,1730.0,1150,5224,
24.4.2026,14:2:21.272,51.0,52.0,29.000,28.939,1757.0,1730.0,1150,5224,
24.4.2026,14:2:21.481,51.0,52.0,29.000,29.189,291.0,1728.0,1150,5224,
24.4.2026,14:2:21.687,51.0,53.0,29.000,29.129,1756.0,1730.0,1150,5224,
24.4.2026,14:2:21.900,50.0,52.0,28.000,29.180,266.0,1728.0,1150,5224,
24.4.2026,14:2:22.094,50.0,52.0,28.000,29.180,266.0,1728.0,1150,5224,
24.4.2026,14:2:22.299,51.0,52.0,28.000,29.082,277.0,1730.0,1150,5224,
24.4.2026,14:2:22.502,51.0,52.0,29.000,28.988,1745.0,1730.0,1150,5224,
24.4.2026,14:2:22.694,51.0,52.0,29.000,29.312,285.0,1730.0,1150,5224,
24.4.2026,14:2:22.900,51.0,53.0,29.000,29.216,1756.0,1730.0,1150,5224,
24.4.2026,14:2:23.108,51.0,53.0,29.000,29.411,1757.0,1730.0,1150,5224,
24.4.2026,14:2:23.313,51.0,52.0,29.000,29.395,1757.0,1730.0,1150,5224,
24.4.2026,14:2:23.514,50.0,53.0,29.000,29.724,1758.0,1728.0,1150,5224,
24.4.2026,14:2:23.738,51.0,53.0,29.000,29.637,1758.0,1730.0,1150,5224,
24.4.2026,14:2:23.920,51.0,53.0,29.000,29.556,1757.0,1730.0,1150,5224,
24.4.2026,14:2:24.126,51.0,53.0,29.000,29.484,1757.0,1730.0,1150,5224,
24.4.2026,14:2:24.331,51.0,52.0,29.000,29.400,1757.0,1730.0,1150,5224,
24.4.2026,14:2:24.521,51.0,52.0,29.000,29.554,1757.0,1730.0,1150,5224,
24.4.2026,14:2:24.726,51.0,53.0,29.000,29.407,1758.0,1728.0,1150,5224,
24.4.2026,14:2:24.930,51.0,53.0,28.000,29.478,287.0,1728.0,1150,5224,
24.4.2026,14:2:25.130,51.0,53.0,29.000,29.055,299.0,1730.0,1150,5224,
24.4.2026,14:2:25.346,51.0,53.0,29.000,29.303,1727.0,1728.0,1150,5224,
24.4.2026,14:2:25.549,51.0,52.0,29.000,29.297,1754.0,1728.0,1150,5224,
24.4.2026,14:2:25.741,51.0,53.0,28.000,29.035,288.0,1728.0,1150,5224,
24.4.2026,14:2:25.955,51.0,53.0,28.000,29.017,285.0,1728.0,1150,5224,
24.4.2026,14:2:26.154,51.0,52.0,28.000,29.016,294.0,1730.0,1150,5224,
24.4.2026,14:2:26.357,51.0,53.0,28.000,28.873,1715.0,1728.0,1150,5224,
24.4.2026,14:2:26.555,51.0,53.0,28.000,28.699,302.0,1730.0,1150,5224,
24.4.2026,14:2:26.759,51.0,53.0,28.000,28.828,1748.0,1730.0,1150,5224,
24.4.2026,14:2:26.966,51.0,53.0,28.000,28.847,1755.0,1728.0,1150,5224,
24.4.2026,14:2:27.171,51.0,52.0,29.000,28.830,1758.0,1730.0,1150,5224,
24.4.2026,14:2:27.375,51.0,52.0,28.000,28.952,1757.0,1728.0,1150,5224,
24.4.2026,14:2:27.582,51.0,52.0,28.000,28.934,1757.0,1730.0,1150,5224,
24.4.2026,14:2:27.771,51.0,53.0,29.000,28.909,1757.0,1728.0,1150,5224,
24.4.2026,14:2:27.987,51.0,53.0,28.000,28.816,1756.0,1730.0,1150,5224,
24.4.2026,14:2:28.190,51.0,53.0,29.000,28.841,1757.0,1730.0,1150,5224,
24.4.2026,14:2:28.393,51.0,52.0,28.000,29.028,309.0,1728.0,1150,5224,
24.4.2026,14:2:28.597,52.0,53.0,28.000,28.970,302.0,1730.0,1150,5224,
24.4.2026,14:2:28.800,51.0,52.0,29.000,28.911,1734.0,1730.0,1150,5224,
24.4.2026,14:2:29.005,52.0,53.0,29.000,29.095,1753.0,1730.0,1150,5224,
24.4.2026,14:2:29.209,51.0,53.0,29.000,29.208,1756.0,1728.0,1150,5224,
24.4.2026,14:2:29.410,51.0,53.0,29.000,29.357,1757.0,1728.0,1150,5224,
24.4.2026,14:2:29.627,51.0,53.0,29.000,29.258,298.0,1730.0,1150,5224,
24.4.2026,14:2:29.819,50.0,53.0,28.000,29.165,301.0,1730.0,1150,5224,
24.4.2026,14:2:30.034,51.0,52.0,29.000,29.062,1710.0,1730.0,1150,5224,
24.4.2026,14:2:30.237,51.0,52.0,29.000,29.352,1738.0,1730.0,1150,5224,
24.4.2026,14:2:30.429,51.0,52.0,29.000,29.487,1756.0,1730.0,1150,5224,
24.4.2026,14:2:30.630,51.0,52.0,29.000,29.482,1757.0,1730.0,1150,5224,
24.4.2026,14:2:30.837,51.0,52.0,29.000,29.569,1756.0,1730.0,1150,5224,
24.4.2026,14:2:31.038,52.0,53.0,29.000,29.231,1757.0,1730.0,1150,5224,
24.4.2026,14:2:31.243,51.0,53.0,29.000,29.189,1716.0,1728.0,1150,5224,
24.4.2026,14:2:31.443,51.0,52.0,30.000,29.572,1753.0,1730.0,1150,5224,
24.4.2026,14:2:31.644,51.0,53.0,29.000,29.563,1755.0,1730.0,1150,5224,
24.4.2026,14:2:31.853,51.0,53.0,29.000,29.533,1757.0,1728.0,1150,5224,
24.4.2026,14:2:32.056,51.0,52.0,30.000,29.476,1757.0,1730.0,1150,5224,
24.4.2026,14:2:32.261,51.0,53.0,29.000,29.792,285.0,1728.0,1150,5224,
24.4.2026,14:2:32.469,51.0,53.0,29.000,29.539,1751.0,1728.0,1150,5224,
24.4.2026,14:2:32.671,51.0,53.0,30.000,29.521,1756.0,1730.0,1150,5224,
24.4.2026,14:2:32.863,51.0,52.0,30.000,29.568,1757.0,1728.0,1150,5224,
24.4.2026,14:2:33.071,51.0,52.0,29.000,29.493,1757.0,1730.0,1150,5224,
24.4.2026,14:2:33.277,51.0,53.0,29.000,29.339,1757.0,1728.0,1150,5224,
24.4.2026,14:2:33.484,50.0,53.0,29.000,29.362,1744.0,1730.0,1150,5224,
24.4.2026,14:2:33.687,51.0,53.0,29.000,29.375,1756.0,1728.0,1150,5224,
24.4.2026,14:2:33.892,51.0,53.0,29.000,29.181,1757.0,1730.0,1150,5224,
24.4.2026,14:2:34.090,50.0,53.0,29.000,29.362,301.0,1728.0,1150,5224,
24.4.2026,14:2:34.294,52.0,52.0,29.000,29.294,309.0,1730.0,1150,5224,
24.4.2026,14:2:34.497,51.0,53.0,29.000,29.448,297.0,1730.0,1150,5224,
24.4.2026,14:2:34.701,51.0,53.0,29.000,29.148,1752.0,1728.0,1150,5224,
24.4.2026,14:2:34.903,51.0,53.0,29.000,29.253,308.0,1730.0,1150,5224,
24.4.2026,14:2:35.107,51.0,53.0,29.000,29.146,298.0,1728.0,1150,5224,
24.4.2026,14:2:35.316,51.0,53.0,29.000,29.262,1757.0,1730.0,1150,5224,
24.4.2026,14:2:35.515,51.0,53.0,29.000,29.551,1757.0,1728.0,1150,5224,
24.4.2026,14:2:35.716,51.0,53.0,29.000,29.536,1757.0,1730.0,1150,5224,
24.4.2026,14:2:35.917,51.0,52.0,29.000,29.510,1757.0,1730.0,1150,5224,
24.4.2026,14:2:36.122,51.0,53.0,29.000,29.453,1757.0,1728.0,1150,5224,
24.4.2026,14:2:36.324,51.0,53.0,29.000,29.469,1757.0,1730.0,1150,5224,
24.4.2026,14:2:36.526,51.0,53.0,29.000,29.487,1757.0,1730.0,1150,5224,
24.4.2026,14:2:36.734,51.0,53.0,29.000,29.526,1757.0,1728.0,1150,5224,
24.4.2026,14:2:36.926,51.0,53.0,29.000,29.192,1757.0,1730.0,1150,5224,
24.4.2026,14:2:37.145,51.0,53.0,29.000,29.033,1720.0,1730.0,1150,5224,
24.4.2026,14:2:37.352,51.0,53.0,29.000,29.190,1749.0,1730.0,1150,5224,
24.4.2026,14:2:37.553,51.0,53.0,29.000,29.180,294.0,1730.0,1150,5224,
24.4.2026,14:2:37.757,51.0,53.0,29.000,29.200,1757.0,1728.0,1150,5224,
24.4.2026,14:2:37.962,51.0,52.0,28.000,29.046,282.0,1730.0,1150,5224,
24.4.2026,14:2:38.167,51.0,53.0,29.000,28.986,1757.0,1730.0,1150,5224,
24.4.2026,14:2:38.371,51.0,53.0,29.000,29.317,1756.0,1730.0,1150,5224,
24.4.2026,14:2:38.577,51.0,53.0,29.000,29.155,1757.0,1730.0,1150,5224,
24.4.2026,14:2:38.781,51.0,53.0,28.000,29.019,281.0,1728.0,1150,5224,
24.4.2026,14:2:38.984,51.0,53.0,29.000,28.950,278.0,1730.0,1150,5224,
24.4.2026,14:2:39.188,51.0,52.0,28.000,29.102,277.0,1730.0,1150,5224,
24.4.2026,14:2:39.394,52.0,53.0,29.000,29.072,1751.0,1728.0,1150,5224,
24.4.2026,14:2:39.594,51.0,52.0,28.000,29.210,304.0,1730.0,1150,5224,
24.4.2026,14:2:39.800,51.0,53.0,28.000,28.696,300.0,1728.0,1150,5224,
24.4.2026,14:2:40.023,51.0,53.0,28.000,28.741,301.0,1730.0,1150,5224,
24.4.2026,14:2:40.237,51.0,53.0,29.000,29.001,300.0,1730.0,1150,5224,
24.4.2026,14:2:40.440,51.0,53.0,28.000,28.910,302.0,1728.0,1150,5224,
24.4.2026,14:2:40.646,51.0,53.0,28.000,28.789,1757.0,1730.0,1150,5224,
24.4.2026,14:2:40.847,51.0,53.0,28.000,29.105,276.0,1730.0,1150,5224,
24.4.2026,14:2:41.054,51.0,53.0,29.000,28.916,1745.0,1730.0,1150,5224,
24.4.2026,14:2:41.260,51.0,53.0,29.000,29.087,1757.0,1730.0,1150,5224,
24.4.2026,14:2:41.464,51.0,52.0,28.000,29.055,284.0,1730.0,1150,5224,
24.4.2026,14:2:41.668,51.0,52.0,29.000,29.134,298.0,1730.0,1150,5224,
24.4.2026,14:2:41.875,51.0,53.0,29.000,29.335,1757.0,1730.0,1150,5224,
24.4.2026,14:2:42.078,51.0,53.0,28.000,29.141,1717.0,1730.0,1150,5224,
24.4.2026,14:2:42.285,51.0,53.0,29.000,28.896,1746.0,1730.0,1150,5224,
24.4.2026,14:2:42.486,51.0,53.0,28.000,29.049,1756.0,1730.0,1150,5224,
24.4.2026,14:2:42.678,51.0,53.0,29.000,29.276,1757.0,1730.0,1150,5224,
24.4.2026,14:2:42.886,51.0,53.0,28.000,29.355,1701.0,1728.0,1150,5224,
24.4.2026,14:2:43.095,51.0,53.0,28.000,29.055,249.0,1728.0,1150,5224,
24.4.2026,14:2:43.295,51.0,53.0,29.000,28.889,1756.0,1730.0,1150,5224,
24.4.2026,14:2:43.500,51.0,52.0,29.000,29.167,301.0,1730.0,1150,5224,
24.4.2026,14:2:43.700,51.0,53.0,28.000,29.193,1757.0,1728.0,1150,5224,
24.4.2026,14:2:43.900,51.0,53.0,29.000,29.142,1757.0,1730.0,1150,5224,
24.4.2026,14:2:44.105,51.0,53.0,29.000,29.159,1757.0,1730.0,1150,5224,
24.4.2026,14:2:44.311,52.0,53.0,29.000,29.149,1757.0,1730.0,1150,5224,
24.4.2026,14:2:44.513,51.0,53.0,28.000,29.254,276.0,1730.0,1150,5224,
24.4.2026,14:2:44.717,51.0,53.0,29.000,29.265,1747.0,1730.0,1150,5224,
24.4.2026,14:2:44.921,52.0,53.0,29.000,29.216,303.0,1730.0,1150,5224,
24.4.2026,14:2:45.127,51.0,53.0,29.000,29.166,1757.0,1730.0,1150,5224,
24.4.2026,14:2:45.328,51.0,53.0,29.000,29.351,1757.0,1730.0,1150,5224,
24.4.2026,14:2:45.533,52.0,53.0,29.000,29.271,294.0,1730.0,1150,5224,
24.4.2026,14:2:45.736,51.0,53.0,29.000,29.273,302.0,1730.0,1150,5224,
24.4.2026,14:2:45.941,51.0,53.0,29.000,29.584,1755.0,1730.0,1150,5224,
24.4.2026,14:2:46.159,51.0,53.0,29.000,29.409,1756.0,1730.0,1150,5224,
24.4.2026,14:2:46.361,51.0,53.0,29.000,29.358,1758.0,1730.0,1150,5224,
24.4.2026,14:2:46.566,52.0,53.0,29.000,29.417,1757.0,1728.0,1150,5224,
24.4.2026,14:2:46.767,51.0,53.0,29.000,29.263,1731.0,1730.0,1150,5224,
24.4.2026,14:2:46.971,52.0,53.0,29.000,29.090,1753.0,1730.0,1150,5224,
24.4.2026,14:2:47.163,51.0,52.0,28.000,28.983,294.0,1728.0,1150,5224,
24.4.2026,14:2:47.365,51.0,53.0,29.000,29.179,1758.0,1728.0,1150,5224,
24.4.2026,14:2:47.570,52.0,53.0,29.000,29.600,1757.0,1728.0,1150,5224,
24.4.2026,14:2:47.777,51.0,53.0,29.000,29.475,1757.0,1730.0,1150,5224,
24.4.2026,14:2:47.981,52.0,53.0,29.000,29.450,1757.0,1728.0,1150,5224,
24.4.2026,14:2:48.189,51.0,53.0,29.000,29.623,1757.0,1730.0,1150,5224,
24.4.2026,14:2:48.393,52.0,53.0,29.000,29.655,1757.0,1728.0,1150,5224,
24.4.2026,14:2:48.583,51.0,53.0,29.000,29.577,1757.0,1730.0,1150,5224,
24.4.2026,14:2:48.790,51.0,53.0,29.000,29.612,1756.0,1728.0,1150,5224,
24.4.2026,14:2:48.995,51.0,53.0,29.000,29.535,1757.0,1730.0,1150,5224,
24.4.2026,14:2:49.201,51.0,53.0,29.000,29.321,1747.0,1730.0,1150,5224,
24.4.2026,14:2:49.408,51.0,53.0,29.000,29.209,1751.0,1730.0,1150,5224,
24.4.2026,14:2:49.610,51.0,53.0,29.000,29.293,1757.0,1730.0,1150,5224,
24.4.2026,14:2:49.814,51.0,53.0,29.000,29.343,307.0,1730.0,1150,5224,
24.4.2026,14:2:50.020,51.0,53.0,29.000,29.395,286.0,1730.0,1150,5224,
24.4.2026,14:2:50.223,52.0,53.0,29.000,29.415,1757.0,1730.0,1150,5224,
24.4.2026,14:2:50.426,52.0,53.0,29.000,29.218,304.0,1730.0,1150,5224,
24.4.2026,14:2:50.628,51.0,53.0,29.000,29.247,281.0,1730.0,1150,5224,
24.4.2026,14:2:50.846,51.0,53.0,29.000,29.507,266.0,1730.0,1150,5224,
24.4.2026,14:2:51.036,51.0,53.0,29.000,29.369,277.0,1730.0,1150,5224,
24.4.2026,14:2:51.240,51.0,53.0,28.000,29.294,231.0,1730.0,1150,5224,
24.4.2026,14:2:51.442,51.0,53.0,29.000,29.413,1747.0,1728.0,1150,5224,
24.4.2026,14:2:51.658,51.0,53.0,29.000,29.173,310.0,1728.0,1150,5224,
24.4.2026,14:2:51.861,51.0,53.0,28.000,29.298,289.0,1730.0,1150,5224,
24.4.2026,14:2:52.050,51.0,53.0,29.000,29.145,297.0,1728.0,1150,5224,
24.4.2026,14:2:52.268,51.0,52.0,29.000,29.442,1757.0,1730.0,1150,5224,
24.4.2026,14:2:52.470,51.0,53.0,29.000,29.224,1752.0,1730.0,1150,5224,
24.4.2026,14:2:52.672,51.0,53.0,29.000,29.312,295.0,1730.0,1150,5224,
24.4.2026,14:2:52.875,51.0,53.0,29.000,29.010,1756.0,1730.0,1150,5224,
24.4.2026,14:2:53.086,51.0,53.0,28.000,29.076,276.0,1730.0,1150,5224,
24.4.2026,14:2:53.292,51.0,53.0,28.000,29.056,298.0,1730.0,1150,5224,
24.4.2026,14:2:53.496,51.0,53.0,29.000,28.954,1757.0,1730.0,1150,5224,
24.4.2026,14:2:53.703,51.0,53.0,28.000,29.092,257.0,1728.0,1150,5224,
24.4.2026,14:2:53.910,51.0,53.0,29.000,28.977,1752.0,1730.0,1150,5224,
24.4.2026,14:2:54.113,51.0,53.0,29.000,29.499,1754.0,1730.0,1150,5224,
24.4.2026,14:2:54.314,51.0,53.0,29.000,29.276,1756.0,1730.0,1150,5224,
24.4.2026,14:2:54.507,51.0,53.0,29.000,29.373,1756.0,1730.0,1150,5224,
24.4.2026,14:2:54.711,51.0,53.0,29.000,29.272,286.0,1730.0,1150,5224,
24.4.2026,14:2:54.916,51.0,52.0,29.000,29.274,301.0,1730.0,1150,5224,
24.4.2026,14:2:55.122,51.0,53.0,28.000,29.536,271.0,1728.0,1150,5224,
24.4.2026,14:2:55.328,51.0,53.0,29.000,29.481,1751.0,1730.0,1150,5224,
24.4.2026,14:2:55.532,51.0,53.0,29.000,29.340,291.0,1730.0,1150,5224,
24.4.2026,14:2:55.736,52.0,53.0,29.000,29.400,282.0,1730.0,1150,5224,
24.4.2026,14:2:55.942,51.0,53.0,29.000,29.336,1757.0,1730.0,1150,5224,
24.4.2026,14:2:56.147,51.0,53.0,29.000,29.399,1758.0,1730.0,1150,5224,
24.4.2026,14:2:56.360,51.0,53.0,29.000,29.510,1757.0,1730.0,1150,5224,
24.4.2026,14:2:56.563,51.0,53.0,29.000,29.522,266.0,1728.0,1150,5224,
24.4.2026,14:2:56.765,52.0,53.0,29.000,29.461,1746.0,1730.0,1150,5224,
24.4.2026,14:2:56.970,51.0,53.0,29.000,29.339,300.0,1728.0,1150,5224,
24.4.2026,14:2:57.177,51.0,53.0,29.000,29.131,1755.0,1730.0,1150,5224,
24.4.2026,14:2:57.380,51.0,53.0,29.000,29.368,1756.0,1730.0,1150,5224,
24.4.2026,14:2:57.585,52.0,53.0,29.000,29.504,293.0,1730.0,1150,5224,
24.4.2026,14:2:57.787,51.0,53.0,29.000,29.644,1757.0,1730.0,1150,5224,
24.4.2026,14:2:57.996,51.0,53.0,29.000,29.339,282.0,1730.0,1150,5224,
24.4.2026,14:2:58.199,51.0,53.0,29.000,29.285,276.0,1730.0,1150,5224,
24.4.2026,14:2:58.402,51.0,53.0,29.000,29.394,1757.0,1730.0,1150,5224,
24.4.2026,14:2:58.609,52.0,53.0,29.000,29.574,1757.0,1730.0,1150,5224,
24.4.2026,14:2:58.816,51.0,53.0,28.000,29.297,297.0,1728.0,1150,5224,
24.4.2026,14:2:59.005,51.0,53.0,29.000,29.306,268.0,1730.0,1150,5224,
24.4.2026,14:2:59.221,51.0,53.0,29.000,29.186,1757.0,1728.0,1150,5224,
24.4.2026,14:2:59.423,51.0,53.0,29.000,29.058,1757.0,1728.0,1150,5224,
24.4.2026,14:2:59.613,51.0,53.0,29.000,29.395,1757.0,1730.0,1150,5224,
24.4.2026,14:2:59.817,51.0,52.0,29.000,29.379,1757.0,1730.0,1150,5224,
24.4.2026,14:3:0.020,51.0,53.0,29.000,29.308,1757.0,1730.0,1150,5224,
24.4.2026,14:3:0.228,51.0,53.0,29.000,29.348,1757.0,1728.0,1150,5224,
24.4.2026,14:3:0.430,51.0,53.0,29.000,29.384,1757.0,1730.0,1150,5224,
24.4.2026,14:3:0.635,51.0,53.0,29.000,29.650,1757.0,1730.0,1150,5224,
24.4.2026,14:3:0.841,51.0,53.0,29.000,29.587,1758.0,1730.0,1150,5224,
24.4.2026,14:3:1.046,51.0,53.0,29.000,29.852,1757.0,1730.0,1150,5224,
24.4.2026,14:3:1.245,51.0,53.0,29.000,29.779,298.0,1730.0,1150,5224,
24.4.2026,14:3:1.449,51.0,52.0,29.000,29.774,1746.0,1730.0,1150,5224,
24.4.2026,14:3:1.652,51.0,52.0,29.000,29.748,1756.0,1730.0,1150,5224,
24.4.2026,14:3:1.854,52.0,53.0,29.000,29.549,1756.0,1730.0,1150,5224,
24.4.2026,14:3:2.054,51.0,53.0,29.000,29.210,303.0,1728.0,1150,5224,
24.4.2026,14:3:2.258,52.0,53.0,29.000,29.346,1757.0,1730.0,1150,5224,
24.4.2026,14:3:2.462,51.0,53.0,29.000,29.694,1757.0,1730.0,1150,5224,
24.4.2026,14:3:2.667,51.0,53.0,29.000,29.737,1757.0,1730.0,1150,5224,
24.4.2026,14:3:2.874,51.0,53.0,29.000,29.550,284.0,1730.0,1150,5224,
24.4.2026,14:3:3.078,51.0,53.0,30.000,29.768,1753.0,1730.0,1150,5224,
24.4.2026,14:3:3.282,51.0,53.0,29.000,29.636,1757.0,1730.0,1150,5224,
24.4.2026,14:3:3.488,51.0,53.0,29.000,29.442,1757.0,1730.0,1150,5224,
24.4.2026,14:3:3.708,51.0,53.0,29.000,29.403,302.0,1730.0,1150,5224,
24.4.2026,14:3:3.925,51.0,53.0,29.000,29.444,1691.0,1728.0,1150,5224,
24.4.2026,14:3:4.126,51.0,53.0,29.000,29.530,291.0,1730.0,1150,5224,
24.4.2026,14:3:4.330,52.0,53.0,29.000,29.446,301.0,1730.0,1150,5224,
24.4.2026,14:3:4.535,51.0,53.0,29.000,29.479,1756.0,1730.0,1150,5224,
24.4.2026,14:3:4.738,51.0,53.0,29.000,29.646,1757.0,1730.0,1150,5224,
24.4.2026,14:3:4.927,52.0,53.0,29.000,29.216,1757.0,1730.0,1150,5224,
24.4.2026,14:3:5.135,51.0,53.0,28.000,29.000,1756.0,1728.0,1150,5224,
24.4.2026,14:3:5.341,52.0,53.0,28.000,29.067,283.0,1728.0,1150,5224,
24.4.2026,14:3:5.542,52.0,53.0,28.000,29.053,286.0,1730.0,1150,5224,
24.4.2026,14:3:5.752,51.0,53.0,28.000,28.980,262.0,1728.0,1150,5224,
24.4.2026,14:3:5.955,51.0,53.0,29.000,29.039,278.0,1730.0,1150,5224,
24.4.2026,14:3:6.158,51.0,53.0,29.000,29.242,274.0,1730.0,1150,5224,
24.4.2026,14:3:6.363,51.0,53.0,29.000,29.149,1755.0,1728.0,1150,5224,
24.4.2026,14:3:6.555,51.0,53.0,29.000,29.328,1758.0,1730.0,1150,5224,
24.4.2026,14:3:6.761,51.0,53.0,28.000,29.150,284.0,1730.0,1150,5224,
24.4.2026,14:3:6.964,51.0,53.0,28.000,28.613,212.0,1730.0,1150,5224,
24.4.2026,14:3:7.165,51.0,53.0,29.000,28.842,1757.0,1730.0,1150,5224,
24.4.2026,14:3:7.369,51.0,53.0,29.000,28.861,305.0,1728.0,1150,5224,
24.4.2026,14:3:7.568,51.0,53.0,29.000,29.046,1757.0,1730.0,1150,5224,
24.4.2026,14:3:7.777,51.0,53.0,28.000,28.971,287.0,1730.0,1150,5224,
24.4.2026,14:3:7.983,51.0,53.0,29.000,28.991,1756.0,1728.0,1150,5224,
24.4.2026,14:3:8.182,51.0,53.0,29.000,28.344,1748.0,1730.0,1150,5224,
24.4.2026,14:3:8.390,52.0,53.0,29.000,28.950,1756.0,1730.0,1150,5224,
24.4.2026,14:3:8.596,51.0,53.0,29.000,29.099,1757.0,1730.0,1150,5224,
24.4.2026,14:3:8.787,51.0,53.0,28.000,29.118,286.0,1730.0,1150,5224,
24.4.2026,14:3:8.993,51.0,53.0,29.000,29.068,1757.0,1730.0,1150,5224,
24.4.2026,14:3:9.205,51.0,53.0,29.000,29.347,1757.0,1730.0,1150,5224,
24.4.2026,14:3:9.405,51.0,53.0,29.000,29.156,1711.0,1730.0,1150,5224,
24.4.2026,14:3:9.609,51.0,53.0,28.000,29.288,276.0,1728.0,1150,5224,
24.4.2026,14:3:9.818,51.0,52.0,29.000,29.357,1752.0,1730.0,1150,5224,
24.4.2026,14:3:10.015,51.0,53.0,29.000,29.452,1753.0,1728.0,1150,5224,
24.4.2026,14:3:10.221,52.0,53.0,29.000,29.610,292.0,1730.0,1150,5224,
24.4.2026,14:3:10.410,52.0,53.0,29.000,29.610,292.0,1730.0,1150,5224,
24.4.2026,14:3:10.631,51.0,53.0,29.000,29.535,288.0,1730.0,1150,5224,
24.4.2026,14:3:10.836,51.0,53.0,29.000,29.542,1757.0,1728.0,1150,5224,
24.4.2026,14:3:11.052,51.0,52.0,29.000,29.583,1757.0,1730.0,1150,5224,
24.4.2026,14:3:11.245,51.0,53.0,29.000,29.547,276.0,1728.0,1150,5224,
24.4.2026,14:3:11.447,52.0,53.0,28.000,29.460,268.0,1728.0,1150,5224,
24.4.2026,14:3:11.648,51.0,53.0,29.000,29.562,1747.0,1728.0,1150,5224,
24.4.2026,14:3:11.852,51.0,53.0,29.000,29.659,1757.0,1728.0,1150,5224,
24.4.2026,14:3:12.067,52.0,53.0,29.000,29.712,1758.0,1730.0,1150,5224,
24.4.2026,14:3:12.260,51.0,53.0,29.000,29.795,1757.0,1730.0,1150,5224,
24.4.2026,14:3:12.466,51.0,53.0,29.000,29.651,1757.0,1730.0,1150,5224,
24.4.2026,14:3:12.673,52.0,53.0,29.000,29.717,1758.0,1730.0,1150,5224,
24.4.2026,14:3:12.876,51.0,53.0,30.000,29.932,1757.0,1730.0,1150,5224,
24.4.2026,14:3:13.089,51.0,53.0,29.000,29.914,1757.0,1730.0,1150,5224,
24.4.2026,14:3:13.271,51.0,53.0,29.000,29.914,1757.0,1730.0,1150,5224,
24.4.2026,14:3:13.478,51.0,53.0,29.000,29.817,1757.0,1730.0,1150,5224,
24.4.2026,14:3:13.682,51.0,53.0,29.000,29.732,1755.0,1730.0,1150,5224,
24.4.2026,14:3:13.915,52.0,53.0,29.000,29.106,1756.0,1730.0,1150,5224,
24.4.2026,14:3:14.092,52.0,53.0,29.000,29.106,1756.0,1730.0,1150,5224,
24.4.2026,14:3:14.297,51.0,53.0,29.000,29.326,1758.0,1728.0,1150,5224,
24.4.2026,14:3:14.503,52.0,53.0,28.000,29.445,284.0,1728.0,1150,5224,
24.4.2026,14:3:14.691,52.0,53.0,29.000,29.245,1749.0,1730.0,1150,5224,
24.4.2026,14:3:14.911,52.0,52.0,29.000,29.216,1755.0,1730.0,1150,5224,
24.4.2026,14:3:15.120,51.0,53.0,29.000,29.147,1757.0,1730.0,1150,5224,
24.4.2026,14:3:15.324,51.0,53.0,29.000,29.148,1758.0,1728.0,1150,5224,
24.4.2026,14:3:15.532,51.0,53.0,29.000,28.936,1757.0,1728.0,1150,5224,
24.4.2026,14:3:15.739,52.0,53.0,28.000,28.993,303.0,1730.0,1150,5224,
24.4.2026,14:3:15.930,51.0,52.0,29.000,29.277,1752.0,1728.0,1150,5224,
24.4.2026,14:3:16.135,52.0,53.0,29.000,29.357,304.0,1730.0,1150,5224,
24.4.2026,14:3:16.337,51.0,53.0,29.000,29.413,296.0,1728.0,1150,5224,
24.4.2026,14:3:16.542,51.0,53.0,29.000,29.484,300.0,1730.0,1150,5224,
24.4.2026,14:3:16.748,52.0,53.0,29.000,29.425,302.0,1728.0,1150,5224,
24.4.2026,14:3:16.952,51.0,53.0,29.000,29.179,295.0,1730.0,1150,5224,
24.4.2026,14:3:17.160,51.0,53.0,29.000,29.274,1750.0,1728.0,1150,5224,
24.4.2026,14:3:17.362,51.0,53.0,29.000,29.372,1755.0,1730.0,1150,5224,
24.4.2026,14:3:17.564,52.0,53.0,29.000,29.116,299.0,1728.0,1150,5224,
24.4.2026,14:3:17.767,51.0,53.0,29.000,29.176,311.0,1730.0,1150,5224,
24.4.2026,14:3:17.971,51.0,53.0,29.000,29.269,289.0,1730.0,1150,5224,
24.4.2026,14:3:18.172,51.0,53.0,29.000,29.256,1757.0,1730.0,1150,5224,
24.4.2026,14:3:18.369,51.0,53.0,28.000,29.254,1684.0,1728.0,1150,5224,
24.4.2026,14:3:18.577,51.0,53.0,29.000,29.497,270.0,1730.0,1150,5224,
24.4.2026,14:3:18.783,51.0,53.0,29.000,29.563,1756.0,1730.0,1150,5224,
24.4.2026,14:3:18.989,51.0,53.0,28.000,29.047,298.0,1728.0,1150,5224,
24.4.2026,14:3:19.197,52.0,53.0,29.000,29.412,289.0,1730.0,1150,5224,
24.4.2026,14:3:19.401,51.0,53.0,29.000,29.537,1734.0,1730.0,1150,5224,
24.4.2026,14:3:19.604,51.0,53.0,29.000,29.618,298.0,1730.0,1150,5224,
24.4.2026,14:3:19.811,52.0,53.0,29.000,29.495,297.0,1730.0,1150,5224,
24.4.2026,14:3:20.012,51.0,53.0,29.000,29.474,286.0,1730.0,1150,5224,
24.4.2026,14:3:20.217,51.0,53.0,29.000,29.537,1757.0,1728.0,1150,5224,
24.4.2026,14:3:20.420,52.0,53.0,28.000,29.542,251.0,1730.0,1150,5224,
24.4.2026,14:3:20.624,51.0,53.0,29.000,29.084,286.0,1730.0,1150,5224,
24.4.2026,14:3:20.827,52.0,53.0,28.000,29.164,277.0,1730.0,1150,5224,
24.4.2026,14:3:21.033,51.0,53.0,28.000,29.189,261.0,1730.0,1150,5224,
24.4.2026,14:3:21.237,52.0,53.0,29.000,29.237,289.0,1730.0,1150,5224,
24.4.2026,14:3:21.441,51.0,53.0,29.000,29.172,1741.0,1728.0,1150,5224,
24.4.2026,14:3:21.631,51.0,52.0,29.000,29.464,262.0,1730.0,1150,5224,
24.4.2026,14:3:21.835,52.0,53.0,29.000,29.396,276.0,1730.0,1150,5224,
24.4.2026,14:3:22.040,52.0,53.0,30.000,29.324,1755.0,1730.0,1150,5224,
24.4.2026,14:3:22.241,52.0,53.0,29.000,29.482,1757.0,1730.0,1150,5224,
24.4.2026,14:3:22.447,52.0,52.0,29.000,29.207,304.0,1728.0,1150,5224,
24.4.2026,14:3:22.651,52.0,53.0,29.000,29.385,289.0,1730.0,1150,5224,
24.4.2026,14:3:22.856,52.0,53.0,29.000,29.375,1757.0,1728.0,1150,5224,
24.4.2026,14:3:23.062,51.0,53.0,29.000,29.530,297.0,1730.0,1150,5224,
24.4.2026,14:3:23.265,52.0,53.0,29.000,29.568,287.0,1730.0,1150,5224,
24.4.2026,14:3:23.469,51.0,53.0,29.000,29.443,299.0,1728.0,1150,5224,
24.4.2026,14:3:23.673,52.0,53.0,29.000,29.355,1751.0,1730.0,1150,5224,
24.4.2026,14:3:23.875,52.0,53.0,30.000,29.419,1754.0,1728.0,1150,5224,
24.4.2026,14:3:24.074,52.0,53.0,30.000,29.476,1755.0,1730.0,1150,5224,
24.4.2026,14:3:24.280,52.0,53.0,29.000,29.214,1758.0,1728.0,1150,5224,
24.4.2026,14:3:24.485,51.0,52.0,29.000,29.642,1757.0,1728.0,1150,5224,
24.4.2026,14:3:24.677,51.0,53.0,30.000,29.758,1756.0,1730.0,1150,5224,
24.4.2026,14:3:24.880,51.0,53.0,29.000,29.848,1757.0,1730.0,1150,5224,
24.4.2026,14:3:25.096,51.0,53.0,29.000,29.892,1757.0,1730.0,1150,5224,
24.4.2026,14:3:25.288,51.0,53.0,29.000,29.778,1757.0,1730.0,1150,5224,
24.4.2026,14:3:25.493,52.0,53.0,30.000,29.873,1756.0,1730.0,1150,5224,
24.4.2026,14:3:25.701,51.0,53.0,29.000,29.889,1757.0,1728.0,1150,5224,
24.4.2026,14:3:25.908,52.0,53.0,29.000,29.733,293.0,1730.0,1150,5224,
24.4.2026,14:3:26.101,51.0,53.0,29.000,29.302,1757.0,1728.0,1150,5224,
24.4.2026,14:3:26.308,52.0,54.0,29.000,29.302,1757.0,1730.0,1150,5224,
24.4.2026,14:3:26.514,52.0,53.0,29.000,29.263,1757.0,1730.0,1150,5224,
24.4.2026,14:3:26.717,51.0,53.0,29.000,29.425,1665.0,1728.0,1150,5224,
24.4.2026,14:3:26.920,52.0,53.0,28.000,29.376,260.0,1730.0,1150,5224,
24.4.2026,14:3:27.125,52.0,53.0,29.000,29.519,292.0,1730.0,1150,5224,
24.4.2026,14:3:27.327,52.0,53.0,29.000,29.548,290.0,1730.0,1150,5224,
24.4.2026,14:3:27.532,52.0,53.0,29.000,29.583,1757.0,1730.0,1150,5224,
24.4.2026,14:3:27.736,52.0,53.0,29.000,29.357,1757.0,1728.0,1150,5224,
24.4.2026,14:3:27.939,52.0,53.0,29.000,29.347,285.0,1730.0,1150,5224,
24.4.2026,14:3:28.146,52.0,53.0,29.000,29.158,299.0,1730.0,1150,5224,
24.4.2026,14:3:28.357,51.0,53.0,29.000,29.233,300.0,1730.0,1150,5224,
24.4.2026,14:3:28.558,52.0,53.0,29.000,29.298,1756.0,1730.0,1150,5224,
24.4.2026,14:3:28.772,51.0,53.0,29.000,29.340,1758.0,1728.0,1150,5224,
24.4.2026,14:3:28.968,52.0,53.0,29.000,29.269,1757.0,1730.0,1150,5224,
24.4.2026,14:3:29.169,52.0,53.0,29.000,29.328,278.0,1730.0,1150,5224,
24.4.2026,14:3:29.373,52.0,53.0,29.000,29.421,1756.0,1730.0,1150,5224,
24.4.2026,14:3:29.580,51.0,53.0,29.000,29.451,1757.0,1730.0,1150,5224,
24.4.2026,14:3:29.771,52.0,53.0,29.000,29.373,1757.0,1730.0,1150,5224,
24.4.2026,14:3:29.980,51.0,53.0,29.000,29.304,1752.0,1730.0,1150,5224,
24.4.2026,14:3:30.183,52.0,53.0,29.000,29.208,305.0,1730.0,1150,5224,
24.4.2026,14:3:30.387,51.0,53.0,29.000,29.177,1756.0,1730.0,1150,5224,
24.4.2026,14:3:30.599,52.0,53.0,29.000,29.403,1756.0,1730.0,1150,5224,
24.4.2026,14:3:30.811,51.0,53.0,29.000,29.397,281.0,1730.0,1150,5224,
24.4.2026,14:3:31.013,51.0,53.0,29.000,29.350,1747.0,1730.0,1150,5224,
24.4.2026,14:3:31.219,52.0,54.0,29.000,29.370,1756.0,1728.0,1150,5224,
24.4.2026,14:3:31.427,51.0,53.0,29.000,29.294,1756.0,1728.0,1150,5224,
24.4.2026,14:3:31.630,52.0,53.0,29.000,29.440,303.0,1730.0,1150,5224,
24.4.2026,14:3:31.837,52.0,53.0,29.000,29.561,1757.0,1730.0,1150,5224,
24.4.2026,14:3:32.040,52.0,54.0,29.000,29.563,295.0,1730.0,1150,5224,
24.4.2026,14:3:32.246,52.0,53.0,29.000,29.510,1753.0,1730.0,1150,5224,
24.4.2026,14:3:32.452,51.0,53.0,29.000,29.269,1754.0,1728.0,1150,5224,
24.4.2026,14:3:32.656,52.0,54.0,29.000,29.408,1757.0,1730.0,1150,5224,
24.4.2026,14:3:32.865,51.0,53.0,29.000,29.449,1757.0,1730.0,1150,5224,
24.4.2026,14:3:33.070,52.0,53.0,29.000,29.106,1728.0,1730.0,1150,5224,
24.4.2026,14:3:33.276,52.0,53.0,29.000,29.203,288.0,1728.0,1150,5224,
24.4.2026,14:3:33.475,51.0,53.0,28.000,28.639,269.0,1730.0,1150,5224,
24.4.2026,14:3:33.680,52.0,53.0,29.000,28.945,1757.0,1730.0,1150,5224,
24.4.2026,14:3:33.888,51.0,53.0,29.000,29.077,295.0,1730.0,1150,5224,
24.4.2026,14:3:34.092,51.0,53.0,28.000,29.107,287.0,1730.0,1150,5224,
24.4.2026,14:3:34.297,52.0,54.0,29.000,29.399,1746.0,1728.0,1151,5224,
24.4.2026,14:3:34.502,52.0,53.0,29.000,29.162,1757.0,1730.0,1151,5224,
24.4.2026,14:3:34.695,52.0,54.0,29.000,29.236,1757.0,1728.0,1151,5224,
24.4.2026,14:3:34.898,52.0,53.0,29.000,29.233,1757.0,1728.0,1151,5224,
24.4.2026,14:3:35.101,51.0,53.0,29.000,29.175,1757.0,1730.0,1151,5224,
24.4.2026,14:3:35.303,52.0,53.0,28.000,29.071,249.0,1728.0,1151,5224,
24.4.2026,14:3:35.522,52.0,53.0,28.000,28.418,231.0,1730.0,1151,5224,
24.4.2026,14:3:35.720,51.0,53.0,28.000,28.725,237.0,1728.0,1151,5224,
24.4.2026,14:3:35.920,52.0,53.0,28.000,28.602,244.0,1730.0,1151,5224,
24.4.2026,14:3:36.125,51.0,53.0,28.000,28.662,268.0,1728.0,1151,5224,
24.4.2026,14:3:36.324,52.0,53.0,28.000,28.433,277.0,1730.0,1151,5224,
24.4.2026,14:3:36.522,51.0,53.0,28.000,28.399,260.0,1730.0,1151,5224,
24.4.2026,14:3:36.725,52.0,53.0,29.000,28.747,1757.0,1730.0,1151,5224,
24.4.2026,14:3:36.930,51.0,53.0,28.000,29.194,1758.0,1730.0,1151,5224,
24.4.2026,14:3:37.136,52.0,53.0,29.000,29.014,1757.0,1730.0,1150,5224,
24.4.2026,14:3:37.338,52.0,53.0,29.000,29.119,1758.0,1730.0,1150,5224,
24.4.2026,14:3:37.537,51.0,53.0,28.000,29.140,236.0,1730.0,1150,5224,
24.4.2026,14:3:37.741,51.0,53.0,28.000,28.747,1757.0,1730.0,1150,5224,
24.4.2026,14:3:37.948,52.0,53.0,28.000,28.966,284.0,1730.0,1150,5224,
24.4.2026,14:3:38.157,51.0,53.0,29.000,29.147,293.0,1728.0,1150,5224,
24.4.2026,14:3:38.359,51.0,54.0,29.000,29.595,1757.0,1730.0,1151,5224,
24.4.2026,14:3:38.567,51.0,53.0,28.000,29.288,258.0,1728.0,1151,5224,
24.4.2026,14:3:38.766,52.0,53.0,28.000,28.845,260.0,1728.0,1151,5224,
24.4.2026,14:3:38.960,52.0,53.0,28.000,29.131,258.0,1730.0,1151,5224,
24.4.2026,14:3:39.160,52.0,53.0,29.000,29.458,1747.0,1728.0,1153,5226,
24.4.2026,14:3:39.368,51.0,53.0,28.000,29.254,255.0,1730.0,1153,5226,
24.4.2026,14:3:39.569,52.0,53.0,28.000,28.836,246.0,1728.0,1153,5226,
24.4.2026,14:3:39.775,51.0,53.0,28.000,28.681,277.0,1728.0,1153,5226,
24.4.2026,14:3:39.973,51.0,53.0,29.000,28.655,299.0,1730.0,1153,5226,
24.4.2026,14:3:40.191,52.0,53.0,29.000,29.048,1757.0,1730.0,1153,5226,
24.4.2026,14:3:40.382,51.0,53.0,29.000,29.416,290.0,1730.0,1153,5226,
24.4.2026,14:3:40.585,52.0,53.0,28.000,29.035,290.0,1728.0,1153,5226,
24.4.2026,14:3:40.788,51.0,53.0,29.000,28.844,269.0,1730.0,1153,5226,
24.4.2026,14:3:40.991,52.0,53.0,29.000,28.988,277.0,1728.0,1153,5226,
24.4.2026,14:3:41.192,52.0,53.0,28.000,28.864,269.0,1728.0,1153,5226,
24.4.2026,14:3:41.396,51.0,53.0,28.000,29.028,267.0,1728.0,1153,5226,
24.4.2026,14:3:41.598,52.0,53.0,29.000,29.244,258.0,1730.0,1153,5226,
24.4.2026,14:3:41.801,51.0,53.0,29.000,29.020,1749.0,1730.0,1153,5226,
24.4.2026,14:3:42.006,52.0,53.0,28.000,29.075,294.0,1728.0,1153,5226,
24.4.2026,14:3:42.211,52.0,53.0,29.000,29.250,1755.0,1730.0,1153,5226,
24.4.2026,14:3:42.424,52.0,53.0,28.000,29.127,1756.0,1730.0,1153,5226,
24.4.2026,14:3:42.622,51.0,53.0,29.000,29.203,283.0,1728.0,1153,5226,
24.4.2026,14:3:42.822,52.0,53.0,29.000,29.229,283.0,1730.0,1153,5226,
24.4.2026,14:3:43.029,51.0,53.0,29.000,29.159,1756.0,1728.0,1153,5226,
24.4.2026,14:3:43.227,51.0,53.0,29.000,29.159,1756.0,1728.0,1153,5226,
24.4.2026,14:3:43.428,52.0,53.0,29.000,29.292,1757.0,1730.0,1153,5226,
24.4.2026,14:3:43.645,53.0,54.0,29.000,28.833,1757.0,1730.0,1153,5226,
24.4.2026,14:3:43.852,52.0,53.0,28.000,28.892,286.0,1728.0,1153,5226,
24.4.2026,14:3:44.060,52.0,53.0,29.000,28.931,270.0,1728.0,1153,5226,
24.4.2026,14:3:44.265,52.0,53.0,28.000,28.998,266.0,1730.0,1153,5226,
24.4.2026,14:3:44.491,52.0,53.0,29.000,29.090,275.0,1730.0,1153,5226,
24.4.2026,14:3:44.672,52.0,53.0,28.000,29.083,268.0,1730.0,1153,5226,
24.4.2026,14:3:44.874,52.0,53.0,28.000,29.325,246.0,1730.0,1153,5226,
24.4.2026,14:3:45.075,51.0,53.0,29.000,29.431,261.0,1728.0,1153,5226,
24.4.2026,14:3:45.279,52.0,53.0,29.000,29.321,281.0,1728.0,1153,5226,
24.4.2026,14:3:45.484,52.0,53.0,29.000,29.171,1757.0,1730.0,1153,5226,
24.4.2026,14:3:45.689,52.0,53.0,28.000,29.119,284.0,1728.0,1153,5226,
24.4.2026,14:3:45.889,51.0,53.0,29.000,29.039,1756.0,1730.0,1153,5226,
24.4.2026,14:3:46.098,52.0,53.0,29.000,28.991,1757.0,1730.0,1153,5226,
24.4.2026,14:3:46.308,52.0,53.0,29.000,29.209,1756.0,1730.0,1153,5226,
24.4.2026,14:3:46.509,52.0,54.0,29.000,29.117,1757.0,1730.0,1153,5226,
24.4.2026,14:3:46.709,52.0,54.0,29.000,29.117,1757.0,1730.0,1153,5226,
24.4.2026,14:3:46.911,51.0,53.0,29.000,29.214,258.0,1730.0,1153,5226,
24.4.2026,14:3:47.118,52.0,53.0,29.000,29.231,280.0,1730.0,1153,5226,
24.4.2026,14:3:47.318,51.0,53.0,29.000,29.346,276.0,1728.0,1153,5226,
24.4.2026,14:3:47.521,52.0,53.0,29.000,29.172,268.0,1730.0,1153,5226,
24.4.2026,14:3:47.726,52.0,53.0,29.000,29.104,270.0,1730.0,1153,5226,
24.4.2026,14:3:47.929,51.0,53.0,29.000,29.059,243.0,1730.0,1153,5226,
24.4.2026,14:3:48.134,52.0,53.0,29.000,29.080,263.0,1728.0,1153,5226,
24.4.2026,14:3:48.340,51.0,53.0,28.000,29.175,274.0,1730.0,1153,5226,
24.4.2026,14:3:48.544,52.0,53.0,29.000,28.930,277.0,1730.0,1153,5226,
24.4.2026,14:3:48.750,51.0,53.0,29.000,29.001,272.0,1730.0,1153,5226,
24.4.2026,14:3:48.954,51.0,53.0,28.000,29.095,265.0,1730.0,1153,5226,
24.4.2026,14:3:49.159,52.0,53.0,28.000,29.079,266.0,1728.0,1153,5226,
24.4.2026,14:3:49.362,52.0,54.0,29.000,29.192,299.0,1730.0,1153,5226,
24.4.2026,14:3:49.565,52.0,53.0,28.000,29.136,276.0,1728.0,1153,5226,
24.4.2026,14:3:49.770,52.0,53.0,28.000,29.072,294.0,1730.0,1153,5226,
24.4.2026,14:3:49.974,52.0,53.0,29.000,29.142,292.0,1730.0,1153,5226,
24.4.2026,14:3:50.191,52.0,53.0,29.000,29.591,1757.0,1730.0,1153,5226,
24.4.2026,14:3:50.396,52.0,53.0,29.000,29.625,1757.0,1730.0,1153,5226,
24.4.2026,14:3:50.600,52.0,53.0,29.000,29.709,1757.0,1730.0,1153,5226,
24.4.2026,14:3:50.803,52.0,53.0,29.000,29.507,1757.0,1728.0,1153,5226,
24.4.2026,14:3:51.029,52.0,53.0,29.000,29.324,1757.0,1730.0,1153,5226,
24.4.2026,14:3:51.235,52.0,53.0,29.000,29.158,1756.0,1728.0,1153,5226,
24.4.2026,14:3:51.440,52.0,53.0,29.000,29.578,1758.0,1730.0,1153,5226,
24.4.2026,14:3:51.628,52.0,53.0,29.000,29.477,1757.0,1730.0,1153,5226,
24.4.2026,14:3:51.842,52.0,53.0,28.000,28.918,1757.0,1728.0,1153,5226,
24.4.2026,14:3:52.053,53.0,54.0,28.000,28.868,277.0,1728.0,1153,5226,
24.4.2026,14:3:52.249,52.0,53.0,29.000,29.200,1750.0,1730.0,1153,5226,
24.4.2026,14:3:52.464,52.0,53.0,28.000,28.887,1755.0,1728.0,1153,5226,
24.4.2026,14:3:52.657,51.0,53.0,28.000,28.815,295.0,1730.0,1153,5226,
24.4.2026,14:3:52.859,52.0,52.0,29.000,29.000,1756.0,1730.0,1153,5226,
24.4.2026,14:3:53.082,52.0,53.0,29.000,29.321,1758.0,1728.0,1153,5226,
24.4.2026,14:3:53.274,52.0,53.0,29.000,29.085,288.0,1730.0,1153,5226,
24.4.2026,14:3:53.480,52.0,53.0,29.000,28.947,1757.0,1728.0,1153,5226,
24.4.2026,14:3:53.682,52.0,53.0,28.000,29.049,288.0,1728.0,1153,5226,
24.4.2026,14:3:53.887,52.0,53.0,29.000,28.843,1757.0,1730.0,1153,5226,
24.4.2026,14:3:54.104,52.0,53.0,28.000,29.029,269.0,1730.0,1153,5226,
24.4.2026,14:3:54.298,52.0,53.0,28.000,29.011,279.0,1730.0,1153,5226,
24.4.2026,14:3:54.503,52.0,53.0,28.000,28.868,1755.0,1728.0,1153,5226,
24.4.2026,14:3:54.721,52.0,53.0,29.000,28.658,304.0,1728.0,1153,5226,
24.4.2026,14:3:54.924,52.0,53.0,29.000,28.829,1757.0,1730.0,1153,5226,
24.4.2026,14:3:55.128,52.0,53.0,28.000,28.439,272.0,1728.0,1153,5226,
24.4.2026,14:3:55.331,52.0,53.0,28.000,28.827,278.0,1728.0,1153,5226,
24.4.2026,14:3:55.535,52.0,53.0,28.000,28.992,288.0,1730.0,1153,5226,
24.4.2026,14:3:55.725,52.0,54.0,28.000,28.700,1757.0,1728.0,1153,5226,
24.4.2026,14:3:55.928,52.0,53.0,28.000,28.781,281.0,1728.0,1153,5226,
24.4.2026,14:3:56.137,52.0,54.0,28.000,28.656,279.0,1728.0,1153,5226,
24.4.2026,14:3:56.341,52.0,53.0,28.000,28.938,1738.0,1728.0,1153,5226,
24.4.2026,14:3:56.546,52.0,53.0,29.000,28.993,293.0,1730.0,1153,5226,
24.4.2026,14:3:56.750,52.0,53.0,29.000,29.094,1753.0,1728.0,1153,5226,
24.4.2026,14:3:56.951,52.0,53.0,29.000,29.183,1756.0,1730.0,1153,5226,
24.4.2026,14:3:57.166,52.0,53.0,29.000,29.268,1756.0,1728.0,1153,5226,
24.4.2026,14:3:57.348,52.0,53.0,29.000,29.268,1756.0,1728.0,1153,5226,
24.4.2026,14:3:57.551,52.0,53.0,29.000,29.363,1757.0,1730.0,1153,5226,
24.4.2026,14:3:57.778,51.0,53.0,29.000,29.036,299.0,1730.0,1153,5226,
24.4.2026,14:3:57.986,52.0,53.0,29.000,29.219,1751.0,1730.0,1153,5226,
24.4.2026,14:3:58.186,52.0,53.0,29.000,29.224,1756.0,1728.0,1153,5226,
24.4.2026,14:3:58.391,52.0,53.0,28.000,29.023,295.0,1730.0,1153,5226,
24.4.2026,14:3:58.595,52.0,53.0,29.000,28.944,1756.0,1730.0,1153,5226,
24.4.2026,14:3:58.801,51.0,53.0,29.000,29.236,1756.0,1728.0,1153,5226,
24.4.2026,14:3:59.018,52.0,53.0,28.000,28.977,1758.0,1728.0,1153,5226,
24.4.2026,14:3:59.222,51.0,53.0,29.000,29.101,1756.0,1728.0,1153,5226,
24.4.2026,14:3:59.441,52.0,53.0,29.000,29.274,1751.0,1730.0,1153,5226,
24.4.2026,14:3:59.653,52.0,53.0,29.000,29.034,1757.0,1730.0,1153,5226,
24.4.2026,14:3:59.850,52.0,53.0,29.000,29.124,1757.0,1730.0,1153,5226,
24.4.2026,14:4:0.055,52.0,53.0,29.000,29.173,1757.0,1730.0,1153,5226,
24.4.2026,14:4:0.259,51.0,53.0,29.000,29.313,1757.0,1730.0,1153,5226,
24.4.2026,14:4:0.462,52.0,53.0,28.000,29.606,273.0,1730.0,1153,5226,
24.4.2026,14:4:0.667,52.0,53.0,30.000,29.444,1751.0,1730.0,1153,5226,
24.4.2026,14:4:0.874,52.0,53.0,29.000,29.342,1756.0,1730.0,1153,5226,
24.4.2026,14:4:1.074,52.0,54.0,29.000,29.500,1758.0,1728.0,1153,5226,
24.4.2026,14:4:1.279,52.0,54.0,28.000,29.294,1757.0,1730.0,1153,5226,
24.4.2026,14:4:1.486,51.0,53.0,29.000,28.940,1756.0,1730.0,1153,5226,
24.4.2026,14:4:1.690,52.0,53.0,28.000,28.902,282.0,1728.0,1153,5226,
24.4.2026,14:4:1.879,51.0,54.0,29.000,29.046,1750.0,1730.0,1153,5226,
24.4.2026,14:4:2.097,51.0,53.0,28.000,29.285,300.0,1728.0,1153,5226,
24.4.2026,14:4:2.289,52.0,53.0,29.000,29.005,1757.0,1728.0,1153,5226,
24.4.2026,14:4:2.493,52.0,53.0,29.000,29.298,1757.0,1730.0,1153,5226,
24.4.2026,14:4:2.697,52.0,53.0,29.000,29.523,1757.0,1730.0,1153,5226,
24.4.2026,14:4:2.902,52.0,53.0,29.000,29.447,1757.0,1730.0,1153,5226,
24.4.2026,14:4:3.110,52.0,54.0,29.000,29.378,1756.0,1730.0,1153,5226,
24.4.2026,14:4:3.311,52.0,53.0,29.000,29.422,1757.0,1730.0,1153,5226,
24.4.2026,14:4:3.517,52.0,53.0,29.000,29.746,1757.0,1728.0,1153,5226,
24.4.2026,14:4:3.720,52.0,54.0,30.000,29.828,1757.0,1730.0,1153,5226,
24.4.2026,14:4:3.910,52.0,54.0,30.000,30.111,1756.0,1730.0,1153,5226,
24.4.2026,14:4:4.116,52.0,54.0,29.000,29.904,1735.0,1728.0,1153,5226,
24.4.2026,14:4:4.324,51.0,53.0,29.000,29.668,1756.0,1730.0,1153,5226,
24.4.2026,14:4:4.529,52.0,53.0,29.000,29.610,1756.0,1730.0,1153,5226,
24.4.2026,14:4:4.733,52.0,53.0,29.000,29.503,1756.0,1728.0,1153,5226,
24.4.2026,14:4:4.934,52.0,53.0,29.000,29.404,1756.0,1730.0,1153,5226,
24.4.2026,14:4:5.140,52.0,54.0,29.000,29.519,1758.0,1730.0,1153,5226,
24.4.2026,14:4:5.344,52.0,53.0,29.000,29.216,283.0,1730.0,1153,5226,
24.4.2026,14:4:5.549,52.0,53.0,29.000,29.400,298.0,1728.0,1153,5226,
24.4.2026,14:4:5.739,52.0,54.0,28.000,29.362,276.0,1728.0,1153,5226,
24.4.2026,14:4:5.948,52.0,53.0,28.000,29.365,259.0,1730.0,1153,5226,
24.4.2026,14:4:6.153,52.0,54.0,29.000,29.242,1755.0,1728.0,1153,5226,
24.4.2026,14:4:6.355,51.0,53.0,29.000,29.402,298.0,1730.0,1153,5226,
24.4.2026,14:4:6.568,51.0,53.0,29.000,29.234,1755.0,1728.0,1153,5226,
24.4.2026,14:4:6.767,52.0,53.0,29.000,29.354,1757.0,1730.0,1153,5226,
24.4.2026,14:4:6.973,52.0,53.0,29.000,29.301,1758.0,1728.0,1153,5226,
24.4.2026,14:4:7.175,52.0,53.0,29.000,29.134,1757.0,1730.0,1153,5226,
24.4.2026,14:4:7.380,51.0,53.0,29.000,29.537,1757.0,1730.0,1153,5226,
24.4.2026,14:4:7.581,52.0,53.0,29.000,29.140,1757.0,1728.0,1153,5226,
24.4.2026,14:4:7.773,52.0,53.0,29.000,29.140,1757.0,1728.0,1153,5226,
24.4.2026,14:4:7.977,52.0,53.0,28.000,29.460,272.0,1728.0,1153,5226,
24.4.2026,14:4:8.177,51.0,53.0,29.000,29.231,1746.0,1730.0,1153,5226,
24.4.2026,14:4:8.381,52.0,53.0,29.000,29.497,1752.0,1730.0,1153,5226,
24.4.2026,14:4:8.587,52.0,53.0,29.000,29.347,1757.0,1730.0,1153,5226,
24.4.2026,14:4:8.792,52.0,54.0,28.000,29.053,280.0,1730.0,1153,5226,
24.4.2026,14:4:9.000,52.0,53.0,29.000,28.817,1757.0,1728.0,1153,5226,
24.4.2026,14:4:9.191,52.0,53.0,29.000,28.992,1748.0,1730.0,1153,5226,
24.4.2026,14:4:9.399,52.0,54.0,28.000,28.818,235.0,1730.0,1153,5226,
24.4.2026,14:4:9.604,52.0,53.0,28.000,28.931,292.0,1728.0,1153,5226,
24.4.2026,14:4:9.809,52.0,54.0,29.000,28.871,1756.0,1730.0,1153,5226,
24.4.2026,14:4:10.018,52.0,54.0,28.000,28.901,277.0,1728.0,1153,5226,
24.4.2026,14:4:10.219,52.0,53.0,29.000,28.995,1757.0,1730.0,1153,5226,
24.4.2026,14:4:10.424,52.0,54.0,28.000,29.208,251.0,1730.0,1153,5226,
24.4.2026,14:4:10.616,52.0,53.0,29.000,29.142,1757.0,1728.0,1153,5226,
24.4.2026,14:4:10.826,52.0,54.0,29.000,28.806,1757.0,1730.0,1153,5226,
24.4.2026,14:4:11.027,52.0,53.0,24.000,28.676,90.0,1728.0,1153,5226,
24.4.2026,14:4:11.235,52.0,53.0,29.000,28.630,1757.0,1730.0,1153,5226,
24.4.2026,14:4:11.438,51.0,53.0,28.000,28.896,293.0,1728.0,1153,5226,
24.4.2026,14:4:11.641,52.0,53.0,28.000,28.650,274.0,1730.0,1153,5226,
24.4.2026,14:4:11.844,52.0,53.0,28.000,28.939,258.0,1730.0,1153,5226,
24.4.2026,14:4:12.050,52.0,53.0,28.000,28.649,275.0,1730.0,1153,5226,
24.4.2026,14:4:12.267,52.0,53.0,28.000,28.731,234.0,1730.0,1153,5226,
24.4.2026,14:4:12.470,52.0,53.0,28.000,28.795,1754.0,1730.0,1153,5226,
24.4.2026,14:4:12.675,52.0,53.0,29.000,28.732,296.0,1730.0,1153,5226,
24.4.2026,14:4:12.867,52.0,53.0,28.000,29.175,295.0,1728.0,1153,5226,
24.4.2026,14:4:13.071,52.0,53.0,29.000,29.002,1757.0,1730.0,1153,5226,
24.4.2026,14:4:13.278,52.0,53.0,28.000,28.916,291.0,1730.0,1153,5226,
24.4.2026,14:4:13.487,52.0,54.0,28.000,28.987,285.0,1730.0,1153,5226,
24.4.2026,14:4:13.688,52.0,54.0,28.000,28.938,278.0,1728.0,1153,5226,
24.4.2026,14:4:13.894,52.0,53.0,28.000,28.616,307.0,1728.0,1153,5226,
24.4.2026,14:4:14.082,51.0,53.0,28.000,28.992,288.0,1728.0,1153,5226,
24.4.2026,14:4:14.299,52.0,54.0,28.000,29.195,270.0,1728.0,1153,5226,
24.4.2026,14:4:14.503,52.0,54.0,29.000,29.265,1756.0,1728.0,1153,5226,
24.4.2026,14:4:14.709,52.0,54.0,28.000,29.401,1757.0,1728.0,1153,5226,
24.4.2026,14:4:14.911,52.0,54.0,29.000,29.130,1757.0,1730.0,1153,5226,
24.4.2026,14:4:15.113,52.0,53.0,30.000,29.630,1757.0,1730.0,1153,5226,
24.4.2026,14:4:15.327,52.0,53.0,29.000,29.680,1757.0,1730.0,1153,5226,
24.4.2026,14:4:15.525,52.0,53.0,30.000,29.558,1756.0,1728.0,1153,5226,
24.4.2026,14:4:15.731,52.0,53.0,30.000,29.700,1756.0,1730.0,1153,5226,
24.4.2026,14:4:15.934,52.0,54.0,30.000,29.820,1757.0,1728.0,1153,5226,
24.4.2026,14:4:16.139,52.0,53.0,29.000,29.784,1756.0,1730.0,1153,5226,
24.4.2026,14:4:16.343,51.0,54.0,30.000,29.656,1757.0,1730.0,1153,5226,
24.4.2026,14:4:16.548,52.0,53.0,29.000,29.674,1757.0,1730.0,1153,5226,
24.4.2026,14:4:16.752,52.0,53.0,29.000,29.381,1757.0,1730.0,1153,5226,
24.4.2026,14:4:16.945,52.0,53.0,29.000,29.180,255.0,1730.0,1153,5226,
24.4.2026,14:4:17.150,52.0,53.0,29.000,29.398,299.0,1730.0,1153,5226,
24.4.2026,14:4:17.356,52.0,54.0,29.000,29.161,1755.0,1730.0,1153,5226,
24.4.2026,14:4:17.556,52.0,53.0,29.000,29.124,1757.0,1730.0,1153,5226,
24.4.2026,14:4:17.762,53.0,54.0,29.000,29.369,1756.0,1730.0,1153,5226,
24.4.2026,14:4:17.965,52.0,54.0,29.000,29.413,309.0,1730.0,1153,5226,
24.4.2026,14:4:18.173,51.0,53.0,29.000,29.169,1757.0,1730.0,1153,5226,
24.4.2026,14:4:18.376,52.0,54.0,29.000,29.089,1731.0,1730.0,1153,5226,
24.4.2026,14:4:18.579,52.0,53.0,29.000,29.294,1755.0,1730.0,1153,5226,
24.4.2026,14:4:18.771,52.0,54.0,29.000,29.371,1757.0,1730.0,1153,5226,
24.4.2026,14:4:18.974,53.0,54.0,29.000,29.094,304.0,1730.0,1153,5226,
24.4.2026,14:4:19.180,53.0,54.0,28.000,29.037,1758.0,1728.0,1153,5226,
24.4.2026,14:4:19.382,52.0,54.0,29.000,29.044,1747.0,1730.0,1153,5226,
24.4.2026,14:4:19.586,52.0,53.0,29.000,29.059,1754.0,1728.0,1153,5226,
24.4.2026,14:4:19.793,52.0,53.0,29.000,29.056,1757.0,1730.0,1153,5226,
24.4.2026,14:4:20.001,52.0,53.0,29.000,29.241,1757.0,1730.0,1153,5226,
24.4.2026,14:4:20.201,51.0,53.0,28.000,29.471,279.0,1730.0,1153,5226,
24.4.2026,14:4:20.403,52.0,53.0,29.000,29.129,1743.0,1730.0,1153,5226,
24.4.2026,14:4:20.605,52.0,54.0,29.000,29.248,1751.0,1728.0,1153,5226,
24.4.2026,14:4:20.810,52.0,54.0,29.000,29.080,1756.0,1728.0,1153,5226,
24.4.2026,14:4:21.012,52.0,54.0,29.000,29.060,1756.0,1728.0,1153,5226,
24.4.2026,14:4:21.215,52.0,53.0,29.000,29.147,1757.0,1730.0,1153,5226,
24.4.2026,14:4:21.418,52.0,54.0,29.000,29.224,1757.0,1730.0,1153,5226,
24.4.2026,14:4:21.624,52.0,53.0,29.000,29.071,1757.0,1730.0,1153,5226,
24.4.2026,14:4:21.829,52.0,53.0,28.000,29.161,286.0,1728.0,1153,5226,
24.4.2026,14:4:22.033,52.0,54.0,29.000,29.111,1749.0,1728.0,1153,5226,
24.4.2026,14:4:22.232,52.0,53.0,29.000,29.309,1756.0,1730.0,1153,5226,
24.4.2026,14:4:22.440,52.0,54.0,28.000,29.046,278.0,1728.0,1153,5226,
24.4.2026,14:4:22.644,52.0,53.0,29.000,28.768,1757.0,1730.0,1153,5226,
24.4.2026,14:4:22.837,52.0,53.0,28.000,29.058,266.0,1730.0,1153,5226,
24.4.2026,14:4:23.044,52.0,54.0,28.000,28.881,1717.0,1728.0,1153,5226,
24.4.2026,14:4:23.239,52.0,53.0,28.000,28.769,287.0,1730.0,1153,5226,
24.4.2026,14:4:23.442,52.0,54.0,28.000,28.726,1747.0,1730.0,1153,5226,
24.4.2026,14:4:23.648,52.0,53.0,29.000,28.912,1754.0,1728.0,1153,5226,
24.4.2026,14:4:23.856,52.0,53.0,29.000,29.045,1757.0,1730.0,1153,5226,
24.4.2026,14:4:24.063,52.0,53.0,29.000,29.128,1756.0,1730.0,1153,5226,
24.4.2026,14:4:24.265,52.0,54.0,29.000,29.138,1757.0,1730.0,1153,5226,
24.4.2026,14:4:24.470,52.0,53.0,29.000,29.004,295.0,1730.0,1153,5226,
24.4.2026,14:4:24.672,52.0,53.0,29.000,29.225,298.0,1730.0,1153,5226,
24.4.2026,14:4:24.879,52.0,53.0,29.000,29.413,1754.0,1728.0,1153,5226,
24.4.2026,14:4:25.095,52.0,54.0,29.000,29.289,1756.0,1730.0,1153,5226,
24.4.2026,14:4:25.301,52.0,53.0,29.000,29.343,1757.0,1730.0,1153,5226,
24.4.2026,14:4:25.504,52.0,54.0,29.000,29.480,1757.0,1728.0,1153,5226,
24.4.2026,14:4:25.710,52.0,53.0,28.000,29.264,281.0,1730.0,1153,5226,
24.4.2026,14:4:25.916,52.0,54.0,28.000,29.106,264.0,1730.0,1153,5226,
24.4.2026,14:4:26.123,52.0,54.0,29.000,29.202,1757.0,1728.0,1153,5226,
24.4.2026,14:4:26.326,52.0,54.0,28.000,29.232,1706.0,1730.0,1153,5226,
24.4.2026,14:4:26.531,52.0,54.0,28.000,29.150,251.0,1730.0,1153,5226,
24.4.2026,14:4:26.735,52.0,54.0,28.000,28.882,275.0,1730.0,1153,5226,
24.4.2026,14:4:26.939,52.0,54.0,29.000,29.013,1757.0,1730.0,1153,5226,
24.4.2026,14:4:27.142,52.0,54.0,29.000,29.325,1756.0,1728.0,1153,5226,
24.4.2026,14:4:27.344,52.0,54.0,29.000,29.669,1757.0,1728.0,1153,5226,
24.4.2026,14:4:27.554,52.0,54.0,29.000,29.731,1757.0,1730.0,1153,5226,
24.4.2026,14:4:27.756,52.0,53.0,29.000,29.662,1757.0,1730.0,1153,5226,
24.4.2026,14:4:27.961,52.0,53.0,29.000,29.310,1756.0,1730.0,1153,5226,
24.4.2026,14:4:28.176,52.0,54.0,28.000,29.051,1757.0,1730.0,1153,5226,
24.4.2026,14:4:28.367,52.0,54.0,29.000,29.116,1757.0,1728.0,1153,5226,
24.4.2026,14:4:28.573,52.0,54.0,29.000,29.343,1757.0,1728.0,1153,5226,
24.4.2026,14:4:28.783,52.0,54.0,28.000,28.875,286.0,1730.0,1153,5226,
24.4.2026,14:4:28.977,53.0,53.0,29.000,28.629,1754.0,1730.0,1153,5226,
24.4.2026,14:4:29.180,52.0,54.0,29.000,28.701,1756.0,1730.0,1153,5226,
24.4.2026,14:4:29.382,52.0,53.0,28.000,28.700,1756.0,1730.0,1153,5226,
24.4.2026,14:4:29.586,52.0,54.0,28.000,28.919,1757.0,1728.0,1153,5226,
24.4.2026,14:4:29.788,52.0,53.0,28.000,28.815,1757.0,1730.0,1153,5226,
24.4.2026,14:4:29.995,51.0,53.0,28.000,28.924,1741.0,1730.0,1153,5226,
24.4.2026,14:4:30.206,53.0,54.0,28.000,28.991,266.0,1730.0,1153,5226,
24.4.2026,14:4:30.396,52.0,54.0,28.000,28.785,299.0,1728.0,1153,5226,
24.4.2026,14:4:30.598,52.0,54.0,29.000,28.937,1756.0,1730.0,1153,5226,
24.4.2026,14:4:30.807,52.0,54.0,28.000,28.965,295.0,1730.0,1153,5226,
24.4.2026,14:4:31.018,52.0,54.0,28.000,28.739,300.0,1730.0,1153,5226,
24.4.2026,14:4:31.217,52.0,53.0,28.000,28.868,291.0,1730.0,1153,5226,
24.4.2026,14:4:31.418,52.0,54.0,29.000,29.006,1756.0,1730.0,1153,5226,
24.4.2026,14:4:31.622,52.0,53.0,28.000,28.869,277.0,1728.0,1153,5226,
24.4.2026,14:4:31.828,53.0,54.0,29.000,29.187,289.0,1728.0,1153,5226,
24.4.2026,14:4:32.026,52.0,53.0,29.000,29.193,1754.0,1728.0,1153,5226,
24.4.2026,14:4:32.232,52.0,54.0,29.000,29.351,1757.0,1728.0,1153,5226,
24.4.2026,14:4:32.440,52.0,54.0,29.000,29.159,1757.0,1728.0,1153,5226,
24.4.2026,14:4:32.643,52.0,54.0,29.000,29.242,303.0,1730.0,1153,5226,
24.4.2026,14:4:32.847,52.0,53.0,28.000,29.096,297.0,1730.0,1153,5226,
24.4.2026,14:4:33.038,52.0,53.0,29.000,29.222,1757.0,1730.0,1153,5226,
24.4.2026,14:4:33.240,52.0,54.0,28.000,29.067,1758.0,1730.0,1153,5226,
24.4.2026,14:4:33.447,52.0,53.0,29.000,29.025,1756.0,1730.0,1153,5226,
24.4.2026,14:4:33.654,52.0,54.0,29.000,29.267,1748.0,1730.0,1153,5226,
24.4.2026,14:4:33.855,52.0,54.0,29.000,29.254,1756.0,1730.0,1153,5226,
24.4.2026,14:4:34.060,53.0,54.0,29.000,29.455,1757.0,1730.0,1153,5226,
24.4.2026,14:4:34.263,52.0,54.0,28.000,29.434,298.0,1728.0,1153,5226,
24.4.2026,14:4:34.468,52.0,54.0,28.000,29.072,303.0,1728.0,1153,5226,
24.4.2026,14:4:34.673,52.0,54.0,29.000,29.076,1757.0,1728.0,1153,5226,
24.4.2026,14:4:34.872,52.0,54.0,29.000,29.189,289.0,1728.0,1153,5226,
24.4.2026,14:4:35.078,52.0,53.0,29.000,29.292,272.0,1730.0,1153,5226,
24.4.2026,14:4:35.279,52.0,54.0,29.000,29.191,1755.0,1730.0,1153,5226,
24.4.2026,14:4:35.476,52.0,54.0,29.000,29.151,1756.0,1730.0,1153,5226,
24.4.2026,14:4:35.680,52.0,54.0,29.000,29.340,305.0,1730.0,1153,5226,
24.4.2026,14:4:35.882,52.0,54.0,28.000,29.054,302.0,1730.0,1153,5226,
24.4.2026,14:4:36.087,52.0,54.0,29.000,29.068,1757.0,1730.0,1153,5226,
24.4.2026,14:4:36.291,52.0,53.0,29.000,29.371,294.0,1730.0,1153,5226,
24.4.2026,14:4:36.493,52.0,54.0,29.000,29.081,1743.0,1730.0,1153,5226,
24.4.2026,14:4:36.696,52.0,54.0,29.000,29.306,1755.0,1730.0,1153,5226,
24.4.2026,14:4:36.900,52.0,53.0,28.000,29.167,295.0,1728.0,1153,5226,
24.4.2026,14:4:37.109,52.0,54.0,29.000,29.042,1756.0,1730.0,1153,5226,
24.4.2026,14:4:37.304,52.0,53.0,29.000,29.231,1756.0,1728.0,1153,5226,
24.4.2026,14:4:37.514,52.0,54.0,28.000,29.264,301.0,1730.0,1153,5226,
24.4.2026,14:4:37.716,52.0,53.0,29.000,29.070,302.0,1730.0,1153,5226,
24.4.2026,14:4:37.932,52.0,53.0,29.000,29.209,1754.0,1730.0,1153,5226,
24.4.2026,14:4:38.118,52.0,53.0,29.000,29.209,1754.0,1730.0,1153,5226,
24.4.2026,14:4:38.331,52.0,53.0,29.000,29.470,1757.0,1728.0,1153,5226,
24.4.2026,14:4:38.541,52.0,54.0,28.000,29.187,290.0,1730.0,1153,5226,
24.4.2026,14:4:38.724,52.0,54.0,28.000,29.187,290.0,1730.0,1153,5226,
24.4.2026,14:4:38.932,52.0,53.0,28.000,29.230,275.0,1728.0,1153,5226,
24.4.2026,14:4:39.132,52.0,54.0,29.000,29.097,1756.0,1730.0,1153,5226,
24.4.2026,14:4:39.337,52.0,53.0,29.000,29.449,1757.0,1728.0,1153,5226,
24.4.2026,14:4:39.540,52.0,54.0,29.000,29.860,1758.0,1728.0,1153,5226,
24.4.2026,14:4:39.748,52.0,54.0,29.000,29.681,1756.0,1728.0,1153,5226,
24.4.2026,14:4:39.953,52.0,54.0,29.000,29.596,1757.0,1730.0,1153,5226,
24.4.2026,14:4:40.159,53.0,54.0,29.000,29.559,1757.0,1728.0,1153,5226,
24.4.2026,14:4:40.350,52.0,54.0,29.000,29.596,1757.0,1730.0,1153,5226,
24.4.2026,14:4:40.556,52.0,53.0,29.000,29.708,1756.0,1730.0,1153,5226,
24.4.2026,14:4:40.763,52.0,54.0,29.000,29.602,289.0,1730.0,1153,5226,
24.4.2026,14:4:40.971,52.0,54.0,28.000,29.286,271.0,1730.0,1153,5226,
24.4.2026,14:4:41.174,53.0,54.0,29.000,29.347,1738.0,1728.0,1153,5226,
24.4.2026,14:4:41.378,52.0,54.0,28.000,29.315,276.0,1730.0,1153,5226,
24.4.2026,14:4:41.582,52.0,53.0,28.000,29.418,300.0,1730.0,1153,5226,
24.4.2026,14:4:41.790,52.0,54.0,29.000,29.250,1757.0,1730.0,1153,5226,
24.4.2026,14:4:41.997,53.0,54.0,29.000,29.221,281.0,1730.0,1153,5226,
24.4.2026,14:4:42.199,52.0,53.0,29.000,29.296,288.0,1730.0,1153,5226,
24.4.2026,14:4:42.401,52.0,54.0,29.000,28.627,1757.0,1728.0,1153,5226,
24.4.2026,14:4:42.606,52.0,54.0,29.000,29.351,1757.0,1730.0,1153,5226,
24.4.2026,14:4:42.811,52.0,53.0,29.000,29.191,299.0,1730.0,1153,5226,
24.4.2026,14:4:43.018,52.0,53.0,28.000,29.003,264.0,1728.0,1153,5226,
24.4.2026,14:4:43.223,52.0,54.0,28.000,29.171,270.0,1730.0,1153,5226,
24.4.2026,14:4:43.422,52.0,53.0,29.000,29.264,1755.0,1730.0,1153,5226,
24.4.2026,14:4:43.625,52.0,54.0,29.000,29.168,1756.0,1728.0,1153,5226,
24.4.2026,14:4:43.831,52.0,54.0,29.000,29.543,301.0,1728.0,1153,5226,
24.4.2026,14:4:44.023,53.0,54.0,29.000,29.460,1758.0,1730.0,1153,5226,
24.4.2026,14:4:44.231,52.0,54.0,29.000,29.172,1756.0,1730.0,1153,5226,
24.4.2026,14:4:44.435,53.0,54.0,28.000,29.431,257.0,1730.0,1153,5226,
24.4.2026,14:4:44.638,52.0,54.0,28.000,29.204,232.0,1730.0,1153,5226,
24.4.2026,14:4:44.843,53.0,54.0,28.000,28.845,233.0,1730.0,1153,5226,
24.4.2026,14:4:45.049,53.0,53.0,29.000,29.101,1757.0,1730.0,1153,5226,
24.4.2026,14:4:45.251,52.0,54.0,29.000,29.154,1756.0,1730.0,1153,5226,
24.4.2026,14:4:45.457,52.0,54.0,29.000,29.295,1757.0,1730.0,1153,5226,
24.4.2026,14:4:45.646,52.0,54.0,28.000,29.345,299.0,1730.0,1153,5226,
24.4.2026,14:4:45.849,52.0,53.0,28.000,29.139,257.0,1728.0,1153,5226,
24.4.2026,14:4:46.056,53.0,54.0,29.000,28.931,300.0,1730.0,1153,5226,
24.4.2026,14:4:46.262,51.0,53.0,29.000,28.952,1755.0,1728.0,1153,5226,
24.4.2026,14:4:46.464,52.0,53.0,29.000,29.149,1757.0,1730.0,1153,5226,
24.4.2026,14:4:46.673,52.0,54.0,29.000,29.228,1757.0,1730.0,1153,5226,
24.4.2026,14:4:46.876,52.0,53.0,29.000,29.059,303.0,1730.0,1153,5226,
24.4.2026,14:4:47.074,51.0,54.0,29.000,29.012,1682.0,1728.0,1153,5226,
24.4.2026,14:4:47.279,52.0,54.0,28.000,29.051,261.0,1730.0,1153,5226,
24.4.2026,14:4:47.487,52.0,53.0,29.000,29.131,1757.0,1730.0,1153,5226,
24.4.2026,14:4:47.690,52.0,54.0,29.000,29.264,1757.0,1730.0,1153,5226,
24.4.2026,14:4:47.899,52.0,53.0,29.000,29.353,1757.0,1730.0,1153,5226,
24.4.2026,14:4:48.098,52.0,54.0,29.000,29.259,1756.0,1730.0,1153,5226,
24.4.2026,14:4:48.300,53.0,54.0,28.000,29.156,256.0,1730.0,1153,5226,
24.4.2026,14:4:48.505,52.0,54.0,28.000,29.113,286.0,1728.0,1153,5226,
24.4.2026,14:4:48.712,53.0,54.0,29.000,29.110,1757.0,1728.0,1153,5226,
24.4.2026,14:4:48.915,52.0,54.0,28.000,29.040,299.0,1728.0,1153,5226,
24.4.2026,14:4:49.129,52.0,54.0,29.000,29.048,1757.0,1728.0,1153,5226,
24.4.2026,14:4:49.332,52.0,54.0,29.000,29.047,1757.0,1730.0,1153,5226,
24.4.2026,14:4:49.533,52.0,54.0,28.000,28.849,286.0,1728.0,1153,5226,
24.4.2026,14:4:49.744,53.0,54.0,28.000,28.813,270.0,1728.0,1153,5226,
24.4.2026,14:4:49.944,52.0,54.0,29.000,28.557,1752.0,1730.0,1153,5226,
24.4.2026,14:4:50.150,52.0,54.0,29.000,28.921,1756.0,1730.0,1153,5226,
24.4.2026,14:4:50.355,52.0,54.0,29.000,29.028,1757.0,1730.0,1153,5226,
24.4.2026,14:4:50.558,52.0,54.0,29.000,29.033,1757.0,1730.0,1153,5226,
24.4.2026,14:4:50.763,52.0,54.0,29.000,29.182,1758.0,1730.0,1153,5226,
24.4.2026,14:4:50.964,52.0,54.0,29.000,29.003,1736.0,1730.0,1153,5226,
24.4.2026,14:4:51.168,52.0,54.0,28.000,28.912,1755.0,1730.0,1153,5226,
24.4.2026,14:4:51.370,52.0,54.0,29.000,29.101,1756.0,1730.0,1153,5226,
24.4.2026,14:4:51.574,52.0,54.0,29.000,29.573,1757.0,1730.0,1153,5226,
24.4.2026,14:4:51.777,52.0,54.0,29.000,29.788,1757.0,1728.0,1153,5226,
24.4.2026,14:4:51.978,52.0,54.0,30.000,29.617,1757.0,1728.0,1153,5226,
24.4.2026,14:4:52.179,52.0,54.0,29.000,29.599,1757.0,1730.0,1153,5226,
24.4.2026,14:4:52.382,52.0,54.0,30.000,29.646,1757.0,1728.0,1153,5226,
24.4.2026,14:4:52.587,52.0,54.0,30.000,29.694,1757.0,1728.0,1153,5226,
24.4.2026,14:4:52.790,52.0,53.0,29.000,29.715,1757.0,1728.0,1153,5226,
24.4.2026,14:4:52.993,52.0,54.0,28.000,29.012,286.0,1728.0,1153,5226,
24.4.2026,14:4:53.199,52.0,54.0,29.000,29.006,1757.0,1730.0,1153,5226,
24.4.2026,14:4:53.407,52.0,54.0,28.000,28.918,1758.0,1730.0,1153,5226,
24.4.2026,14:4:53.613,53.0,53.0,29.000,28.920,1758.0,1730.0,1153,5226,
24.4.2026,14:4:53.806,52.0,54.0,29.000,28.998,1757.0,1730.0,1153,5226,
24.4.2026,14:4:54.009,53.0,54.0,29.000,28.969,1757.0,1730.0,1153,5226,
24.4.2026,14:4:54.212,52.0,54.0,29.000,29.127,1757.0,1730.0,1153,5226,
24.4.2026,14:4:54.415,52.0,54.0,28.000,28.910,1758.0,1730.0,1153,5226,
24.4.2026,14:4:54.621,52.0,54.0,29.000,28.853,280.0,1730.0,1153,5226,
24.4.2026,14:4:54.825,52.0,54.0,28.000,29.070,262.0,1730.0,1153,5226,
24.4.2026,14:4:55.030,53.0,54.0,29.000,28.783,1752.0,1730.0,1153,5226,
24.4.2026,14:4:55.231,52.0,54.0,29.000,28.903,1754.0,1730.0,1153,5226,
24.4.2026,14:4:55.433,52.0,53.0,29.000,28.891,1755.0,1728.0,1153,5226,
24.4.2026,14:4:55.641,52.0,54.0,28.000,28.732,297.0,1730.0,1153,5226,
24.4.2026,14:4:55.844,52.0,54.0,29.000,28.920,1757.0,1730.0,1153,5226,
24.4.2026,14:4:56.048,52.0,54.0,29.000,28.957,1757.0,1730.0,1153,5226,
24.4.2026,14:4:56.256,52.0,54.0,28.000,29.101,1715.0,1728.0,1153,5226,
24.4.2026,14:4:56.462,53.0,54.0,29.000,28.897,1746.0,1728.0,1153,5226,
24.4.2026,14:4:56.661,52.0,54.0,29.000,28.922,1753.0,1730.0,1153,5226,
24.4.2026,14:4:56.864,52.0,54.0,28.000,28.886,297.0,1730.0,1153,5226,
24.4.2026,14:4:57.067,52.0,54.0,28.000,28.662,294.0,1728.0,1153,5226,
24.4.2026,14:4:57.276,52.0,54.0,29.000,29.041,1757.0,1730.0,1153,5226,
24.4.2026,14:4:57.474,52.0,53.0,28.000,29.034,290.0,1730.0,1153,5226,
24.4.2026,14:4:57.679,53.0,54.0,29.000,28.956,1755.0,1730.0,1153,5226,
24.4.2026,14:4:57.885,52.0,53.0,29.000,28.975,1757.0,1730.0,1153,5226,
24.4.2026,14:4:58.089,52.0,54.0,28.000,28.920,263.0,1730.0,1153,5226,
24.4.2026,14:4:58.293,52.0,54.0,29.000,28.981,1753.0,1730.0,1153,5226,
24.4.2026,14:4:58.499,52.0,54.0,28.000,29.048,303.0,1728.0,1153,5226,
24.4.2026,14:4:58.706,53.0,54.0,29.000,28.671,1757.0,1730.0,1153,5226,
24.4.2026,14:4:58.898,53.0,54.0,28.000,28.678,285.0,1730.0,1153,5226,
24.4.2026,14:4:59.102,53.0,54.0,28.000,28.685,280.0,1730.0,1153,5226,
24.4.2026,14:4:59.303,53.0,54.0,29.000,29.011,309.0,1730.0,1153,5226,
24.4.2026,14:4:59.510,52.0,54.0,29.000,28.943,1757.0,1730.0,1153,5226,
24.4.2026,14:4:59.717,52.0,54.0,28.000,29.032,269.0,1728.0,1153,5226,
24.4.2026,14:4:59.924,53.0,54.0,28.000,28.761,1755.0,1730.0,1153,5226,
24.4.2026,14:5:0.116,52.0,54.0,28.000,28.922,1757.0,1728.0,1153,5226,
24.4.2026,14:5:0.320,52.0,54.0,28.000,28.756,305.0,1730.0,1153,5226,
24.4.2026,14:5:0.527,52.0,54.0,29.000,28.982,1757.0,1728.0,1153,5226,
24.4.2026,14:5:0.732,52.0,54.0,29.000,29.026,1758.0,1730.0,1153,5226,
24.4.2026,14:5:0.934,51.0,53.0,28.000,28.861,275.0,1730.0,1153,5226,
24.4.2026,14:5:1.137,52.0,54.0,28.000,28.958,280.0,1730.0,1153,5226,
24.4.2026,14:5:1.341,52.0,53.0,29.000,29.065,1757.0,1730.0,1153,5226,
24.4.2026,14:5:1.540,53.0,54.0,28.000,28.905,299.0,1728.0,1153,5226,
24.4.2026,14:5:1.744,52.0,53.0,29.000,28.879,302.0,1730.0,1153,5226,
24.4.2026,14:5:1.953,52.0,54.0,29.000,29.245,308.0,1730.0,1153,5226,
24.4.2026,14:5:2.152,52.0,54.0,28.000,29.099,298.0,1730.0,1153,5226,
24.4.2026,14:5:2.353,52.0,54.0,28.000,28.952,1720.0,1728.0,1153,5226,
24.4.2026,14:5:2.555,52.0,53.0,28.000,28.877,1756.0,1730.0,1153,5226,
24.4.2026,14:5:2.758,52.0,54.0,28.000,28.924,1756.0,1730.0,1153,5226,
24.4.2026,14:5:2.964,52.0,54.0,28.000,28.801,1757.0,1730.0,1153,5226,
24.4.2026,14:5:3.164,52.0,53.0,28.000,28.882,1757.0,1730.0,1153,5226,
24.4.2026,14:5:3.378,52.0,54.0,28.000,29.011,1757.0,1730.0,1153,5226,
24.4.2026,14:5:3.580,52.0,54.0,29.000,29.343,1758.0,1728.0,1153,5226,
24.4.2026,14:5:3.772,52.0,54.0,29.000,29.402,1757.0,1730.0,1153,5226,
24.4.2026,14:5:3.976,52.0,54.0,29.000,29.392,1757.0,1728.0,1153,5226,
24.4.2026,14:5:4.183,52.0,54.0,29.000,29.450,1757.0,1728.0,1153,5226,
24.4.2026,14:5:4.386,52.0,54.0,29.000,29.349,1757.0,1728.0,1153,5226,
24.4.2026,14:5:4.587,52.0,54.0,29.000,29.525,1757.0,1728.0,1153,5226,
24.4.2026,14:5:4.792,52.0,54.0,29.000,29.561,1757.0,1730.0,1153,5226,
24.4.2026,14:5:5.002,52.0,54.0,29.000,29.256,1756.0,1728.0,1153,5226,
24.4.2026,14:5:5.195,52.0,54.0,28.000,28.945,1757.0,1730.0,1153,5226,
24.4.2026,14:5:5.398,52.0,54.0,29.000,29.152,1757.0,1728.0,1153,5226,
24.4.2026,14:5:5.600,53.0,54.0,28.000,29.123,1710.0,1730.0,1153,5226,
24.4.2026,14:5:5.801,53.0,53.0,28.000,28.813,243.0,1728.0,1153,5226,
24.4.2026,14:5:6.006,52.0,54.0,28.000,28.751,280.0,1730.0,1153,5226,
24.4.2026,14:5:6.209,53.0,54.0,29.000,28.865,1755.0,1730.0,1153,5226,
24.4.2026,14:5:6.413,52.0,54.0,28.000,28.854,301.0,1730.0,1153,5226,
24.4.2026,14:5:6.615,52.0,54.0,28.000,28.809,1757.0,1728.0,1153,5226,
24.4.2026,14:5:6.830,52.0,54.0,29.000,28.769,1758.0,1728.0,1153,5226,
24.4.2026,14:5:7.021,52.0,54.0,29.000,28.817,1757.0,1730.0,1153,5226,
24.4.2026,14:5:7.224,53.0,54.0,28.000,29.041,1718.0,1730.0,1153,5226,
24.4.2026,14:5:7.426,52.0,53.0,29.000,29.001,1750.0,1730.0,1153,5226,
24.4.2026,14:5:7.632,52.0,53.0,29.000,28.990,1754.0,1730.0,1153,5226,
24.4.2026,14:5:7.839,52.0,54.0,28.000,28.840,275.0,1730.0,1153,5226,
24.4.2026,14:5:8.044,52.0,54.0,29.000,28.844,1757.0,1728.0,1153,5226,
24.4.2026,14:5:8.250,53.0,54.0,28.000,29.010,1757.0,1730.0,1153,5226,
24.4.2026,14:5:8.461,52.0,54.0,28.000,28.789,1719.0,1730.0,1153,5226,
24.4.2026,14:5:8.661,52.0,54.0,28.000,28.787,251.0,1730.0,1153,5226,
24.4.2026,14:5:8.869,52.0,54.0,28.000,28.702,293.0,1730.0,1153,5226,
24.4.2026,14:5:9.075,52.0,54.0,28.000,28.688,296.0,1730.0,1153,5226,
24.4.2026,14:5:9.278,52.0,54.0,28.000,28.673,287.0,1728.0,1153,5226,
24.4.2026,14:5:9.482,52.0,54.0,28.000,28.940,293.0,1730.0,1153,5226,
24.4.2026,14:5:9.686,53.0,54.0,28.000,28.934,1757.0,1728.0,1153,5226,
24.4.2026,14:5:9.889,52.0,54.0,28.000,28.924,307.0,1730.0,1153,5226,
24.4.2026,14:5:10.097,53.0,54.0,28.000,28.889,277.0,1730.0,1153,5226,
24.4.2026,14:5:10.285,52.0,54.0,29.000,28.809,301.0,1730.0,1153,5226,
24.4.2026,14:5:10.499,52.0,54.0,28.000,28.901,1757.0,1728.0,1153,5226,
24.4.2026,14:5:10.698,53.0,54.0,28.000,28.940,285.0,1730.0,1153,5226,
24.4.2026,14:5:10.903,52.0,54.0,29.000,28.767,1757.0,1728.0,1153,5226,
24.4.2026,14:5:11.112,52.0,54.0,29.000,28.926,1757.0,1730.0,1153,5226,
24.4.2026,14:5:11.314,52.0,54.0,28.000,29.017,289.0,1730.0,1153,5226,
24.4.2026,14:5:11.526,53.0,54.0,28.000,28.842,291.0,1730.0,1153,5226,
24.4.2026,14:5:11.733,52.0,54.0,28.000,28.775,262.0,1728.0,1153,5226,
24.4.2026,14:5:11.930,52.0,53.0,28.000,28.581,270.0,1730.0,1153,5226,
24.4.2026,14:5:12.135,53.0,54.0,29.000,29.039,301.0,1728.0,1153,5226,
24.4.2026,14:5:12.339,53.0,54.0,28.000,29.135,272.0,1730.0,1153,5226,
24.4.2026,14:5:12.543,53.0,54.0,29.000,28.913,1756.0,1730.0,1153,5226,
24.4.2026,14:5:12.749,53.0,54.0,28.000,28.905,275.0,1730.0,1153,5226,
24.4.2026,14:5:12.953,52.0,53.0,28.000,28.905,279.0,1728.0,1153,5226,
24.4.2026,14:5:13.161,52.0,54.0,28.000,28.839,1757.0,1730.0,1153,5226,
24.4.2026,14:5:13.378,52.0,54.0,28.000,28.669,1757.0,1728.0,1153,5226,
24.4.2026,14:5:13.589,52.0,54.0,28.000,28.609,274.0,1730.0,1153,5226,
24.4.2026,14:5:13.784,52.0,54.0,28.000,28.607,289.0,1728.0,1153,5226,
24.4.2026,14:5:13.972,52.0,54.0,28.000,28.773,298.0,1730.0,1153,5226,
24.4.2026,14:5:14.186,52.0,54.0,28.000,28.823,1754.0,1728.0,1153,5226,
24.4.2026,14:5:14.393,52.0,54.0,28.000,28.673,282.0,1730.0,1153,5226,
24.4.2026,14:5:14.585,52.0,54.0,29.000,28.819,294.0,1728.0,1153,5226,
24.4.2026,14:5:14.790,53.0,54.0,28.000,28.570,276.0,1730.0,1153,5226,
24.4.2026,14:5:14.993,52.0,54.0,28.000,28.871,279.0,1728.0,1153,5226,
24.4.2026,14:5:15.197,53.0,54.0,29.000,28.782,1757.0,1730.0,1153,5226,
24.4.2026,14:5:15.398,53.0,54.0,29.000,28.897,1757.0,1730.0,1153,5226,
24.4.2026,14:5:15.602,52.0,54.0,29.000,29.307,1757.0,1728.0,1153,5226,
24.4.2026,14:5:15.807,52.0,54.0,29.000,29.344,1757.0,1730.0,1153,5226,
24.4.2026,14:5:16.009,52.0,54.0,29.000,29.437,1756.0,1730.0,1153,5226,
24.4.2026,14:5:16.215,52.0,53.0,29.000,29.518,1756.0,1730.0,1153,5226,
24.4.2026,14:5:16.420,53.0,54.0,29.000,29.643,1757.0,1730.0,1153,5226,
24.4.2026,14:5:16.624,53.0,54.0,29.000,29.678,1756.0,1730.0,1153,5226,
24.4.2026,14:5:16.829,53.0,54.0,29.000,29.586,1757.0,1728.0,1153,5226,
24.4.2026,14:5:17.042,52.0,54.0,29.000,29.551,1719.0,1730.0,1153,5226,
24.4.2026,14:5:17.252,52.0,54.0,29.000,29.249,1741.0,1730.0,1153,5226,
24.4.2026,14:5:17.454,53.0,54.0,28.000,28.740,1724.0,1730.0,1153,5226,
24.4.2026,14:5:17.654,52.0,54.0,29.000,29.127,1751.0,1730.0,1153,5226,
24.4.2026,14:5:17.861,52.0,54.0,28.000,28.958,1757.0,1728.0,1153,5226,
24.4.2026,14:5:18.069,53.0,54.0,29.000,28.869,1757.0,1730.0,1153,5226,
24.4.2026,14:5:18.273,52.0,54.0,28.000,29.169,299.0,1728.0,1153,5226,
24.4.2026,14:5:18.481,52.0,54.0,28.000,29.020,273.0,1728.0,1153,5226,
24.4.2026,14:5:18.688,52.0,54.0,29.000,28.669,1744.0,1730.0,1153,5226,
24.4.2026,14:5:18.892,52.0,54.0,29.000,28.832,1754.0,1730.0,1153,5226,
24.4.2026,14:5:19.083,52.0,54.0,29.000,28.899,1756.0,1728.0,1153,5226,
24.4.2026,14:5:19.285,52.0,54.0,28.000,28.907,1757.0,1730.0,1153,5226,
24.4.2026,14:5:19.493,52.0,54.0,29.000,29.021,1757.0,1730.0,1153,5226,
24.4.2026,14:5:19.699,52.0,54.0,28.000,29.243,278.0,1728.0,1153,5226,
24.4.2026,14:5:19.908,52.0,54.0,29.000,29.026,1756.0,1728.0,1153,5226,
24.4.2026,14:5:20.097,52.0,54.0,29.000,29.026,1756.0,1728.0,1153,5226,
24.4.2026,14:5:20.308,52.0,53.0,28.000,28.935,1756.0,1728.0,1153,5226,
24.4.2026,14:5:20.514,52.0,54.0,29.000,28.967,1757.0,1728.0,1153,5226,
24.4.2026,14:5:20.719,53.0,54.0,29.000,29.124,1757.0,1728.0,1153,5226,
24.4.2026,14:5:20.920,53.0,54.0,28.000,29.150,1757.0,1730.0,1153,5226,
24.4.2026,14:5:21.125,53.0,54.0,28.000,29.029,250.0,1730.0,1153,5226,
24.4.2026,14:5:21.329,53.0,54.0,29.000,28.975,1749.0,1730.0,1153,5226,
24.4.2026,14:5:21.534,53.0,54.0,29.000,28.986,1756.0,1730.0,1153,5226,
24.4.2026,14:5:21.742,52.0,54.0,28.000,28.903,301.0,1730.0,1153,5226,
24.4.2026,14:5:21.942,52.0,54.0,28.000,28.963,1758.0,1728.0,1153,5226,
24.4.2026,14:5:22.148,52.0,54.0,29.000,28.946,1757.0,1728.0,1153,5226,
24.4.2026,14:5:22.355,53.0,54.0,29.000,29.217,1757.0,1728.0,1153,5226,
24.4.2026,14:5:22.561,52.0,54.0,29.000,29.261,1734.0,1730.0,1153,5226,
24.4.2026,14:5:22.761,52.0,54.0,28.000,29.051,288.0,1728.0,1153,5226,
24.4.2026,14:5:22.965,52.0,54.0,28.000,28.902,1755.0,1730.0,1153,5226,
24.4.2026,14:5:23.173,53.0,53.0,28.000,28.742,275.0,1730.0,1153,5226,
24.4.2026,14:5:23.376,52.0,54.0,29.000,28.881,1757.0,1730.0,1153,5226,
24.4.2026,14:5:23.581,53.0,54.0,29.000,29.199,1756.0,1730.0,1153,5226,
24.4.2026,14:5:23.770,53.0,54.0,28.000,29.063,275.0,1730.0,1153,5226,
24.4.2026,14:5:23.974,53.0,54.0,28.000,28.937,298.0,1730.0,1153,5226,
24.4.2026,14:5:24.178,52.0,54.0,28.000,29.164,289.0,1730.0,1153,5226,
24.4.2026,14:5:24.384,52.0,54.0,28.000,29.274,287.0,1730.0,1153,5226,
24.4.2026,14:5:24.587,53.0,54.0,28.000,29.115,283.0,1728.0,1153,5226,
24.4.2026,14:5:24.789,52.0,54.0,29.000,28.985,1756.0,1730.0,1153,5226,
24.4.2026,14:5:24.992,52.0,53.0,29.000,29.135,1756.0,1728.0,1153,5226,
24.4.2026,14:5:25.197,53.0,54.0,29.000,29.287,1757.0,1730.0,1153,5226,
24.4.2026,14:5:25.401,53.0,54.0,28.000,29.222,304.0,1730.0,1153,5226,
24.4.2026,14:5:25.602,52.0,54.0,29.000,29.045,1757.0,1730.0,1153,5226,
24.4.2026,14:5:25.804,53.0,54.0,29.000,29.104,266.0,1730.0,1153,5226,
24.4.2026,14:5:26.010,53.0,54.0,29.000,28.985,1727.0,1730.0,1153,5226,
24.4.2026,14:5:26.213,52.0,54.0,28.000,29.109,282.0,1730.0,1153,5226,
24.4.2026,14:5:26.420,53.0,54.0,29.000,29.185,306.0,1728.0,1153,5226,
24.4.2026,14:5:26.622,52.0,54.0,28.000,29.253,279.0,1728.0,1153,5226,
24.4.2026,14:5:26.825,53.0,54.0,29.000,29.392,1758.0,1730.0,1153,5226,
24.4.2026,14:5:27.026,52.0,54.0,30.000,29.288,1757.0,1730.0,1153,5226,
24.4.2026,14:5:27.229,52.0,54.0,28.000,29.362,290.0,1728.0,1153,5226,
24.4.2026,14:5:27.433,52.0,54.0,29.000,29.255,1742.0,1728.0,1153,5226,
24.4.2026,14:5:27.636,53.0,54.0,29.000,29.181,1751.0,1730.0,1153,5226,
24.4.2026,14:5:27.842,53.0,54.0,29.000,29.150,1757.0,1728.0,1153,5226,
24.4.2026,14:5:28.044,53.0,54.0,29.000,29.784,1758.0,1730.0,1153,5226,
24.4.2026,14:5:28.249,53.0,54.0,29.000,29.627,1757.0,1728.0,1153,5226,
24.4.2026,14:5:28.454,53.0,54.0,29.000,29.572,1757.0,1730.0,1153,5226,
24.4.2026,14:5:28.662,52.0,54.0,29.000,29.532,1757.0,1730.0,1153,5226,
24.4.2026,14:5:28.850,53.0,54.0,29.000,29.680,1757.0,1730.0,1153,5226,
24.4.2026,14:5:29.052,52.0,54.0,29.000,29.620,1758.0,1728.0,1153,5226,
24.4.2026,14:5:29.264,52.0,54.0,29.000,29.752,1756.0,1728.0,1153,5226,
24.4.2026,14:5:29.464,53.0,54.0,29.000,28.750,1739.0,1730.0,1153,5226,
24.4.2026,14:5:29.673,53.0,54.0,29.000,28.922,298.0,1730.0,1153,5226,
24.4.2026,14:5:29.873,53.0,54.0,28.000,28.898,1754.0,1728.0,1153,5226,
24.4.2026,14:5:30.077,52.0,54.0,29.000,28.654,1755.0,1730.0,1153,5226,
24.4.2026,14:5:30.284,52.0,54.0,28.000,28.850,1756.0,1730.0,1153,5226,
24.4.2026,14:5:30.475,52.0,54.0,28.000,28.992,285.0,1730.0,1153,5226,
24.4.2026,14:5:30.687,52.0,54.0,29.000,28.941,1758.0,1728.0,1153,5226,
24.4.2026,14:5:30.887,52.0,54.0,28.000,28.836,287.0,1730.0,1153,5226,
24.4.2026,14:5:31.094,53.0,54.0,29.000,28.750,1749.0,1730.0,1153,5226,
24.4.2026,14:5:31.296,52.0,54.0,28.000,28.817,284.0,1730.0,1153,5226,
24.4.2026,14:5:31.498,52.0,54.0,29.000,29.290,1757.0,1728.0,1153,5226,
24.4.2026,14:5:31.707,52.0,54.0,29.000,29.243,1757.0,1730.0,1153,5226,
24.4.2026,14:5:31.903,53.0,54.0,28.000,28.789,1757.0,1730.0,1153,5226,
24.4.2026,14:5:32.105,52.0,54.0,29.000,28.852,1757.0,1730.0,1153,5226,
24.4.2026,14:5:32.310,52.0,54.0,28.000,28.984,1732.0,1730.0,1153,5226,
24.4.2026,14:5:32.516,52.0,54.0,28.000,29.081,265.0,1728.0,1153,5226,
24.4.2026,14:5:32.721,53.0,54.0,29.000,29.118,1755.0,1728.0,1153,5226,
24.4.2026,14:5:32.923,53.0,54.0,28.000,28.877,1757.0,1728.0,1153,5226,
24.4.2026,14:5:33.115,53.0,54.0,29.000,28.925,1757.0,1728.0,1153,5226,
24.4.2026,14:5:33.318,53.0,54.0,29.000,29.027,1757.0,1728.0,1153,5226,
24.4.2026,14:5:33.524,53.0,54.0,28.000,29.030,248.0,1730.0,1153,5226,
24.4.2026,14:5:33.731,53.0,54.0,29.000,28.932,1751.0,1730.0,1153,5226,
24.4.2026,14:5:33.934,53.0,54.0,28.000,29.092,302.0,1730.0,1153,5226,
24.4.2026,14:5:34.142,53.0,54.0,29.000,29.160,1757.0,1730.0,1153,5226,
24.4.2026,14:5:34.346,52.0,54.0,29.000,29.428,299.0,1730.0,1153,5226,
24.4.2026,14:5:34.548,52.0,54.0,29.000,29.185,297.0,1730.0,1153,5226,
24.4.2026,14:5:34.755,52.0,54.0,29.000,29.268,1746.0,1728.0,1153,5226,
24.4.2026,14:5:34.953,52.0,54.0,29.000,29.278,1757.0,1730.0,1153,5226,
24.4.2026,14:5:35.155,52.0,54.0,29.000,29.284,1757.0,1730.0,1153,5226,
24.4.2026,14:5:35.364,53.0,54.0,29.000,29.170,1756.0,1730.0,1153,5226,
24.4.2026,14:5:35.555,53.0,54.0,28.000,29.269,284.0,1728.0,1153,5226,
24.4.2026,14:5:35.762,53.0,54.0,28.000,29.044,290.0,1730.0,1153,5226,
24.4.2026,14:5:35.965,53.0,54.0,28.000,28.992,268.0,1730.0,1153,5226,
24.4.2026,14:5:36.170,53.0,54.0,29.000,29.274,1757.0,1728.0,1153,5226,
24.4.2026,14:5:36.375,53.0,54.0,29.000,29.298,1757.0,1730.0,1153,5226,
24.4.2026,14:5:36.578,53.0,54.0,29.000,29.256,1757.0,1730.0,1153,5226,
24.4.2026,14:5:36.790,53.0,54.0,29.000,29.404,295.0,1728.0,1153,5226,
24.4.2026,14:5:36.994,52.0,54.0,28.000,29.322,280.0,1730.0,1153,5226,
24.4.2026,14:5:37.197,52.0,54.0,29.000,29.178,1754.0,1728.0,1153,5226,
24.4.2026,14:5:37.401,53.0,54.0,28.000,29.244,1757.0,1730.0,1153,5226,
24.4.2026,14:5:37.607,52.0,54.0,29.000,29.134,1758.0,1730.0,1153,5226,
24.4.2026,14:5:37.813,52.0,53.0,29.000,29.389,296.0,1730.0,1153,5226,
24.4.2026,14:5:38.016,52.0,54.0,29.000,29.495,272.0,1728.0,1153,5226,
24.4.2026,14:5:38.219,52.0,54.0,29.000,29.373,277.0,1728.0,1153,5226,
24.4.2026,14:5:38.419,52.0,54.0,29.000,29.549,1756.0,1730.0,1153,5226,
24.4.2026,14:5:38.624,53.0,54.0,29.000,29.348,283.0,1730.0,1153,5226,
24.4.2026,14:5:38.831,53.0,54.0,29.000,29.145,281.0,1728.0,1153,5226,
24.4.2026,14:5:39.020,52.0,54.0,29.000,29.037,1757.0,1730.0,1153,5226,
24.4.2026,14:5:39.226,53.0,54.0,28.000,29.284,276.0,1728.0,1153,5226,
24.4.2026,14:5:39.431,52.0,54.0,28.000,29.280,273.0,1728.0,1153,5226,
24.4.2026,14:5:39.635,53.0,54.0,29.000,29.093,1749.0,1730.0,1153,5226,
24.4.2026,14:5:39.841,52.0,54.0,29.000,29.418,1757.0,1728.0,1153,5226,
24.4.2026,14:5:40.045,53.0,54.0,29.000,29.863,1757.0,1728.0,1153,5226,
24.4.2026,14:5:40.246,52.0,54.0,29.000,29.679,1757.0,1730.0,1153,5226,
24.4.2026,14:5:40.445,52.0,54.0,30.000,29.876,1757.0,1728.0,1153,5226,
24.4.2026,14:5:40.649,53.0,54.0,29.000,29.996,1757.0,1728.0,1153,5226,
24.4.2026,14:5:40.851,53.0,54.0,29.000,29.765,1756.0,1730.0,1153,5226,
24.4.2026,14:5:41.054,53.0,55.0,29.000,29.846,1757.0,1730.0,1153,5226,
24.4.2026,14:5:41.256,52.0,54.0,29.000,29.719,1757.0,1728.0,1153,5226,
24.4.2026,14:5:41.459,53.0,54.0,29.000,29.331,1755.0,1730.0,1153,5226,
24.4.2026,14:5:41.669,52.0,54.0,30.000,29.157,1756.0,1728.0,1153,5226,
24.4.2026,14:5:41.872,52.0,53.0,29.000,29.689,1757.0,1730.0,1153,5226,
24.4.2026,14:5:42.077,52.0,54.0,29.000,29.422,1757.0,1730.0,1153,5226,
24.4.2026,14:5:42.283,52.0,53.0,29.000,29.582,297.0,1730.0,1153,5226,
24.4.2026,14:5:42.485,52.0,54.0,29.000,29.327,1756.0,1730.0,1153,5226,
24.4.2026,14:5:42.678,53.0,54.0,28.000,29.433,280.0,1730.0,1153,5226,
24.4.2026,14:5:42.882,53.0,54.0,29.000,29.340,1745.0,1730.0,1153,5226,
24.4.2026,14:5:43.087,53.0,54.0,29.000,29.358,1757.0,1730.0,1153,5226,
24.4.2026,14:5:43.295,52.0,54.0,28.000,29.156,281.0,1730.0,1153,5226,
24.4.2026,14:5:43.495,53.0,54.0,29.000,29.149,1757.0,1730.0,1153,5226,
24.4.2026,14:5:43.702,53.0,54.0,28.000,29.299,276.0,1730.0,1153,5226,
24.4.2026,14:5:43.910,52.0,54.0,29.000,29.283,1757.0,1730.0,1153,5226,
24.4.2026,14:5:44.113,53.0,54.0,29.000,29.457,1745.0,1728.0,1153,5226,
24.4.2026,14:5:44.303,53.0,54.0,29.000,29.457,1745.0,1728.0,1153,5226,
24.4.2026,14:5:44.504,52.0,54.0,29.000,29.353,1753.0,1728.0,1153,5226,
24.4.2026,14:5:44.720,53.0,54.0,29.000,29.018,1754.0,1730.0,1153,5226,
24.4.2026,14:5:44.929,52.0,54.0,28.000,28.865,274.0,1728.0,1153,5226,
24.4.2026,14:5:45.131,52.0,53.0,28.000,28.948,282.0,1730.0,1153,5226,
24.4.2026,14:5:45.336,53.0,54.0,28.000,29.140,281.0,1728.0,1153,5226,
24.4.2026,14:5:45.540,53.0,54.0,29.000,28.959,1750.0,1728.0,1153,5226,
24.4.2026,14:5:45.742,53.0,54.0,28.000,29.222,274.0,1728.0,1153,5226,
24.4.2026,14:5:45.945,53.0,54.0,29.000,29.181,1756.0,1730.0,1153,5226,
24.4.2026,14:5:46.146,52.0,54.0,28.000,29.009,1757.0,1730.0,1153,5226,
24.4.2026,14:5:46.362,53.0,54.0,29.000,29.014,1757.0,1730.0,1153,5226,
24.4.2026,14:5:46.566,52.0,54.0,28.000,29.207,275.0,1728.0,1153,5226,
24.4.2026,14:5:46.758,52.0,54.0,29.000,29.130,292.0,1730.0,1153,5226,
24.4.2026,14:5:46.960,52.0,54.0,29.000,29.303,1756.0,1730.0,1153,5226,
24.4.2026,14:5:47.165,52.0,54.0,29.000,29.330,1757.0,1730.0,1153,5226,
24.4.2026,14:5:47.369,53.0,54.0,29.000,29.194,1757.0,1728.0,1153,5226,
24.4.2026,14:5:47.574,52.0,54.0,29.000,29.336,1757.0,1730.0,1153,5226,
24.4.2026,14:5:47.782,52.0,54.0,28.000,29.199,301.0,1730.0,1153,5226,
24.4.2026,14:5:47.991,52.0,54.0,29.000,29.246,1754.0,1728.0,1153,5226,
24.4.2026,14:5:48.199,53.0,54.0,29.000,29.278,1756.0,1730.0,1153,5226,
24.4.2026,14:5:48.402,52.0,54.0,29.000,29.415,1757.0,1728.0,1153,5226,
24.4.2026,14:5:48.601,52.0,54.0,29.000,29.302,302.0,1730.0,1153,5226,
24.4.2026,14:5:48.818,52.0,54.0,29.000,29.294,289.0,1730.0,1153,5226,
24.4.2026,14:5:49.022,53.0,54.0,29.000,29.495,262.0,1730.0,1153,5226,
24.4.2026,14:5:49.226,52.0,54.0,29.000,29.705,1754.0,1730.0,1153,5226,
24.4.2026,14:5:49.436,52.0,54.0,28.000,29.195,292.0,1730.0,1153,5226,
24.4.2026,14:5:49.638,52.0,54.0,29.000,29.297,1756.0,1728.0,1153,5226,
24.4.2026,14:5:49.842,52.0,54.0,29.000,29.419,1756.0,1728.0,1153,5226,
24.4.2026,14:5:50.047,52.0,54.0,28.000,29.291,290.0,1730.0,1153,5226,
24.4.2026,14:5:50.253,53.0,54.0,29.000,29.447,1748.0,1730.0,1153,5226,
24.4.2026,14:5:50.457,53.0,54.0,29.000,29.505,1755.0,1730.0,1153,5226,
24.4.2026,14:5:50.647,52.0,54.0,29.000,29.480,1757.0,1730.0,1153,5226,
24.4.2026,14:5:50.852,52.0,54.0,28.000,29.283,296.0,1730.0,1153,5226,
24.4.2026,14:5:51.053,52.0,54.0,28.000,28.971,301.0,1728.0,1153,5226,
24.4.2026,14:5:51.259,52.0,54.0,28.000,29.055,285.0,1730.0,1153,5226,
24.4.2026,14:5:51.466,52.0,54.0,28.000,29.031,281.0,1730.0,1153,5226,
24.4.2026,14:5:51.668,53.0,54.0,28.000,29.164,303.0,1730.0,1153,5226,
24.4.2026,14:5:51.872,53.0,54.0,29.000,29.129,302.0,1730.0,1153,5226,
24.4.2026,14:5:52.077,52.0,54.0,29.000,29.322,1757.0,1730.0,1153,5226,
24.4.2026,14:5:52.283,53.0,54.0,29.000,29.598,1757.0,1730.0,1153,5226,
24.4.2026,14:5:52.485,53.0,54.0,29.000,29.773,1756.0,1730.0,1153,5226,
24.4.2026,14:5:52.692,53.0,54.0,29.000,29.573,1757.0,1728.0,1153,5226,
24.4.2026,14:5:52.898,53.0,54.0,29.000,29.555,1757.0,1728.0,1153,5226,
24.4.2026,14:5:53.103,53.0,54.0,29.000,29.715,1757.0,1730.0,1153,5226,
24.4.2026,14:5:53.308,52.0,54.0,29.000,29.472,1757.0,1728.0,1153,5226,
24.4.2026,14:5:53.509,53.0,54.0,29.000,29.440,1756.0,1730.0,1153,5226,
24.4.2026,14:5:53.711,53.0,54.0,29.000,28.956,1757.0,1730.0,1153,5226,
24.4.2026,14:5:53.913,53.0,54.0,28.000,28.719,279.0,1730.0,1153,5226,
24.4.2026,14:5:54.117,52.0,54.0,28.000,28.692,296.0,1730.0,1153,5226,
24.4.2026,14:5:54.317,52.0,54.0,27.000,28.875,212.0,1728.0,1153,5226,
24.4.2026,14:5:54.529,53.0,54.0,28.000,28.865,278.0,1730.0,1153,5226,
24.4.2026,14:5:54.736,52.0,54.0,29.000,29.027,1753.0,1728.0,1153,5226,
24.4.2026,14:5:54.941,52.0,53.0,29.000,29.131,299.0,1730.0,1153,5226,
24.4.2026,14:5:55.142,52.0,54.0,28.000,29.177,1757.0,1728.0,1153,5226,
24.4.2026,14:5:55.343,53.0,54.0,28.000,28.830,274.0,1730.0,1153,5226,
24.4.2026,14:5:55.549,52.0,54.0,29.000,29.012,279.0,1728.0,1153,5226,
24.4.2026,14:5:55.742,53.0,54.0,29.000,29.298,294.0,1728.0,1153,5226,
24.4.2026,14:5:55.955,53.0,54.0,29.000,29.198,299.0,1730.0,1153,5226,
24.4.2026,14:5:56.160,53.0,54.0,29.000,29.053,1756.0,1730.0,1153,5226,
24.4.2026,14:5:56.369,53.0,54.0,29.000,29.148,1757.0,1730.0,1153,5226,
24.4.2026,14:5:56.574,53.0,54.0,28.000,29.075,297.0,1730.0,1153,5226,
24.4.2026,14:5:56.778,53.0,54.0,29.000,29.313,285.0,1730.0,1153,5226,
24.4.2026,14:5:56.980,53.0,54.0,29.000,29.029,1757.0,1728.0,1153,5226,
24.4.2026,14:5:57.186,52.0,53.0,29.000,29.322,1757.0,1730.0,1153,5226,
24.4.2026,14:5:57.391,53.0,54.0,29.000,29.465,1722.0,1728.0,1153,5226,
24.4.2026,14:5:57.597,53.0,54.0,29.000,29.366,1748.0,1730.0,1153,5226,
24.4.2026,14:5:57.800,53.0,54.0,29.000,29.531,1756.0,1728.0,1153,5226,
24.4.2026,14:5:57.990,52.0,54.0,29.000,29.249,1757.0,1728.0,1153,5226,
24.4.2026,14:5:58.193,53.0,54.0,29.000,29.397,1757.0,1730.0,1153,5226,
24.4.2026,14:5:58.395,53.0,54.0,29.000,29.234,1757.0,1730.0,1153,5226,
24.4.2026,14:5:58.600,53.0,54.0,29.000,29.597,299.0,1728.0,1153,5226,
24.4.2026,14:5:58.801,52.0,54.0,29.000,29.576,276.0,1730.0,1153,5226,
24.4.2026,14:5:59.009,53.0,54.0,29.000,29.563,294.0,1730.0,1153,5226,
24.4.2026,14:5:59.215,53.0,54.0,29.000,29.506,287.0,1730.0,1153,5226,
24.4.2026,14:5:59.421,53.0,54.0,29.000,29.577,290.0,1730.0,1153,5226,
24.4.2026,14:5:59.626,53.0,54.0,29.000,29.605,1756.0,1728.0,1153,5226,
24.4.2026,14:5:59.828,53.0,54.0,29.000,29.397,1757.0,1730.0,1153,5226,
24.4.2026,14:6:0.030,53.0,54.0,29.000,29.329,1729.0,1730.0,1153,5226,
24.4.2026,14:6:0.237,53.0,54.0,29.000,29.508,1740.0,1730.0,1153,5226,
24.4.2026,14:6:0.429,53.0,54.0,30.000,29.660,1754.0,1730.0,1153,5226,
24.4.2026,14:6:0.635,52.0,54.0,29.000,29.386,294.0,1730.0,1153,5226,
24.4.2026,14:6:0.838,53.0,54.0,29.000,29.250,296.0,1730.0,1153,5226,
24.4.2026,14:6:1.037,53.0,54.0,29.000,29.164,1757.0,1730.0,1153,5226,
24.4.2026,14:6:1.241,53.0,54.0,29.000,29.417,1757.0,1730.0,1153,5226,
24.4.2026,14:6:1.445,52.0,54.0,29.000,29.252,1757.0,1730.0,1153,5226,
24.4.2026,14:6:1.649,53.0,54.0,29.000,29.312,290.0,1728.0,1153,5226,
24.4.2026,14:6:1.854,53.0,54.0,29.000,29.218,292.0,1730.0,1153,5226,
24.4.2026,14:6:2.058,52.0,54.0,29.000,29.456,282.0,1730.0,1153,5226,
24.4.2026,14:6:2.264,52.0,54.0,29.000,29.422,1757.0,1730.0,1153,5226,
24.4.2026,14:6:2.469,52.0,54.0,29.000,29.609,1756.0,1728.0,1153,5226,
24.4.2026,14:6:2.670,53.0,54.0,29.000,29.478,1756.0,1730.0,1153,5226,
24.4.2026,14:6:2.879,53.0,54.0,28.000,29.258,266.0,1728.0,1153,5226,
24.4.2026,14:6:3.084,53.0,54.0,28.000,28.951,240.0,1730.0,1153,5226,
24.4.2026,14:6:3.284,52.0,54.0,29.000,29.196,1754.0,1730.0,1153,5226,
24.4.2026,14:6:3.473,53.0,54.0,28.000,29.328,300.0,1730.0,1153,5226,
24.4.2026,14:6:3.679,53.0,54.0,29.000,29.081,297.0,1730.0,1153,5226,
24.4.2026,14:6:3.887,53.0,54.0,28.000,29.025,297.0,1728.0,1153,5226,
24.4.2026,14:6:4.094,52.0,54.0,29.000,29.071,1757.0,1728.0,1153,5226,
24.4.2026,14:6:4.295,53.0,54.0,29.000,29.535,1757.0,1730.0,1153,5226,
24.4.2026,14:6:4.498,53.0,55.0,29.000,29.466,1757.0,1730.0,1153,5226,
24.4.2026,14:6:4.699,53.0,54.0,29.000,29.300,1757.0,1728.0,1153,5226,
24.4.2026,14:6:4.904,53.0,54.0,29.000,29.329,1757.0,1730.0,1153,5226,
24.4.2026,14:6:5.112,53.0,54.0,29.000,29.439,1756.0,1728.0,1153,5226,
24.4.2026,14:6:5.313,53.0,54.0,29.000,29.583,1757.0,1730.0,1153,5226,
24.4.2026,14:6:5.518,53.0,54.0,29.000,29.474,1757.0,1730.0,1153,5226,
24.4.2026,14:6:5.709,53.0,54.0,28.000,28.929,291.0,1728.0,1153,5226,
24.4.2026,14:6:5.915,53.0,54.0,28.000,28.681,279.0,1730.0,1153,5226,
24.4.2026,14:6:6.124,53.0,54.0,28.000,28.914,1757.0,1730.0,1153,5226,
24.4.2026,14:6:6.327,53.0,54.0,28.000,28.948,1757.0,1730.0,1153,5226,
24.4.2026,14:6:6.534,52.0,54.0,28.000,28.877,243.0,1730.0,1153,5226,
24.4.2026,14:6:6.738,52.0,54.0,29.000,28.825,1748.0,1730.0,1153,5226,
24.4.2026,14:6:6.944,53.0,54.0,29.000,29.205,1756.0,1728.0,1153,5226,
24.4.2026,14:6:7.153,52.0,54.0,29.000,29.257,1751.0,1730.0,1153,5226,
24.4.2026,14:6:7.359,53.0,54.0,29.000,29.352,1757.0,1730.0,1153,5226,
24.4.2026,14:6:7.560,53.0,54.0,28.000,29.059,252.0,1730.0,1153,5226,
24.4.2026,14:6:7.765,52.0,54.0,29.000,28.956,1754.0,1730.0,1153,5226,
24.4.2026,14:6:7.967,52.0,54.0,29.000,29.041,1756.0,1730.0,1153,5226,
24.4.2026,14:6:8.171,53.0,54.0,29.000,29.116,1756.0,1728.0,1153,5226,
24.4.2026,14:6:8.376,52.0,54.0,28.000,29.054,1757.0,1730.0,1153,5226,
24.4.2026,14:6:8.582,53.0,54.0,28.000,28.735,1733.0,1728.0,1153,5226,
24.4.2026,14:6:8.772,52.0,54.0,29.000,28.774,1751.0,1730.0,1153,5226,
24.4.2026,14:6:8.975,52.0,54.0,28.000,28.952,304.0,1730.0,1153,5226,
24.4.2026,14:6:9.190,53.0,54.0,28.000,28.672,275.0,1730.0,1153,5226,
24.4.2026,14:6:9.381,53.0,54.0,29.000,28.928,1756.0,1728.0,1153,5226,
24.4.2026,14:6:9.585,53.0,54.0,29.000,28.711,1756.0,1730.0,1153,5226,
24.4.2026,14:6:9.792,53.0,54.0,29.000,28.909,1757.0,1730.0,1153,5226,
24.4.2026,14:6:9.995,53.0,54.0,29.000,28.994,1757.0,1728.0,1153,5226,
24.4.2026,14:6:10.198,53.0,54.0,29.000,28.857,1757.0,1728.0,1153,5226,
24.4.2026,14:6:10.405,53.0,54.0,28.000,28.764,1756.0,1728.0,1153,5226,
24.4.2026,14:6:10.609,53.0,54.0,28.000,28.861,257.0,1730.0,1153,5226,
24.4.2026,14:6:10.811,53.0,54.0,29.000,28.729,1757.0,1728.0,1153,5226,
24.4.2026,14:6:11.019,52.0,54.0,28.000,28.963,262.0,1730.0,1153,5226,
24.4.2026,14:6:11.237,53.0,54.0,28.000,28.778,270.0,1730.0,1153,5226,
24.4.2026,14:6:11.427,52.0,54.0,28.000,28.863,276.0,1730.0,1153,5226,
24.4.2026,14:6:11.632,53.0,54.0,28.000,28.692,1757.0,1730.0,1153,5226,
24.4.2026,14:6:11.849,53.0,54.0,28.000,28.793,285.0,1730.0,1153,5226,
24.4.2026,14:6:12.043,53.0,54.0,29.000,28.938,1757.0,1730.0,1153,5226,
24.4.2026,14:6:12.248,52.0,54.0,28.000,28.978,300.0,1728.0,1153,5226,
24.4.2026,14:6:12.464,53.0,54.0,28.000,28.701,284.0,1730.0,1153,5226,
24.4.2026,14:6:12.661,52.0,54.0,28.000,28.907,271.0,1730.0,1153,5226,
24.4.2026,14:6:12.863,52.0,54.0,28.000,28.961,271.0,1730.0,1153,5226,
24.4.2026,14:6:13.083,53.0,54.0,28.000,28.897,285.0,1730.0,1153,5226,
24.4.2026,14:6:13.269,53.0,54.0,29.000,29.032,281.0,1730.0,1153,5226,
24.4.2026,14:6:13.477,53.0,54.0,29.000,29.091,1755.0,1728.0,1153,5226,
24.4.2026,14:6:13.684,53.0,54.0,29.000,29.204,1756.0,1730.0,1153,5226,
24.4.2026,14:6:13.889,52.0,54.0,28.000,28.765,1757.0,1728.0,1153,5226,
24.4.2026,14:6:14.092,53.0,54.0,29.000,28.757,1757.0,1730.0,1153,5226,
24.4.2026,14:6:14.297,53.0,55.0,28.000,28.932,1756.0,1730.0,1153,5226,
24.4.2026,14:6:14.496,52.0,54.0,29.000,29.179,1756.0,1730.0,1153,5226,
24.4.2026,14:6:14.721,52.0,54.0,29.000,29.014,1733.0,1730.0,1153,5226,
24.4.2026,14:6:14.911,53.0,54.0,29.000,28.955,1751.0,1730.0,1153,5226,
24.4.2026,14:6:15.128,53.0,54.0,29.000,29.012,1756.0,1730.0,1153,5226,
24.4.2026,14:6:15.330,53.0,54.0,29.000,29.035,1756.0,1730.0,1153,5226,
24.4.2026,14:6:15.532,52.0,54.0,28.000,29.324,1757.0,1730.0,1153,5226,
24.4.2026,14:6:15.742,53.0,54.0,29.000,28.977,1719.0,1730.0,1153,5226,
24.4.2026,14:6:15.939,53.0,54.0,28.000,28.940,278.0,1730.0,1153,5226,
24.4.2026,14:6:16.144,53.0,54.0,29.000,29.130,1757.0,1730.0,1153,5226,
24.4.2026,14:6:16.363,53.0,54.0,29.000,28.690,1757.0,1728.0,1153,5226,
24.4.2026,14:6:16.551,52.0,54.0,29.000,29.672,1756.0,1728.0,1153,5226,
24.4.2026,14:6:16.767,53.0,54.0,29.000,29.706,1756.0,1728.0,1153,5226,
24.4.2026,14:6:16.960,53.0,54.0,29.000,29.363,1757.0,1730.0,1153,5226,
24.4.2026,14:6:17.165,53.0,54.0,29.000,29.086,1757.0,1728.0,1153,5226,
24.4.2026,14:6:17.368,53.0,54.0,29.000,29.311,1756.0,1730.0,1153,5226,
24.4.2026,14:6:17.573,53.0,54.0,29.000,29.421,1757.0,1730.0,1153,5226,
24.4.2026,14:6:17.789,52.0,54.0,29.000,29.662,1756.0,1730.0,1153,5226,
24.4.2026,14:6:17.982,53.0,54.0,29.000,28.826,1757.0,1728.0,1153,5226,
24.4.2026,14:6:18.183,53.0,54.0,29.000,29.147,1758.0,1730.0,1153,5226,
24.4.2026,14:6:18.396,52.0,54.0,28.000,28.899,1724.0,1728.0,1153,5226,
24.4.2026,14:6:18.591,53.0,54.0,29.000,28.982,301.0,1730.0,1153,5226,
24.4.2026,14:6:18.796,52.0,53.0,29.000,28.931,1756.0,1730.0,1153,5226,
24.4.2026,14:6:19.002,52.0,54.0,28.000,29.018,1757.0,1728.0,1153,5226,
24.4.2026,14:6:19.214,53.0,54.0,28.000,28.944,1757.0,1730.0,1153,5226,
24.4.2026,14:6:19.417,52.0,54.0,28.000,28.847,1719.0,1730.0,1153,5226,
24.4.2026,14:6:19.620,53.0,54.0,28.000,29.038,253.0,1730.0,1153,5226,
24.4.2026,14:6:19.828,52.0,54.0,28.000,28.741,1755.0,1728.0,1153,5226,
24.4.2026,14:6:20.032,52.0,54.0,29.000,28.858,1756.0,1728.0,1153,5226,
24.4.2026,14:6:20.235,52.0,54.0,29.000,29.245,1757.0,1728.0,1153,5226,
24.4.2026,14:6:20.428,51.0,53.0,28.000,28.789,301.0,1730.0,1153,5226,
24.4.2026,14:6:20.641,52.0,54.0,28.000,28.857,286.0,1728.0,1153,5226,
24.4.2026,14:6:20.847,52.0,54.0,29.000,28.744,1754.0,1728.0,1153,5226,
24.4.2026,14:6:21.049,52.0,54.0,28.000,28.702,1757.0,1730.0,1153,5226,
24.4.2026,14:6:21.252,51.0,53.0,28.000,28.637,1757.0,1730.0,1153,5226,
24.4.2026,14:6:21.460,51.0,53.0,28.000,28.662,1757.0,1728.0,1153,5226,
24.4.2026,14:6:21.661,52.0,53.0,28.000,28.808,269.0,1728.0,1153,5226,
24.4.2026,14:6:21.866,52.0,54.0,28.000,28.650,1748.0,1730.0,1153,5226,
24.4.2026,14:6:22.068,52.0,53.0,28.000,28.721,264.0,1730.0,1153,5226,
24.4.2026,14:6:22.271,52.0,53.0,28.000,28.749,1755.0,1728.0,1153,5226,
24.4.2026,14:6:22.478,51.0,53.0,29.000,28.726,1757.0,1730.0,1153,5226,
24.4.2026,14:6:22.675,51.0,53.0,28.000,28.822,1757.0,1728.0,1153,5226,
24.4.2026,14:6:22.879,51.0,53.0,28.000,28.687,304.0,1728.0,1153,5226,
24.4.2026,14:6:23.096,51.0,52.0,28.000,28.652,1757.0,1728.0,1153,5226,
24.4.2026,14:6:23.296,52.0,53.0,28.000,28.780,1757.0,1728.0,1153,5226,
24.4.2026,14:6:23.506,51.0,53.0,28.000,28.885,293.0,1728.0,1153,5226,
24.4.2026,14:6:23.713,51.0,52.0,28.000,28.902,309.0,1730.0,1153,5226,
24.4.2026,14:6:23.920,51.0,53.0,28.000,28.791,304.0,1728.0,1153,5226,
24.4.2026,14:6:24.123,51.0,53.0,28.000,28.732,283.0,1728.0,1153,5226,
24.4.2026,14:6:24.334,51.0,53.0,29.000,28.895,1757.0,1728.0,1153,5226,
24.4.2026,14:6:24.534,51.0,52.0,28.000,28.937,289.0,1728.0,1153,5226,
24.4.2026,14:6:24.735,51.0,52.0,29.000,28.744,1757.0,1728.0,1153,5226,
24.4.2026,14:6:24.941,51.0,53.0,28.000,28.650,1736.0,1728.0,1153,5226,
24.4.2026,14:6:25.129,51.0,52.0,28.000,28.702,288.0,1730.0,1153,5226,
24.4.2026,14:6:25.346,51.0,53.0,29.000,28.764,1753.0,1730.0,1153,5226,
24.4.2026,14:6:25.551,51.0,52.0,28.000,28.686,260.0,1728.0,1153,5226,
24.4.2026,14:6:25.755,50.0,52.0,28.000,28.477,300.0,1730.0,1153,5226,
24.4.2026,14:6:25.961,51.0,52.0,29.000,28.795,1757.0,1730.0,1153,5226,
24.4.2026,14:6:26.162,50.0,52.0,28.000,28.614,290.0,1730.0,1153,5226,
24.4.2026,14:6:26.366,50.0,52.0,28.000,28.793,282.0,1728.0,1153,5226,
24.4.2026,14:6:26.573,51.0,52.0,28.000,28.911,295.0,1730.0,1153,5226,
24.4.2026,14:6:26.781,50.0,52.0,28.000,28.780,270.0,1730.0,1153,5226,
24.4.2026,14:6:26.979,50.0,52.0,28.000,28.675,285.0,1730.0,1153,5226,
24.4.2026,14:6:27.188,50.0,52.0,28.000,28.728,294.0,1730.0,1153,5226,
24.4.2026,14:6:27.399,50.0,52.0,28.000,28.749,282.0,1728.0,1153,5226,
24.4.2026,14:6:27.603,50.0,52.0,28.000,28.957,277.0,1730.0,1153,5226,
24.4.2026,14:6:27.804,50.0,52.0,28.000,28.782,317.0,1728.0,1153,5226,
24.4.2026,14:6:28.007,50.0,52.0,28.000,28.771,266.0,1730.0,1153,5226,
24.4.2026,14:6:28.214,50.0,52.0,29.000,29.062,294.0,1730.0,1153,5226,
24.4.2026,14:6:28.417,49.0,51.0,29.000,29.140,1758.0,1730.0,1153,5226,
24.4.2026,14:6:28.616,50.0,52.0,29.000,29.353,1757.0,1730.0,1153,5226,
24.4.2026,14:6:28.816,50.0,52.0,29.000,29.567,1757.0,1728.0,1153,5226,
24.4.2026,14:6:29.022,49.0,51.0,29.000,29.216,1758.0,1730.0,1153,5226,
24.4.2026,14:6:29.228,50.0,51.0,29.000,29.216,1757.0,1730.0,1153,5226,
24.4.2026,14:6:29.431,50.0,52.0,29.000,29.722,1758.0,1728.0,1153,5226,
24.4.2026,14:6:29.635,49.0,51.0,29.000,29.562,1757.0,1730.0,1153,5226,
24.4.2026,14:6:29.839,49.0,51.0,29.000,29.567,1757.0,1728.0,1153,5226,
24.4.2026,14:6:30.043,50.0,52.0,29.000,29.397,1755.0,1728.0,1153,5226,
24.4.2026,14:6:30.246,50.0,51.0,29.000,29.126,1757.0,1730.0,1153,5226,
24.4.2026,14:6:30.452,49.0,51.0,28.000,28.827,1757.0,1728.0,1153,5226,
24.4.2026,14:6:30.658,50.0,51.0,28.000,28.818,287.0,1728.0,1153,5226,
24.4.2026,14:6:30.861,49.0,51.0,28.000,28.688,279.0,1730.0,1153,5226,
24.4.2026,14:6:31.061,49.0,51.0,28.000,28.688,279.0,1730.0,1153,5226,
24.4.2026,14:6:31.267,49.0,51.0,28.000,28.797,270.0,1728.0,1153,5226,
24.4.2026,14:6:31.458,49.0,50.0,28.000,28.748,283.0,1728.0,1153,5226,
24.4.2026,14:6:31.662,49.0,51.0,28.000,28.807,299.0,1730.0,1153,5226,
24.4.2026,14:6:31.867,49.0,51.0,28.000,28.809,1757.0,1730.0,1153,5226,
24.4.2026,14:6:32.069,49.0,51.0,28.000,28.767,261.0,1730.0,1153,5226,
24.4.2026,14:6:32.272,49.0,51.0,28.000,28.846,1757.0,1728.0,1153,5226,
24.4.2026,14:6:32.481,49.0,50.0,28.000,29.000,1758.0,1730.0,1153,5226,
24.4.2026,14:6:32.680,49.0,50.0,28.000,28.897,293.0,1730.0,1153,5226,
24.4.2026,14:6:32.885,49.0,50.0,28.000,28.684,285.0,1730.0,1153,5226,
24.4.2026,14:6:33.092,49.0,50.0,27.000,28.603,248.0,1730.0,1153,5226,
24.4.2026,14:6:33.296,48.0,50.0,28.000,28.503,1757.0,1730.0,1153,5226,
24.4.2026,14:6:33.501,49.0,51.0,28.000,28.718,1757.0,1730.0,1153,5226,
24.4.2026,14:6:33.696,49.0,50.0,28.000,28.775,1746.0,1730.0,1153,5226,
24.4.2026,14:6:33.899,48.0,51.0,29.000,28.798,1757.0,1730.0,1153,5226,
24.4.2026,14:6:34.105,49.0,50.0,29.000,28.753,1757.0,1730.0,1153,5226,
24.4.2026,14:6:34.309,48.0,50.0,29.000,28.868,1757.0,1730.0,1153,5226,
24.4.2026,14:6:34.509,48.0,50.0,28.000,28.780,296.0,1728.0,1153,5226,
24.4.2026,14:6:34.712,48.0,50.0,29.000,29.031,1724.0,1730.0,1153,5226,
24.4.2026,14:6:34.928,48.0,50.0,29.000,29.074,1751.0,1730.0,1153,5226,
24.4.2026,14:6:35.128,48.0,49.0,29.000,29.072,1757.0,1728.0,1153,5226,
24.4.2026,14:6:35.327,48.0,50.0,28.000,29.062,258.0,1728.0,1153,5226,
24.4.2026,14:6:35.531,48.0,49.0,29.000,29.225,1757.0,1730.0,1153,5226,
24.4.2026,14:6:35.737,48.0,49.0,29.000,29.028,1758.0,1730.0,1153,5226,
24.4.2026,14:6:35.937,48.0,49.0,29.000,28.893,304.0,1730.0,1153,5226,
24.4.2026,14:6:36.140,48.0,49.0,28.000,28.937,275.0,1728.0,1153,5226,
24.4.2026,14:6:36.347,48.0,50.0,29.000,29.118,1756.0,1728.0,1153,5226,
24.4.2026,14:6:36.552,48.0,50.0,29.000,29.223,1757.0,1730.0,1153,5226,
24.4.2026,14:6:36.761,48.0,50.0,29.000,28.947,1757.0,1730.0,1153,5226,
24.4.2026,14:6:36.962,48.0,49.0,29.000,29.048,1758.0,1728.0,1153,5226,
24.4.2026,14:6:37.167,48.0,49.0,29.000,29.124,1734.0,1730.0,1153,5226,
24.4.2026,14:6:37.374,48.0,50.0,29.000,29.306,1756.0,1730.0,1153,5226,
24.4.2026,14:6:37.577,48.0,49.0,28.000,29.120,1757.0,1728.0,1153,5226,
24.4.2026,14:6:37.781,47.0,49.0,29.000,28.691,1758.0,1730.0,1153,5226,
24.4.2026,14:6:37.984,47.0,49.0,29.000,28.764,1757.0,1728.0,1153,5226,
24.4.2026,14:6:38.189,47.0,49.0,28.000,28.839,1757.0,1730.0,1153,5226,
24.4.2026,14:6:38.394,47.0,49.0,29.000,28.942,304.0,1730.0,1153,5226,
24.4.2026,14:6:38.583,47.0,49.0,28.000,28.874,1751.0,1730.0,1153,5226,
24.4.2026,14:6:38.786,47.0,49.0,28.000,28.634,305.0,1730.0,1153,5226,
24.4.2026,14:6:38.987,47.0,49.0,28.000,28.642,1757.0,1730.0,1153,5226,
24.4.2026,14:6:39.204,48.0,49.0,28.000,28.425,1757.0,1728.0,1153,5226,
24.4.2026,14:6:39.418,47.0,49.0,28.000,28.456,1758.0,1730.0,1153,5226,
24.4.2026,14:6:39.619,48.0,49.0,28.000,28.619,1749.0,1730.0,1153,5226,
24.4.2026,14:6:39.824,48.0,49.0,28.000,28.582,1755.0,1728.0,1153,5226,
24.4.2026,14:6:40.026,47.0,48.0,28.000,28.651,284.0,1730.0,1153,5226,
24.4.2026,14:6:40.232,47.0,49.0,28.000,28.340,1757.0,1730.0,1153,5226,
24.4.2026,14:6:40.438,47.0,49.0,28.000,28.792,1756.0,1730.0,1153,5226,
24.4.2026,14:6:40.628,47.0,49.0,28.000,28.739,1756.0,1728.0,1153,5226,
24.4.2026,14:6:40.836,46.0,48.0,29.000,29.105,1756.0,1730.0,1153,5226,
24.4.2026,14:6:41.041,47.0,49.0,29.000,29.309,1756.0,1728.0,1153,5226,
24.4.2026,14:6:41.244,47.0,48.0,29.000,29.253,1757.0,1730.0,1153,5226,
24.4.2026,14:6:41.452,47.0,48.0,29.000,29.176,1756.0,1728.0,1153,5226,
24.4.2026,14:6:41.655,47.0,49.0,29.000,29.372,1756.0,1730.0,1153,5226,
24.4.2026,14:6:41.861,47.0,48.0,29.000,29.767,1756.0,1730.0,1153,5226,
24.4.2026,14:6:42.063,47.0,49.0,29.000,29.659,1756.0,1730.0,1153,5226,
24.4.2026,14:6:42.267,46.0,48.0,29.000,29.245,296.0,1728.0,1153,5226,
24.4.2026,14:6:42.459,47.0,49.0,29.000,29.197,1733.0,1730.0,1153,5226,
24.4.2026,14:6:42.665,47.0,49.0,29.000,29.213,302.0,1728.0,1153,5226,
24.4.2026,14:6:42.872,47.0,48.0,29.000,29.224,1756.0,1728.0,1153,5226,
24.4.2026,14:6:43.080,47.0,48.0,28.000,29.034,279.0,1730.0,1153,5226,
24.4.2026,14:6:43.284,47.0,49.0,28.000,28.977,1757.0,1728.0,1153,5226,
24.4.2026,14:6:43.490,47.0,49.0,28.000,29.088,253.0,1728.0,1153,5226,
24.4.2026,14:6:43.692,47.0,48.0,29.000,28.940,1752.0,1730.0,1153,5226,
24.4.2026,14:6:43.900,47.0,48.0,28.000,28.950,286.0,1728.0,1153,5226,
24.4.2026,14:6:44.101,47.0,48.0,29.000,28.864,1757.0,1730.0,1153,5226,
24.4.2026,14:6:44.316,47.0,48.0,28.000,28.637,1756.0,1728.0,1153,5226,
24.4.2026,14:6:44.506,47.0,48.0,28.000,28.524,289.0,1728.0,1153,5226,
24.4.2026,14:6:44.709,47.0,48.0,29.000,28.786,1756.0,1730.0,1153,5226,
24.4.2026,14:6:44.916,47.0,48.0,28.000,28.657,301.0,1730.0,1153,5226,
24.4.2026,14:6:45.116,47.0,49.0,29.000,28.791,1756.0,1730.0,1153,5226,
24.4.2026,14:6:45.321,47.0,48.0,29.000,28.936,1743.0,1728.0,1153,5226,
24.4.2026,14:6:45.532,48.0,49.0,29.000,29.110,1755.0,1730.0,1153,5226,
24.4.2026,14:6:45.732,47.0,49.0,28.000,28.770,305.0,1728.0,1153,5226,
24.4.2026,14:6:45.938,47.0,49.0,28.000,28.871,285.0,1730.0,1153,5226,
24.4.2026,14:6:46.143,47.0,48.0,28.000,28.869,301.0,1730.0,1153,5226,
24.4.2026,14:6:46.332,47.0,49.0,28.000,28.887,279.0,1730.0,1153,5226,
24.4.2026,14:6:46.545,47.0,48.0,29.000,28.774,1745.0,1730.0,1153,5226,
24.4.2026,14:6:46.745,47.0,48.0,29.000,28.751,286.0,1730.0,1153,5226,
24.4.2026,14:6:46.952,47.0,49.0,29.000,29.002,1757.0,1730.0,1153,5226,
24.4.2026,14:6:47.157,47.0,48.0,28.000,28.668,1756.0,1730.0,1153,5226,
24.4.2026,14:6:47.361,47.0,49.0,28.000,28.679,293.0,1728.0,1153,5226,
24.4.2026,14:6:47.562,47.0,49.0,28.000,28.819,299.0,1728.0,1153,5226,
24.4.2026,14:6:47.756,47.0,49.0,28.000,28.888,303.0,1730.0,1153,5226,
24.4.2026,14:6:47.961,48.0,49.0,28.000,28.519,1755.0,1730.0,1153,5226,
24.4.2026,14:6:48.165,48.0,48.0,29.000,28.743,1756.0,1730.0,1153,5226,
24.4.2026,14:6:48.373,47.0,49.0,28.000,28.915,1757.0,1730.0,1153,5226,
24.4.2026,14:6:48.586,47.0,49.0,28.000,28.812,1757.0,1730.0,1153,5226,
24.4.2026,14:6:48.782,47.0,49.0,29.000,28.759,1756.0,1728.0,1153,5226,
24.4.2026,14:6:48.974,48.0,49.0,28.000,28.948,244.0,1730.0,1153,5226,
24.4.2026,14:6:49.178,47.0,49.0,28.000,28.640,294.0,1730.0,1153,5226,
24.4.2026,14:6:49.402,48.0,48.0,28.000,28.819,1755.0,1728.0,1153,5226,
24.4.2026,14:6:49.585,47.0,49.0,28.000,28.714,1756.0,1728.0,1153,5226,
24.4.2026,14:6:49.786,48.0,48.0,28.000,28.586,1756.0,1730.0,1153,5226,
24.4.2026,14:6:49.993,48.0,49.0,28.000,28.614,290.0,1728.0,1153,5226,
24.4.2026,14:6:50.198,48.0,49.0,28.000,28.432,1757.0,1728.0,1153,5226,
24.4.2026,14:6:50.401,47.0,49.0,28.000,28.616,1751.0,1728.0,1153,5226,
24.4.2026,14:6:50.603,48.0,49.0,28.000,28.496,1756.0,1730.0,1153,5226,
24.4.2026,14:6:50.805,47.0,48.0,28.000,28.530,1757.0,1728.0,1153,5226,
24.4.2026,14:6:51.010,47.0,49.0,28.000,28.475,1758.0,1730.0,1153,5226,
24.4.2026,14:6:51.210,48.0,49.0,28.000,28.572,1757.0,1730.0,1153,5226,
24.4.2026,14:6:51.415,47.0,49.0,28.000,28.549,295.0,1730.0,1153,5226,
24.4.2026,14:6:51.619,47.0,48.0,28.000,28.636,294.0,1730.0,1153,5226,
24.4.2026,14:6:51.826,48.0,49.0,29.000,28.917,1755.0,1730.0,1153,5226,
24.4.2026,14:6:52.028,47.0,48.0,28.000,28.888,1756.0,1730.0,1153,5226,
24.4.2026,14:6:52.228,47.0,49.0,29.000,28.728,1756.0,1730.0,1153,5226,
24.4.2026,14:6:52.430,47.0,49.0,28.000,29.020,307.0,1730.0,1153,5226,
24.4.2026,14:6:52.637,48.0,49.0,29.000,28.867,1757.0,1728.0,1153,5226,
24.4.2026,14:6:52.841,47.0,49.0,29.000,29.220,1757.0,1730.0,1153,5226,
24.4.2026,14:6:53.046,47.0,48.0,28.000,29.028,1756.0,1730.0,1153,5226,
24.4.2026,14:6:53.254,47.0,49.0,29.000,28.978,1756.0,1728.0,1153,5226,
24.4.2026,14:6:53.457,47.0,49.0,29.000,28.940,1757.0,1728.0,1153,5226,
24.4.2026,14:6:53.663,47.0,49.0,29.000,29.327,1757.0,1730.0,1153,5226,
24.4.2026,14:6:53.867,47.0,49.0,29.000,29.259,1757.0,1730.0,1153,5226,
24.4.2026,14:6:54.074,48.0,49.0,29.000,29.170,1757.0,1730.0,1153,5226,
24.4.2026,14:6:54.278,47.0,48.0,28.000,29.271,276.0,1730.0,1153,5226,
24.4.2026,14:6:54.485,47.0,49.0,29.000,28.950,1756.0,1728.0,1153,5226,
24.4.2026,14:6:54.679,48.0,48.0,28.000,28.777,1757.0,1730.0,1153,5226,
24.4.2026,14:6:54.881,48.0,50.0,28.000,28.862,271.0,1730.0,1153,5226,
24.4.2026,14:6:55.088,47.0,49.0,28.000,28.728,282.0,1730.0,1153,5226,
24.4.2026,14:6:55.300,48.0,49.0,28.000,29.016,296.0,1730.0,1153,5226,
24.4.2026,14:6:55.490,47.0,49.0,28.000,28.561,1731.0,1730.0,1153,5226,
24.4.2026,14:6:55.694,48.0,49.0,28.000,28.803,244.0,1730.0,1153,5226,
24.4.2026,14:6:55.899,48.0,49.0,28.000,28.803,268.0,1730.0,1153,5226,
24.4.2026,14:6:56.105,47.0,49.0,29.000,28.861,1757.0,1728.0,1153,5226,
24.4.2026,14:6:56.313,47.0,48.0,29.000,28.900,1756.0,1728.0,1153,5226,
24.4.2026,14:6:56.518,47.0,48.0,28.000,28.701,278.0,1728.0,1153,5226,
24.4.2026,14:6:56.721,48.0,49.0,28.000,28.755,271.0,1728.0,1153,5226,
24.4.2026,14:6:56.911,48.0,49.0,28.000,28.755,271.0,1728.0,1153,5226,
24.4.2026,14:6:57.114,48.0,49.0,28.000,28.645,299.0,1730.0,1153,5226,
24.4.2026,14:6:57.319,48.0,49.0,28.000,28.767,1757.0,1730.0,1153,5226,
24.4.2026,14:6:57.524,48.0,49.0,28.000,28.581,277.0,1728.0,1153,5226,
24.4.2026,14:6:57.727,48.0,50.0,29.000,28.681,1751.0,1730.0,1153,5226,
24.4.2026,14:6:57.933,47.0,49.0,28.000,28.611,254.0,1730.0,1153,5226,
24.4.2026,14:6:58.141,48.0,49.0,28.000,28.464,1756.0,1730.0,1153,5226,
24.4.2026,14:6:58.341,48.0,49.0,28.000,28.518,1757.0,1728.0,1153,5226,
24.4.2026,14:6:58.544,47.0,49.0,28.000,28.522,277.0,1730.0,1153,5226,
24.4.2026,14:6:58.748,47.0,49.0,28.000,28.683,277.0,1730.0,1153,5226,
24.4.2026,14:6:58.954,47.0,49.0,28.000,28.518,1757.0,1730.0,1153,5226,
24.4.2026,14:6:59.144,48.0,49.0,28.000,28.684,285.0,1728.0,1153,5226,
24.4.2026,14:6:59.350,48.0,49.0,28.000,28.992,291.0,1728.0,1153,5226,
24.4.2026,14:6:59.553,48.0,49.0,28.000,28.775,262.0,1730.0,1153,5226,
24.4.2026,14:6:59.758,48.0,49.0,27.000,28.536,223.0,1730.0,1153,5226,
24.4.2026,14:6:59.959,48.0,49.0,28.000,28.397,257.0,1730.0,1153,5226,
24.4.2026,14:7:0.163,48.0,49.0,28.000,28.659,1747.0,1728.0,1153,5226,
24.4.2026,14:7:0.367,47.0,49.0,28.000,28.807,1756.0,1730.0,1153,5226,
24.4.2026,14:7:0.569,48.0,49.0,28.000,28.754,299.0,1728.0,1153,5226,
24.4.2026,14:7:0.771,48.0,49.0,28.000,28.720,1757.0,1728.0,1153,5226,
24.4.2026,14:7:0.975,48.0,49.0,28.000,28.674,266.0,1730.0,1153,5226,
24.4.2026,14:7:1.178,48.0,49.0,28.000,28.599,256.0,1730.0,1153,5226,
24.4.2026,14:7:1.380,48.0,49.0,28.000,28.516,286.0,1730.0,1153,5226,
24.4.2026,14:7:1.600,48.0,49.0,29.000,28.850,1749.0,1728.0,1153,5226,
24.4.2026,14:7:1.805,47.0,49.0,28.000,28.935,1755.0,1728.0,1153,5226,
24.4.2026,14:7:2.011,48.0,48.0,28.000,28.903,290.0,1730.0,1153,5226,
24.4.2026,14:7:2.218,48.0,49.0,28.000,28.780,302.0,1728.0,1153,5226,
24.4.2026,14:7:2.418,48.0,49.0,28.000,28.614,306.0,1730.0,1153,5226,
24.4.2026,14:7:2.627,48.0,49.0,28.000,28.913,306.0,1728.0,1153,5226,
24.4.2026,14:7:2.829,48.0,49.0,28.000,28.892,275.0,1730.0,1153,5226,
24.4.2026,14:7:3.029,48.0,49.0,28.000,28.821,246.0,1730.0,1153,5226,
24.4.2026,14:7:3.239,48.0,49.0,28.000,28.788,1756.0,1730.0,1153,5226,
24.4.2026,14:7:3.441,48.0,49.0,29.000,28.945,1757.0,1730.0,1153,5226,
24.4.2026,14:7:3.658,48.0,50.0,29.000,28.990,1758.0,1728.0,1153,5226,
24.4.2026,14:7:3.863,48.0,49.0,28.000,28.242,1756.0,1730.0,1153,5226,
24.4.2026,14:7:4.064,47.0,49.0,29.000,28.830,1757.0,1730.0,1153,5226,
24.4.2026,14:7:4.271,48.0,49.0,28.000,28.984,303.0,1730.0,1153,5226,
24.4.2026,14:7:4.468,48.0,49.0,28.000,28.830,299.0,1730.0,1153,5226,
24.4.2026,14:7:4.672,48.0,50.0,29.000,28.868,1753.0,1730.0,1153,5226,
24.4.2026,14:7:4.877,48.0,49.0,28.000,28.829,307.0,1730.0,1153,5226,
24.4.2026,14:7:5.067,48.0,49.0,28.000,29.070,1757.0,1730.0,1153,5226,
24.4.2026,14:7:5.274,47.0,49.0,29.000,29.209,1756.0,1728.0,1153,5226,
24.4.2026,14:7:5.489,48.0,49.0,29.000,29.178,1757.0,1728.0,1153,5226,
24.4.2026,14:7:5.695,48.0,49.0,29.000,29.468,1757.0,1728.0,1153,5226,
24.4.2026,14:7:5.901,48.0,49.0,29.000,29.457,1757.0,1730.0,1153,5226,
24.4.2026,14:7:6.104,48.0,50.0,29.000,29.221,1757.0,1728.0,1153,5226,
24.4.2026,14:7:6.310,48.0,50.0,29.000,29.287,1757.0,1730.0,1153,5226,
24.4.2026,14:7:6.517,48.0,50.0,29.000,29.275,1757.0,1730.0,1153,5226,
24.4.2026,14:7:6.720,47.0,49.0,28.000,29.114,1757.0,1730.0,1153,5226,
24.4.2026,14:7:6.927,48.0,50.0,28.000,28.796,298.0,1728.0,1153,5226,
24.4.2026,14:7:7.126,48.0,49.0,28.000,28.853,288.0,1728.0,1153,5226,
24.4.2026,14:7:7.333,49.0,49.0,28.000,28.934,1744.0,1728.0,1153,5226,
24.4.2026,14:7:7.522,48.0,49.0,29.000,28.987,1756.0,1730.0,1153,5226,
24.4.2026,14:7:7.726,48.0,50.0,28.000,28.953,301.0,1730.0,1153,5226,
24.4.2026,14:7:7.934,48.0,49.0,28.000,28.781,1757.0,1728.0,1153,5226,
24.4.2026,14:7:8.138,48.0,49.0,28.000,29.022,1743.0,1728.0,1153,5226,
24.4.2026,14:7:8.345,48.0,50.0,28.000,28.832,285.0,1730.0,1153,5226,
24.4.2026,14:7:8.552,48.0,50.0,28.000,28.823,1757.0,1730.0,1153,5226,
24.4.2026,14:7:8.761,48.0,49.0,28.000,28.685,1757.0,1730.0,1153,5226,
24.4.2026,14:7:8.966,48.0,49.0,28.000,28.892,1757.0,1728.0,1153,5226,
24.4.2026,14:7:9.172,48.0,50.0,28.000,28.901,286.0,1730.0,1153,5226,
24.4.2026,14:7:9.373,48.0,50.0,28.000,28.921,1757.0,1730.0,1153,5226,
24.4.2026,14:7:9.577,49.0,50.0,28.000,28.883,1757.0,1730.0,1153,5226,
24.4.2026,14:7:9.777,48.0,49.0,28.000,28.802,301.0,1728.0,1153,5226,
24.4.2026,14:7:9.981,48.0,49.0,28.000,29.016,260.0,1730.0,1153,5226,
24.4.2026,14:7:10.183,48.0,50.0,28.000,28.947,269.0,1730.0,1153,5226,
24.4.2026,14:7:10.388,48.0,50.0,29.000,29.033,1757.0,1730.0,1153,5226,
24.4.2026,14:7:10.596,48.0,50.0,28.000,29.045,286.0,1730.0,1153,5226,
24.4.2026,14:7:10.796,48.0,49.0,28.000,28.779,292.0,1728.0,1153,5226,
24.4.2026,14:7:11.002,48.0,49.0,29.000,28.790,1757.0,1730.0,1153,5226,
24.4.2026,14:7:11.193,48.0,50.0,29.000,29.084,307.0,1728.0,1153,5226,
24.4.2026,14:7:11.408,48.0,50.0,29.000,28.930,1743.0,1730.0,1153,5226,
24.4.2026,14:7:11.615,48.0,49.0,29.000,28.859,1752.0,1730.0,1153,5226,
24.4.2026,14:7:11.837,48.0,50.0,28.000,28.899,290.0,1730.0,1153,5226,
24.4.2026,14:7:12.036,48.0,50.0,28.000,28.740,283.0,1730.0,1153,5226,
24.4.2026,14:7:12.241,48.0,50.0,29.000,29.096,283.0,1730.0,1153,5226,
24.4.2026,14:7:12.443,48.0,49.0,28.000,29.141,290.0,1728.0,1153,5226,
24.4.2026,14:7:12.647,48.0,50.0,29.000,29.088,1758.0,1730.0,1153,5226,
24.4.2026,14:7:12.852,48.0,50.0,28.000,29.056,266.0,1728.0,1153,5226,
24.4.2026,14:7:13.066,48.0,49.0,28.000,29.078,246.0,1730.0,1153,5226,
24.4.2026,14:7:13.270,48.0,49.0,29.000,28.860,1748.0,1728.0,1153,5226,
24.4.2026,14:7:13.473,48.0,50.0,28.000,29.106,1756.0,1730.0,1153,5226,
24.4.2026,14:7:13.693,49.0,50.0,29.000,29.047,1757.0,1730.0,1153,5226,
24.4.2026,14:7:13.909,49.0,50.0,28.000,28.828,1757.0,1730.0,1153,5226,
24.4.2026,14:7:14.102,49.0,50.0,28.000,28.828,1757.0,1730.0,1153,5226,
24.4.2026,14:7:14.305,49.0,50.0,28.000,28.736,1757.0,1730.0,1153,5226,
24.4.2026,14:7:14.511,48.0,50.0,29.000,28.848,305.0,1730.0,1153,5226,
24.4.2026,14:7:14.713,48.0,49.0,28.000,29.053,276.0,1728.0,1153,5226,
24.4.2026,14:7:14.916,48.0,50.0,29.000,28.917,1741.0,1730.0,1153,5226,
24.4.2026,14:7:15.121,48.0,50.0,29.000,29.124,1753.0,1730.0,1153,5226,
24.4.2026,14:7:15.326,48.0,50.0,29.000,29.193,1756.0,1730.0,1153,5226,
24.4.2026,14:7:15.528,49.0,50.0,29.000,29.096,1757.0,1728.0,1153,5226,
24.4.2026,14:7:15.734,48.0,50.0,29.000,29.227,274.0,1730.0,1153,5226,
24.4.2026,14:7:15.935,48.0,49.0,29.000,29.344,268.0,1730.0,1153,5226,
24.4.2026,14:7:16.139,48.0,50.0,28.000,29.127,274.0,1730.0,1153,5226,
24.4.2026,14:7:16.341,48.0,49.0,29.000,29.224,280.0,1730.0,1153,5226,
24.4.2026,14:7:16.546,48.0,50.0,29.000,29.568,291.0,1730.0,1153,5226,
24.4.2026,14:7:16.755,49.0,50.0,29.000,29.618,1739.0,1728.0,1153,5226,
24.4.2026,14:7:16.959,48.0,49.0,29.000,29.380,1752.0,1730.0,1153,5226,
24.4.2026,14:7:17.162,48.0,50.0,29.000,29.530,300.0,1730.0,1153,5226,
24.4.2026,14:7:17.366,48.0,50.0,29.000,29.571,1757.0,1730.0,1153,5226,
24.4.2026,14:7:17.573,48.0,50.0,29.000,30.053,1758.0,1730.0,1153,5226,
24.4.2026,14:7:17.780,49.0,50.0,29.000,29.759,1758.0,1730.0,1153,5226,
24.4.2026,14:7:17.986,48.0,50.0,29.000,29.624,1757.0,1730.0,1153,5226,
24.4.2026,14:7:18.178,48.0,50.0,29.000,29.725,1757.0,1730.0,1153,5226,
24.4.2026,14:7:18.383,49.0,50.0,29.000,29.890,1757.0,1730.0,1153,5226,
24.4.2026,14:7:18.586,48.0,50.0,29.000,29.858,1757.0,1730.0,1153,5226,
24.4.2026,14:7:18.789,49.0,50.0,29.000,29.648,1757.0,1728.0,1153,5226,
24.4.2026,14:7:18.994,49.0,50.0,29.000,29.429,1756.0,1730.0,1153,5226,
24.4.2026,14:7:19.198,48.0,50.0,29.000,29.048,293.0,1728.0,1153,5226,
24.4.2026,14:7:19.402,49.0,50.0,28.000,29.241,292.0,1730.0,1153,5226,
24.4.2026,14:7:19.599,48.0,50.0,28.000,29.206,270.0,1728.0,1153,5226,
24.4.2026,14:7:19.806,49.0,50.0,29.000,29.383,1747.0,1728.0,1153,5226,
24.4.2026,14:7:20.004,48.0,50.0,29.000,29.141,1756.0,1730.0,1153,5226,
24.4.2026,14:7:20.212,49.0,50.0,29.000,29.376,299.0,1728.0,1153,5226,
24.4.2026,14:7:20.421,48.0,50.0,28.000,29.231,271.0,1730.0,1153,5226,
24.4.2026,14:7:20.626,48.0,50.0,29.000,29.205,1757.0,1728.0,1153,5226,
24.4.2026,14:7:20.819,49.0,50.0,29.000,29.530,294.0,1730.0,1153,5226,
24.4.2026,14:7:21.023,49.0,50.0,29.000,29.425,1754.0,1728.0,1153,5226,
24.4.2026,14:7:21.227,49.0,50.0,29.000,29.089,1751.0,1728.0,1153,5226,
24.4.2026,14:7:21.432,49.0,50.0,29.000,29.273,1757.0,1730.0,1153,5226,
24.4.2026,14:7:21.638,48.0,50.0,29.000,29.399,1757.0,1728.0,1153,5226,
24.4.2026,14:7:21.841,48.0,50.0,29.000,29.200,1758.0,1728.0,1153,5226,
24.4.2026,14:7:22.043,49.0,50.0,29.000,29.398,1758.0,1730.0,1153,5226,
24.4.2026,14:7:22.251,48.0,50.0,29.000,29.464,1743.0,1730.0,1153,5226,
24.4.2026,14:7:22.453,48.0,50.0,29.000,29.424,1754.0,1728.0,1153,5226,
24.4.2026,14:7:22.662,49.0,50.0,29.000,29.564,1757.0,1728.0,1153,5226,
24.4.2026,14:7:22.870,48.0,50.0,29.000,29.455,297.0,1730.0,1153,5226,
24.4.2026,14:7:23.068,49.0,50.0,29.000,29.392,1757.0,1730.0,1153,5226,
24.4.2026,14:7:23.276,49.0,50.0,29.000,29.311,1757.0,1728.0,1153,5226,
24.4.2026,14:7:23.479,49.0,50.0,30.000,29.338,1743.0,1730.0,1153,5226,
24.4.2026,14:7:23.684,48.0,50.0,29.000,29.459,265.0,1728.0,1153,5226,
24.4.2026,14:7:23.888,48.0,50.0,29.000,29.514,1754.0,1730.0,1153,5226,
24.4.2026,14:7:24.090,49.0,50.0,29.000,29.559,1756.0,1730.0,1153,5226,
24.4.2026,14:7:24.291,48.0,50.0,29.000,29.295,1757.0,1728.0,1153,5226,
24.4.2026,14:7:24.496,48.0,49.0,29.000,29.172,1727.0,1730.0,1153,5226,
24.4.2026,14:7:24.696,48.0,50.0,29.000,29.086,267.0,1730.0,1153,5226,
24.4.2026,14:7:24.909,49.0,50.0,29.000,29.516,1756.0,1730.0,1153,5226,
24.4.2026,14:7:25.097,49.0,50.0,29.000,29.422,311.0,1730.0,1153,5226,
24.4.2026,14:7:25.302,48.0,50.0,29.000,29.471,1757.0,1728.0,1153,5226,
24.4.2026,14:7:25.506,49.0,50.0,29.000,29.626,1757.0,1728.0,1153,5226,
24.4.2026,14:7:25.709,49.0,50.0,29.000,29.590,286.0,1728.0,1153,5226,
24.4.2026,14:7:25.914,48.0,49.0,29.000,29.417,302.0,1730.0,1153,5226,
24.4.2026,14:7:26.119,48.0,51.0,30.000,29.581,1753.0,1730.0,1153,5226,
24.4.2026,14:7:26.331,49.0,50.0,29.000,29.631,301.0,1730.0,1153,5226,
24.4.2026,14:7:26.530,49.0,50.0,29.000,29.055,300.0,1730.0,1153,5226,
24.4.2026,14:7:26.733,49.0,50.0,28.000,29.384,280.0,1730.0,1153,5226,
24.4.2026,14:7:26.938,49.0,51.0,29.000,29.158,1757.0,1728.0,1153,5226,
24.4.2026,14:7:27.142,49.0,51.0,29.000,29.237,289.0,1730.0,1153,5226,
24.4.2026,14:7:27.345,49.0,50.0,29.000,29.200,1757.0,1730.0,1153,5226,
24.4.2026,14:7:27.551,49.0,50.0,29.000,29.405,1758.0,1728.0,1153,5226,
24.4.2026,14:7:27.752,49.0,50.0,29.000,29.515,270.0,1730.0,1153,5226,
24.4.2026,14:7:27.941,49.0,50.0,29.000,29.437,300.0,1730.0,1153,5226,
24.4.2026,14:7:28.147,48.0,49.0,29.000,29.435,302.0,1728.0,1153,5226,
24.4.2026,14:7:28.350,49.0,50.0,29.000,29.380,1751.0,1730.0,1153,5226,
24.4.2026,14:7:28.559,49.0,50.0,29.000,29.274,1756.0,1730.0,1153,5226,
24.4.2026,14:7:28.757,49.0,50.0,29.000,29.524,291.0,1730.0,1153,5226,
24.4.2026,14:7:28.961,49.0,50.0,29.000,29.547,281.0,1728.0,1153,5226,
24.4.2026,14:7:29.174,49.0,51.0,29.000,29.463,269.0,1730.0,1153,5226,
24.4.2026,14:7:29.379,49.0,50.0,29.000,29.449,303.0,1728.0,1153,5226,
24.4.2026,14:7:29.588,48.0,51.0,29.000,29.629,1756.0,1728.0,1153,5226,
24.4.2026,14:7:29.789,49.0,50.0,29.000,29.588,1757.0,1730.0,1153,5226,
24.4.2026,14:7:29.990,49.0,50.0,29.000,29.672,1757.0,1730.0,1153,5226,
24.4.2026,14:7:30.191,49.0,51.0,29.000,29.438,1757.0,1730.0,1153,5226,
24.4.2026,14:7:30.401,48.0,50.0,29.000,29.602,1758.0,1730.0,1153,5226,
24.4.2026,14:7:30.604,48.0,50.0,29.000,29.659,1757.0,1730.0,1153,5226,
24.4.2026,14:7:30.806,48.0,51.0,29.000,29.813,1757.0,1730.0,1153,5226,
24.4.2026,14:7:31.008,48.0,50.0,29.000,29.843,1757.0,1730.0,1153,5226,
24.4.2026,14:7:31.212,49.0,51.0,28.000,29.460,264.0,1730.0,1153,5226,
24.4.2026,14:7:31.416,49.0,50.0,28.000,29.082,262.0,1730.0,1153,5226,
24.4.2026,14:7:31.623,48.0,51.0,28.000,28.897,263.0,1730.0,1153,5226,
24.4.2026,14:7:31.820,49.0,50.0,28.000,29.122,247.0,1730.0,1153,5226,
24.4.2026,14:7:32.025,49.0,50.0,29.000,29.201,1754.0,1730.0,1153,5226,
24.4.2026,14:7:32.232,49.0,50.0,29.000,29.206,288.0,1730.0,1153,5226,
24.4.2026,14:7:32.439,49.0,51.0,28.000,29.160,274.0,1730.0,1153,5226,
24.4.2026,14:7:32.638,49.0,50.0,29.000,29.070,1757.0,1730.0,1153,5226,
24.4.2026,14:7:32.846,49.0,51.0,29.000,29.132,1757.0,1728.0,1153,5226,
24.4.2026,14:7:33.037,49.0,50.0,28.000,29.013,287.0,1730.0,1153,5226,
24.4.2026,14:7:33.246,49.0,50.0,29.000,29.268,1736.0,1730.0,1153,5226,
24.4.2026,14:7:33.454,49.0,51.0,29.000,29.468,1755.0,1728.0,1153,5226,
24.4.2026,14:7:33.672,49.0,51.0,29.000,29.505,1757.0,1730.0,1153,5226,
24.4.2026,14:7:33.863,49.0,50.0,29.000,29.291,1757.0,1730.0,1153,5226,
24.4.2026,14:7:34.083,49.0,50.0,28.000,29.272,268.0,1730.0,1153,5226,
24.4.2026,14:7:34.293,49.0,50.0,28.000,29.092,238.0,1730.0,1153,5226,
24.4.2026,14:7:34.491,49.0,50.0,29.000,29.023,302.0,1730.0,1153,5226,
24.4.2026,14:7:34.692,49.0,51.0,29.000,29.169,307.0,1730.0,1153,5226,
24.4.2026,14:7:34.897,49.0,50.0,29.000,29.221,1757.0,1728.0,1153,5226,
24.4.2026,14:7:35.099,49.0,50.0,29.000,29.554,305.0,1730.0,1153,5226,
24.4.2026,14:7:35.303,50.0,51.0,29.000,29.631,1740.0,1730.0,1153,5226,
24.4.2026,14:7:35.503,49.0,51.0,29.000,29.443,1757.0,1730.0,1153,5226,
24.4.2026,14:7:35.722,49.0,50.0,29.000,29.269,1757.0,1728.0,1153,5226,
24.4.2026,14:7:35.924,49.0,50.0,28.000,29.210,280.0,1728.0,1153,5226,
24.4.2026,14:7:36.126,49.0,51.0,29.000,29.359,303.0,1730.0,1153,5226,
24.4.2026,14:7:36.332,49.0,50.0,29.000,29.180,1757.0,1730.0,1153,5226,
24.4.2026,14:7:36.522,49.0,51.0,29.000,28.987,1757.0,1730.0,1153,5226,
24.4.2026,14:7:36.739,49.0,51.0,29.000,28.868,1757.0,1728.0,1153,5226,
24.4.2026,14:7:36.941,49.0,50.0,29.000,28.930,310.0,1730.0,1153,5226,
24.4.2026,14:7:37.146,49.0,50.0,29.000,29.317,1757.0,1728.0,1153,5226,
24.4.2026,14:7:37.351,49.0,50.0,29.000,29.488,273.0,1730.0,1153,5226,
24.4.2026,14:7:37.555,49.0,51.0,29.000,29.463,1756.0,1728.0,1153,5226,
24.4.2026,14:7:37.757,49.0,50.0,29.000,29.216,1756.0,1728.0,1153,5226,
24.4.2026,14:7:37.963,49.0,50.0,29.000,29.188,281.0,1730.0,1153,5226,
24.4.2026,14:7:38.171,49.0,51.0,29.000,29.594,1757.0,1730.0,1153,5226,
24.4.2026,14:7:38.373,49.0,51.0,29.000,29.405,1756.0,1730.0,1153,5226,
24.4.2026,14:7:38.580,49.0,51.0,28.000,29.344,262.0,1730.0,1153,5226,
24.4.2026,14:7:38.786,49.0,51.0,29.000,29.123,1754.0,1730.0,1153,5226,
24.4.2026,14:7:38.994,49.0,50.0,29.000,29.138,1757.0,1728.0,1153,5226,
24.4.2026,14:7:39.199,49.0,50.0,28.000,28.802,1757.0,1730.0,1153,5226,
24.4.2026,14:7:39.401,49.0,51.0,29.000,29.095,1757.0,1730.0,1153,5226,
24.4.2026,14:7:39.601,50.0,51.0,29.000,29.230,1741.0,1728.0,1153,5226,
24.4.2026,14:7:39.809,49.0,51.0,29.000,29.010,1756.0,1730.0,1153,5226,
24.4.2026,14:7:40.016,50.0,51.0,28.000,29.133,1757.0,1728.0,1153,5226,
24.4.2026,14:7:40.230,49.0,51.0,28.000,28.938,1758.0,1730.0,1153,5226,
24.4.2026,14:7:40.432,49.0,51.0,29.000,29.054,1758.0,1730.0,1153,5226,
24.4.2026,14:7:40.614,49.0,50.0,28.000,29.008,242.0,1730.0,1153,5226,
24.4.2026,14:7:40.829,49.0,51.0,28.000,28.969,252.0,1730.0,1153,5226,
24.4.2026,14:7:41.022,49.0,51.0,29.000,29.088,299.0,1730.0,1153,5226,
24.4.2026,14:7:41.228,49.0,51.0,29.000,29.103,1757.0,1730.0,1153,5226,
24.4.2026,14:7:41.428,49.0,51.0,29.000,29.281,1757.0,1730.0,1153,5226,
24.4.2026,14:7:41.628,49.0,50.0,29.000,29.455,1757.0,1730.0,1153,5226,
24.4.2026,14:7:41.832,49.0,51.0,29.000,29.662,1757.0,1730.0,1153,5226,
24.4.2026,14:7:42.051,49.0,51.0,29.000,29.573,1757.0,1730.0,1153,5226,
24.4.2026,14:7:42.259,49.0,50.0,29.000,29.549,1757.0,1730.0,1153,5226,
24.4.2026,14:7:42.466,49.0,51.0,29.000,29.682,1758.0,1728.0,1153,5226,
24.4.2026,14:7:42.675,49.0,51.0,29.000,29.776,1757.0,1730.0,1153,5226,
24.4.2026,14:7:42.863,49.0,51.0,29.000,29.656,1757.0,1730.0,1153,5226,
24.4.2026,14:7:43.067,49.0,51.0,29.000,29.644,1757.0,1730.0,1153,5226,
24.4.2026,14:7:43.279,49.0,51.0,28.000,29.711,279.0,1730.0,1153,5226,
24.4.2026,14:7:43.480,49.0,51.0,28.000,29.497,289.0,1730.0,1153,5226,
24.4.2026,14:7:43.687,49.0,51.0,29.000,29.246,1757.0,1730.0,1153,5226,
24.4.2026,14:7:43.890,49.0,51.0,28.000,29.393,274.0,1728.0,1153,5226,
24.4.2026,14:7:44.099,49.0,50.0,29.000,29.452,1756.0,1730.0,1153,5226,
24.4.2026,14:7:44.316,49.0,51.0,29.000,28.895,1752.0,1728.0,1153,5226,
24.4.2026,14:7:44.504,49.0,51.0,29.000,28.937,294.0,1728.0,1153,5226,
24.4.2026,14:7:44.723,49.0,51.0,29.000,29.211,291.0,1730.0,1153,5226,
24.4.2026,14:7:44.931,49.0,51.0,29.000,29.296,1758.0,1728.0,1153,5226,
24.4.2026,14:7:45.130,49.0,50.0,28.000,29.200,272.0,1730.0,1153,5226,
24.4.2026,14:7:45.337,49.0,50.0,28.000,29.230,276.0,1730.0,1153,5226,
24.4.2026,14:7:45.540,49.0,51.0,28.000,29.068,293.0,1730.0,1153,5226,
24.4.2026,14:7:45.747,49.0,51.0,28.000,29.071,291.0,1730.0,1153,5226,
24.4.2026,14:7:45.950,49.0,50.0,29.000,29.340,269.0,1730.0,1153,5226,
24.4.2026,14:7:46.156,50.0,51.0,29.000,29.499,296.0,1730.0,1153,5226,
24.4.2026,14:7:46.363,50.0,51.0,30.000,29.399,1757.0,1728.0,1153,5226,
24.4.2026,14:7:46.563,49.0,51.0,29.000,29.462,1757.0,1728.0,1153,5226,
24.4.2026,14:7:46.769,49.0,50.0,29.000,29.135,1756.0,1728.0,1153,5226,
24.4.2026,14:7:46.977,49.0,51.0,28.000,29.109,275.0,1730.0,1153,5226,
24.4.2026,14:7:47.183,49.0,51.0,29.000,29.236,281.0,1730.0,1153,5226,
24.4.2026,14:7:47.386,49.0,51.0,29.000,29.341,281.0,1730.0,1153,5226,
24.4.2026,14:7:47.588,49.0,51.0,29.000,29.577,287.0,1728.0,1153,5226,
24.4.2026,14:7:47.795,49.0,51.0,29.000,29.542,310.0,1730.0,1153,5226,
24.4.2026,14:7:47.998,49.0,51.0,29.000,29.340,1753.0,1728.0,1153,5226,
24.4.2026,14:7:48.204,50.0,51.0,29.000,29.221,1752.0,1728.0,1153,5226,
24.4.2026,14:7:48.395,50.0,51.0,29.000,29.483,309.0,1730.0,1153,5226,
24.4.2026,14:7:48.613,49.0,51.0,29.000,29.347,1758.0,1728.0,1153,5226,
24.4.2026,14:7:48.820,50.0,51.0,29.000,29.389,1757.0,1728.0,1153,5226,
24.4.2026,14:7:49.025,49.0,50.0,29.000,29.148,1757.0,1730.0,1153,5226,
24.4.2026,14:7:49.227,49.0,51.0,29.000,29.401,338.0,1730.0,1153,5226,
24.4.2026,14:7:49.429,49.0,51.0,29.000,29.486,294.0,1730.0,1153,5226,
24.4.2026,14:7:49.633,49.0,51.0,28.000,29.294,263.0,1730.0,1153,5226,
24.4.2026,14:7:49.841,49.0,50.0,29.000,29.058,1753.0,1730.0,1153,5226,
24.4.2026,14:7:50.046,49.0,51.0,28.000,29.180,1757.0,1728.0,1153,5226,
24.4.2026,14:7:50.260,49.0,51.0,29.000,29.333,1756.0,1730.0,1153,5226,
24.4.2026,14:7:50.463,49.0,51.0,29.000,29.145,1756.0,1730.0,1153,5226,
24.4.2026,14:7:50.670,49.0,50.0,26.000,29.242,172.0,1730.0,1153,5226,
24.4.2026,14:7:50.875,49.0,51.0,29.000,28.770,293.0,1730.0,1153,5226,
24.4.2026,14:7:51.067,49.0,51.0,29.000,29.246,1741.0,1728.0,1153,5226,
24.4.2026,14:7:51.285,49.0,51.0,29.000,29.401,1753.0,1728.0,1153,5226,
24.4.2026,14:7:51.489,49.0,51.0,29.000,29.151,1755.0,1728.0,1153,5226,
24.4.2026,14:7:51.702,50.0,51.0,29.000,29.161,1757.0,1730.0,1153,5226,
24.4.2026,14:7:51.907,49.0,51.0,28.000,28.991,1757.0,1730.0,1153,5226,
24.4.2026,14:7:52.113,49.0,51.0,29.000,29.075,1758.0,1730.0,1153,5226,
24.4.2026,14:7:52.318,49.0,51.0,28.000,29.002,1723.0,1728.0,1153,5226,
24.4.2026,14:7:52.505,50.0,51.0,28.000,28.963,238.0,1730.0,1153,5226,
24.4.2026,14:7:52.711,49.0,51.0,28.000,28.784,261.0,1730.0,1153,5226,
24.4.2026,14:7:52.914,49.0,51.0,28.000,29.099,265.0,1728.0,1153,5226,
24.4.2026,14:7:53.122,49.0,51.0,29.000,29.200,1756.0,1730.0,1153,5226,
24.4.2026,14:7:53.329,49.0,51.0,29.000,29.447,1757.0,1730.0,1153,5226,
24.4.2026,14:7:53.522,50.0,51.0,29.000,29.378,1757.0,1728.0,1153,5226,
24.4.2026,14:7:53.727,49.0,51.0,28.000,29.425,280.0,1728.0,1153,5226,
24.4.2026,14:7:53.933,49.0,51.0,29.000,29.359,1757.0,1730.0,1153,5226,
24.4.2026,14:7:54.136,49.0,51.0,29.000,29.532,1758.0,1730.0,1153,5226,
24.4.2026,14:7:54.340,50.0,51.0,29.000,29.492,1757.0,1730.0,1153,5226,
24.4.2026,14:7:54.544,50.0,52.0,29.000,29.646,1757.0,1730.0,1153,5226,
24.4.2026,14:7:54.749,50.0,50.0,29.000,29.672,1757.0,1730.0,1153,5226,
24.4.2026,14:7:54.958,49.0,50.0,29.000,29.692,1757.0,1728.0,1153,5226,
24.4.2026,14:7:55.163,49.0,51.0,29.000,29.594,1757.0,1728.0,1153,5226,
24.4.2026,14:7:55.369,50.0,51.0,29.000,29.600,1757.0,1728.0,1153,5226,
24.4.2026,14:7:55.571,50.0,51.0,29.000,29.480,1756.0,1730.0,1153,5226,
24.4.2026,14:7:55.774,49.0,51.0,29.000,29.109,296.0,1730.0,1153,5226,
24.4.2026,14:7:55.981,49.0,51.0,29.000,29.336,1757.0,1730.0,1153,5226,
24.4.2026,14:7:56.187,50.0,51.0,29.000,29.382,1757.0,1730.0,1153,5226,
24.4.2026,14:7:56.396,49.0,51.0,29.000,29.243,1737.0,1730.0,1153,5226,
24.4.2026,14:7:56.595,50.0,51.0,29.000,29.273,1751.0,1730.0,1153,5226,
24.4.2026,14:7:56.798,50.0,51.0,29.000,29.335,269.0,1728.0,1153,5226,
24.4.2026,14:7:56.991,49.0,51.0,29.000,29.386,1755.0,1730.0,1153,5226,
24.4.2026,14:7:57.196,49.0,50.0,29.000,29.365,295.0,1730.0,1153,5226,
24.4.2026,14:7:57.404,50.0,51.0,28.000,29.121,1758.0,1730.0,1153,5226,
24.4.2026,14:7:57.603,50.0,52.0,28.000,29.261,288.0,1730.0,1153,5226,
24.4.2026,14:7:57.811,49.0,50.0,29.000,29.449,1757.0,1730.0,1153,5226,
24.4.2026,14:7:58.017,49.0,51.0,29.000,29.269,273.0,1730.0,1153,5226,
24.4.2026,14:7:58.220,49.0,51.0,29.000,29.094,295.0,1728.0,1153,5226,
24.4.2026,14:7:58.426,49.0,51.0,29.000,29.316,1757.0,1730.0,1153,5226,
24.4.2026,14:7:58.644,49.0,51.0,29.000,29.515,271.0,1730.0,1153,5226,
24.4.2026,14:7:58.851,49.0,51.0,29.000,29.424,271.0,1730.0,1153,5226,
24.4.2026,14:7:59.058,50.0,51.0,29.000,29.586,1756.0,1730.0,1153,5226,
24.4.2026,14:7:59.263,50.0,51.0,29.000,29.099,1758.0,1730.0,1153,5226,
24.4.2026,14:7:59.468,50.0,51.0,28.000,29.266,275.0,1730.0,1153,5226,
24.4.2026,14:7:59.673,50.0,51.0,29.000,29.222,268.0,1730.0,1153,5226,
24.4.2026,14:7:59.863,49.0,51.0,29.000,29.333,301.0,1730.0,1153,5226,
24.4.2026,14:8:0.069,49.0,51.0,29.000,29.250,1757.0,1730.0,1153,5226,
24.4.2026,14:8:0.274,50.0,51.0,29.000,29.387,1757.0,1730.0,1153,5226,
24.4.2026,14:8:0.479,50.0,51.0,29.000,29.239,303.0,1730.0,1153,5226,
24.4.2026,14:8:0.683,49.0,51.0,29.000,29.592,273.0,1728.0,1153,5226,
24.4.2026,14:8:0.887,50.0,51.0,29.000,29.400,1752.0,1730.0,1153,5226,
24.4.2026,14:8:1.091,50.0,51.0,29.000,29.557,1756.0,1730.0,1153,5226,
24.4.2026,14:8:1.296,50.0,51.0,29.000,29.519,1757.0,1728.0,1153,5226,
24.4.2026,14:8:1.500,49.0,51.0,29.000,29.380,301.0,1730.0,1153,5226,
24.4.2026,14:8:1.705,50.0,51.0,29.000,29.545,1757.0,1730.0,1153,5226,
24.4.2026,14:8:1.897,50.0,51.0,29.000,29.545,1757.0,1730.0,1153,5226,
24.4.2026,14:8:2.099,49.0,51.0,29.000,29.629,1738.0,1730.0,1153,5226,
24.4.2026,14:8:2.306,50.0,52.0,29.000,29.669,296.0,1730.0,1153,5226,
24.4.2026,14:8:2.507,50.0,51.0,30.000,29.843,1756.0,1730.0,1153,5226,
24.4.2026,14:8:2.712,49.0,51.0,30.000,29.726,1756.0,1730.0,1153,5226,
24.4.2026,14:8:2.915,50.0,52.0,29.000,29.572,1756.0,1730.0,1153,5226,
24.4.2026,14:8:3.117,50.0,51.0,29.000,29.464,287.0,1730.0,1153,5226,
24.4.2026,14:8:3.322,49.0,51.0,28.000,29.421,264.0,1728.0,1153,5226,
24.4.2026,14:8:3.529,50.0,51.0,28.000,29.355,268.0,1730.0,1153,5226,
24.4.2026,14:8:3.737,50.0,51.0,28.000,29.312,276.0,1730.0,1153,5226,
24.4.2026,14:8:3.927,49.0,51.0,29.000,29.554,1755.0,1730.0,1153,5226,
24.4.2026,14:8:4.144,49.0,52.0,29.000,29.631,288.0,1730.0,1153,5226,
24.4.2026,14:8:4.348,50.0,51.0,29.000,29.594,296.0,1730.0,1153,5226,
24.4.2026,14:8:4.556,49.0,51.0,29.000,29.464,1757.0,1730.0,1153,5226,
24.4.2026,14:8:4.760,50.0,51.0,29.000,29.745,1758.0,1730.0,1153,5226,
24.4.2026,14:8:4.966,50.0,51.0,29.000,29.566,1739.0,1728.0,1153,5226,
24.4.2026,14:8:5.167,50.0,51.0,29.000,29.686,1755.0,1730.0,1153,5226,
24.4.2026,14:8:5.366,50.0,51.0,29.000,29.892,300.0,1730.0,1153,5226,
24.4.2026,14:8:5.575,50.0,51.0,29.000,29.854,1757.0,1730.0,1153,5226,
24.4.2026,14:8:5.777,49.0,51.0,29.000,29.818,280.0,1728.0,1153,5226,
24.4.2026,14:8:5.985,50.0,52.0,30.000,29.784,1754.0,1730.0,1153,5226,
24.4.2026,14:8:6.175,49.0,51.0,30.000,29.924,1756.0,1730.0,1153,5226,
24.4.2026,14:8:6.382,49.0,52.0,29.000,29.808,1757.0,1730.0,1153,5226,
24.4.2026,14:8:6.584,50.0,51.0,30.000,30.053,1757.0,1728.0,1153,5226,
24.4.2026,14:8:6.790,50.0,51.0,30.000,30.133,1757.0,1728.0,1153,5226,
24.4.2026,14:8:6.995,50.0,51.0,29.000,30.222,1757.0,1730.0,1153,5226,
24.4.2026,14:8:7.197,50.0,51.0,30.000,30.039,1757.0,1730.0,1153,5226,
24.4.2026,14:8:7.400,50.0,51.0,30.000,30.209,1757.0,1728.0,1153,5226,
24.4.2026,14:8:7.603,49.0,52.0,29.000,30.009,1757.0,1728.0,1153,5226,
24.4.2026,14:8:7.807,49.0,51.0,30.000,30.107,1757.0,1730.0,1153,5226,
24.4.2026,14:8:8.010,50.0,51.0,29.000,30.312,286.0,1730.0,1153,5226,
24.4.2026,14:8:8.211,50.0,51.0,29.000,29.794,304.0,1730.0,1153,5226,
24.4.2026,14:8:8.413,50.0,52.0,29.000,29.739,257.0,1730.0,1153,5226,
24.4.2026,14:8:8.619,50.0,51.0,29.000,29.965,260.0,1730.0,1153,5226,
24.4.2026,14:8:8.826,49.0,51.0,29.000,29.663,283.0,1728.0,1153,5226,
24.4.2026,14:8:9.035,50.0,51.0,29.000,29.557,297.0,1730.0,1153,5226,
24.4.2026,14:8:9.236,49.0,51.0,29.000,29.336,256.0,1728.0,1152,5226,
24.4.2026,14:8:9.440,49.0,51.0,28.000,29.244,236.0,1730.0,1152,5226,
24.4.2026,14:8:9.640,49.0,51.0,28.000,28.481,223.0,1730.0,1155,5229,
24.4.2026,14:8:9.845,49.0,51.0,29.000,28.953,1756.0,1730.0,1155,5229,
24.4.2026,14:8:10.049,50.0,51.0,29.000,29.754,297.0,1728.0,1155,5229,
24.4.2026,14:8:10.254,49.0,51.0,29.000,29.717,281.0,1730.0,1155,5229,
24.4.2026,14:8:10.469,49.0,51.0,29.000,29.723,305.0,1730.0,1155,5229,
24.4.2026,14:8:10.669,49.0,51.0,29.000,29.635,1733.0,1730.0,1155,5229,
24.4.2026,14:8:10.877,49.0,51.0,29.000,29.616,285.0,1730.0,1155,5229,
24.4.2026,14:8:11.084,50.0,51.0,29.000,29.622,1757.0,1730.0,1155,5229,
24.4.2026,14:8:11.283,50.0,51.0,29.000,29.348,1756.0,1728.0,1155,5229,
24.4.2026,14:8:11.485,50.0,51.0,30.000,29.440,1757.0,1730.0,1155,5229,
24.4.2026,14:8:11.688,49.0,51.0,29.000,29.680,280.0,1728.0,1155,5229,
24.4.2026,14:8:11.889,50.0,52.0,29.000,29.479,286.0,1730.0,1155,5229,
24.4.2026,14:8:12.097,50.0,51.0,29.000,29.392,298.0,1728.0,1155,5229,
24.4.2026,14:8:12.299,50.0,51.0,30.000,29.650,1756.0,1730.0,1155,5229,
24.4.2026,14:8:12.503,50.0,51.0,29.000,29.833,290.0,1728.0,1155,5229,
24.4.2026,14:8:12.693,50.0,52.0,30.000,29.811,1757.0,1730.0,1155,5229,
24.4.2026,14:8:12.902,50.0,51.0,29.000,29.742,1757.0,1730.0,1155,5229,
24.4.2026,14:8:13.112,50.0,52.0,29.000,29.880,1734.0,1730.0,1155,5229,
24.4.2026,14:8:13.311,50.0,52.0,29.000,29.944,268.0,1728.0,1155,5229,
24.4.2026,14:8:13.516,50.0,51.0,30.000,29.657,1752.0,1730.0,1155,5229,
24.4.2026,14:8:13.725,50.0,51.0,29.000,29.737,1756.0,1728.0,1155,5229,
24.4.2026,14:8:13.933,50.0,52.0,29.000,29.494,263.0,1730.0,1155,5229,
24.4.2026,14:8:14.137,50.0,52.0,29.000,29.516,294.0,1730.0,1155,5229,
24.4.2026,14:8:14.339,50.0,51.0,29.000,29.392,1757.0,1730.0,1155,5229,
24.4.2026,14:8:14.544,50.0,52.0,29.000,29.512,1757.0,1730.0,1155,5229,
24.4.2026,14:8:14.749,50.0,52.0,29.000,29.489,280.0,1730.0,1155,5229,
24.4.2026,14:8:14.952,50.0,51.0,29.000,29.302,280.0,1730.0,1155,5229,
24.4.2026,14:8:15.158,50.0,51.0,28.000,29.426,267.0,1728.0,1155,5229,
24.4.2026,14:8:15.363,50.0,51.0,29.000,29.327,1749.0,1730.0,1155,5229,
24.4.2026,14:8:15.568,49.0,51.0,29.000,29.450,277.0,1728.0,1155,5229,
24.4.2026,14:8:15.771,49.0,51.0,29.000,29.337,279.0,1730.0,1155,5229,
24.4.2026,14:8:15.989,50.0,51.0,29.000,29.177,283.0,1730.0,1155,5229,
24.4.2026,14:8:16.203,49.0,51.0,30.000,29.343,1750.0,1730.0,1155,5229,
24.4.2026,14:8:16.406,50.0,52.0,29.000,29.610,1753.0,1730.0,1155,5229,
24.4.2026,14:8:16.606,50.0,51.0,29.000,29.173,265.0,1728.0,1155,5229,
24.4.2026,14:8:16.815,49.0,51.0,29.000,29.368,1756.0,1728.0,1155,5229,
24.4.2026,14:8:17.020,49.0,51.0,29.000,29.615,1757.0,1728.0,1155,5229,
24.4.2026,14:8:17.218,50.0,51.0,29.000,29.600,1757.0,1728.0,1155,5229,
24.4.2026,14:8:17.424,50.0,52.0,29.000,29.545,1757.0,1730.0,1155,5229,
24.4.2026,14:8:17.615,50.0,51.0,29.000,29.628,1729.0,1730.0,1155,5229,
24.4.2026,14:8:17.818,50.0,51.0,29.000,29.584,1757.0,1730.0,1155,5229,
24.4.2026,14:8:18.028,50.0,52.0,29.000,29.347,295.0,1728.0,1155,5229,
24.4.2026,14:8:18.227,49.0,51.0,30.000,29.757,1756.0,1730.0,1155,5229,
24.4.2026,14:8:18.431,49.0,51.0,29.000,29.863,1757.0,1728.0,1155,5229,
24.4.2026,14:8:18.634,50.0,52.0,29.000,29.866,288.0,1730.0,1155,5229,
24.4.2026,14:8:18.840,50.0,51.0,29.000,29.959,1757.0,1730.0,1155,5229,
24.4.2026,14:8:19.043,50.0,52.0,30.000,30.086,1757.0,1730.0,1155,5229,
24.4.2026,14:8:19.244,50.0,52.0,30.000,30.023,1758.0,1730.0,1155,5229,
24.4.2026,14:8:19.450,50.0,51.0,29.000,29.912,1757.0,1730.0,1155,5229,
24.4.2026,14:8:19.659,50.0,52.0,30.000,29.724,1757.0,1730.0,1155,5229,
24.4.2026,14:8:19.862,50.0,52.0,29.000,29.845,1757.0,1730.0,1155,5229,
24.4.2026,14:8:20.065,50.0,52.0,30.000,29.943,1757.0,1728.0,1155,5229,
24.4.2026,14:8:20.258,50.0,52.0,29.000,30.025,1757.0,1728.0,1155,5229,
24.4.2026,14:8:20.463,50.0,51.0,28.000,29.767,284.0,1730.0,1155,5229,
24.4.2026,14:8:20.667,50.0,52.0,29.000,29.520,1752.0,1730.0,1155,5229,
24.4.2026,14:8:20.870,50.0,52.0,29.000,29.583,1756.0,1730.0,1155,5229,
24.4.2026,14:8:21.073,50.0,52.0,29.000,29.421,307.0,1730.0,1155,5229,
24.4.2026,14:8:21.274,50.0,51.0,29.000,29.590,1757.0,1728.0,1155,5229,
24.4.2026,14:8:21.481,50.0,51.0,29.000,29.286,297.0,1730.0,1155,5229,
24.4.2026,14:8:21.689,50.0,52.0,29.000,29.471,1757.0,1730.0,1155,5229,
24.4.2026,14:8:21.895,50.0,52.0,29.000,29.518,290.0,1728.0,1155,5229,
24.4.2026,14:8:22.100,50.0,51.0,29.000,29.253,1754.0,1730.0,1155,5229,
24.4.2026,14:8:22.306,50.0,52.0,29.000,29.544,1756.0,1728.0,1155,5229,
24.4.2026,14:8:22.509,50.0,52.0,29.000,29.337,299.0,1730.0,1155,5229,
24.4.2026,14:8:22.719,50.0,51.0,29.000,29.230,1757.0,1730.0,1155,5229,
24.4.2026,14:8:22.922,50.0,52.0,29.000,29.275,1757.0,1730.0,1155,5229,
24.4.2026,14:8:23.127,50.0,52.0,28.000,29.267,273.0,1730.0,1155,5229,
24.4.2026,14:8:23.320,50.0,51.0,29.000,29.268,1756.0,1730.0,1155,5229,
24.4.2026,14:8:23.526,50.0,52.0,28.000,29.265,298.0,1730.0,1155,5229,
24.4.2026,14:8:23.732,50.0,52.0,29.000,29.298,298.0,1728.0,1155,5229,
24.4.2026,14:8:23.932,50.0,52.0,29.000,29.293,299.0,1730.0,1155,5229,
24.4.2026,14:8:24.135,50.0,51.0,29.000,29.489,302.0,1728.0,1155,5229,
24.4.2026,14:8:24.340,50.0,52.0,29.000,29.389,300.0,1728.0,1155,5229,
24.4.2026,14:8:24.541,50.0,52.0,29.000,29.222,1754.0,1728.0,1155,5229,
24.4.2026,14:8:24.753,50.0,52.0,29.000,29.332,282.0,1728.0,1155,5229,
24.4.2026,14:8:24.955,50.0,52.0,29.000,29.185,1757.0,1728.0,1155,5229,
24.4.2026,14:8:25.146,50.0,52.0,29.000,29.273,1757.0,1730.0,1155,5229,
24.4.2026,14:8:25.363,50.0,52.0,29.000,29.217,309.0,1730.0,1155,5229,
24.4.2026,14:8:25.552,50.0,52.0,29.000,29.191,1736.0,1730.0,1155,5229,
24.4.2026,14:8:25.771,50.0,52.0,29.000,29.234,287.0,1730.0,1155,5229,
24.4.2026,14:8:25.976,50.0,52.0,29.000,29.181,302.0,1728.0,1155,5229,
24.4.2026,14:8:26.178,50.0,51.0,29.000,29.125,1757.0,1730.0,1155,5229,
24.4.2026,14:8:26.380,50.0,51.0,29.000,29.311,1757.0,1730.0,1155,5229,
24.4.2026,14:8:26.585,50.0,51.0,29.000,29.434,287.0,1730.0,1155,5229,
24.4.2026,14:8:26.792,50.0,51.0,28.000,29.147,255.0,1730.0,1155,5229,
24.4.2026,14:8:26.993,50.0,51.0,29.000,28.941,1747.0,1728.0,1155,5229,
24.4.2026,14:8:27.196,50.0,52.0,29.000,29.251,1755.0,1730.0,1155,5229,
24.4.2026,14:8:27.398,50.0,52.0,29.000,29.245,303.0,1730.0,1155,5229,
24.4.2026,14:8:27.605,50.0,51.0,29.000,29.297,1757.0,1730.0,1155,5229,
24.4.2026,14:8:27.806,50.0,51.0,29.000,29.436,286.0,1728.0,1155,5229,
24.4.2026,14:8:28.008,50.0,52.0,29.000,29.369,1743.0,1728.0,1155,5229,
24.4.2026,14:8:28.209,50.0,51.0,29.000,29.277,278.0,1730.0,1155,5229,
24.4.2026,14:8:28.414,50.0,51.0,29.000,29.016,1754.0,1730.0,1155,5229,
24.4.2026,14:8:28.629,50.0,51.0,28.000,29.028,1756.0,1730.0,1155,5229,
24.4.2026,14:8:28.835,50.0,52.0,28.000,28.869,283.0,1728.0,1155,5229,
24.4.2026,14:8:29.028,50.0,52.0,29.000,29.102,1756.0,1730.0,1155,5229,
24.4.2026,14:8:29.238,50.0,52.0,29.000,28.957,1757.0,1728.0,1155,5229,
24.4.2026,14:8:29.432,50.0,52.0,29.000,29.312,1739.0,1728.0,1155,5229,
24.4.2026,14:8:29.637,51.0,52.0,28.000,29.087,1755.0,1730.0,1155,5229,
24.4.2026,14:8:29.855,50.0,51.0,28.000,29.202,282.0,1730.0,1155,5229,
24.4.2026,14:8:30.049,50.0,52.0,29.000,29.146,1757.0,1730.0,1155,5229,
24.4.2026,14:8:30.238,50.0,51.0,28.000,29.111,308.0,1730.0,1155,5229,
24.4.2026,14:8:30.443,50.0,52.0,28.000,29.105,290.0,1730.0,1155,5229,
24.4.2026,14:8:30.645,50.0,52.0,29.000,29.197,1745.0,1730.0,1155,5229,
24.4.2026,14:8:30.853,50.0,52.0,29.000,29.505,1757.0,1728.0,1155,5229,
24.4.2026,14:8:31.056,51.0,52.0,29.000,29.829,1757.0,1730.0,1155,5229,
24.4.2026,14:8:31.260,50.0,52.0,29.000,29.779,1757.0,1728.0,1155,5229,
24.4.2026,14:8:31.462,50.0,52.0,30.000,29.817,1757.0,1730.0,1155,5229,
24.4.2026,14:8:31.666,50.0,52.0,29.000,29.795,1757.0,1730.0,1155,5229,
24.4.2026,14:8:31.871,50.0,52.0,29.000,29.884,1757.0,1730.0,1155,5229,
24.4.2026,14:8:32.073,49.0,51.0,29.000,29.853,1757.0,1730.0,1155,5229,
24.4.2026,14:8:32.277,50.0,52.0,29.000,29.994,1757.0,1730.0,1155,5229,
24.4.2026,14:8:32.485,50.0,52.0,29.000,29.889,297.0,1730.0,1155,5229,
24.4.2026,14:8:32.712,50.0,52.0,29.000,29.587,295.0,1730.0,1155,5229,
24.4.2026,14:8:32.893,50.0,52.0,29.000,29.468,1753.0,1730.0,1155,5229,
24.4.2026,14:8:33.085,50.0,52.0,29.000,29.468,1753.0,1730.0,1155,5229,
24.4.2026,14:8:33.289,50.0,52.0,29.000,29.291,258.0,1730.0,1155,5229,
24.4.2026,14:8:33.496,50.0,52.0,29.000,29.388,295.0,1730.0,1155,5229,
24.4.2026,14:8:33.696,50.0,52.0,29.000,29.497,1757.0,1730.0,1155,5229,
24.4.2026,14:8:33.901,50.0,52.0,29.000,29.376,311.0,1728.0,1155,5229,
24.4.2026,14:8:34.105,50.0,52.0,29.000,29.133,1757.0,1728.0,1155,5229,
24.4.2026,14:8:34.309,50.0,52.0,29.000,29.262,1757.0,1730.0,1155,5229,
24.4.2026,14:8:34.511,50.0,52.0,29.000,29.331,304.0,1730.0,1155,5229,
24.4.2026,14:8:34.714,50.0,52.0,28.000,29.226,273.0,1728.0,1155,5229,
24.4.2026,14:8:34.921,50.0,52.0,29.000,29.062,1757.0,1730.0,1155,5229,
24.4.2026,14:8:35.129,50.0,52.0,28.000,29.213,257.0,1728.0,1155,5229,
24.4.2026,14:8:35.332,50.0,52.0,29.000,29.415,1756.0,1730.0,1155,5229,
24.4.2026,14:8:35.533,50.0,52.0,29.000,29.438,1757.0,1730.0,1155,5229,
24.4.2026,14:8:35.734,50.0,52.0,29.000,29.291,1757.0,1730.0,1155,5229,
24.4.2026,14:8:35.942,50.0,52.0,29.000,28.999,1757.0,1728.0,1155,5229,
24.4.2026,14:8:36.148,50.0,52.0,29.000,29.349,1757.0,1728.0,1155,5229,
24.4.2026,14:8:36.351,50.0,52.0,29.000,29.176,287.0,1730.0,1155,5229,
24.4.2026,14:8:36.557,50.0,52.0,29.000,29.510,1752.0,1730.0,1155,5229,
24.4.2026,14:8:36.766,50.0,52.0,29.000,29.532,1756.0,1728.0,1155,5229,
24.4.2026,14:8:36.965,50.0,52.0,29.000,29.410,1757.0,1730.0,1155,5229,
24.4.2026,14:8:37.167,50.0,52.0,28.000,29.265,291.0,1730.0,1155,5229,
24.4.2026,14:8:37.369,50.0,52.0,28.000,29.286,271.0,1730.0,1155,5229,
24.4.2026,14:8:37.570,50.0,52.0,29.000,29.447,1753.0,1728.0,1155,5229,
24.4.2026,14:8:37.773,50.0,52.0,29.000,29.488,1756.0,1728.0,1155,5229,
24.4.2026,14:8:37.977,50.0,52.0,28.000,29.369,279.0,1730.0,1155,5229,
24.4.2026,14:8:38.186,50.0,52.0,29.000,29.175,295.0,1730.0,1155,5229,
24.4.2026,14:8:38.391,50.0,52.0,29.000,29.293,1757.0,1728.0,1155,5229,
24.4.2026,14:8:38.583,50.0,52.0,29.000,29.714,289.0,1730.0,1155,5229,
24.4.2026,14:8:38.790,50.0,52.0,29.000,29.689,252.0,1728.0,1155,5229,
24.4.2026,14:8:38.989,50.0,52.0,29.000,29.789,300.0,1728.0,1155,5229,
24.4.2026,14:8:39.191,50.0,52.0,29.000,29.884,297.0,1730.0,1155,5229,
24.4.2026,14:8:39.399,50.0,52.0,29.000,29.596,1757.0,1728.0,1155,5229,
24.4.2026,14:8:39.603,50.0,52.0,29.000,29.661,1716.0,1728.0,1155,5229,
24.4.2026,14:8:39.804,50.0,52.0,29.000,29.611,287.0,1730.0,1155,5229,
24.4.2026,14:8:40.010,50.0,52.0,29.000,29.462,293.0,1730.0,1155,5229,
24.4.2026,14:8:40.218,50.0,52.0,29.000,29.530,277.0,1730.0,1155,5229,
24.4.2026,14:8:40.418,50.0,52.0,29.000,29.507,1757.0,1730.0,1155,5229,
24.4.2026,14:8:40.624,50.0,52.0,29.000,29.523,298.0,1730.0,1155,5229,
24.4.2026,14:8:40.830,50.0,52.0,29.000,29.455,285.0,1730.0,1155,5229,
24.4.2026,14:8:41.020,50.0,52.0,28.000,29.378,271.0,1730.0,1155,5229,
24.4.2026,14:8:41.238,50.0,52.0,28.000,29.238,249.0,1728.0,1155,5229,
24.4.2026,14:8:41.455,50.0,52.0,29.000,29.435,261.0,1728.0,1155,5229,
24.4.2026,14:8:41.660,50.0,52.0,29.000,29.362,289.0,1728.0,1155,5229,
24.4.2026,14:8:41.878,50.0,52.0,30.000,29.516,1756.0,1730.0,1155,5229,
24.4.2026,14:8:42.081,50.0,52.0,30.000,29.881,1757.0,1730.0,1155,5229,
24.4.2026,14:8:42.284,50.0,52.0,28.000,29.475,296.0,1730.0,1155,5229,
24.4.2026,14:8:42.494,50.0,52.0,29.000,29.273,306.0,1730.0,1155,5229,
24.4.2026,14:8:42.690,50.0,52.0,29.000,29.341,297.0,1730.0,1155,5229,
24.4.2026,14:8:42.894,50.0,52.0,29.000,29.160,1746.0,1730.0,1155,5229,
24.4.2026,14:8:43.083,50.0,52.0,29.000,29.635,299.0,1730.0,1155,5229,
24.4.2026,14:8:43.286,50.0,52.0,29.000,29.754,1756.0,1728.0,1155,5229,
24.4.2026,14:8:43.496,50.0,52.0,29.000,29.797,1757.0,1730.0,1155,5229,
24.4.2026,14:8:43.697,50.0,52.0,29.000,29.339,1756.0,1728.0,1155,5229,
24.4.2026,14:8:43.900,50.0,52.0,29.000,29.328,1757.0,1728.0,1155,5229,
24.4.2026,14:8:44.105,50.0,52.0,29.000,29.385,1757.0,1730.0,1155,5229,
24.4.2026,14:8:44.311,50.0,52.0,29.000,29.455,1757.0,1730.0,1155,5229,
24.4.2026,14:8:44.515,51.0,52.0,29.000,29.414,1757.0,1730.0,1155,5229,
24.4.2026,14:8:44.723,50.0,52.0,30.000,29.615,1757.0,1728.0,1155,5229,
24.4.2026,14:8:44.923,50.0,52.0,29.000,29.170,293.0,1730.0,1155,5229,
24.4.2026,14:8:45.126,50.0,52.0,29.000,29.355,1757.0,1730.0,1155,5229,
24.4.2026,14:8:45.331,51.0,52.0,29.000,29.420,279.0,1728.0,1155,5229,
24.4.2026,14:8:45.523,50.0,52.0,29.000,29.439,292.0,1730.0,1155,5229,
24.4.2026,14:8:45.730,50.0,52.0,29.000,29.540,1756.0,1730.0,1155,5229,
24.4.2026,14:8:45.935,50.0,52.0,29.000,29.599,288.0,1730.0,1155,5229,
24.4.2026,14:8:46.143,50.0,52.0,29.000,29.641,286.0,1730.0,1155,5229,
24.4.2026,14:8:46.348,50.0,52.0,29.000,29.828,288.0,1730.0,1155,5229,
24.4.2026,14:8:46.539,51.0,52.0,30.000,29.672,1755.0,1730.0,1155,5229,
24.4.2026,14:8:46.743,51.0,52.0,30.000,29.791,1757.0,1730.0,1155,5229,
24.4.2026,14:8:46.948,50.0,52.0,29.000,29.596,1757.0,1728.0,1155,5229,
24.4.2026,14:8:47.152,50.0,52.0,29.000,29.661,294.0,1730.0,1155,5229,
24.4.2026,14:8:47.356,51.0,52.0,30.000,29.868,1752.0,1728.0,1155,5229,
24.4.2026,14:8:47.559,50.0,52.0,29.000,29.678,297.0,1730.0,1155,5229,
24.4.2026,14:8:47.762,50.0,52.0,29.000,29.604,283.0,1730.0,1155,5229,
24.4.2026,14:8:47.968,50.0,52.0,29.000,29.542,1757.0,1730.0,1155,5229,
24.4.2026,14:8:48.170,51.0,52.0,29.000,29.614,1757.0,1728.0,1155,5229,
24.4.2026,14:8:48.376,50.0,52.0,29.000,29.595,293.0,1728.0,1155,5229,
24.4.2026,14:8:48.579,50.0,52.0,29.000,29.836,292.0,1730.0,1155,5229,
24.4.2026,14:8:48.785,51.0,52.0,29.000,29.671,261.0,1728.0,1155,5229,
24.4.2026,14:8:48.989,50.0,52.0,29.000,29.696,253.0,1730.0,1155,5229,
24.4.2026,14:8:49.206,50.0,52.0,29.000,29.915,301.0,1730.0,1155,5229,
24.4.2026,14:8:49.408,50.0,52.0,29.000,29.834,283.0,1728.0,1155,5229,
24.4.2026,14:8:49.610,50.0,52.0,29.000,29.569,1757.0,1730.0,1155,5229,
24.4.2026,14:8:49.817,50.0,52.0,30.000,29.895,1757.0,1730.0,1155,5229,
24.4.2026,14:8:50.022,50.0,53.0,29.000,29.447,301.0,1728.0,1155,5229,
24.4.2026,14:8:50.227,51.0,52.0,29.000,29.634,266.0,1730.0,1155,5229,
24.4.2026,14:8:50.432,50.0,52.0,29.000,29.417,296.0,1730.0,1155,5229,
24.4.2026,14:8:50.639,51.0,52.0,29.000,29.463,1757.0,1730.0,1155,5229,
24.4.2026,14:8:50.844,50.0,52.0,29.000,29.491,1757.0,1730.0,1155,5229,
24.4.2026,14:8:51.046,50.0,52.0,30.000,29.685,1757.0,1728.0,1155,5229,
24.4.2026,14:8:51.248,51.0,52.0,29.000,29.387,1757.0,1730.0,1155,5229,
24.4.2026,14:8:51.456,50.0,52.0,29.000,29.458,1756.0,1728.0,1155,5229,
24.4.2026,14:8:51.652,50.0,53.0,29.000,29.588,1732.0,1730.0,1155,5229,
24.4.2026,14:8:51.857,50.0,52.0,29.000,29.425,1751.0,1730.0,1155,5229,
24.4.2026,14:8:52.067,50.0,52.0,29.000,29.356,1756.0,1728.0,1155,5229,
24.4.2026,14:8:52.254,51.0,52.0,29.000,29.391,1756.0,1730.0,1155,5229,
24.4.2026,14:8:52.462,50.0,52.0,29.000,29.528,1757.0,1730.0,1155,5229,
24.4.2026,14:8:52.667,51.0,52.0,28.000,29.241,300.0,1730.0,1155,5229,
24.4.2026,14:8:52.869,50.0,52.0,29.000,29.429,279.0,1730.0,1155,5229,
24.4.2026,14:8:53.075,50.0,52.0,28.000,29.149,284.0,1728.0,1155,5229,
24.4.2026,14:8:53.275,50.0,52.0,29.000,29.132,1707.0,1730.0,1155,5229,
24.4.2026,14:8:53.477,51.0,52.0,29.000,29.517,1740.0,1728.0,1155,5229,
24.4.2026,14:8:53.682,50.0,52.0,29.000,29.478,1756.0,1730.0,1155,5229,
24.4.2026,14:8:53.890,51.0,52.0,29.000,29.342,1756.0,1730.0,1155,5229,
24.4.2026,14:8:54.095,50.0,52.0,29.000,29.245,1757.0,1730.0,1155,5229,
24.4.2026,14:8:54.299,51.0,52.0,29.000,29.330,1757.0,1730.0,1155,5229,
24.4.2026,14:8:54.501,50.0,52.0,28.000,29.436,279.0,1730.0,1155,5229,
24.4.2026,14:8:54.707,51.0,52.0,29.000,29.356,1750.0,1728.0,1155,5229,
24.4.2026,14:8:54.898,50.0,52.0,29.000,29.622,1757.0,1728.0,1155,5229,
24.4.2026,14:8:55.103,51.0,52.0,28.000,29.240,303.0,1730.0,1155,5229,
24.4.2026,14:8:55.308,51.0,52.0,29.000,29.013,1757.0,1730.0,1155,5229,
24.4.2026,14:8:55.514,50.0,52.0,29.000,29.522,1758.0,1730.0,1155,5229,
24.4.2026,14:8:55.720,51.0,53.0,29.000,29.566,1758.0,1728.0,1155,5229,
24.4.2026,14:8:55.925,50.0,52.0,29.000,29.421,1757.0,1730.0,1155,5229,
24.4.2026,14:8:56.113,51.0,52.0,29.000,29.351,1757.0,1728.0,1155,5229,
24.4.2026,14:8:56.318,51.0,52.0,29.000,29.493,1757.0,1730.0,1155,5229,
24.4.2026,14:8:56.519,50.0,52.0,29.000,29.394,1757.0,1730.0,1155,5229,
24.4.2026,14:8:56.723,50.0,52.0,29.000,29.526,1757.0,1730.0,1155,5229,
24.4.2026,14:8:56.929,51.0,52.0,29.000,29.673,1756.0,1728.0,1155,5229,
24.4.2026,14:8:57.137,51.0,52.0,28.000,29.432,239.0,1730.0,1155,5229,
24.4.2026,14:8:57.339,51.0,52.0,29.000,29.530,1757.0,1730.0,1155,5229,
24.4.2026,14:8:57.542,50.0,52.0,29.000,29.246,1757.0,1728.0,1155,5229,
24.4.2026,14:8:57.748,50.0,52.0,28.000,29.194,298.0,1728.0,1155,5229,
24.4.2026,14:8:57.951,50.0,52.0,28.000,28.935,283.0,1730.0,1155,5229,
24.4.2026,14:8:58.151,51.0,52.0,29.000,29.078,1756.0,1730.0,1155,5229,
24.4.2026,14:8:58.353,50.0,52.0,28.000,29.011,241.0,1730.0,1155,5229,
24.4.2026,14:8:58.557,50.0,52.0,29.000,29.055,1751.0,1730.0,1155,5229,
24.4.2026,14:8:58.760,50.0,52.0,28.000,29.037,294.0,1730.0,1155,5229,
24.4.2026,14:8:58.968,51.0,52.0,28.000,28.734,1756.0,1730.0,1155,5229,
24.4.2026,14:8:59.174,50.0,52.0,29.000,28.863,1757.0,1730.0,1155,5229,
24.4.2026,14:8:59.375,50.0,52.0,29.000,28.908,1757.0,1728.0,1155,5229,
24.4.2026,14:8:59.582,51.0,52.0,29.000,29.101,1756.0,1728.0,1155,5229,
24.4.2026,14:8:59.782,50.0,52.0,28.000,28.967,275.0,1728.0,1155,5229,
24.4.2026,14:8:59.974,51.0,52.0,29.000,28.889,288.0,1730.0,1155,5229,
24.4.2026,14:9:0.180,51.0,52.0,28.000,29.108,306.0,1730.0,1155,5229,
24.4.2026,14:9:0.386,51.0,52.0,29.000,28.851,1756.0,1730.0,1155,5229,
24.4.2026,14:9:0.594,51.0,52.0,29.000,29.020,1756.0,1730.0,1155,5229,
24.4.2026,14:9:0.799,50.0,52.0,28.000,29.096,1757.0,1730.0,1155,5229,
24.4.2026,14:9:1.003,51.0,52.0,28.000,29.063,277.0,1730.0,1155,5229,
24.4.2026,14:9:1.210,50.0,52.0,28.000,29.070,244.0,1730.0,1155,5229,
24.4.2026,14:9:1.422,50.0,52.0,29.000,29.006,293.0,1728.0,1155,5229,
24.4.2026,14:9:1.627,51.0,52.0,29.000,29.109,272.0,1730.0,1155,5229,
24.4.2026,14:9:1.817,51.0,52.0,28.000,28.771,247.0,1730.0,1155,5229,
24.4.2026,14:9:2.025,50.0,52.0,28.000,28.976,234.0,1730.0,1155,5229,
24.4.2026,14:9:2.232,51.0,52.0,29.000,29.174,294.0,1728.0,1155,5229,
24.4.2026,14:9:2.430,50.0,52.0,29.000,29.061,1756.0,1730.0,1155,5229,
24.4.2026,14:9:2.634,51.0,52.0,28.000,28.869,284.0,1730.0,1155,5229,
24.4.2026,14:9:2.839,50.0,52.0,29.000,28.997,1757.0,1730.0,1155,5229,
24.4.2026,14:9:3.039,51.0,52.0,29.000,29.045,1757.0,1730.0,1155,5229,
24.4.2026,14:9:3.248,50.0,52.0,29.000,29.088,289.0,1728.0,1155,5229,
24.4.2026,14:9:3.446,51.0,52.0,28.000,29.183,263.0,1730.0,1155,5229,
24.4.2026,14:9:3.647,51.0,52.0,28.000,28.999,285.0,1728.0,1155,5229,
24.4.2026,14:9:3.853,51.0,52.0,29.000,28.899,1756.0,1730.0,1155,5229,
24.4.2026,14:9:4.058,51.0,52.0,29.000,29.107,1757.0,1730.0,1155,5229,
24.4.2026,14:9:4.263,50.0,52.0,29.000,28.984,294.0,1730.0,1155,5229,
24.4.2026,14:9:4.468,50.0,52.0,28.000,29.121,284.0,1728.0,1155,5229,
24.4.2026,14:9:4.671,51.0,52.0,29.000,29.112,1757.0,1730.0,1155,5229,
24.4.2026,14:9:4.880,51.0,52.0,29.000,29.200,299.0,1730.0,1155,5229,
24.4.2026,14:9:5.084,51.0,52.0,29.000,29.192,1754.0,1730.0,1155,5229,
24.4.2026,14:9:5.289,51.0,52.0,29.000,29.337,1757.0,1728.0,1155,5229,
24.4.2026,14:9:5.495,50.0,52.0,28.000,29.357,275.0,1730.0,1155,5229,
24.4.2026,14:9:5.699,51.0,52.0,29.000,29.263,1757.0,1730.0,1155,5229,
24.4.2026,14:9:5.899,51.0,52.0,29.000,29.205,1758.0,1728.0,1155,5229,
24.4.2026,14:9:6.102,51.0,52.0,29.000,29.287,1702.0,1728.0,1155,5229,
24.4.2026,14:9:6.309,51.0,52.0,29.000,29.476,1755.0,1730.0,1155,5229,
24.4.2026,14:9:6.512,50.0,52.0,29.000,29.167,1756.0,1728.0,1155,5229,
24.4.2026,14:9:6.714,51.0,52.0,29.000,29.098,1757.0,1730.0,1155,5229,
24.4.2026,14:9:6.921,50.0,52.0,28.000,29.033,1756.0,1730.0,1155,5229,
24.4.2026,14:9:7.125,51.0,53.0,29.000,29.078,295.0,1730.0,1155,5229,
24.4.2026,14:9:7.326,51.0,52.0,29.000,29.266,1746.0,1728.0,1155,5229,
24.4.2026,14:9:7.533,51.0,53.0,29.000,29.220,1757.0,1730.0,1155,5229,
24.4.2026,14:9:7.737,51.0,52.0,29.000,29.265,1756.0,1730.0,1155,5229,
24.4.2026,14:9:7.938,51.0,52.0,29.000,29.459,1756.0,1728.0,1155,5229,
24.4.2026,14:9:8.139,51.0,53.0,29.000,29.631,1756.0,1728.0,1155,5229,
24.4.2026,14:9:8.345,50.0,52.0,29.000,29.602,1757.0,1730.0,1155,5229,
24.4.2026,14:9:8.536,51.0,53.0,29.000,29.515,1757.0,1730.0,1155,5229,
24.4.2026,14:9:8.750,51.0,52.0,29.000,29.369,1757.0,1730.0,1155,5229,
24.4.2026,14:9:8.953,51.0,53.0,29.000,29.707,1757.0,1728.0,1155,5229,
24.4.2026,14:9:9.159,51.0,53.0,29.000,29.688,1757.0,1730.0,1155,5229,
24.4.2026,14:9:9.349,50.0,53.0,28.000,29.338,273.0,1730.0,1155,5229,
24.4.2026,14:9:9.552,51.0,53.0,28.000,29.160,262.0,1730.0,1155,5229,
24.4.2026,14:9:9.759,50.0,52.0,28.000,28.892,282.0,1730.0,1155,5229,
24.4.2026,14:9:9.966,51.0,52.0,28.000,28.856,287.0,1728.0,1155,5229,
24.4.2026,14:9:10.168,50.0,52.0,28.000,28.620,276.0,1730.0,1155,5229,
24.4.2026,14:9:10.375,51.0,52.0,28.000,28.697,279.0,1728.0,1155,5229,
24.4.2026,14:9:10.576,50.0,52.0,28.000,28.700,278.0,1730.0,1155,5229,
24.4.2026,14:9:10.781,51.0,53.0,28.000,28.598,298.0,1728.0,1155,5229,
24.4.2026,14:9:10.984,51.0,52.0,28.000,28.816,298.0,1730.0,1155,5229,
24.4.2026,14:9:11.197,50.0,52.0,29.000,28.935,1756.0,1730.0,1155,5229,
24.4.2026,14:9:11.391,51.0,53.0,29.000,29.271,296.0,1730.0,1155,5229,
24.4.2026,14:9:11.598,51.0,52.0,28.000,29.313,290.0,1730.0,1155,5229,
24.4.2026,14:9:11.788,51.0,52.0,28.000,29.313,290.0,1730.0,1155,5229,
24.4.2026,14:9:11.991,51.0,52.0,29.000,29.234,1756.0,1728.0,1155,5229,
24.4.2026,14:9:12.207,50.0,53.0,29.000,29.272,1756.0,1728.0,1155,5229,
24.4.2026,14:9:12.407,51.0,52.0,29.000,29.260,1757.0,1730.0,1155,5229,
24.4.2026,14:9:12.609,51.0,53.0,29.000,29.426,295.0,1730.0,1155,5229,
24.4.2026,14:9:12.814,51.0,53.0,29.000,29.041,1741.0,1730.0,1155,5229,
24.4.2026,14:9:13.020,51.0,52.0,29.000,29.049,1756.0,1728.0,1155,5229,
24.4.2026,14:9:13.235,51.0,53.0,29.000,29.050,1757.0,1728.0,1155,5229,
24.4.2026,14:9:13.439,51.0,53.0,29.000,29.092,1757.0,1730.0,1155,5229,
24.4.2026,14:9:13.640,51.0,52.0,28.000,28.915,1757.0,1728.0,1155,5229,
24.4.2026,14:9:13.872,51.0,53.0,28.000,28.959,289.0,1730.0,1155,5229,
24.4.2026,14:9:14.050,51.0,52.0,29.000,28.977,1750.0,1728.0,1155,5229,
24.4.2026,14:9:14.252,50.0,52.0,29.000,29.045,1756.0,1730.0,1155,5229,
24.4.2026,14:9:14.456,51.0,53.0,28.000,29.130,289.0,1730.0,1155,5229,
24.4.2026,14:9:14.682,51.0,53.0,28.000,28.950,298.0,1730.0,1155,5229,
24.4.2026,14:9:14.891,51.0,53.0,28.000,29.078,271.0,1730.0,1155,5229,
24.4.2026,14:9:15.071,50.0,52.0,29.000,28.968,1757.0,1730.0,1155,5229,
24.4.2026,14:9:15.297,51.0,52.0,28.000,29.041,272.0,1730.0,1155,5229,
24.4.2026,14:9:15.475,51.0,53.0,29.000,28.882,300.0,1728.0,1155,5229,
24.4.2026,14:9:15.679,51.0,52.0,28.000,28.946,273.0,1728.0,1155,5229,
24.4.2026,14:9:15.886,51.0,52.0,29.000,29.062,1734.0,1730.0,1155,5229,
24.4.2026,14:9:16.083,51.0,53.0,29.000,29.360,1749.0,1728.0,1155,5229,
24.4.2026,14:9:16.292,51.0,52.0,29.000,29.164,1755.0,1728.0,1155,5229,
24.4.2026,14:9:16.496,51.0,52.0,28.000,29.067,295.0,1730.0,1155,5229,
24.4.2026,14:9:16.703,51.0,53.0,28.000,28.924,294.0,1730.0,1155,5229,
24.4.2026,14:9:16.902,51.0,53.0,28.000,28.924,294.0,1730.0,1155,5229,
24.4.2026,14:9:17.102,50.0,52.0,28.000,29.111,290.0,1730.0,1155,5229,
24.4.2026,14:9:17.303,51.0,52.0,29.000,29.118,293.0,1730.0,1155,5229,
24.4.2026,14:9:17.511,51.0,52.0,28.000,28.998,282.0,1730.0,1155,5229,
24.4.2026,14:9:17.714,51.0,52.0,28.000,29.117,247.0,1730.0,1155,5229,
24.4.2026,14:9:17.919,51.0,52.0,28.000,28.980,263.0,1730.0,1155,5229,
24.4.2026,14:9:18.123,50.0,52.0,28.000,29.030,1741.0,1728.0,1155,5229,
24.4.2026,14:9:18.328,51.0,52.0,29.000,29.316,1752.0,1730.0,1155,5229,
24.4.2026,14:9:18.529,51.0,53.0,29.000,29.167,1757.0,1730.0,1155,5229,
24.4.2026,14:9:18.732,51.0,52.0,28.000,29.385,276.0,1730.0,1155,5229,
24.4.2026,14:9:18.937,51.0,52.0,29.000,29.225,1757.0,1728.0,1155,5229,
24.4.2026,14:9:19.144,51.0,52.0,29.000,29.316,1756.0,1730.0,1155,5229,
24.4.2026,14:9:19.348,51.0,53.0,29.000,29.413,1746.0,1728.0,1155,5229,
24.4.2026,14:9:19.549,51.0,53.0,29.000,29.561,271.0,1730.0,1155,5229,
24.4.2026,14:9:19.752,50.0,52.0,29.000,29.376,299.0,1728.0,1155,5229,
24.4.2026,14:9:19.945,51.0,53.0,29.000,29.589,308.0,1728.0,1155,5229,
24.4.2026,14:9:20.147,51.0,53.0,29.000,29.453,1756.0,1728.0,1155,5229,
24.4.2026,14:9:20.351,50.0,53.0,30.000,29.989,1757.0,1728.0,1155,5229,
24.4.2026,14:9:20.553,51.0,53.0,30.000,30.146,1757.0,1730.0,1155,5229,
24.4.2026,14:9:20.759,51.0,52.0,30.000,30.228,1757.0,1728.0,1155,5229,
24.4.2026,14:9:20.964,51.0,53.0,29.000,30.121,1757.0,1728.0,1155,5229,
24.4.2026,14:9:21.167,51.0,53.0,29.000,29.977,1757.0,1730.0,1155,5229,
24.4.2026,14:9:21.370,51.0,53.0,29.000,29.909,1756.0,1730.0,1155,5229,
24.4.2026,14:9:21.577,51.0,52.0,29.000,29.633,1757.0,1730.0,1155,5229,
24.4.2026,14:9:21.781,51.0,53.0,28.000,29.242,303.0,1730.0,1155,5229,
24.4.2026,14:9:21.985,51.0,52.0,28.000,29.133,271.0,1728.0,1155,5229,
24.4.2026,14:9:22.189,51.0,52.0,28.000,29.273,286.0,1728.0,1155,5229,
24.4.2026,14:9:22.378,51.0,53.0,29.000,29.284,1757.0,1730.0,1155,5229,
24.4.2026,14:9:22.597,51.0,52.0,29.000,29.128,1756.0,1728.0,1155,5229,
24.4.2026,14:9:22.788,50.0,52.0,28.000,29.065,243.0,1728.0,1155,5229,
24.4.2026,14:9:22.994,51.0,52.0,29.000,28.903,1757.0,1730.0,1155,5229,
24.4.2026,14:9:23.198,51.0,52.0,29.000,28.995,1757.0,1728.0,1155,5229,
24.4.2026,14:9:23.415,51.0,53.0,29.000,29.072,277.0,1730.0,1155,5229,
24.4.2026,14:9:23.616,51.0,52.0,29.000,29.030,1750.0,1730.0,1155,5229,
24.4.2026,14:9:23.825,51.0,53.0,29.000,29.194,1756.0,1730.0,1155,5229,
24.4.2026,14:9:24.029,51.0,53.0,28.000,29.137,1757.0,1730.0,1155,5229,
24.4.2026,14:9:24.237,51.0,53.0,29.000,29.028,1712.0,1730.0,1155,5229,
24.4.2026,14:9:24.439,51.0,53.0,29.000,29.267,1752.0,1730.0,1155,5229,
24.4.2026,14:9:24.629,51.0,53.0,29.000,29.233,1756.0,1728.0,1155,5229,
24.4.2026,14:9:24.848,51.0,53.0,29.000,29.341,1757.0,1730.0,1155,5229,
24.4.2026,14:9:25.037,51.0,52.0,29.000,29.250,1757.0,1730.0,1155,5229,
24.4.2026,14:9:25.241,51.0,53.0,29.000,29.299,1738.0,1730.0,1155,5229,
24.4.2026,14:9:25.444,51.0,52.0,29.000,29.333,1755.0,1730.0,1155,5229,
24.4.2026,14:9:25.647,51.0,53.0,29.000,29.410,1756.0,1730.0,1155,5229,
24.4.2026,14:9:25.849,51.0,53.0,29.000,29.156,1757.0,1730.0,1155,5229,
24.4.2026,14:9:26.064,51.0,53.0,29.000,29.176,1758.0,1730.0,1155,5229,
24.4.2026,14:9:26.266,51.0,53.0,29.000,29.386,1750.0,1730.0,1155,5229,
24.4.2026,14:9:26.474,51.0,53.0,29.000,29.202,1755.0,1728.0,1155,5229,
24.4.2026,14:9:26.682,51.0,53.0,29.000,29.017,1756.0,1730.0,1155,5229,
24.4.2026,14:9:26.885,51.0,53.0,29.000,29.056,1757.0,1728.0,1155,5229,
24.4.2026,14:9:27.091,50.0,52.0,28.000,29.044,291.0,1730.0,1155,5229,
24.4.2026,14:9:27.299,51.0,53.0,29.000,28.925,1751.0,1730.0,1155,5229,
24.4.2026,14:9:27.502,51.0,53.0,28.000,28.924,299.0,1728.0,1155,5229,
24.4.2026,14:9:27.705,51.0,53.0,29.000,28.848,1757.0,1730.0,1155,5229,
24.4.2026,14:9:27.909,51.0,53.0,28.000,28.836,294.0,1730.0,1155,5229,
24.4.2026,14:9:28.113,51.0,53.0,28.000,28.640,1757.0,1730.0,1155,5229,
24.4.2026,14:9:28.304,51.0,53.0,29.000,28.933,1757.0,1730.0,1155,5229,
24.4.2026,14:9:28.513,51.0,52.0,28.000,29.276,1757.0,1730.0,1155,5229,
24.4.2026,14:9:28.709,51.0,53.0,28.000,29.018,275.0,1730.0,1155,5229,
24.4.2026,14:9:28.922,51.0,53.0,28.000,28.930,1732.0,1730.0,1155,5229,
24.4.2026,14:9:29.127,51.0,53.0,28.000,29.020,286.0,1730.0,1155,5229,
24.4.2026,14:9:29.328,50.0,52.0,28.000,28.926,291.0,1730.0,1155,5229,
24.4.2026,14:9:29.537,51.0,53.0,29.000,28.906,1757.0,1730.0,1155,5229,
24.4.2026,14:9:29.741,51.0,52.0,28.000,28.879,287.0,1730.0,1155,5229,
24.4.2026,14:9:29.941,51.0,53.0,28.000,28.789,291.0,1728.0,1155,5229,
24.4.2026,14:9:30.146,51.0,53.0,28.000,28.929,250.0,1730.0,1155,5229,
24.4.2026,14:9:30.350,51.0,53.0,28.000,28.776,1753.0,1728.0,1155,5229,
24.4.2026,14:9:30.553,51.0,53.0,29.000,28.852,1756.0,1728.0,1155,5229,
24.4.2026,14:9:30.756,51.0,53.0,29.000,28.777,1757.0,1728.0,1155,5229,
24.4.2026,14:9:30.957,51.0,53.0,29.000,28.895,1756.0,1728.0,1155,5229,
24.4.2026,14:9:31.159,51.0,53.0,29.000,29.476,1757.0,1728.0,1155,5229,
24.4.2026,14:9:31.369,51.0,52.0,29.000,29.186,1758.0,1730.0,1155,5229,
24.4.2026,14:9:31.572,52.0,53.0,29.000,29.353,282.0,1730.0,1155,5229,
24.4.2026,14:9:31.770,51.0,53.0,29.000,29.174,296.0,1730.0,1155,5229,
24.4.2026,14:9:31.973,51.0,53.0,28.000,29.106,294.0,1728.0,1155,5229,
24.4.2026,14:9:32.179,51.0,53.0,29.000,29.324,1757.0,1728.0,1155,5229,
24.4.2026,14:9:32.387,51.0,53.0,29.000,29.897,1756.0,1730.0,1155,5229,
24.4.2026,14:9:32.590,51.0,52.0,29.000,29.837,1757.0,1730.0,1155,5229,
24.4.2026,14:9:32.797,51.0,53.0,30.000,29.760,1756.0,1730.0,1155,5229,
24.4.2026,14:9:32.989,51.0,52.0,29.000,29.676,1756.0,1728.0,1155,5229,
24.4.2026,14:9:33.193,51.0,53.0,29.000,29.670,1757.0,1728.0,1155,5229,
24.4.2026,14:9:33.411,51.0,53.0,29.000,29.457,1757.0,1728.0,1155,5229,
24.4.2026,14:9:33.613,51.0,52.0,29.000,29.511,1747.0,1728.0,1155,5229,
24.4.2026,14:9:33.802,51.0,53.0,29.000,29.077,1755.0,1730.0,1155,5229,
24.4.2026,14:9:34.005,52.0,53.0,28.000,29.269,278.0,1730.0,1155,5229,
24.4.2026,14:9:34.212,51.0,53.0,29.000,29.060,309.0,1730.0,1155,5229,
24.4.2026,14:9:34.412,51.0,52.0,29.000,29.457,1757.0,1728.0,1155,5229,
24.4.2026,14:9:34.617,51.0,53.0,29.000,29.276,1758.0,1730.0,1155,5229,
24.4.2026,14:9:34.824,51.0,53.0,29.000,29.514,1750.0,1728.0,1155,5229,
24.4.2026,14:9:35.032,51.0,52.0,29.000,29.429,296.0,1730.0,1155,5229,
24.4.2026,14:9:35.227,51.0,53.0,29.000,29.177,1754.0,1730.0,1155,5229,
24.4.2026,14:9:35.440,51.0,53.0,29.000,29.248,1756.0,1730.0,1155,5229,
24.4.2026,14:9:35.638,51.0,52.0,29.000,29.641,1756.0,1730.0,1155,5229,
24.4.2026,14:9:35.842,51.0,53.0,29.000,29.442,287.0,1728.0,1155,5229,
24.4.2026,14:9:36.045,51.0,53.0,28.000,29.239,275.0,1730.0,1155,5229,
24.4.2026,14:9:36.252,51.0,52.0,29.000,29.517,1735.0,1730.0,1155,5229,
24.4.2026,14:9:36.444,51.0,52.0,29.000,29.652,1753.0,1728.0,1155,5229,
24.4.2026,14:9:36.649,51.0,52.0,29.000,29.496,1756.0,1730.0,1155,5229,
24.4.2026,14:9:36.849,51.0,52.0,29.000,29.510,1757.0,1730.0,1155,5229,
24.4.2026,14:9:37.065,51.0,52.0,28.000,29.167,1757.0,1728.0,1155,5229,
24.4.2026,14:9:37.257,51.0,52.0,29.000,29.153,309.0,1730.0,1155,5229,
24.4.2026,14:9:37.460,51.0,53.0,29.000,29.130,1758.0,1730.0,1155,5229,
24.4.2026,14:9:37.666,51.0,52.0,29.000,29.028,298.0,1728.0,1155,5229,
24.4.2026,14:9:37.869,51.0,53.0,29.000,29.095,299.0,1728.0,1155,5229,
24.4.2026,14:9:38.075,51.0,53.0,29.000,29.123,1755.0,1730.0,1155,5229,
24.4.2026,14:9:38.276,51.0,53.0,29.000,29.186,1757.0,1730.0,1155,5229,
24.4.2026,14:9:38.478,51.0,53.0,29.000,29.345,295.0,1730.0,1155,5229,
24.4.2026,14:9:38.677,51.0,53.0,29.000,29.106,1758.0,1730.0,1155,5229,
24.4.2026,14:9:38.883,51.0,53.0,29.000,29.033,1743.0,1728.0,1155,5229,
24.4.2026,14:9:39.089,51.0,52.0,29.000,29.174,302.0,1728.0,1155,5229,
24.4.2026,14:9:39.288,51.0,53.0,29.000,29.256,1754.0,1730.0,1155,5229,
24.4.2026,14:9:39.490,51.0,53.0,29.000,29.377,1756.0,1728.0,1155,5229,
24.4.2026,14:9:39.695,51.0,53.0,29.000,29.228,1757.0,1730.0,1155,5229,
24.4.2026,14:9:39.897,51.0,53.0,28.000,29.057,279.0,1730.0,1155,5229,
24.4.2026,14:9:40.111,51.0,53.0,28.000,29.019,256.0,1730.0,1155,5229,
24.4.2026,14:9:40.312,51.0,53.0,28.000,29.233,234.0,1730.0,1155,5229,
24.4.2026,14:9:40.517,51.0,53.0,29.000,29.292,1755.0,1730.0,1155,5229,
24.4.2026,14:9:40.707,51.0,53.0,28.000,29.152,1757.0,1730.0,1155,5229,
24.4.2026,14:9:40.911,51.0,53.0,28.000,28.821,1757.0,1730.0,1155,5229,
24.4.2026,14:9:41.114,51.0,52.0,28.000,29.015,1757.0,1730.0,1155,5229,
24.4.2026,14:9:41.318,51.0,53.0,29.000,28.997,292.0,1730.0,1155,5229,
24.4.2026,14:9:41.524,51.0,53.0,29.000,29.344,1754.0,1730.0,1155,5229,
24.4.2026,14:9:41.734,51.0,53.0,29.000,29.486,1757.0,1730.0,1155,5229,
24.4.2026,14:9:41.936,51.0,53.0,28.000,28.841,308.0,1730.0,1157,5231,
24.4.2026,14:9:42.141,51.0,53.0,29.000,29.159,1757.0,1728.0,1157,5231,
24.4.2026,14:9:42.340,51.0,53.0,29.000,29.427,1725.0,1730.0,1157,5231,
24.4.2026,14:9:42.546,51.0,53.0,28.000,29.087,270.0,1730.0,1157,5231,
24.4.2026,14:9:42.747,51.0,53.0,28.000,29.339,251.0,1728.0,1157,5231,
24.4.2026,14:9:42.949,51.0,53.0,29.000,29.202,1756.0,1730.0,1157,5231,
24.4.2026,14:9:43.158,51.0,53.0,29.000,29.262,1756.0,1728.0,1157,5231,
24.4.2026,14:9:43.359,51.0,53.0,29.000,29.244,1757.0,1730.0,1157,5231,
24.4.2026,14:9:43.568,51.0,53.0,29.000,29.462,295.0,1728.0,1157,5231,
24.4.2026,14:9:43.776,51.0,53.0,29.000,29.345,1753.0,1730.0,1157,5231,
24.4.2026,14:9:43.975,51.0,53.0,29.000,29.229,1756.0,1730.0,1157,5231,
24.4.2026,14:9:44.190,51.0,53.0,29.000,29.513,1757.0,1730.0,1157,5231,
24.4.2026,14:9:44.392,51.0,52.0,29.000,29.824,1757.0,1730.0,1157,5231,
24.4.2026,14:9:44.598,51.0,53.0,29.000,29.843,1757.0,1730.0,1157,5231,
24.4.2026,14:9:44.817,51.0,53.0,29.000,29.560,1757.0,1730.0,1157,5231,
24.4.2026,14:9:45.024,51.0,53.0,29.000,29.593,1757.0,1730.0,1157,5231,
24.4.2026,14:9:45.225,51.0,52.0,29.000,29.733,1756.0,1730.0,1157,5231,
24.4.2026,14:9:45.427,51.0,53.0,30.000,29.845,1757.0,1728.0,1157,5231,
24.4.2026,14:9:45.642,51.0,53.0,28.000,29.654,1755.0,1730.0,1157,5231,
24.4.2026,14:9:45.843,51.0,53.0,29.000,28.979,1757.0,1728.0,1157,5231,
24.4.2026,14:9:46.049,51.0,53.0,28.000,29.017,302.0,1730.0,1157,5231,
24.4.2026,14:9:46.250,51.0,53.0,28.000,28.843,292.0,1728.0,1157,5231,
24.4.2026,14:9:46.456,51.0,53.0,28.000,28.958,274.0,1730.0,1157,5231,
24.4.2026,14:9:46.660,51.0,53.0,28.000,29.063,1757.0,1730.0,1157,5231,
24.4.2026,14:9:46.866,51.0,53.0,29.000,28.905,294.0,1730.0,1157,5231,
24.4.2026,14:9:47.072,51.0,53.0,29.000,29.208,1756.0,1730.0,1157,5231,
24.4.2026,14:9:47.281,51.0,53.0,28.000,28.943,1757.0,1730.0,1157,5231,
24.4.2026,14:9:47.484,51.0,53.0,28.000,28.904,294.0,1730.0,1157,5231,
24.4.2026,14:9:47.687,51.0,53.0,29.000,28.813,1756.0,1730.0,1157,5231,
24.4.2026,14:9:47.891,51.0,53.0,28.000,29.100,272.0,1730.0,1157,5231,
24.4.2026,14:9:48.094,51.0,53.0,28.000,28.931,308.0,1730.0,1157,5231,
24.4.2026,14:9:48.300,52.0,53.0,29.000,29.137,1756.0,1730.0,1157,5231,
24.4.2026,14:9:48.489,52.0,53.0,28.000,28.839,295.0,1728.0,1157,5231,
24.4.2026,14:9:48.694,51.0,53.0,29.000,29.005,298.0,1728.0,1157,5231,
24.4.2026,14:9:48.902,51.0,53.0,30.000,29.277,1753.0,1728.0,1157,5231,
24.4.2026,14:9:49.108,52.0,53.0,29.000,29.462,1756.0,1730.0,1157,5231,
24.4.2026,14:9:49.314,51.0,53.0,29.000,29.380,284.0,1728.0,1157,5231,
24.4.2026,14:9:49.511,51.0,53.0,29.000,29.467,1757.0,1730.0,1157,5231,
24.4.2026,14:9:49.712,51.0,53.0,28.000,29.125,275.0,1730.0,1157,5231,
24.4.2026,14:9:49.919,51.0,53.0,29.000,28.979,1757.0,1730.0,1157,5231,
24.4.2026,14:9:50.119,51.0,53.0,28.000,28.912,1757.0,1730.0,1157,5231,
24.4.2026,14:9:50.318,52.0,53.0,29.000,29.061,279.0,1728.0,1157,5231,
24.4.2026,14:9:50.525,51.0,53.0,29.000,29.335,1754.0,1730.0,1157,5231,
24.4.2026,14:9:50.729,51.0,53.0,29.000,28.883,1755.0,1728.0,1157,5231,
24.4.2026,14:9:50.934,51.0,53.0,29.000,28.918,1756.0,1730.0,1157,5231,
24.4.2026,14:9:51.138,51.0,53.0,29.000,29.269,295.0,1728.0,1157,5231,
24.4.2026,14:9:51.348,52.0,53.0,29.000,29.146,1756.0,1730.0,1157,5231,
24.4.2026,14:9:51.551,51.0,53.0,29.000,29.455,1757.0,1730.0,1157,5231,
24.4.2026,14:9:51.768,51.0,53.0,30.000,29.372,1757.0,1730.0,1157,5231,
24.4.2026,14:9:51.972,51.0,53.0,29.000,29.529,274.0,1728.0,1157,5231,
24.4.2026,14:9:52.172,51.0,53.0,29.000,29.438,1748.0,1730.0,1157,5231,
24.4.2026,14:9:52.377,51.0,53.0,29.000,29.649,297.0,1728.0,1157,5231,
24.4.2026,14:9:52.580,51.0,53.0,29.000,29.410,1757.0,1728.0,1157,5231,
24.4.2026,14:9:52.785,52.0,53.0,29.000,29.410,1757.0,1728.0,1157,5231,
24.4.2026,14:9:52.989,51.0,53.0,29.000,29.368,1756.0,1730.0,1157,5231,
24.4.2026,14:9:53.205,51.0,53.0,28.000,29.267,295.0,1728.0,1157,5231,
24.4.2026,14:9:53.409,51.0,53.0,29.000,29.135,1741.0,1728.0,1157,5231,
24.4.2026,14:9:53.611,51.0,53.0,29.000,29.209,1749.0,1730.0,1157,5231,
24.4.2026,14:9:53.814,51.0,53.0,29.000,29.090,309.0,1730.0,1157,5231,
24.4.2026,14:9:54.017,51.0,53.0,29.000,29.100,1757.0,1730.0,1157,5231,
24.4.2026,14:9:54.222,51.0,53.0,29.000,29.067,1757.0,1728.0,1157,5231,
24.4.2026,14:9:54.425,52.0,53.0,29.000,29.011,1756.0,1728.0,1157,5231,
24.4.2026,14:9:54.627,51.0,53.0,28.000,29.024,289.0,1728.0,1157,5231,
24.4.2026,14:9:54.832,51.0,53.0,29.000,29.200,293.0,1730.0,1157,5231,
24.4.2026,14:9:55.042,52.0,53.0,29.000,29.197,1756.0,1730.0,1157,5231,
24.4.2026,14:9:55.245,52.0,53.0,29.000,29.147,1757.0,1728.0,1157,5231,
24.4.2026,14:9:55.446,52.0,53.0,28.000,29.178,305.0,1728.0,1157,5231,
24.4.2026,14:9:55.649,51.0,53.0,29.000,29.375,1751.0,1730.0,1157,5231,
24.4.2026,14:9:55.856,51.0,53.0,29.000,29.070,1757.0,1730.0,1157,5231,
24.4.2026,14:9:56.059,51.0,53.0,29.000,29.075,1756.0,1728.0,1157,5231,
24.4.2026,14:9:56.263,52.0,53.0,29.000,29.329,1756.0,1728.0,1157,5231,
24.4.2026,14:9:56.462,51.0,53.0,29.000,29.334,1756.0,1730.0,1157,5231,
24.4.2026,14:9:56.663,51.0,53.0,29.000,29.561,1757.0,1728.0,1157,5231,
24.4.2026,14:9:56.871,51.0,53.0,29.000,29.501,1758.0,1730.0,1157,5231,
24.4.2026,14:9:57.071,52.0,53.0,29.000,29.516,1756.0,1730.0,1157,5231,
24.4.2026,14:9:57.278,51.0,53.0,29.000,29.523,1757.0,1730.0,1157,5231,
24.4.2026,14:9:57.479,51.0,53.0,29.000,29.753,1757.0,1730.0,1157,5231,
24.4.2026,14:9:57.682,51.0,53.0,29.000,29.430,1757.0,1728.0,1157,5231,
24.4.2026,14:9:57.884,51.0,53.0,28.000,29.016,1757.0,1730.0,1157,5231,
24.4.2026,14:9:58.090,51.0,53.0,28.000,28.809,274.0,1728.0,1157,5231,
24.4.2026,14:9:58.297,51.0,53.0,29.000,28.979,1750.0,1728.0,1157,5231,
24.4.2026,14:9:58.500,51.0,53.0,28.000,29.007,298.0,1730.0,1157,5231,
24.4.2026,14:9:58.704,51.0,53.0,28.000,29.158,1757.0,1730.0,1157,5231,
24.4.2026,14:9:58.908,52.0,53.0,29.000,29.154,1757.0,1730.0,1157,5231,
24.4.2026,14:9:59.115,52.0,53.0,29.000,29.066,1757.0,1728.0,1157,5231,
24.4.2026,14:9:59.313,52.0,53.0,28.000,29.246,270.0,1730.0,1157,5231,
24.4.2026,14:9:59.517,51.0,52.0,29.000,28.994,1751.0,1730.0,1157,5231,
24.4.2026,14:9:59.719,51.0,53.0,29.000,28.997,1755.0,1728.0,1157,5231,
24.4.2026,14:9:59.931,51.0,53.0,29.000,29.232,1756.0,1728.0,1157,5231,
24.4.2026,14:10:0.135,51.0,53.0,29.000,29.348,292.0,1730.0,1157,5231,
24.4.2026,14:10:0.338,51.0,53.0,29.000,29.316,278.0,1728.0,1157,5231,
24.4.2026,14:10:0.544,51.0,53.0,29.000,29.246,1722.0,1730.0,1157,5231,
24.4.2026,14:10:0.749,51.0,53.0,29.000,29.230,280.0,1728.0,1157,5231,
24.4.2026,14:10:0.955,51.0,53.0,28.000,28.993,262.0,1730.0,1157,5231,
24.4.2026,14:10:1.144,52.0,53.0,29.000,28.847,1756.0,1730.0,1157,5231,
24.4.2026,14:10:1.350,51.0,53.0,29.000,29.080,1757.0,1730.0,1157,5231,
24.4.2026,14:10:1.556,51.0,53.0,29.000,29.007,1757.0,1730.0,1157,5231,
24.4.2026,14:10:1.759,51.0,53.0,28.000,29.097,280.0,1728.0,1157,5231,
24.4.2026,14:10:1.966,51.0,53.0,29.000,29.155,1735.0,1730.0,1157,5231,
24.4.2026,14:10:2.167,51.0,53.0,29.000,29.354,1743.0,1730.0,1157,5231,
24.4.2026,14:10:2.372,51.0,53.0,29.000,29.219,1752.0,1728.0,1157,5231,
24.4.2026,14:10:2.578,52.0,53.0,29.000,29.068,288.0,1730.0,1157,5231,
24.4.2026,14:10:2.785,51.0,53.0,29.000,28.889,309.0,1730.0,1157,5231,
24.4.2026,14:10:2.990,51.0,53.0,28.000,28.992,287.0,1728.0,1157,5231,
24.4.2026,14:10:3.203,52.0,53.0,29.000,29.135,288.0,1730.0,1157,5231,
24.4.2026,14:10:3.402,51.0,53.0,29.000,29.176,1756.0,1728.0,1157,5231,
24.4.2026,14:10:3.608,51.0,53.0,29.000,29.387,286.0,1730.0,1157,5231,
24.4.2026,14:10:3.812,52.0,53.0,29.000,29.346,1751.0,1730.0,1157,5231,
24.4.2026,14:10:4.020,51.0,52.0,29.000,29.140,1755.0,1728.0,1157,5231,
24.4.2026,14:10:4.221,51.0,53.0,29.000,29.143,284.0,1730.0,1157,5231,
24.4.2026,14:10:4.425,52.0,53.0,29.000,29.110,1755.0,1730.0,1157,5231,
24.4.2026,14:10:4.627,51.0,53.0,29.000,29.453,1756.0,1730.0,1157,5231,
24.4.2026,14:10:4.828,51.0,53.0,29.000,29.279,301.0,1728.0,1157,5231,
24.4.2026,14:10:5.036,51.0,53.0,28.000,29.121,303.0,1730.0,1157,5231,
24.4.2026,14:10:5.232,51.0,53.0,28.000,29.005,298.0,1730.0,1157,5231,
24.4.2026,14:10:5.433,51.0,53.0,28.000,29.006,298.0,1730.0,1157,5231,
24.4.2026,14:10:5.640,51.0,53.0,29.000,28.861,1719.0,1728.0,1157,5231,
24.4.2026,14:10:5.848,51.0,53.0,28.000,28.831,308.0,1728.0,1157,5231,
24.4.2026,14:10:6.057,51.0,53.0,29.000,28.916,294.0,1730.0,1157,5231,
24.4.2026,14:10:6.260,52.0,53.0,28.000,29.000,313.0,1730.0,1157,5231,
24.4.2026,14:10:6.464,52.0,53.0,28.000,28.846,285.0,1730.0,1157,5231,
24.4.2026,14:10:6.670,51.0,53.0,28.000,28.715,301.0,1728.0,1157,5231,
24.4.2026,14:10:6.873,52.0,53.0,28.000,28.934,289.0,1730.0,1157,5231,
24.4.2026,14:10:7.078,52.0,53.0,28.000,29.074,284.0,1728.0,1157,5231,
24.4.2026,14:10:7.283,51.0,52.0,29.000,28.842,1757.0,1730.0,1157,5231,
24.4.2026,14:10:7.485,51.0,53.0,28.000,29.012,296.0,1730.0,1157,5231,
24.4.2026,14:10:7.693,51.0,53.0,29.000,28.955,1752.0,1730.0,1157,5231,
24.4.2026,14:10:7.895,52.0,53.0,29.000,28.976,1755.0,1728.0,1157,5231,
24.4.2026,14:10:8.097,52.0,53.0,28.000,28.993,288.0,1730.0,1157,5231,
24.4.2026,14:10:8.301,51.0,53.0,28.000,29.252,1757.0,1728.0,1157,5231,
24.4.2026,14:10:8.509,51.0,53.0,29.000,29.347,1757.0,1728.0,1157,5231,
24.4.2026,14:10:8.711,52.0,53.0,29.000,29.653,1757.0,1730.0,1157,5231,
24.4.2026,14:10:8.916,51.0,53.0,29.000,29.620,1757.0,1730.0,1157,5231,
24.4.2026,14:10:9.124,51.0,53.0,29.000,29.618,1756.0,1730.0,1157,5231,
24.4.2026,14:10:9.317,51.0,53.0,29.000,29.429,1758.0,1728.0,1157,5232,
24.4.2026,14:10:9.528,52.0,53.0,29.000,29.817,1757.0,1730.0,1157,5232,
24.4.2026,14:10:9.733,52.0,53.0,29.000,29.694,1757.0,1730.0,1157,5232,
24.4.2026,14:10:9.932,52.0,53.0,29.000,29.697,1756.0,1730.0,1157,5232,
24.4.2026,14:10:10.136,52.0,53.0,29.000,29.557,1756.0,1730.0,1157,5232,
24.4.2026,14:10:10.341,51.0,53.0,29.000,29.528,292.0,1728.0,1157,5232,
24.4.2026,14:10:10.545,51.0,53.0,29.000,29.417,1748.0,1730.0,1157,5232,
24.4.2026,14:10:10.748,52.0,53.0,29.000,29.168,1752.0,1730.0,1157,5232,
24.4.2026,14:10:10.952,51.0,53.0,29.000,29.102,1756.0,1730.0,1157,5232,
24.4.2026,14:10:11.159,52.0,53.0,28.000,29.284,1756.0,1730.0,1157,5232,
24.4.2026,14:10:11.360,52.0,53.0,29.000,29.217,1757.0,1730.0,1157,5232,
24.4.2026,14:10:11.566,52.0,54.0,29.000,29.173,1757.0,1730.0,1157,5232,
24.4.2026,14:10:11.766,52.0,53.0,29.000,29.197,1757.0,1728.0,1157,5232,
24.4.2026,14:10:11.967,51.0,53.0,29.000,29.233,1744.0,1730.0,1157,5232,
24.4.2026,14:10:12.171,51.0,53.0,28.000,29.006,263.0,1730.0,1157,5232,
24.4.2026,14:10:12.376,51.0,53.0,29.000,29.115,1753.0,1728.0,1157,5232,
24.4.2026,14:10:12.581,52.0,53.0,29.000,29.232,1757.0,1728.0,1157,5232,
24.4.2026,14:10:12.769,51.0,53.0,29.000,29.229,1756.0,1728.0,1157,5232,
24.4.2026,14:10:12.988,52.0,53.0,29.000,29.196,1757.0,1730.0,1157,5232,
24.4.2026,14:10:13.178,52.0,53.0,29.000,29.144,1757.0,1730.0,1157,5232,
24.4.2026,14:10:13.382,52.0,53.0,29.000,29.544,1720.0,1730.0,1157,5232,
24.4.2026,14:10:13.586,51.0,53.0,29.000,29.547,1747.0,1728.0,1157,5232,
24.4.2026,14:10:13.797,52.0,53.0,28.000,29.392,299.0,1730.0,1157,5232,
24.4.2026,14:10:13.995,51.0,53.0,28.000,29.253,1757.0,1730.0,1157,5232,
24.4.2026,14:10:14.196,51.0,53.0,29.000,29.263,1757.0,1730.0,1157,5232,
24.4.2026,14:10:14.402,52.0,53.0,29.000,29.220,1757.0,1728.0,1157,5232,
24.4.2026,14:10:14.603,52.0,53.0,29.000,29.178,1757.0,1730.0,1157,5232,
24.4.2026,14:10:14.804,52.0,53.0,28.000,28.963,265.0,1730.0,1157,5232,
24.4.2026,14:10:15.013,52.0,53.0,28.000,28.885,297.0,1728.0,1157,5232,
24.4.2026,14:10:15.215,52.0,53.0,29.000,29.011,1750.0,1728.0,1157,5232,
24.4.2026,14:10:15.417,52.0,53.0,28.000,29.231,283.0,1730.0,1157,5232,
24.4.2026,14:10:15.620,51.0,53.0,28.000,29.037,279.0,1730.0,1157,5232,
24.4.2026,14:10:15.822,52.0,53.0,28.000,28.964,275.0,1730.0,1157,5232,
24.4.2026,14:10:16.027,52.0,54.0,29.000,28.949,1757.0,1730.0,1157,5232,
24.4.2026,14:10:16.233,51.0,53.0,28.000,29.105,292.0,1730.0,1157,5232,
24.4.2026,14:10:16.439,52.0,53.0,28.000,28.918,295.0,1728.0,1157,5232,
24.4.2026,14:10:16.643,51.0,53.0,29.000,28.804,1748.0,1730.0,1157,5232,
24.4.2026,14:10:16.845,52.0,53.0,28.000,28.855,254.0,1730.0,1157,5232,
24.4.2026,14:10:17.049,51.0,53.0,28.000,29.002,286.0,1730.0,1157,5232,
24.4.2026,14:10:17.252,52.0,53.0,29.000,28.875,298.0,1730.0,1157,5232,
24.4.2026,14:10:17.454,52.0,53.0,29.000,29.126,306.0,1730.0,1157,5232,
24.4.2026,14:10:17.657,52.0,53.0,28.000,29.269,292.0,1730.0,1157,5232,
24.4.2026,14:10:17.864,51.0,53.0,28.000,29.049,275.0,1728.0,1157,5232,
24.4.2026,14:10:18.053,51.0,53.0,28.000,29.049,275.0,1728.0,1157,5232,
24.4.2026,14:10:18.257,52.0,54.0,29.000,29.266,1741.0,1730.0,1157,5232,
24.4.2026,14:10:18.463,52.0,53.0,28.000,29.188,1755.0,1728.0,1157,5232,
24.4.2026,14:10:18.670,52.0,53.0,28.000,29.094,289.0,1728.0,1157,5232,
24.4.2026,14:10:18.875,52.0,53.0,29.000,29.267,1757.0,1730.0,1157,5232,
24.4.2026,14:10:19.074,51.0,54.0,29.000,29.271,290.0,1730.0,1157,5232,
24.4.2026,14:10:19.281,51.0,53.0,29.000,29.096,285.0,1730.0,1157,5232,
24.4.2026,14:10:19.483,51.0,53.0,29.000,29.322,1756.0,1730.0,1157,5232,
24.4.2026,14:10:19.685,51.0,53.0,28.000,29.326,288.0,1728.0,1157,5232,
24.4.2026,14:10:19.887,52.0,53.0,28.000,29.059,307.0,1730.0,1157,5232,
24.4.2026,14:10:20.094,52.0,54.0,28.000,28.945,1757.0,1728.0,1157,5232,
24.4.2026,14:10:20.300,52.0,54.0,29.000,29.012,302.0,1728.0,1157,5232,
24.4.2026,14:10:20.488,52.0,53.0,28.000,28.929,287.0,1728.0,1157,5232,
24.4.2026,14:10:20.699,52.0,53.0,29.000,29.347,1757.0,1730.0,1157,5232,
24.4.2026,14:10:20.900,52.0,53.0,29.000,29.484,1756.0,1728.0,1157,5232,
24.4.2026,14:10:21.105,52.0,53.0,29.000,29.423,1757.0,1730.0,1157,5232,
24.4.2026,14:10:21.318,52.0,54.0,29.000,29.540,1757.0,1730.0,1157,5232,
24.4.2026,14:10:21.510,52.0,54.0,29.000,29.661,1757.0,1728.0,1157,5232,
24.4.2026,14:10:21.715,52.0,53.0,29.000,29.629,1757.0,1730.0,1157,5232,
24.4.2026,14:10:21.921,52.0,54.0,29.000,29.769,1757.0,1730.0,1157,5232,
24.4.2026,14:10:22.122,51.0,53.0,29.000,29.473,292.0,1728.0,1157,5232,
24.4.2026,14:10:22.324,51.0,53.0,29.000,29.155,1756.0,1730.0,1157,5232,
24.4.2026,14:10:22.531,52.0,53.0,28.000,28.772,248.0,1730.0,1157,5232,
24.4.2026,14:10:22.738,51.0,53.0,28.000,28.910,288.0,1730.0,1157,5232,
24.4.2026,14:10:22.927,52.0,53.0,29.000,29.096,1756.0,1730.0,1157,5232,
24.4.2026,14:10:23.129,51.0,53.0,29.000,29.057,1723.0,1730.0,1157,5232,
24.4.2026,14:10:23.348,52.0,53.0,28.000,29.046,271.0,1730.0,1157,5232,
24.4.2026,14:10:23.537,52.0,53.0,28.000,28.878,265.0,1730.0,1157,5232,
24.4.2026,14:10:23.742,52.0,53.0,29.000,28.871,1755.0,1728.0,1157,5232,
24.4.2026,14:10:23.944,51.0,53.0,29.000,29.053,1757.0,1730.0,1157,5232,
24.4.2026,14:10:24.150,52.0,53.0,29.000,29.040,1756.0,1730.0,1157,5232,
24.4.2026,14:10:24.364,51.0,53.0,28.000,28.968,295.0,1730.0,1157,5232,
24.4.2026,14:10:24.572,52.0,54.0,29.000,29.070,1747.0,1728.0,1157,5232,
24.4.2026,14:10:24.780,52.0,53.0,29.000,29.121,1755.0,1730.0,1157,5232,
24.4.2026,14:10:24.982,51.0,53.0,29.000,29.253,1756.0,1730.0,1157,5232,
24.4.2026,14:10:25.188,51.0,53.0,29.000,29.158,1757.0,1730.0,1157,5232,
24.4.2026,14:10:25.394,52.0,53.0,29.000,29.218,1757.0,1728.0,1157,5232,
24.4.2026,14:10:25.597,52.0,53.0,29.000,29.159,1708.0,1730.0,1157,5232,
24.4.2026,14:10:25.801,52.0,53.0,29.000,29.270,299.0,1728.0,1157,5232,
24.4.2026,14:10:26.018,51.0,54.0,28.000,28.792,1756.0,1730.0,1157,5232,
24.4.2026,14:10:26.209,52.0,54.0,29.000,29.001,1757.0,1730.0,1157,5232,
24.4.2026,14:10:26.413,51.0,53.0,29.000,28.998,1756.0,1730.0,1157,5232,
24.4.2026,14:10:26.623,52.0,53.0,29.000,29.080,1757.0,1730.0,1157,5232,
24.4.2026,14:10:26.829,52.0,53.0,28.000,29.069,292.0,1728.0,1157,5232,
24.4.2026,14:10:27.033,52.0,53.0,29.000,29.086,1755.0,1728.0,1157,5232,
24.4.2026,14:10:27.225,52.0,53.0,29.000,29.169,1757.0,1730.0,1157,5232,
24.4.2026,14:10:27.439,52.0,54.0,29.000,29.141,1757.0,1728.0,1157,5232,
24.4.2026,14:10:27.638,51.0,53.0,28.000,29.151,287.0,1730.0,1157,5232,
24.4.2026,14:10:27.844,52.0,53.0,29.000,29.108,293.0,1728.0,1157,5232,
24.4.2026,14:10:28.049,52.0,53.0,29.000,28.994,1754.0,1730.0,1157,5232,
24.4.2026,14:10:28.251,52.0,53.0,29.000,28.958,1756.0,1728.0,1157,5232,
24.4.2026,14:10:28.453,52.0,53.0,28.000,29.051,305.0,1730.0,1157,5232,
24.4.2026,14:10:28.661,52.0,53.0,29.000,29.117,1757.0,1730.0,1157,5232,
24.4.2026,14:10:28.872,52.0,53.0,29.000,29.224,289.0,1730.0,1157,5232,
24.4.2026,14:10:29.070,51.0,53.0,28.000,28.660,267.0,1728.0,1157,5232,
24.4.2026,14:10:29.273,51.0,54.0,29.000,29.074,1757.0,1730.0,1157,5232,
24.4.2026,14:10:29.478,52.0,53.0,29.000,29.264,1757.0,1730.0,1157,5232,
24.4.2026,14:10:29.680,52.0,53.0,29.000,29.031,1757.0,1728.0,1157,5232,
24.4.2026,14:10:29.888,52.0,53.0,29.000,29.120,1757.0,1730.0,1157,5232,
24.4.2026,14:10:30.083,52.0,54.0,29.000,29.153,290.0,1728.0,1157,5232,
24.4.2026,14:10:30.288,52.0,54.0,29.000,29.268,1750.0,1730.0,1157,5232,
24.4.2026,14:10:30.490,51.0,53.0,28.000,28.979,1756.0,1728.0,1157,5232,
24.4.2026,14:10:30.695,52.0,53.0,28.000,28.926,282.0,1730.0,1157,5232,
24.4.2026,14:10:30.903,52.0,53.0,28.000,28.844,282.0,1730.0,1157,5232,
24.4.2026,14:10:31.107,51.0,53.0,28.000,28.754,1757.0,1730.0,1157,5232,
24.4.2026,14:10:31.308,51.0,53.0,29.000,28.793,1758.0,1730.0,1157,5232,
24.4.2026,14:10:31.516,52.0,53.0,29.000,29.067,1731.0,1730.0,1157,5232,
24.4.2026,14:10:31.720,52.0,53.0,28.000,29.269,299.0,1730.0,1157,5232,
24.4.2026,14:10:31.923,52.0,53.0,28.000,28.997,283.0,1730.0,1157,5232,
24.4.2026,14:10:32.114,52.0,53.0,29.000,29.006,1756.0,1730.0,1157,5232,
24.4.2026,14:10:32.319,52.0,53.0,28.000,28.956,1757.0,1730.0,1157,5232,
24.4.2026,14:10:32.523,52.0,53.0,29.000,28.807,1757.0,1730.0,1157,5232,
24.4.2026,14:10:32.728,52.0,54.0,29.000,29.292,1757.0,1730.0,1157,5232,
24.4.2026,14:10:32.932,52.0,53.0,29.000,29.315,1756.0,1730.0,1157,5232,
24.4.2026,14:10:33.132,52.0,53.0,29.000,29.324,1757.0,1730.0,1157,5232,
24.4.2026,14:10:33.339,52.0,53.0,29.000,29.403,1757.0,1730.0,1157,5232,
24.4.2026,14:10:33.540,52.0,53.0,29.000,29.356,1757.0,1728.0,1157,5232,
24.4.2026,14:10:33.745,52.0,53.0,29.000,29.257,1757.0,1730.0,1157,5232,
24.4.2026,14:10:33.947,52.0,54.0,29.000,29.458,1757.0,1730.0,1157,5232,
24.4.2026,14:10:34.151,51.0,53.0,29.000,29.099,1757.0,1728.0,1157,5232,
24.4.2026,14:10:34.356,52.0,54.0,28.000,29.083,294.0,1730.0,1157,5232,
24.4.2026,14:10:34.557,52.0,53.0,29.000,28.926,1757.0,1730.0,1157,5232,
24.4.2026,14:10:34.764,51.0,53.0,28.000,28.959,271.0,1728.0,1157,5232,
24.4.2026,14:10:34.969,52.0,53.0,28.000,29.048,256.0,1730.0,1157,5232,
24.4.2026,14:10:35.170,51.0,53.0,28.000,29.025,288.0,1730.0,1157,5232,
24.4.2026,14:10:35.376,52.0,54.0,29.000,28.852,1757.0,1728.0,1157,5232,
24.4.2026,14:10:35.578,52.0,54.0,29.000,28.944,1756.0,1730.0,1157,5232,
24.4.2026,14:10:35.786,51.0,54.0,29.000,29.247,293.0,1730.0,1157,5232,
24.4.2026,14:10:35.991,52.0,54.0,29.000,29.221,281.0,1730.0,1157,5232,
24.4.2026,14:10:36.204,52.0,53.0,29.000,29.118,301.0,1730.0,1157,5232,
24.4.2026,14:10:36.398,52.0,53.0,28.000,29.091,1758.0,1730.0,1157,5232,
24.4.2026,14:10:36.605,52.0,54.0,29.000,29.014,297.0,1730.0,1157,5232,
24.4.2026,14:10:36.812,51.0,53.0,29.000,28.991,1753.0,1730.0,1157,5232,
24.4.2026,14:10:37.014,52.0,54.0,29.000,28.889,1756.0,1730.0,1157,5232,
24.4.2026,14:10:37.219,52.0,53.0,28.000,29.074,271.0,1728.0,1157,5232,
24.4.2026,14:10:37.424,51.0,53.0,28.000,28.912,295.0,1730.0,1157,5232,
24.4.2026,14:10:37.630,51.0,53.0,28.000,28.947,1757.0,1730.0,1157,5232,
24.4.2026,14:10:37.820,51.0,53.0,28.000,29.051,277.0,1730.0,1157,5232,
24.4.2026,14:10:38.025,52.0,54.0,28.000,28.977,302.0,1730.0,1157,5232,
24.4.2026,14:10:38.228,52.0,53.0,28.000,29.007,1756.0,1730.0,1157,5232,
24.4.2026,14:10:38.432,51.0,53.0,29.000,28.976,1757.0,1730.0,1157,5232,
24.4.2026,14:10:38.638,52.0,53.0,29.000,29.193,1757.0,1730.0,1157,5232,
24.4.2026,14:10:38.845,52.0,54.0,28.000,28.943,292.0,1730.0,1157,5232,
24.4.2026,14:10:39.047,52.0,54.0,29.000,28.647,1757.0,1730.0,1157,5232,
24.4.2026,14:10:39.245,52.0,53.0,29.000,29.338,1733.0,1730.0,1157,5232,
24.4.2026,14:10:39.447,52.0,53.0,29.000,29.350,1749.0,1730.0,1157,5232,
24.4.2026,14:10:39.651,52.0,53.0,29.000,29.399,292.0,1730.0,1157,5232,
24.4.2026,14:10:39.856,51.0,53.0,29.000,29.098,1755.0,1728.0,1157,5232,
24.4.2026,14:10:40.059,51.0,53.0,29.000,29.099,302.0,1730.0,1157,5232,
24.4.2026,14:10:40.267,52.0,53.0,29.000,29.233,298.0,1730.0,1157,5232,
24.4.2026,14:10:40.474,52.0,54.0,29.000,29.269,1757.0,1728.0,1157,5232,
24.4.2026,14:10:40.680,52.0,53.0,29.000,29.314,1757.0,1730.0,1157,5232,
24.4.2026,14:10:40.881,51.0,53.0,29.000,29.061,1736.0,1728.0,1157,5232,
24.4.2026,14:10:41.087,52.0,54.0,29.000,29.000,1744.0,1730.0,1157,5232,
24.4.2026,14:10:41.295,51.0,53.0,29.000,29.347,1756.0,1730.0,1157,5232,
24.4.2026,14:10:41.503,52.0,53.0,28.000,29.184,1757.0,1730.0,1157,5232,
24.4.2026,14:10:41.705,51.0,54.0,29.000,28.968,1757.0,1730.0,1157,5232,
24.4.2026,14:10:41.910,52.0,53.0,28.000,28.877,295.0,1728.0,1157,5232,
24.4.2026,14:10:42.131,52.0,54.0,28.000,29.183,292.0,1730.0,1157,5232,
24.4.2026,14:10:42.340,52.0,54.0,29.000,29.181,1757.0,1730.0,1157,5232,
24.4.2026,14:10:42.543,52.0,54.0,28.000,29.054,1757.0,1730.0,1157,5232,
24.4.2026,14:10:42.747,52.0,54.0,29.000,29.173,1757.0,1730.0,1157,5232,
24.4.2026,14:10:42.951,52.0,54.0,29.000,29.370,1734.0,1730.0,1157,5232,
24.4.2026,14:10:43.154,52.0,53.0,28.000,29.143,305.0,1730.0,1157,5232,
24.4.2026,14:10:43.358,52.0,53.0,29.000,29.353,1757.0,1730.0,1157,5232,
24.4.2026,14:10:43.564,52.0,53.0,29.000,29.212,1757.0,1730.0,1157,5232,
24.4.2026,14:10:43.757,52.0,53.0,29.000,29.081,1757.0,1728.0,1157,5232,
24.4.2026,14:10:43.972,52.0,53.0,29.000,29.179,1717.0,1728.0,1157,5232,
24.4.2026,14:10:44.162,52.0,54.0,29.000,29.463,298.0,1730.0,1157,5232,
24.4.2026,14:10:44.363,52.0,53.0,29.000,29.470,1754.0,1730.0,1157,5232,
24.4.2026,14:10:44.578,52.0,54.0,29.000,29.351,1757.0,1728.0,1157,5232,
24.4.2026,14:10:44.769,51.0,53.0,29.000,29.625,1757.0,1730.0,1157,5232,
24.4.2026,14:10:44.976,52.0,53.0,29.000,29.561,1756.0,1730.0,1157,5232,
24.4.2026,14:10:45.181,52.0,53.0,30.000,29.617,1757.0,1728.0,1157,5232,
24.4.2026,14:10:45.388,52.0,54.0,29.000,29.900,1757.0,1728.0,1157,5232,
24.4.2026,14:10:45.588,52.0,53.0,29.000,29.783,1757.0,1730.0,1157,5232,
24.4.2026,14:10:45.792,51.0,54.0,29.000,29.783,1756.0,1730.0,1157,5232,
24.4.2026,14:10:45.995,52.0,54.0,29.000,29.585,1757.0,1730.0,1157,5232,
24.4.2026,14:10:46.198,52.0,54.0,28.000,29.136,290.0,1728.0,1157,5232,
24.4.2026,14:10:46.402,51.0,54.0,28.000,29.061,1757.0,1728.0,1157,5232,
24.4.2026,14:10:46.606,52.0,53.0,28.000,28.933,292.0,1730.0,1157,5232,
24.4.2026,14:10:46.812,52.0,54.0,28.000,28.821,286.0,1730.0,1157,5232,
24.4.2026,14:10:47.015,52.0,54.0,28.000,28.730,301.0,1730.0,1157,5232,
24.4.2026,14:10:47.220,51.0,54.0,29.000,28.871,310.0,1728.0,1157,5232,
24.4.2026,14:10:47.423,52.0,54.0,29.000,28.981,1752.0,1730.0,1157,5232,
24.4.2026,14:10:47.614,52.0,53.0,29.000,28.899,1756.0,1730.0,1157,5232,
24.4.2026,14:10:47.822,52.0,53.0,29.000,29.182,1757.0,1728.0,1157,5232,
24.4.2026,14:10:48.039,52.0,53.0,29.000,29.059,301.0,1728.0,1157,5232,
24.4.2026,14:10:48.244,52.0,53.0,28.000,29.199,276.0,1728.0,1157,5232,
24.4.2026,14:10:48.446,52.0,54.0,29.000,29.316,292.0,1728.0,1157,5232,
24.4.2026,14:10:48.651,52.0,53.0,29.000,29.452,298.0,1730.0,1157,5232,
24.4.2026,14:10:48.852,52.0,53.0,28.000,29.081,218.0,1728.0,1157,5232,
24.4.2026,14:10:49.059,52.0,54.0,29.000,29.016,285.0,1730.0,1157,5232,
24.4.2026,14:10:49.265,52.0,53.0,29.000,29.219,1752.0,1728.0,1157,5232,
24.4.2026,14:10:49.472,52.0,54.0,29.000,29.195,1755.0,1730.0,1157,5232,
24.4.2026,14:10:49.660,52.0,53.0,29.000,29.408,1756.0,1730.0,1157,5232,
24.4.2026,14:10:49.864,52.0,53.0,29.000,29.408,1756.0,1730.0,1157,5232,
24.4.2026,14:10:50.068,52.0,54.0,29.000,29.035,1757.0,1730.0,1157,5232,
24.4.2026,14:10:50.274,52.0,53.0,28.000,29.416,264.0,1730.0,1157,5232,
24.4.2026,14:10:50.481,51.0,53.0,29.000,29.319,298.0,1730.0,1157,5232,
24.4.2026,14:10:50.684,52.0,53.0,28.000,29.174,1756.0,1728.0,1157,5232,
24.4.2026,14:10:50.891,51.0,54.0,29.000,29.314,289.0,1730.0,1157,5232,
24.4.2026,14:10:51.101,52.0,53.0,29.000,29.245,1757.0,1730.0,1157,5232,
24.4.2026,14:10:51.291,51.0,53.0,28.000,29.550,304.0,1730.0,1157,5232,
24.4.2026,14:10:51.498,52.0,53.0,28.000,29.067,247.0,1728.0,1157,5232,
24.4.2026,14:10:51.701,51.0,54.0,29.000,29.192,294.0,1730.0,1157,5232,
24.4.2026,14:10:51.905,52.0,54.0,28.000,29.233,257.0,1728.0,1157,5232,
24.4.2026,14:10:52.112,52.0,54.0,29.000,29.117,1756.0,1730.0,1157,5232,
24.4.2026,14:10:52.313,52.0,53.0,29.000,29.560,1757.0,1728.0,1157,5232,
24.4.2026,14:10:52.516,51.0,53.0,29.000,29.372,1758.0,1728.0,1157,5232,
24.4.2026,14:10:52.722,52.0,54.0,29.000,29.325,309.0,1730.0,1157,5232,
24.4.2026,14:10:52.912,52.0,54.0,29.000,29.434,1757.0,1728.0,1157,5232,
24.4.2026,14:10:53.129,52.0,54.0,29.000,29.131,295.0,1728.0,1157,5232,
24.4.2026,14:10:53.331,52.0,54.0,29.000,29.323,1724.0,1728.0,1157,5232,
24.4.2026,14:10:53.538,52.0,54.0,29.000,29.574,279.0,1728.0,1157,5232,
24.4.2026,14:10:53.743,52.0,53.0,29.000,29.186,293.0,1728.0,1157,5232,
24.4.2026,14:10:53.947,52.0,53.0,28.000,29.114,283.0,1728.0,1157,5232,
24.4.2026,14:10:54.148,52.0,53.0,29.000,29.269,302.0,1730.0,1157,5232,
24.4.2026,14:10:54.352,52.0,54.0,29.000,29.400,306.0,1730.0,1157,5232,
24.4.2026,14:10:54.555,52.0,53.0,29.000,29.313,1757.0,1730.0,1157,5232,
24.4.2026,14:10:54.758,52.0,54.0,29.000,29.330,1724.0,1730.0,1157,5232,
24.4.2026,14:10:54.964,52.0,53.0,29.000,29.459,299.0,1730.0,1157,5232,
24.4.2026,14:10:55.167,52.0,54.0,28.000,29.313,258.0,1730.0,1157,5232,
24.4.2026,14:10:55.372,52.0,53.0,29.000,29.337,303.0,1730.0,1157,5232,
24.4.2026,14:10:55.571,52.0,53.0,29.000,29.343,1757.0,1730.0,1157,5232,
24.4.2026,14:10:55.775,52.0,53.0,29.000,29.355,296.0,1730.0,1157,5232,
24.4.2026,14:10:55.978,52.0,54.0,29.000,29.181,1740.0,1730.0,1157,5232,
24.4.2026,14:10:56.180,52.0,54.0,29.000,29.622,298.0,1730.0,1157,5232,
24.4.2026,14:10:56.386,52.0,54.0,29.000,29.417,297.0,1730.0,1157,5232,
24.4.2026,14:10:56.589,51.0,53.0,29.000,29.716,1757.0,1730.0,1157,5232,
24.4.2026,14:10:56.796,52.0,54.0,28.000,29.608,274.0,1730.0,1157,5232,
24.4.2026,14:10:57.001,52.0,54.0,29.000,29.484,1756.0,1730.0,1157,5232,
24.4.2026,14:10:57.204,52.0,54.0,29.000,29.838,1758.0,1730.0,1157,5232,
24.4.2026,14:10:57.408,52.0,53.0,29.000,29.559,1757.0,1728.0,1157,5232,
24.4.2026,14:10:57.615,52.0,54.0,29.000,29.624,1757.0,1730.0,1157,5232,
24.4.2026,14:10:57.815,52.0,54.0,29.000,29.853,1756.0,1728.0,1157,5232,
24.4.2026,14:10:58.024,52.0,54.0,29.000,29.830,1757.0,1730.0,1157,5232,
24.4.2026,14:10:58.235,52.0,54.0,29.000,29.874,1757.0,1730.0,1157,5232,
24.4.2026,14:10:58.435,52.0,54.0,29.000,29.846,1758.0,1730.0,1157,5232,
24.4.2026,14:10:58.636,52.0,54.0,29.000,29.267,297.0,1730.0,1157,5232,
24.4.2026,14:10:58.839,52.0,54.0,29.000,29.253,1757.0,1728.0,1157,5232,
24.4.2026,14:10:59.048,51.0,54.0,29.000,29.339,290.0,1730.0,1157,5232,
24.4.2026,14:10:59.251,52.0,53.0,29.000,29.468,291.0,1730.0,1157,5232,
24.4.2026,14:10:59.456,52.0,54.0,28.000,29.395,242.0,1730.0,1157,5232,
24.4.2026,14:10:59.659,52.0,54.0,29.000,29.238,1757.0,1730.0,1157,5232,
24.4.2026,14:10:59.855,52.0,54.0,29.000,29.579,290.0,1730.0,1157,5232,
24.4.2026,14:11:0.059,51.0,54.0,29.000,29.578,292.0,1730.0,1157,5232,
24.4.2026,14:11:0.258,52.0,54.0,30.000,29.326,1757.0,1730.0,1157,5232,
24.4.2026,14:11:0.461,52.0,54.0,29.000,29.626,1757.0,1728.0,1157,5232,
24.4.2026,14:11:0.665,52.0,54.0,29.000,29.503,1757.0,1730.0,1157,5232,
24.4.2026,14:11:0.872,52.0,54.0,28.000,29.514,279.0,1730.0,1157,5232,
24.4.2026,14:11:1.073,52.0,54.0,29.000,29.276,1752.0,1728.0,1157,5232,
24.4.2026,14:11:1.277,52.0,54.0,29.000,29.502,1755.0,1730.0,1157,5232,
24.4.2026,14:11:1.483,52.0,54.0,29.000,29.474,1756.0,1728.0,1157,5232,
24.4.2026,14:11:1.698,51.0,54.0,29.000,29.386,1757.0,1730.0,1157,5232,
24.4.2026,14:11:1.893,53.0,54.0,29.000,29.502,1757.0,1728.0,1157,5232,
24.4.2026,14:11:2.098,52.0,54.0,29.000,29.125,283.0,1728.0,1157,5232,
24.4.2026,14:11:2.305,53.0,54.0,29.000,29.393,1741.0,1728.0,1157,5232,
24.4.2026,14:11:2.507,52.0,54.0,29.000,29.757,1756.0,1728.0,1157,5232,
24.4.2026,14:11:2.713,52.0,54.0,29.000,29.366,285.0,1730.0,1157,5232,
24.4.2026,14:11:2.925,53.0,54.0,30.000,29.603,1757.0,1728.0,1157,5232,
24.4.2026,14:11:3.119,52.0,54.0,29.000,29.629,290.0,1730.0,1157,5232,
24.4.2026,14:11:3.325,52.0,54.0,29.000,29.521,294.0,1728.0,1157,5232,
24.4.2026,14:11:3.528,52.0,54.0,29.000,29.660,1736.0,1730.0,1157,5232,
24.4.2026,14:11:3.745,52.0,54.0,29.000,29.620,1744.0,1730.0,1157,5232,
24.4.2026,14:11:3.939,53.0,54.0,30.000,29.810,1753.0,1728.0,1157,5232,
24.4.2026,14:11:4.142,52.0,54.0,30.000,29.834,1757.0,1730.0,1157,5232,
24.4.2026,14:11:4.334,52.0,54.0,29.000,29.680,1757.0,1730.0,1157,5232,
24.4.2026,14:11:4.539,52.0,54.0,29.000,29.549,1757.0,1730.0,1157,5232,
24.4.2026,14:11:4.770,52.0,54.0,29.000,29.529,293.0,1730.0,1157,5232,
24.4.2026,14:11:4.946,53.0,54.0,29.000,29.597,281.0,1730.0,1157,5232,
24.4.2026,14:11:5.148,52.0,54.0,29.000,29.299,233.0,1728.0,1157,5232,
24.4.2026,14:11:5.350,52.0,53.0,29.000,29.233,272.0,1728.0,1157,5232,
24.4.2026,14:11:5.555,52.0,54.0,29.000,29.547,283.0,1730.0,1157,5232,
24.4.2026,14:11:5.785,52.0,54.0,29.000,29.578,277.0,1730.0,1157,5232,
24.4.2026,14:11:5.965,52.0,54.0,28.000,29.411,262.0,1728.0,1157,5232,
24.4.2026,14:11:6.166,52.0,53.0,29.000,29.369,297.0,1730.0,1157,5232,
24.4.2026,14:11:6.369,52.0,54.0,29.000,29.415,279.0,1730.0,1157,5232,
24.4.2026,14:11:6.573,52.0,54.0,29.000,29.659,1753.0,1728.0,1157,5232,
24.4.2026,14:11:6.781,52.0,54.0,29.000,29.619,1756.0,1730.0,1157,5232,
24.4.2026,14:11:7.008,53.0,54.0,30.000,29.568,1756.0,1730.0,1157,5232,
24.4.2026,14:11:7.187,52.0,54.0,29.000,29.839,279.0,1730.0,1157,5232,
24.4.2026,14:11:7.392,53.0,54.0,29.000,29.417,291.0,1730.0,1157,5232,
24.4.2026,14:11:7.621,52.0,53.0,29.000,29.691,1757.0,1730.0,1157,5232,
24.4.2026,14:11:7.815,52.0,54.0,29.000,29.363,293.0,1728.0,1157,5232,
24.4.2026,14:11:8.017,52.0,54.0,28.000,29.140,268.0,1730.0,1157,5232,
24.4.2026,14:11:8.219,52.0,54.0,28.000,29.102,280.0,1728.0,1157,5232,
24.4.2026,14:11:8.425,51.0,54.0,29.000,29.153,1740.0,1730.0,1157,5232,
24.4.2026,14:11:8.628,52.0,54.0,29.000,29.418,1751.0,1728.0,1157,5232,
24.4.2026,14:11:8.819,52.0,54.0,29.000,29.391,299.0,1730.0,1157,5232,
24.4.2026,14:11:9.021,52.0,54.0,29.000,29.573,1757.0,1730.0,1157,5232,
24.4.2026,14:11:9.224,52.0,54.0,29.000,29.600,1757.0,1728.0,1157,5232,
24.4.2026,14:11:9.439,53.0,54.0,30.000,30.033,1757.0,1730.0,1157,5232,
24.4.2026,14:11:9.645,52.0,54.0,30.000,29.959,1757.0,1730.0,1157,5232,
24.4.2026,14:11:9.853,53.0,54.0,29.000,30.156,1757.0,1730.0,1157,5232,
24.4.2026,14:11:10.058,52.0,54.0,29.000,29.915,1757.0,1728.0,1157,5232,
24.4.2026,14:11:10.261,52.0,54.0,30.000,29.867,1757.0,1728.0,1157,5232,
24.4.2026,14:11:10.465,52.0,54.0,29.000,29.750,1757.0,1730.0,1157,5232,
24.4.2026,14:11:10.673,53.0,54.0,29.000,29.563,1757.0,1730.0,1157,5232,
24.4.2026,14:11:10.863,52.0,54.0,29.000,29.161,1756.0,1728.0,1157,5232,
24.4.2026,14:11:11.073,52.0,54.0,29.000,29.466,1757.0,1730.0,1157,5232,
24.4.2026,14:11:11.274,52.0,53.0,29.000,29.623,1741.0,1730.0,1157,5232,
24.4.2026,14:11:11.478,52.0,54.0,29.000,29.379,1748.0,1728.0,1157,5232,
24.4.2026,14:11:11.683,52.0,54.0,29.000,29.286,288.0,1730.0,1157,5232,
24.4.2026,14:11:11.888,52.0,54.0,28.000,29.300,299.0,1730.0,1157,5232,
24.4.2026,14:11:12.090,52.0,54.0,29.000,29.179,306.0,1728.0,1157,5232,
24.4.2026,14:11:12.292,52.0,53.0,29.000,29.838,1757.0,1728.0,1157,5232,
24.4.2026,14:11:12.492,52.0,54.0,29.000,29.509,293.0,1728.0,1157,5232,
24.4.2026,14:11:12.697,52.0,54.0,29.000,29.279,266.0,1730.0,1157,5232,
24.4.2026,14:11:12.898,52.0,53.0,29.000,29.372,1753.0,1730.0,1157,5232,
24.4.2026,14:11:13.104,52.0,54.0,29.000,29.203,1756.0,1728.0,1157,5232,
24.4.2026,14:11:13.308,52.0,54.0,29.000,29.040,301.0,1730.0,1157,5232,
24.4.2026,14:11:13.511,52.0,53.0,29.000,29.157,1757.0,1730.0,1157,5232,
24.4.2026,14:11:13.719,52.0,54.0,29.000,29.127,1757.0,1728.0,1157,5232,
24.4.2026,14:11:13.925,52.0,54.0,28.000,29.289,265.0,1728.0,1157,5232,
24.4.2026,14:11:14.144,52.0,54.0,29.000,29.375,1744.0,1730.0,1157,5232,
24.4.2026,14:11:14.346,52.0,54.0,29.000,29.269,286.0,1730.0,1157,5232,
24.4.2026,14:11:14.551,52.0,54.0,29.000,29.329,1754.0,1730.0,1157,5232,
24.4.2026,14:11:14.742,52.0,54.0,29.000,29.292,294.0,1728.0,1157,5232,
24.4.2026,14:11:14.948,52.0,54.0,28.000,29.113,297.0,1728.0,1157,5232,
24.4.2026,14:11:15.155,52.0,54.0,29.000,29.268,305.0,1730.0,1157,5232,
24.4.2026,14:11:15.357,52.0,53.0,28.000,29.383,274.0,1728.0,1157,5232,
24.4.2026,14:11:15.561,52.0,54.0,29.000,29.502,1749.0,1730.0,1157,5232,
24.4.2026,14:11:15.762,52.0,54.0,29.000,29.620,301.0,1730.0,1157,5232,
24.4.2026,14:11:15.967,52.0,54.0,29.000,29.756,1757.0,1730.0,1157,5232,
24.4.2026,14:11:16.176,52.0,54.0,29.000,29.507,1757.0,1730.0,1157,5232,
24.4.2026,14:11:16.375,52.0,54.0,29.000,29.391,288.0,1730.0,1157,5232,
24.4.2026,14:11:16.579,52.0,54.0,29.000,29.455,300.0,1730.0,1157,5232,
24.4.2026,14:11:16.782,52.0,53.0,30.000,29.505,1757.0,1730.0,1157,5232,
24.4.2026,14:11:16.988,52.0,54.0,28.000,29.632,259.0,1728.0,1157,5232,
24.4.2026,14:11:17.192,52.0,54.0,29.000,29.553,302.0,1730.0,1157,5232,
24.4.2026,14:11:17.401,52.0,54.0,29.000,29.534,1757.0,1728.0,1157,5232,
24.4.2026,14:11:17.603,53.0,54.0,29.000,29.525,288.0,1730.0,1157,5232,
24.4.2026,14:11:17.808,52.0,54.0,29.000,29.574,291.0,1728.0,1157,5232,
24.4.2026,14:11:18.013,52.0,54.0,29.000,29.348,1757.0,1728.0,1157,5232,
24.4.2026,14:11:18.218,52.0,53.0,29.000,29.620,265.0,1730.0,1157,5232,
24.4.2026,14:11:18.422,53.0,54.0,29.000,29.563,264.0,1728.0,1157,5232,
24.4.2026,14:11:18.628,53.0,54.0,29.000,29.470,252.0,1728.0,1157,5232,
24.4.2026,14:11:18.819,52.0,54.0,29.000,29.695,1756.0,1730.0,1157,5232,
24.4.2026,14:11:19.024,52.0,54.0,29.000,29.573,1757.0,1730.0,1157,5232,
24.4.2026,14:11:19.230,52.0,54.0,29.000,29.718,303.0,1730.0,1157,5232,
24.4.2026,14:11:19.434,52.0,54.0,29.000,29.713,1719.0,1730.0,1157,5232,
24.4.2026,14:11:19.638,52.0,54.0,29.000,29.522,1728.0,1730.0,1157,5232,
24.4.2026,14:11:19.841,52.0,54.0,29.000,29.247,1747.0,1730.0,1157,5232,
24.4.2026,14:11:20.046,53.0,54.0,29.000,29.489,1757.0,1728.0,1157,5232,
24.4.2026,14:11:20.481,52.0,53.0,21.000,20.752,202.0,988.0,1156,5232,
24.4.2026,14:11:20.660,51.0,53.0,26.000,25.167,1714.0,1138.0,1157,5232,
24.4.2026,14:11:20.866,51.0,52.0,18.000,22.464,1728.0,198.0,1157,5232,
24.4.2026,14:11:21.075,51.0,52.0,19.000,18.337,1749.0,198.0,1157,5232,
24.4.2026,14:11:21.276,51.0,51.0,18.000,18.220,1753.0,198.0,1157,5232,
24.4.2026,14:11:21.481,51.0,52.0,18.000,18.459,1755.0,198.0,1157,5232,
24.4.2026,14:11:21.688,51.0,52.0,18.000,18.639,1756.0,198.0,1157,5232,
24.4.2026,14:11:21.893,51.0,52.0,25.000,20.518,1756.0,988.0,1157,5232,
24.4.2026,14:11:22.093,50.0,51.0,4.000,18.192,1.0,24.0,1157,5231,
24.4.2026,14:11:22.294,52.0,53.0,29.000,26.336,292.0,1730.0,1157,5232,
24.4.2026,14:11:22.492,53.0,53.0,29.000,30.131,1757.0,1730.0,1158,5232,
24.4.2026,14:11:22.701,52.0,54.0,30.000,30.081,1757.0,1730.0,1158,5232,
24.4.2026,14:11:22.907,52.0,54.0,29.000,29.823,1757.0,1730.0,1158,5232,
24.4.2026,14:11:23.098,52.0,54.0,29.000,30.119,1757.0,1730.0,1158,5232,
24.4.2026,14:11:23.318,52.0,54.0,29.000,29.785,294.0,1730.0,1158,5232,
24.4.2026,14:11:23.520,52.0,54.0,29.000,29.677,302.0,1730.0,1159,5234,
24.4.2026,14:11:23.732,52.0,54.0,29.000,29.498,276.0,1730.0,1159,5234,
24.4.2026,14:11:23.949,52.0,54.0,29.000,29.590,295.0,1730.0,1159,5234,
24.4.2026,14:11:24.141,52.0,54.0,29.000,29.417,1757.0,1730.0,1159,5234,
24.4.2026,14:11:24.346,52.0,54.0,29.000,29.541,266.0,1730.0,1163,5237,
24.4.2026,14:11:24.550,52.0,54.0,29.000,29.098,286.0,1730.0,1163,5237,
24.4.2026,14:11:24.753,52.0,53.0,29.000,29.318,253.0,1730.0,1163,5237,
24.4.2026,14:11:24.942,52.0,54.0,29.000,29.193,264.0,1730.0,1163,5237,
24.4.2026,14:11:25.150,52.0,53.0,28.000,28.907,281.0,1730.0,1163,5237,
24.4.2026,14:11:25.354,52.0,54.0,29.000,29.232,270.0,1728.0,1162,5237,
24.4.2026,14:11:25.557,52.0,54.0,29.000,29.053,1757.0,1730.0,1162,5236,
24.4.2026,14:11:25.763,53.0,54.0,29.000,29.242,284.0,1728.0,1162,5236,
24.4.2026,14:11:25.963,53.0,54.0,29.000,29.087,292.0,1730.0,1162,5236,
24.4.2026,14:11:26.169,52.0,54.0,29.000,29.294,1755.0,1728.0,1162,5237,
24.4.2026,14:11:26.372,52.0,54.0,29.000,29.540,306.0,1730.0,1162,5237,
24.4.2026,14:11:26.575,52.0,54.0,29.000,29.280,1757.0,1730.0,1162,5237,
24.4.2026,14:11:26.779,52.0,54.0,29.000,29.285,295.0,1728.0,1162,5237,
24.4.2026,14:11:26.988,52.0,54.0,28.000,29.338,255.0,1730.0,1162,5237,
24.4.2026,14:11:27.179,52.0,54.0,28.000,29.338,255.0,1730.0,1162,5237,
24.4.2026,14:11:27.381,52.0,54.0,29.000,29.484,1757.0,1730.0,1162,5237,
24.4.2026,14:11:27.584,53.0,54.0,29.000,29.381,1756.0,1730.0,1162,5237,
24.4.2026,14:11:27.787,52.0,54.0,29.000,29.276,1757.0,1730.0,1162,5237,
24.4.2026,14:11:27.991,52.0,54.0,28.000,29.149,296.0,1730.0,1162,5237,
24.4.2026,14:11:28.193,53.0,54.0,29.000,29.220,304.0,1730.0,1162,5237,
24.4.2026,14:11:28.395,52.0,54.0,29.000,29.120,289.0,1730.0,1162,5236,
24.4.2026,14:11:28.600,52.0,54.0,28.000,29.239,270.0,1730.0,1164,5238,
24.4.2026,14:11:28.804,53.0,54.0,29.000,29.184,1756.0,1730.0,1164,5238,
24.4.2026,14:11:29.007,52.0,54.0,29.000,29.324,1757.0,1730.0,1164,5238,
24.4.2026,14:11:29.213,52.0,54.0,29.000,29.010,1757.0,1730.0,1164,5238,
24.4.2026,14:11:29.413,53.0,53.0,29.000,29.199,1757.0,1728.0,1164,5238,
24.4.2026,14:11:29.620,52.0,54.0,29.000,29.209,1757.0,1730.0,1164,5238,
24.4.2026,14:11:29.823,52.0,54.0,28.000,29.271,235.0,1730.0,1164,5238,
24.4.2026,14:11:30.024,52.0,54.0,29.000,29.289,1753.0,1730.0,1164,5238,
24.4.2026,14:11:30.226,53.0,54.0,29.000,29.385,1755.0,1728.0,1164,5238,
24.4.2026,14:11:30.434,53.0,54.0,29.000,29.480,1756.0,1730.0,1164,5238,
24.4.2026,14:11:30.637,53.0,54.0,28.000,29.392,301.0,1730.0,1164,5238,
24.4.2026,14:11:30.843,53.0,55.0,29.000,29.203,310.0,1728.0,1164,5238,
24.4.2026,14:11:31.049,53.0,54.0,29.000,29.122,1737.0,1730.0,1164,5238,
24.4.2026,14:11:31.250,52.0,54.0,29.000,29.363,1756.0,1728.0,1164,5238,
24.4.2026,14:11:31.457,52.0,54.0,29.000,29.559,1756.0,1730.0,1164,5238,
24.4.2026,14:11:31.645,52.0,54.0,29.000,29.252,1757.0,1728.0,1164,5238,
24.4.2026,14:11:31.850,53.0,54.0,29.000,29.300,296.0,1730.0,1164,5238,
24.4.2026,14:11:32.057,53.0,54.0,29.000,29.278,269.0,1730.0,1164,5238,
24.4.2026,14:11:32.259,53.0,54.0,29.000,29.633,283.0,1728.0,1164,5238,
24.4.2026,14:11:32.464,52.0,54.0,28.000,29.531,237.0,1728.0,1164,5238,
24.4.2026,14:11:32.662,52.0,54.0,29.000,29.354,250.0,1730.0,1164,5238,
24.4.2026,14:11:32.874,53.0,54.0,29.000,29.454,286.0,1730.0,1164,5238,
24.4.2026,14:11:33.077,53.0,54.0,29.000,29.449,292.0,1730.0,1164,5238,
24.4.2026,14:11:33.282,53.0,54.0,28.000,29.458,288.0,1730.0,1164,5238,
24.4.2026,14:11:33.489,52.0,54.0,28.000,29.241,248.0,1730.0,1164,5238,
24.4.2026,14:11:33.696,53.0,54.0,29.000,29.180,1710.0,1730.0,1164,5238,
24.4.2026,14:11:33.904,53.0,54.0,29.000,29.447,282.0,1730.0,1164,5238,
24.4.2026,14:11:34.103,52.0,54.0,28.000,29.243,248.0,1728.0,1164,5238,
24.4.2026,14:11:34.304,52.0,54.0,29.000,29.431,1757.0,1728.0,1164,5238,
24.4.2026,14:11:34.509,53.0,54.0,29.000,29.839,1757.0,1730.0,1164,5238,
24.4.2026,14:11:34.715,53.0,54.0,29.000,30.019,1757.0,1730.0,1164,5238,
24.4.2026,14:11:34.920,52.0,54.0,29.000,29.815,1757.0,1728.0,1164,5238,
24.4.2026,14:11:35.127,52.0,54.0,29.000,29.988,1756.0,1730.0,1164,5238,
24.4.2026,14:11:35.327,52.0,54.0,29.000,30.001,1757.0,1730.0,1164,5238,
24.4.2026,14:11:35.531,53.0,54.0,29.000,29.910,1757.0,1730.0,1164,5238,
24.4.2026,14:11:35.738,53.0,54.0,29.000,29.970,1742.0,1728.0,1164,5238,
24.4.2026,14:11:35.930,52.0,54.0,29.000,29.460,291.0,1728.0,1164,5238,
24.4.2026,14:11:36.142,53.0,54.0,30.000,29.354,1757.0,1728.0,1164,5238,
24.4.2026,14:11:36.347,53.0,54.0,29.000,29.317,1757.0,1730.0,1164,5238,
24.4.2026,14:11:36.547,53.0,54.0,29.000,29.269,1757.0,1728.0,1164,5238,
24.4.2026,14:11:36.755,53.0,54.0,29.000,29.174,1757.0,1730.0,1164,5238,
24.4.2026,14:11:36.946,52.0,54.0,28.000,29.119,267.0,1730.0,1164,5238,
24.4.2026,14:11:37.152,52.0,54.0,28.000,29.073,279.0,1728.0,1164,5238,
24.4.2026,14:11:37.359,52.0,54.0,29.000,29.271,1743.0,1728.0,1164,5238,
24.4.2026,14:11:37.563,52.0,54.0,29.000,29.261,1755.0,1730.0,1164,5238,
24.4.2026,14:11:37.765,52.0,54.0,28.000,29.287,297.0,1730.0,1164,5238,
24.4.2026,14:11:37.970,52.0,54.0,29.000,29.272,294.0,1730.0,1164,5238,
24.4.2026,14:11:38.172,52.0,54.0,28.000,28.910,294.0,1730.0,1164,5238,
24.4.2026,14:11:38.377,52.0,54.0,29.000,29.034,1756.0,1730.0,1164,5238,
24.4.2026,14:11:38.580,53.0,54.0,29.000,29.121,270.0,1730.0,1164,5238,
24.4.2026,14:11:38.785,53.0,54.0,29.000,29.201,1757.0,1730.0,1164,5238,
24.4.2026,14:11:39.003,52.0,54.0,28.000,29.210,266.0,1730.0,1164,5238,
24.4.2026,14:11:39.201,52.0,54.0,28.000,29.069,262.0,1728.0,1164,5238,
24.4.2026,14:11:39.403,53.0,54.0,29.000,28.906,290.0,1730.0,1164,5238,
24.4.2026,14:11:39.612,52.0,54.0,28.000,28.913,290.0,1730.0,1164,5238,
24.4.2026,14:11:39.818,52.0,54.0,29.000,29.096,297.0,1730.0,1164,5238,
24.4.2026,14:11:40.035,52.0,54.0,29.000,29.472,1724.0,1728.0,1164,5238,
24.4.2026,14:11:40.223,52.0,54.0,29.000,29.599,1736.0,1730.0,1164,5238,
24.4.2026,14:11:40.441,53.0,54.0,29.000,29.595,1753.0,1730.0,1164,5238,
24.4.2026,14:11:40.656,52.0,54.0,29.000,29.643,292.0,1730.0,1164,5238,
24.4.2026,14:11:40.862,53.0,54.0,29.000,29.606,1756.0,1730.0,1164,5238,
24.4.2026,14:11:41.063,52.0,54.0,29.000,29.739,1756.0,1728.0,1164,5238,
24.4.2026,14:11:41.272,53.0,54.0,30.000,29.692,1757.0,1730.0,1164,5238,
24.4.2026,14:11:41.476,53.0,54.0,29.000,29.917,282.0,1728.0,1164,5238,
24.4.2026,14:11:41.681,53.0,54.0,30.000,29.838,1743.0,1728.0,1164,5238,
24.4.2026,14:11:41.888,52.0,54.0,29.000,30.000,1756.0,1730.0,1164,5238,
24.4.2026,14:11:42.093,52.0,54.0,29.000,29.637,1756.0,1730.0,1164,5238,
24.4.2026,14:11:42.297,52.0,54.0,29.000,29.723,285.0,1730.0,1164,5238,
24.4.2026,14:11:42.502,52.0,54.0,29.000,29.651,298.0,1730.0,1164,5238,
24.4.2026,14:11:42.714,53.0,54.0,29.000,29.551,285.0,1728.0,1164,5238,
24.4.2026,14:11:42.915,53.0,54.0,30.000,29.376,1752.0,1730.0,1164,5238,
24.4.2026,14:11:43.122,52.0,54.0,29.000,29.523,1756.0,1730.0,1164,5238,
24.4.2026,14:11:43.327,53.0,54.0,29.000,29.261,299.0,1730.0,1164,5238,
24.4.2026,14:11:43.531,52.0,54.0,29.000,29.386,1757.0,1730.0,1164,5238,
24.4.2026,14:11:43.738,53.0,54.0,29.000,30.015,285.0,1728.0,1164,5238,
24.4.2026,14:11:43.945,52.0,54.0,29.000,29.724,1745.0,1730.0,1164,5238,
24.4.2026,14:11:44.148,52.0,54.0,30.000,29.587,1755.0,1730.0,1164,5238,
24.4.2026,14:11:44.352,52.0,54.0,29.000,29.738,292.0,1730.0,1164,5238,
24.4.2026,14:11:44.555,53.0,54.0,29.000,29.669,298.0,1728.0,1164,5238,
24.4.2026,14:11:44.760,53.0,54.0,29.000,29.520,1757.0,1730.0,1164,5238,
24.4.2026,14:11:44.964,53.0,54.0,29.000,29.596,1757.0,1728.0,1164,5238,
24.4.2026,14:11:45.168,52.0,54.0,29.000,29.559,295.0,1728.0,1164,5238,
24.4.2026,14:11:45.373,53.0,54.0,29.000,29.558,1754.0,1730.0,1164,5238,
24.4.2026,14:11:45.573,53.0,54.0,29.000,29.420,282.0,1728.0,1164,5238,
24.4.2026,14:11:45.781,52.0,54.0,29.000,29.251,1756.0,1730.0,1164,5238,
24.4.2026,14:11:45.982,52.0,54.0,29.000,29.438,1756.0,1730.0,1164,5238,
24.4.2026,14:11:46.184,53.0,54.0,29.000,29.408,1737.0,1730.0,1164,5238,
24.4.2026,14:11:46.386,53.0,54.0,29.000,29.493,1758.0,1730.0,1164,5238,
24.4.2026,14:11:46.594,53.0,54.0,30.000,30.086,1757.0,1728.0,1164,5238,
24.4.2026,14:11:46.786,52.0,54.0,29.000,30.156,1757.0,1730.0,1164,5238,
24.4.2026,14:11:46.992,52.0,54.0,30.000,30.125,1756.0,1730.0,1164,5238,
24.4.2026,14:11:47.198,52.0,54.0,30.000,29.923,1757.0,1730.0,1164,5238,
24.4.2026,14:11:47.403,53.0,54.0,29.000,29.910,1757.0,1728.0,1164,5238,
24.4.2026,14:11:47.601,53.0,54.0,30.000,29.825,1757.0,1730.0,1164,5238,
24.4.2026,14:11:47.806,52.0,54.0,30.000,30.075,1756.0,1728.0,1164,5238,
24.4.2026,14:11:48.005,52.0,54.0,29.000,29.573,1751.0,1730.0,1164,5238,
24.4.2026,14:11:48.211,53.0,54.0,29.000,29.291,1756.0,1730.0,1164,5238,
24.4.2026,14:11:48.413,53.0,54.0,29.000,29.371,283.0,1730.0,1164,5238,
24.4.2026,14:11:48.620,53.0,54.0,29.000,29.361,1756.0,1730.0,1164,5238,
24.4.2026,14:11:48.825,53.0,54.0,29.000,29.193,1757.0,1730.0,1164,5238,
24.4.2026,14:11:49.030,52.0,54.0,29.000,29.284,1726.0,1728.0,1164,5238,
24.4.2026,14:11:49.232,53.0,54.0,29.000,29.426,1747.0,1728.0,1164,5238,
24.4.2026,14:11:49.440,52.0,54.0,29.000,29.538,290.0,1728.0,1164,5238,
24.4.2026,14:11:49.630,52.0,54.0,29.000,29.204,301.0,1730.0,1164,5238,
24.4.2026,14:11:49.834,52.0,54.0,28.000,29.196,284.0,1730.0,1164,5238,
24.4.2026,14:11:50.036,52.0,54.0,29.000,29.168,289.0,1730.0,1164,5238,
24.4.2026,14:11:50.242,52.0,54.0,29.000,29.027,295.0,1730.0,1164,5238,
24.4.2026,14:11:50.446,52.0,54.0,28.000,29.085,258.0,1730.0,1164,5238,
24.4.2026,14:11:50.647,52.0,54.0,29.000,28.972,1735.0,1730.0,1164,5238,
24.4.2026,14:11:50.880,52.0,54.0,29.000,29.109,1754.0,1730.0,1164,5238,
24.4.2026,14:11:51.063,52.0,54.0,28.000,28.975,278.0,1730.0,1164,5238,
24.4.2026,14:11:51.268,52.0,54.0,29.000,29.189,1757.0,1730.0,1164,5238,
24.4.2026,14:11:51.470,52.0,54.0,29.000,29.428,1757.0,1730.0,1164,5238,
24.4.2026,14:11:51.674,52.0,54.0,29.000,29.212,290.0,1730.0,1164,5238,
24.4.2026,14:11:51.868,53.0,54.0,28.000,28.887,1757.0,1728.0,1164,5238,
24.4.2026,14:11:52.070,52.0,54.0,28.000,28.784,1708.0,1730.0,1164,5238,
24.4.2026,14:11:52.273,52.0,54.0,29.000,29.346,1749.0,1730.0,1164,5238,
24.4.2026,14:11:52.476,52.0,54.0,29.000,29.185,302.0,1730.0,1164,5238,
24.4.2026,14:11:52.680,52.0,54.0,29.000,29.146,298.0,1730.0,1164,5238,
24.4.2026,14:11:52.885,52.0,53.0,28.000,28.928,281.0,1728.0,1164,5238,
24.4.2026,14:11:53.089,52.0,53.0,29.000,29.151,1756.0,1728.0,1164,5238,
24.4.2026,14:11:53.297,52.0,53.0,29.000,29.120,299.0,1730.0,1164,5238,
24.4.2026,14:11:53.503,51.0,53.0,29.000,29.158,1757.0,1728.0,1164,5238,
24.4.2026,14:11:53.694,51.0,53.0,28.000,29.290,271.0,1730.0,1164,5238,
24.4.2026,14:11:53.898,51.0,53.0,28.000,29.057,1717.0,1730.0,1164,5238,
24.4.2026,14:11:54.103,52.0,53.0,29.000,29.210,1739.0,1730.0,1164,5238,
24.4.2026,14:11:54.307,52.0,53.0,29.000,29.356,278.0,1730.0,1164,5238,
24.4.2026,14:11:54.511,51.0,53.0,29.000,29.227,279.0,1728.0,1164,5238,
24.4.2026,14:11:54.717,51.0,53.0,29.000,28.969,255.0,1730.0,1164,5238,
24.4.2026,14:11:54.918,52.0,53.0,29.000,29.313,1756.0,1728.0,1164,5238,
24.4.2026,14:11:55.120,52.0,53.0,29.000,29.494,1757.0,1730.0,1164,5238,
24.4.2026,14:11:55.322,51.0,52.0,29.000,29.376,1757.0,1730.0,1164,5238,
24.4.2026,14:11:55.529,51.0,53.0,29.000,29.470,1736.0,1728.0,1164,5238,
24.4.2026,14:11:55.731,51.0,53.0,28.000,29.410,235.0,1730.0,1164,5238,
24.4.2026,14:11:55.932,51.0,53.0,29.000,29.321,1755.0,1728.0,1164,5238,
24.4.2026,14:11:56.132,51.0,52.0,28.000,29.347,1757.0,1730.0,1164,5238,
24.4.2026,14:11:56.336,51.0,52.0,29.000,29.195,302.0,1728.0,1164,5238,
24.4.2026,14:11:56.541,50.0,52.0,29.000,29.328,1756.0,1728.0,1164,5238,
24.4.2026,14:11:56.747,51.0,53.0,29.000,29.390,1757.0,1728.0,1164,5238,
24.4.2026,14:11:56.950,50.0,52.0,28.000,28.999,294.0,1728.0,1164,5238,
24.4.2026,14:11:57.153,51.0,52.0,28.000,29.087,220.0,1730.0,1164,5238,
24.4.2026,14:11:57.358,50.0,52.0,29.000,29.102,1748.0,1730.0,1164,5238,
24.4.2026,14:11:57.567,50.0,52.0,29.000,29.204,1756.0,1730.0,1164,5238,
24.4.2026,14:11:57.755,51.0,52.0,29.000,29.005,1757.0,1728.0,1164,5238,
24.4.2026,14:11:57.962,50.0,52.0,29.000,29.238,1757.0,1730.0,1164,5238,
24.4.2026,14:11:58.164,50.0,52.0,29.000,29.135,291.0,1730.0,1164,5238,
24.4.2026,14:11:58.367,50.0,52.0,29.000,29.316,1757.0,1728.0,1164,5238,
24.4.2026,14:11:58.569,50.0,52.0,29.000,29.311,1757.0,1730.0,1164,5238,
24.4.2026,14:11:58.776,50.0,52.0,29.000,29.541,1757.0,1728.0,1164,5238,
24.4.2026,14:11:58.983,50.0,52.0,29.000,29.442,1757.0,1728.0,1164,5238,
24.4.2026,14:11:59.183,50.0,51.0,29.000,29.571,1757.0,1730.0,1164,5238,
24.4.2026,14:11:59.383,50.0,52.0,29.000,29.512,1757.0,1730.0,1164,5238,
24.4.2026,14:11:59.590,50.0,52.0,29.000,29.610,1757.0,1730.0,1164,5238,
24.4.2026,14:11:59.798,50.0,52.0,29.000,29.659,1757.0,1730.0,1164,5238,
24.4.2026,14:12:0.004,50.0,51.0,29.000,29.607,1757.0,1730.0,1164,5238,
24.4.2026,14:12:0.207,49.0,51.0,29.000,29.229,1756.0,1730.0,1164,5238,
24.4.2026,14:12:0.398,50.0,52.0,29.000,29.403,1757.0,1730.0,1164,5238,
24.4.2026,14:12:0.598,50.0,51.0,29.000,29.412,307.0,1730.0,1164,5238,
24.4.2026,14:12:0.805,50.0,51.0,29.000,29.349,1757.0,1728.0,1164,5238,
24.4.2026,14:12:1.011,50.0,51.0,29.000,29.188,1712.0,1728.0,1164,5238,
24.4.2026,14:12:1.211,49.0,51.0,29.000,29.366,1752.0,1730.0,1164,5238,
24.4.2026,14:12:1.416,49.0,51.0,29.000,29.321,1757.0,1728.0,1164,5238,
24.4.2026,14:12:1.623,50.0,51.0,29.000,29.267,1757.0,1728.0,1164,5238,
24.4.2026,14:12:1.832,49.0,51.0,29.000,29.263,301.0,1730.0,1164,5238,
24.4.2026,14:12:2.035,49.0,51.0,29.000,29.332,1757.0,1730.0,1164,5238,
24.4.2026,14:12:2.238,49.0,51.0,28.000,29.291,278.0,1730.0,1164,5238,
24.4.2026,14:12:2.447,49.0,51.0,29.000,29.364,304.0,1730.0,1164,5238,
24.4.2026,14:12:2.646,50.0,51.0,29.000,29.451,1754.0,1728.0,1164,5238,
24.4.2026,14:12:2.849,49.0,51.0,29.000,29.471,1756.0,1730.0,1164,5238,
24.4.2026,14:12:3.054,49.0,50.0,29.000,29.164,1757.0,1728.0,1164,5238,
24.4.2026,14:12:3.256,49.0,51.0,28.000,28.967,285.0,1730.0,1164,5238,
24.4.2026,14:12:3.460,49.0,51.0,29.000,28.825,296.0,1730.0,1164,5238,
24.4.2026,14:12:3.666,49.0,51.0,28.000,29.201,293.0,1730.0,1164,5238,
24.4.2026,14:12:3.873,49.0,50.0,29.000,29.030,291.0,1730.0,1164,5238,
24.4.2026,14:12:4.077,49.0,51.0,29.000,29.306,301.0,1730.0,1164,5238,
24.4.2026,14:12:4.284,49.0,50.0,29.000,29.369,1758.0,1728.0,1164,5238,
24.4.2026,14:12:4.475,49.0,50.0,28.000,28.884,257.0,1728.0,1164,5238,
24.4.2026,14:12:4.681,49.0,50.0,28.000,28.938,261.0,1730.0,1164,5238,
24.4.2026,14:12:4.884,49.0,50.0,28.000,29.001,263.0,1728.0,1164,5238,
24.4.2026,14:12:5.089,49.0,50.0,29.000,29.074,1755.0,1730.0,1164,5238,
24.4.2026,14:12:5.292,49.0,50.0,29.000,29.363,1756.0,1728.0,1164,5238,
24.4.2026,14:12:5.500,49.0,50.0,29.000,29.116,287.0,1728.0,1164,5238,
24.4.2026,14:12:5.698,49.0,51.0,29.000,29.255,1757.0,1730.0,1164,5238,
24.4.2026,14:12:5.908,48.0,49.0,28.000,29.186,277.0,1728.0,1164,5238,
24.4.2026,14:12:6.099,49.0,50.0,28.000,29.274,278.0,1730.0,1164,5238,
24.4.2026,14:12:6.303,48.0,50.0,29.000,29.411,271.0,1730.0,1164,5238,
24.4.2026,14:12:6.514,48.0,50.0,28.000,29.232,268.0,1728.0,1164,5238,
24.4.2026,14:12:6.713,48.0,50.0,29.000,29.145,293.0,1728.0,1164,5238,
24.4.2026,14:12:6.918,48.0,50.0,29.000,28.997,1746.0,1728.0,1164,5238,
24.4.2026,14:12:7.123,49.0,50.0,29.000,29.278,1757.0,1730.0,1164,5238,
24.4.2026,14:12:7.327,48.0,50.0,29.000,29.217,1756.0,1728.0,1164,5238,
24.4.2026,14:12:7.532,49.0,50.0,29.000,29.383,292.0,1730.0,1164,5238,
24.4.2026,14:12:7.738,48.0,50.0,29.000,29.410,295.0,1730.0,1164,5238,
24.4.2026,14:12:7.946,48.0,49.0,28.000,29.172,293.0,1730.0,1164,5238,
24.4.2026,14:12:8.151,48.0,49.0,29.000,29.259,294.0,1730.0,1164,5238,
24.4.2026,14:12:8.355,48.0,49.0,29.000,29.536,1754.0,1730.0,1164,5238,
24.4.2026,14:12:8.560,48.0,49.0,29.000,29.252,299.0,1728.0,1164,5238,
24.4.2026,14:12:8.766,48.0,49.0,29.000,28.927,1757.0,1730.0,1164,5238,
24.4.2026,14:12:8.971,48.0,50.0,28.000,29.021,300.0,1728.0,1164,5238,
24.4.2026,14:12:9.172,49.0,49.0,28.000,28.940,1757.0,1730.0,1164,5238,
24.4.2026,14:12:9.373,48.0,50.0,28.000,28.746,292.0,1730.0,1164,5238,
24.4.2026,14:12:9.577,48.0,50.0,29.000,28.969,1758.0,1730.0,1164,5238,
24.4.2026,14:12:9.782,48.0,49.0,28.000,29.261,269.0,1730.0,1164,5238,
24.4.2026,14:12:9.982,48.0,49.0,29.000,28.992,1757.0,1730.0,1164,5238,
24.4.2026,14:12:10.189,48.0,49.0,28.000,28.943,285.0,1730.0,1164,5238,
24.4.2026,14:12:10.391,48.0,50.0,29.000,28.949,1731.0,1728.0,1164,5238,
24.4.2026,14:12:10.585,48.0,50.0,29.000,28.949,1731.0,1728.0,1164,5238,
24.4.2026,14:12:10.788,48.0,49.0,28.000,29.033,1755.0,1730.0,1164,5238,
24.4.2026,14:12:11.002,48.0,49.0,29.000,29.029,1757.0,1730.0,1164,5238,
24.4.2026,14:12:11.194,48.0,49.0,29.000,29.556,1757.0,1728.0,1164,5238,
24.4.2026,14:12:11.399,48.0,49.0,29.000,29.419,1757.0,1728.0,1164,5238,
24.4.2026,14:12:11.605,48.0,50.0,29.000,29.348,1758.0,1728.0,1164,5238,
24.4.2026,14:12:11.812,48.0,49.0,29.000,29.291,1758.0,1728.0,1164,5238,
24.4.2026,14:12:12.017,48.0,49.0,29.000,29.298,1757.0,1730.0,1164,5238,
24.4.2026,14:12:12.209,48.0,50.0,29.000,29.268,1758.0,1730.0,1164,5238,
24.4.2026,14:12:12.415,48.0,50.0,29.000,29.282,1757.0,1730.0,1164,5238,
24.4.2026,14:12:12.621,48.0,49.0,29.000,29.520,1757.0,1730.0,1164,5238,
24.4.2026,14:12:12.821,48.0,50.0,29.000,29.115,1719.0,1728.0,1164,5238,
24.4.2026,14:12:13.026,48.0,49.0,29.000,28.983,295.0,1730.0,1164,5238,
24.4.2026,14:12:13.230,48.0,49.0,29.000,29.232,295.0,1730.0,1164,5238,
24.4.2026,14:12:13.432,48.0,49.0,28.000,29.452,293.0,1730.0,1164,5238,
24.4.2026,14:12:13.636,48.0,50.0,29.000,29.118,1757.0,1730.0,1164,5238,
24.4.2026,14:12:13.843,49.0,50.0,29.000,29.290,1758.0,1730.0,1164,5238,
24.4.2026,14:12:14.047,49.0,50.0,29.000,29.068,1757.0,1730.0,1164,5238,
24.4.2026,14:12:14.248,48.0,50.0,28.000,29.233,250.0,1730.0,1164,5238,
24.4.2026,14:12:14.451,48.0,49.0,29.000,29.263,296.0,1730.0,1164,5238,
24.4.2026,14:12:14.683,48.0,50.0,29.000,29.263,1757.0,1730.0,1164,5238,
24.4.2026,14:12:14.853,47.0,50.0,29.000,29.454,1757.0,1730.0,1164,5238,
24.4.2026,14:12:15.055,47.0,49.0,29.000,29.261,1758.0,1730.0,1164,5238,
24.4.2026,14:12:15.257,48.0,49.0,29.000,29.334,1757.0,1730.0,1164,5238,
24.4.2026,14:12:15.461,48.0,50.0,30.000,29.346,1757.0,1730.0,1164,5238,
24.4.2026,14:12:15.670,48.0,49.0,29.000,29.430,294.0,1730.0,1164,5238,
24.4.2026,14:12:15.876,48.0,50.0,29.000,29.346,298.0,1730.0,1164,5238,
24.4.2026,14:12:16.069,48.0,50.0,29.000,29.241,258.0,1730.0,1164,5238,
24.4.2026,14:12:16.274,48.0,49.0,29.000,28.786,1746.0,1728.0,1164,5238,
24.4.2026,14:12:16.478,48.0,49.0,29.000,29.337,1757.0,1730.0,1164,5238,
24.4.2026,14:12:16.679,48.0,49.0,29.000,29.308,307.0,1730.0,1164,5238,
24.4.2026,14:12:16.888,48.0,49.0,29.000,29.133,1756.0,1730.0,1164,5238,
24.4.2026,14:12:17.092,48.0,50.0,29.000,29.055,1757.0,1730.0,1164,5238,
24.4.2026,14:12:17.296,48.0,50.0,29.000,29.359,1758.0,1730.0,1164,5238,
24.4.2026,14:12:17.499,48.0,49.0,29.000,29.278,299.0,1730.0,1164,5238,
24.4.2026,14:12:17.700,48.0,49.0,29.000,29.050,1757.0,1730.0,1164,5238,
24.4.2026,14:12:17.907,49.0,50.0,29.000,29.322,1747.0,1730.0,1164,5238,
24.4.2026,14:12:18.112,48.0,49.0,29.000,29.221,1756.0,1730.0,1164,5238,
24.4.2026,14:12:18.305,48.0,50.0,29.000,29.262,1757.0,1730.0,1164,5238,
24.4.2026,14:12:18.507,48.0,50.0,29.000,29.154,1757.0,1730.0,1164,5238,
24.4.2026,14:12:18.719,48.0,49.0,29.000,29.276,1757.0,1728.0,1164,5238,
24.4.2026,14:12:18.917,48.0,50.0,29.000,29.251,1758.0,1730.0,1164,5238,
24.4.2026,14:12:19.118,48.0,50.0,29.000,28.940,1758.0,1730.0,1164,5238,
24.4.2026,14:12:19.317,48.0,50.0,28.000,29.284,260.0,1730.0,1164,5238,
24.4.2026,14:12:19.522,48.0,50.0,29.000,29.217,1756.0,1730.0,1164,5238,
24.4.2026,14:12:19.724,48.0,50.0,28.000,29.157,291.0,1730.0,1164,5238,
24.4.2026,14:12:19.937,48.0,50.0,28.000,28.972,273.0,1730.0,1164,5238,
24.4.2026,14:12:20.140,49.0,50.0,29.000,28.936,1757.0,1730.0,1164,5238,
24.4.2026,14:12:20.345,48.0,50.0,28.000,29.056,292.0,1730.0,1164,5238,
24.4.2026,14:12:20.551,48.0,49.0,28.000,28.915,276.0,1728.0,1164,5238,
24.4.2026,14:12:20.742,48.0,50.0,28.000,28.808,276.0,1730.0,1164,5238,
24.4.2026,14:12:20.944,48.0,50.0,28.000,28.805,251.0,1730.0,1164,5238,
24.4.2026,14:12:21.147,48.0,50.0,28.000,28.956,282.0,1728.0,1164,5238,
24.4.2026,14:12:21.351,48.0,49.0,28.000,28.693,262.0,1730.0,1164,5238,
24.4.2026,14:12:21.556,48.0,50.0,28.000,29.016,1756.0,1728.0,1164,5238,
24.4.2026,14:12:21.762,48.0,50.0,28.000,28.879,1757.0,1730.0,1164,5238,
24.4.2026,14:12:21.964,49.0,50.0,29.000,28.850,1757.0,1728.0,1164,5238,
24.4.2026,14:12:22.169,49.0,50.0,29.000,29.154,1757.0,1730.0,1164,5238,
24.4.2026,14:12:22.372,49.0,50.0,28.000,29.076,308.0,1730.0,1164,5238,
24.4.2026,14:12:22.578,49.0,50.0,28.000,28.933,279.0,1730.0,1164,5238,
24.4.2026,14:12:22.784,48.0,49.0,29.000,28.996,1756.0,1728.0,1164,5238,
24.4.2026,14:12:22.977,48.0,50.0,28.000,28.888,1757.0,1728.0,1164,5238,
24.4.2026,14:12:23.181,48.0,50.0,29.000,28.917,1757.0,1730.0,1164,5238,
24.4.2026,14:12:23.388,49.0,50.0,29.000,29.183,1757.0,1730.0,1164,5238,
24.4.2026,14:12:23.593,48.0,49.0,28.000,29.136,1757.0,1730.0,1164,5238,
24.4.2026,14:12:23.801,48.0,50.0,28.000,28.738,1757.0,1730.0,1164,5238,
24.4.2026,14:12:24.009,48.0,50.0,28.000,28.821,1758.0,1728.0,1164,5238,
24.4.2026,14:12:24.213,48.0,50.0,28.000,28.825,1757.0,1730.0,1164,5238,
24.4.2026,14:12:24.416,48.0,50.0,28.000,28.961,1757.0,1730.0,1164,5238,
24.4.2026,14:12:24.623,49.0,50.0,29.000,28.979,1757.0,1730.0,1164,5238,
24.4.2026,14:12:24.828,48.0,50.0,28.000,28.967,1758.0,1730.0,1164,5238,
24.4.2026,14:12:25.033,48.0,50.0,29.000,28.933,1757.0,1728.0,1164,5238,
24.4.2026,14:12:25.223,48.0,50.0,28.000,28.940,266.0,1730.0,1164,5238,
24.4.2026,14:12:25.428,48.0,50.0,28.000,28.731,1741.0,1730.0,1164,5238,
24.4.2026,14:12:25.631,49.0,50.0,28.000,28.816,260.0,1730.0,1164,5238,
24.4.2026,14:12:25.833,48.0,50.0,29.000,28.795,1755.0,1728.0,1164,5238,
24.4.2026,14:12:26.041,49.0,50.0,28.000,28.858,1757.0,1730.0,1164,5238,
24.4.2026,14:12:26.241,48.0,50.0,28.000,28.932,1757.0,1730.0,1164,5238,
24.4.2026,14:12:26.448,48.0,50.0,28.000,28.882,272.0,1730.0,1164,5238,
24.4.2026,14:12:26.649,49.0,50.0,29.000,28.994,1751.0,1730.0,1164,5238,
24.4.2026,14:12:26.858,49.0,50.0,28.000,28.825,1757.0,1730.0,1164,5238,
24.4.2026,14:12:27.063,49.0,50.0,28.000,28.716,1757.0,1730.0,1164,5238,
24.4.2026,14:12:27.275,48.0,50.0,28.000,28.804,1757.0,1728.0,1164,5238,
24.4.2026,14:12:27.470,48.0,50.0,28.000,28.807,307.0,1730.0,1164,5238,
24.4.2026,14:12:27.674,48.0,50.0,29.000,28.816,1757.0,1730.0,1164,5238,
24.4.2026,14:12:27.878,49.0,50.0,28.000,28.830,1725.0,1730.0,1164,5238,
24.4.2026,14:12:28.095,48.0,50.0,29.000,28.969,286.0,1730.0,1164,5238,
24.4.2026,14:12:28.298,49.0,50.0,29.000,28.953,1754.0,1728.0,1164,5238,
24.4.2026,14:12:28.502,49.0,50.0,28.000,29.136,300.0,1730.0,1163,5238,
24.4.2026,14:12:28.705,49.0,50.0,28.000,29.062,1757.0,1730.0,1163,5238,
24.4.2026,14:12:28.909,49.0,50.0,28.000,28.864,1757.0,1728.0,1163,5238,
24.4.2026,14:12:29.110,49.0,50.0,28.000,28.891,1720.0,1730.0,1163,5238,
24.4.2026,14:12:29.302,49.0,50.0,28.000,28.972,286.0,1730.0,1163,5238,
24.4.2026,14:12:29.506,49.0,50.0,29.000,29.067,1755.0,1730.0,1163,5238,
24.4.2026,14:12:29.710,48.0,50.0,29.000,28.863,1757.0,1730.0,1163,5238,
24.4.2026,14:12:29.917,49.0,50.0,28.000,28.904,1757.0,1728.0,1163,5238,
24.4.2026,14:12:30.118,49.0,51.0,29.000,28.927,1757.0,1730.0,1163,5238,
24.4.2026,14:12:30.323,49.0,50.0,28.000,29.008,278.0,1728.0,1163,5238,
24.4.2026,14:12:30.528,49.0,50.0,28.000,28.982,277.0,1730.0,1163,5238,
24.4.2026,14:12:30.732,49.0,50.0,29.000,29.131,305.0,1730.0,1163,5238,
24.4.2026,14:12:30.934,49.0,50.0,28.000,29.011,1757.0,1728.0,1163,5238,
24.4.2026,14:12:31.135,49.0,50.0,29.000,29.190,299.0,1730.0,1163,5238,
24.4.2026,14:12:31.335,48.0,50.0,28.000,29.226,1757.0,1728.0,1163,5238,
24.4.2026,14:12:31.542,48.0,50.0,28.000,29.022,272.0,1730.0,1163,5238,
24.4.2026,14:12:31.749,49.0,50.0,28.000,28.912,287.0,1730.0,1163,5238,
24.4.2026,14:12:31.954,49.0,51.0,28.000,28.866,1757.0,1730.0,1163,5238,
24.4.2026,14:12:32.146,49.0,50.0,29.000,29.046,1757.0,1730.0,1163,5238,
24.4.2026,14:12:32.351,49.0,51.0,28.000,29.006,1757.0,1728.0,1163,5238,
24.4.2026,14:12:32.551,48.0,50.0,28.000,29.075,1757.0,1730.0,1163,5238,
24.4.2026,14:12:32.758,49.0,51.0,28.000,28.990,281.0,1730.0,1163,5238,
24.4.2026,14:12:32.963,49.0,50.0,29.000,29.028,284.0,1730.0,1163,5238,
24.4.2026,14:12:33.168,49.0,50.0,29.000,29.127,1754.0,1730.0,1163,5238,
24.4.2026,14:12:33.373,48.0,50.0,29.000,29.447,307.0,1730.0,1163,5238,
24.4.2026,14:12:33.572,48.0,50.0,29.000,29.447,307.0,1730.0,1163,5238,
24.4.2026,14:12:33.779,49.0,50.0,29.000,29.380,1757.0,1730.0,1163,5238,
24.4.2026,14:12:33.981,49.0,50.0,29.000,29.383,270.0,1728.0,1163,5238,
24.4.2026,14:12:34.187,49.0,50.0,28.000,29.061,1757.0,1728.0,1163,5238,
24.4.2026,14:12:34.391,49.0,51.0,28.000,29.174,290.0,1730.0,1163,5238,
24.4.2026,14:12:34.598,49.0,51.0,28.000,28.901,284.0,1730.0,1163,5238,
24.4.2026,14:12:34.800,48.0,50.0,29.000,29.077,1757.0,1730.0,1163,5238,
24.4.2026,14:12:35.000,49.0,50.0,28.000,28.959,1757.0,1728.0,1163,5238,
24.4.2026,14:12:35.205,49.0,50.0,29.000,28.915,1757.0,1728.0,1163,5238,
24.4.2026,14:12:35.408,48.0,50.0,28.000,28.830,1757.0,1728.0,1163,5238,
24.4.2026,14:12:35.613,49.0,50.0,29.000,28.974,1757.0,1730.0,1163,5238,
24.4.2026,14:12:35.803,49.0,50.0,28.000,29.052,1757.0,1730.0,1163,5238,
24.4.2026,14:12:36.009,49.0,50.0,28.000,28.914,1757.0,1730.0,1163,5238,
24.4.2026,14:12:36.208,49.0,50.0,29.000,29.008,1758.0,1730.0,1163,5238,
24.4.2026,14:12:36.412,49.0,50.0,29.000,29.150,1756.0,1730.0,1163,5238,
24.4.2026,14:12:36.618,49.0,50.0,29.000,29.091,1757.0,1730.0,1163,5238,
24.4.2026,14:12:36.825,49.0,50.0,28.000,29.270,1758.0,1730.0,1163,5238,
24.4.2026,14:12:37.031,49.0,50.0,28.000,29.076,284.0,1728.0,1163,5238,
24.4.2026,14:12:37.238,49.0,50.0,28.000,28.960,1757.0,1728.0,1163,5238,
24.4.2026,14:12:37.438,49.0,50.0,28.000,28.928,283.0,1730.0,1163,5238,
24.4.2026,14:12:37.643,49.0,51.0,28.000,29.010,287.0,1730.0,1163,5238,
24.4.2026,14:12:37.832,49.0,50.0,29.000,29.422,1756.0,1730.0,1163,5238,
24.4.2026,14:12:38.049,48.0,51.0,28.000,29.172,301.0,1730.0,1163,5238,
24.4.2026,14:12:38.256,49.0,51.0,28.000,29.208,288.0,1730.0,1163,5238,
24.4.2026,14:12:38.459,49.0,50.0,29.000,29.066,1757.0,1730.0,1163,5238,
24.4.2026,14:12:38.664,49.0,51.0,28.000,29.284,266.0,1730.0,1163,5238,
24.4.2026,14:12:38.868,49.0,50.0,29.000,29.364,282.0,1728.0,1163,5238,
24.4.2026,14:12:39.074,49.0,50.0,29.000,29.446,1755.0,1730.0,1163,5238,
24.4.2026,14:12:39.278,49.0,51.0,28.000,29.501,262.0,1730.0,1163,5238,
24.4.2026,14:12:39.479,49.0,50.0,28.000,29.080,286.0,1730.0,1163,5238,
24.4.2026,14:12:39.681,49.0,50.0,28.000,28.985,283.0,1728.0,1163,5238,
24.4.2026,14:12:39.900,49.0,51.0,28.000,29.046,297.0,1730.0,1163,5238,
24.4.2026,14:12:40.095,49.0,51.0,28.000,29.003,283.0,1728.0,1163,5238,
24.4.2026,14:12:40.307,49.0,50.0,29.000,28.991,1705.0,1730.0,1163,5238,
24.4.2026,14:12:40.502,49.0,50.0,29.000,29.372,285.0,1728.0,1163,5238,
24.4.2026,14:12:40.705,48.0,50.0,28.000,29.102,260.0,1730.0,1163,5238,
24.4.2026,14:12:40.923,49.0,51.0,28.000,29.103,298.0,1730.0,1163,5238,
24.4.2026,14:12:41.102,49.0,50.0,29.000,29.347,295.0,1730.0,1163,5238,
24.4.2026,14:12:41.308,49.0,50.0,29.000,29.067,1757.0,1730.0,1163,5238,
24.4.2026,14:12:41.515,49.0,50.0,29.000,29.420,1757.0,1728.0,1163,5238,
24.4.2026,14:12:41.720,49.0,50.0,29.000,29.344,292.0,1728.0,1163,5238,
24.4.2026,14:12:41.927,49.0,50.0,28.000,29.234,267.0,1730.0,1163,5238,
24.4.2026,14:12:42.131,49.0,51.0,29.000,29.361,1755.0,1728.0,1163,5238,
24.4.2026,14:12:42.336,49.0,50.0,29.000,29.424,290.0,1730.0,1163,5238,
24.4.2026,14:12:42.537,49.0,51.0,29.000,29.434,1757.0,1728.0,1163,5238,
24.4.2026,14:12:42.750,49.0,50.0,29.000,29.383,294.0,1730.0,1163,5238,
24.4.2026,14:12:42.954,49.0,51.0,28.000,29.151,270.0,1730.0,1163,5238,
24.4.2026,14:12:43.159,49.0,51.0,29.000,29.277,267.0,1730.0,1163,5238,
24.4.2026,14:12:43.364,49.0,51.0,28.000,29.231,273.0,1730.0,1163,5238,
24.4.2026,14:12:43.567,49.0,50.0,29.000,29.161,298.0,1730.0,1163,5238,
24.4.2026,14:12:43.776,49.0,50.0,29.000,29.137,1757.0,1730.0,1163,5238,
24.4.2026,14:12:43.982,49.0,51.0,28.000,29.278,250.0,1730.0,1163,5238,
24.4.2026,14:12:44.185,49.0,50.0,28.000,28.913,300.0,1730.0,1163,5238,
24.4.2026,14:12:44.388,49.0,50.0,28.000,29.026,276.0,1730.0,1163,5238,
24.4.2026,14:12:44.592,49.0,50.0,28.000,29.119,261.0,1730.0,1163,5238,
24.4.2026,14:12:44.798,49.0,51.0,29.000,29.236,264.0,1728.0,1163,5238,
24.4.2026,14:12:45.000,49.0,50.0,29.000,29.303,295.0,1730.0,1163,5238,
24.4.2026,14:12:45.203,49.0,51.0,29.000,29.213,1757.0,1730.0,1163,5238,
24.4.2026,14:12:45.408,49.0,50.0,29.000,29.216,1757.0,1730.0,1163,5238,
24.4.2026,14:12:45.601,48.0,50.0,28.000,29.332,276.0,1728.0,1163,5238,
24.4.2026,14:12:45.807,48.0,50.0,29.000,29.241,280.0,1728.0,1163,5238,
24.4.2026,14:12:46.015,49.0,51.0,29.000,29.067,1756.0,1728.0,1163,5238,
24.4.2026,14:12:46.218,48.0,50.0,30.000,29.398,1757.0,1730.0,1163,5238,
24.4.2026,14:12:46.421,49.0,50.0,29.000,29.546,1757.0,1730.0,1163,5238,
24.4.2026,14:12:46.639,49.0,50.0,29.000,29.375,283.0,1728.0,1163,5238,
24.4.2026,14:12:46.873,49.0,51.0,28.000,29.460,266.0,1730.0,1163,5238,
24.4.2026,14:12:47.054,49.0,51.0,29.000,29.324,1755.0,1728.0,1163,5238,
24.4.2026,14:12:47.256,50.0,51.0,29.000,29.325,296.0,1730.0,1163,5238,
24.4.2026,14:12:47.486,49.0,51.0,28.000,29.522,270.0,1730.0,1163,5238,
24.4.2026,14:12:47.670,49.0,51.0,29.000,29.361,1757.0,1728.0,1163,5238,
24.4.2026,14:12:47.874,49.0,51.0,29.000,29.669,1757.0,1730.0,1163,5238,
24.4.2026,14:12:48.077,49.0,50.0,29.000,29.867,1757.0,1730.0,1163,5238,
24.4.2026,14:12:48.282,50.0,51.0,29.000,29.638,1758.0,1728.0,1163,5238,
24.4.2026,14:12:48.486,49.0,51.0,29.000,29.550,1757.0,1728.0,1163,5238,
24.4.2026,14:12:48.676,49.0,51.0,29.000,29.617,1758.0,1728.0,1163,5238,
24.4.2026,14:12:48.884,49.0,51.0,29.000,29.484,1757.0,1728.0,1163,5238,
24.4.2026,14:12:49.089,49.0,51.0,29.000,29.409,1758.0,1730.0,1163,5238,
24.4.2026,14:12:49.296,49.0,51.0,29.000,29.543,292.0,1728.0,1163,5238,
24.4.2026,14:12:49.500,49.0,51.0,29.000,29.517,1752.0,1730.0,1163,5238,
24.4.2026,14:12:49.703,49.0,51.0,29.000,29.246,1755.0,1730.0,1163,5238,
24.4.2026,14:12:49.910,49.0,51.0,29.000,29.345,286.0,1728.0,1163,5238,
24.4.2026,14:12:50.115,50.0,50.0,29.000,29.391,1757.0,1728.0,1163,5238,
24.4.2026,14:12:50.318,49.0,51.0,28.000,29.394,274.0,1728.0,1163,5238,
24.4.2026,14:12:50.520,49.0,51.0,28.000,29.242,1757.0,1730.0,1163,5238,
24.4.2026,14:12:50.738,49.0,51.0,29.000,28.862,1757.0,1728.0,1163,5238,
24.4.2026,14:12:50.929,49.0,51.0,28.000,28.943,254.0,1730.0,1163,5238,
24.4.2026,14:12:51.132,50.0,51.0,28.000,28.784,262.0,1730.0,1163,5238,
24.4.2026,14:12:51.338,49.0,51.0,29.000,28.892,258.0,1728.0,1163,5238,
24.4.2026,14:12:51.542,50.0,51.0,29.000,28.912,1757.0,1730.0,1163,5238,
24.4.2026,14:12:51.746,49.0,51.0,29.000,28.819,1756.0,1730.0,1163,5238,
24.4.2026,14:12:51.948,49.0,51.0,29.000,28.650,1756.0,1728.0,1163,5238,
24.4.2026,14:12:52.157,49.0,51.0,28.000,28.827,278.0,1730.0,1163,5238,
24.4.2026,14:12:52.360,49.0,50.0,29.000,28.891,1756.0,1730.0,1163,5238,
24.4.2026,14:12:52.564,49.0,51.0,29.000,28.870,1757.0,1730.0,1163,5238,
24.4.2026,14:12:52.755,49.0,50.0,28.000,28.884,1757.0,1728.0,1163,5238,
24.4.2026,14:12:52.959,49.0,50.0,29.000,28.560,1757.0,1728.0,1163,5238,
24.4.2026,14:12:53.164,48.0,50.0,28.000,28.725,1757.0,1730.0,1163,5238,
24.4.2026,14:12:53.370,49.0,51.0,28.000,28.779,1757.0,1730.0,1163,5238,
24.4.2026,14:12:53.576,48.0,50.0,29.000,29.008,1757.0,1730.0,1163,5238,
24.4.2026,14:12:53.783,50.0,51.0,28.000,29.149,240.0,1730.0,1163,5238,
24.4.2026,14:12:53.986,48.0,51.0,29.000,29.141,289.0,1730.0,1163,5238,
24.4.2026,14:12:54.193,50.0,51.0,29.000,29.088,1756.0,1728.0,1163,5238,
24.4.2026,14:12:54.399,49.0,51.0,29.000,29.111,1757.0,1728.0,1163,5238,
24.4.2026,14:12:54.602,49.0,51.0,29.000,29.090,1757.0,1730.0,1163,5238,
24.4.2026,14:12:54.809,50.0,51.0,28.000,28.961,300.0,1728.0,1163,5238,
24.4.2026,14:12:55.017,49.0,51.0,29.000,28.919,1741.0,1730.0,1163,5238,
24.4.2026,14:12:55.219,50.0,51.0,29.000,28.993,1752.0,1728.0,1163,5238,
24.4.2026,14:12:55.411,49.0,51.0,28.000,29.068,295.0,1730.0,1163,5238,
24.4.2026,14:12:55.619,50.0,51.0,28.000,29.044,291.0,1730.0,1163,5238,
24.4.2026,14:12:55.824,49.0,51.0,28.000,28.841,287.0,1730.0,1163,5238,
24.4.2026,14:12:56.027,49.0,51.0,28.000,28.942,296.0,1730.0,1163,5238,
24.4.2026,14:12:56.229,49.0,51.0,28.000,29.014,300.0,1728.0,1163,5238,
24.4.2026,14:12:56.430,50.0,51.0,29.000,29.020,1757.0,1730.0,1163,5238,
24.4.2026,14:12:56.635,50.0,51.0,28.000,29.114,1758.0,1730.0,1163,5238,
24.4.2026,14:12:56.838,49.0,51.0,29.000,29.005,1757.0,1730.0,1163,5238,
24.4.2026,14:12:57.039,50.0,51.0,28.000,29.238,240.0,1728.0,1163,5238,
24.4.2026,14:12:57.245,49.0,51.0,29.000,29.179,1738.0,1730.0,1163,5238,
24.4.2026,14:12:57.450,50.0,51.0,29.000,29.006,1755.0,1730.0,1163,5238,
24.4.2026,14:12:57.656,49.0,51.0,29.000,29.092,1755.0,1730.0,1163,5238,
24.4.2026,14:12:57.862,50.0,51.0,29.000,29.286,298.0,1730.0,1163,5238,
24.4.2026,14:12:58.063,49.0,51.0,29.000,29.138,1758.0,1730.0,1163,5238,
24.4.2026,14:12:58.263,49.0,51.0,29.000,29.210,1757.0,1728.0,1163,5238,
24.4.2026,14:12:58.471,49.0,51.0,29.000,29.048,1748.0,1730.0,1163,5238,
24.4.2026,14:12:58.661,50.0,51.0,29.000,29.240,1756.0,1730.0,1163,5238,
24.4.2026,14:12:58.865,49.0,51.0,29.000,29.234,1757.0,1730.0,1163,5238,
24.4.2026,14:12:59.070,50.0,51.0,29.000,28.915,1757.0,1728.0,1163,5238,
24.4.2026,14:12:59.278,49.0,51.0,28.000,29.150,293.0,1728.0,1163,5238,
24.4.2026,14:12:59.480,50.0,51.0,28.000,28.991,1718.0,1728.0,1163,5238,
24.4.2026,14:12:59.684,49.0,51.0,28.000,28.909,1741.0,1730.0,1163,5238,
24.4.2026,14:12:59.891,49.0,51.0,29.000,29.096,1757.0,1730.0,1163,5238,
24.4.2026,14:13:0.102,50.0,51.0,29.000,29.392,1757.0,1730.0,1163,5238,
24.4.2026,14:13:0.302,50.0,51.0,28.000,29.284,1757.0,1730.0,1163,5238,
24.4.2026,14:13:0.508,50.0,51.0,29.000,29.236,1757.0,1730.0,1163,5238,
24.4.2026,14:13:0.714,50.0,51.0,29.000,29.288,1757.0,1730.0,1163,5238,
24.4.2026,14:13:0.924,50.0,51.0,29.000,29.431,1756.0,1730.0,1163,5238,
24.4.2026,14:13:1.129,50.0,51.0,29.000,29.296,1757.0,1730.0,1163,5238,
24.4.2026,14:13:1.331,49.0,51.0,29.000,29.350,1756.0,1730.0,1163,5238,
24.4.2026,14:13:1.539,50.0,51.0,29.000,29.381,1757.0,1728.0,1163,5238,
24.4.2026,14:13:1.740,50.0,51.0,29.000,29.149,1757.0,1728.0,1163,5238,
24.4.2026,14:13:1.949,50.0,51.0,29.000,29.199,1757.0,1730.0,1163,5238,
24.4.2026,14:13:2.152,50.0,52.0,28.000,29.058,295.0,1730.0,1163,5238,
24.4.2026,14:13:2.356,50.0,51.0,29.000,29.183,277.0,1730.0,1163,5238,
24.4.2026,14:13:2.564,50.0,51.0,29.000,29.253,1754.0,1730.0,1163,5238,
24.4.2026,14:13:2.766,49.0,51.0,29.000,29.005,296.0,1730.0,1163,5238,
24.4.2026,14:13:2.969,49.0,51.0,29.000,28.958,1756.0,1730.0,1163,5238,
24.4.2026,14:13:3.171,50.0,51.0,29.000,29.055,297.0,1730.0,1163,5238,
24.4.2026,14:13:3.374,50.0,51.0,29.000,29.484,1757.0,1730.0,1163,5238,
24.4.2026,14:13:3.579,50.0,51.0,29.000,29.683,301.0,1728.0,1163,5238,
24.4.2026,14:13:3.783,50.0,51.0,29.000,29.285,1757.0,1728.0,1163,5238,
24.4.2026,14:13:3.986,49.0,51.0,28.000,29.298,286.0,1730.0,1163,5238,
24.4.2026,14:13:4.190,50.0,51.0,29.000,29.309,1711.0,1730.0,1163,5238,
24.4.2026,14:13:4.380,49.0,51.0,28.000,29.306,240.0,1730.0,1163,5238,
24.4.2026,14:13:4.598,50.0,51.0,29.000,29.035,260.0,1730.0,1163,5238,
24.4.2026,14:13:4.787,50.0,51.0,28.000,29.292,261.0,1730.0,1163,5238,
24.4.2026,14:13:4.994,49.0,51.0,28.000,28.732,248.0,1730.0,1163,5238,
24.4.2026,14:13:5.198,50.0,51.0,28.000,28.898,296.0,1730.0,1163,5238,
24.4.2026,14:13:5.400,50.0,51.0,28.000,28.797,1757.0,1730.0,1163,5238,
24.4.2026,14:13:5.605,50.0,51.0,28.000,28.901,292.0,1730.0,1163,5238,
24.4.2026,14:13:5.806,49.0,51.0,28.000,28.738,278.0,1730.0,1163,5238,
24.4.2026,14:13:6.010,50.0,51.0,28.000,28.796,273.0,1730.0,1163,5238,
24.4.2026,14:13:6.212,50.0,52.0,28.000,28.903,1711.0,1730.0,1163,5238,
24.4.2026,14:13:6.418,50.0,51.0,28.000,28.821,285.0,1728.0,1163,5238,
24.4.2026,14:13:6.618,50.0,51.0,28.000,28.666,1737.0,1728.0,1163,5238,
24.4.2026,14:13:6.819,49.0,51.0,28.000,28.816,278.0,1730.0,1163,5238,
24.4.2026,14:13:7.022,50.0,51.0,28.000,28.820,1757.0,1730.0,1163,5238,
24.4.2026,14:13:7.237,50.0,52.0,28.000,28.779,1757.0,1728.0,1163,5238,
24.4.2026,14:13:7.456,50.0,52.0,28.000,28.711,1757.0,1728.0,1163,5238,
24.4.2026,14:13:7.659,50.0,51.0,28.000,28.752,1757.0,1730.0,1163,5238,
24.4.2026,14:13:7.860,50.0,51.0,29.000,28.752,1757.0,1728.0,1163,5238,
24.4.2026,14:13:8.064,50.0,51.0,29.000,29.048,1757.0,1728.0,1163,5238,
24.4.2026,14:13:8.266,50.0,51.0,28.000,29.111,276.0,1730.0,1163,5238,
24.4.2026,14:13:8.464,50.0,51.0,29.000,28.885,1740.0,1728.0,1163,5238,
24.4.2026,14:13:8.670,50.0,51.0,28.000,28.925,265.0,1730.0,1163,5238,
24.4.2026,14:13:8.874,49.0,51.0,28.000,28.751,284.0,1730.0,1163,5238,
24.4.2026,14:13:9.077,50.0,51.0,29.000,29.003,1752.0,1728.0,1163,5238,
24.4.2026,14:13:9.284,50.0,52.0,28.000,29.240,291.0,1730.0,1163,5238,
24.4.2026,14:13:9.475,50.0,51.0,29.000,29.352,1757.0,1728.0,1163,5238,
24.4.2026,14:13:9.682,50.0,51.0,29.000,29.194,290.0,1730.0,1163,5238,
24.4.2026,14:13:9.889,50.0,51.0,28.000,29.102,268.0,1728.0,1163,5238,
24.4.2026,14:13:10.090,50.0,51.0,28.000,28.926,1717.0,1730.0,1163,5238,
24.4.2026,14:13:10.293,50.0,51.0,28.000,28.946,296.0,1730.0,1163,5238,
24.4.2026,14:13:10.496,50.0,51.0,28.000,28.802,265.0,1730.0,1163,5238,
24.4.2026,14:13:10.703,50.0,51.0,28.000,28.650,256.0,1730.0,1163,5238,
24.4.2026,14:13:10.908,49.0,51.0,27.000,28.707,228.0,1728.0,1163,5238,
24.4.2026,14:13:11.113,50.0,51.0,29.000,28.918,1757.0,1730.0,1163,5238,
24.4.2026,14:13:11.321,50.0,51.0,28.000,29.168,271.0,1730.0,1163,5238,
24.4.2026,14:13:11.526,50.0,52.0,28.000,29.203,269.0,1730.0,1163,5238,
24.4.2026,14:13:11.730,50.0,52.0,28.000,29.068,289.0,1730.0,1163,5238,
24.4.2026,14:13:11.932,50.0,51.0,29.000,29.059,269.0,1730.0,1163,5238,
24.4.2026,14:13:12.138,50.0,52.0,29.000,29.155,268.0,1730.0,1163,5238,
24.4.2026,14:13:12.341,50.0,52.0,30.000,29.264,1757.0,1728.0,1163,5238,
24.4.2026,14:13:12.543,50.0,52.0,30.000,30.095,1756.0,1728.0,1163,5238,
24.4.2026,14:13:12.747,50.0,51.0,29.000,30.218,1757.0,1728.0,1163,5238,
24.4.2026,14:13:12.950,50.0,52.0,30.000,29.910,1757.0,1730.0,1163,5238,
24.4.2026,14:13:13.155,50.0,51.0,27.000,29.835,199.0,1728.0,1163,5238,
24.4.2026,14:13:13.359,50.0,51.0,30.000,29.462,1757.0,1730.0,1163,5238,
24.4.2026,14:13:13.562,50.0,52.0,29.000,30.086,1758.0,1730.0,1163,5238,
24.4.2026,14:13:13.767,50.0,51.0,29.000,29.932,1757.0,1730.0,1163,5238,
24.4.2026,14:13:13.971,50.0,51.0,29.000,29.909,266.0,1730.0,1163,5238,
24.4.2026,14:13:14.171,50.0,51.0,29.000,29.596,287.0,1730.0,1163,5238,
24.4.2026,14:13:14.376,50.0,52.0,29.000,29.292,1756.0,1728.0,1163,5238,
24.4.2026,14:13:14.577,49.0,52.0,29.000,29.241,278.0,1730.0,1163,5238,
24.4.2026,14:13:14.782,50.0,52.0,28.000,29.015,276.0,1730.0,1163,5238,
24.4.2026,14:13:14.988,50.0,51.0,29.000,29.096,1757.0,1730.0,1163,5238,
24.4.2026,14:13:15.190,50.0,51.0,29.000,29.139,281.0,1730.0,1163,5238,
24.4.2026,14:13:15.396,50.0,51.0,29.000,29.477,1757.0,1730.0,1163,5238,
24.4.2026,14:13:15.603,50.0,51.0,29.000,29.294,303.0,1728.0,1163,5238,
24.4.2026,14:13:15.809,50.0,52.0,29.000,29.216,1757.0,1730.0,1163,5238,
24.4.2026,14:13:16.010,50.0,52.0,28.000,29.189,291.0,1730.0,1163,5238,
24.4.2026,14:13:16.214,50.0,51.0,29.000,29.218,303.0,1730.0,1163,5238,
24.4.2026,14:13:16.418,50.0,52.0,29.000,29.148,1752.0,1728.0,1163,5238,
24.4.2026,14:13:16.621,50.0,52.0,29.000,29.346,1757.0,1728.0,1163,5238,
24.4.2026,14:13:16.826,49.0,51.0,29.000,29.188,1756.0,1728.0,1163,5238,
24.4.2026,14:13:17.032,50.0,51.0,29.000,29.234,1757.0,1730.0,1163,5238,
24.4.2026,14:13:17.235,49.0,51.0,28.000,29.071,306.0,1728.0,1163,5238,
24.4.2026,14:13:17.439,49.0,51.0,28.000,29.199,263.0,1730.0,1163,5238,
24.4.2026,14:13:17.630,50.0,52.0,28.000,29.238,272.0,1728.0,1163,5238,
24.4.2026,14:13:17.835,50.0,51.0,29.000,29.260,258.0,1730.0,1163,5238,
24.4.2026,14:13:18.038,50.0,51.0,29.000,29.281,1755.0,1728.0,1163,5238,
24.4.2026,14:13:18.241,50.0,51.0,29.000,29.326,1757.0,1730.0,1163,5238,
24.4.2026,14:13:18.443,50.0,52.0,29.000,29.161,1757.0,1730.0,1163,5238,
24.4.2026,14:13:18.649,50.0,51.0,28.000,29.372,293.0,1730.0,1163,5238,
24.4.2026,14:13:18.854,50.0,51.0,29.000,28.881,306.0,1730.0,1163,5238,
24.4.2026,14:13:19.055,50.0,51.0,29.000,29.134,1758.0,1728.0,1163,5238,
24.4.2026,14:13:19.256,50.0,52.0,29.000,29.227,1746.0,1730.0,1163,5238,
24.4.2026,14:13:19.459,50.0,52.0,29.000,29.094,1756.0,1728.0,1163,5238,
24.4.2026,14:13:19.676,50.0,52.0,29.000,29.159,1756.0,1730.0,1163,5238,
24.4.2026,14:13:19.869,49.0,51.0,28.000,29.246,1757.0,1730.0,1163,5238,
24.4.2026,14:13:20.068,50.0,52.0,29.000,28.928,1757.0,1730.0,1163,5238,
24.4.2026,14:13:20.272,50.0,51.0,28.000,29.227,296.0,1730.0,1163,5238,
24.4.2026,14:13:20.475,50.0,51.0,28.000,28.879,1757.0,1730.0,1163,5238,
24.4.2026,14:13:20.681,50.0,51.0,29.000,29.288,1757.0,1730.0,1163,5238,
24.4.2026,14:13:20.886,49.0,51.0,29.000,29.316,1758.0,1730.0,1163,5238,
24.4.2026,14:13:21.086,50.0,51.0,29.000,29.649,298.0,1730.0,1163,5238,
24.4.2026,14:13:21.295,50.0,51.0,29.000,29.656,260.0,1730.0,1163,5238,
24.4.2026,14:13:21.496,50.0,52.0,29.000,29.467,303.0,1730.0,1163,5238,
24.4.2026,14:13:21.698,50.0,52.0,29.000,29.494,255.0,1730.0,1163,5238,
24.4.2026,14:13:21.900,50.0,52.0,29.000,29.263,1751.0,1728.0,1163,5238,
24.4.2026,14:13:22.103,50.0,51.0,29.000,29.383,290.0,1730.0,1163,5238,
24.4.2026,14:13:22.305,50.0,52.0,29.000,29.302,1756.0,1730.0,1163,5238,
24.4.2026,14:13:22.507,50.0,51.0,28.000,29.124,288.0,1730.0,1163,5238,
24.4.2026,14:13:22.713,50.0,51.0,28.000,29.042,309.0,1730.0,1163,5238,
24.4.2026,14:13:22.916,50.0,52.0,29.000,28.931,1757.0,1730.0,1163,5238,
24.4.2026,14:13:23.122,50.0,52.0,29.000,28.973,1757.0,1728.0,1163,5238,
24.4.2026,14:13:23.325,50.0,51.0,29.000,29.042,1757.0,1730.0,1163,5238,
24.4.2026,14:13:23.525,50.0,51.0,28.000,29.053,286.0,1728.0,1163,5238,
24.4.2026,14:13:23.730,50.0,51.0,28.000,29.029,261.0,1730.0,1163,5238,
24.4.2026,14:13:23.932,50.0,52.0,29.000,29.086,293.0,1728.0,1163,5238,
24.4.2026,14:13:24.137,50.0,52.0,30.000,29.280,1750.0,1730.0,1163,5238,
24.4.2026,14:13:24.340,50.0,52.0,29.000,29.425,1756.0,1730.0,1163,5238,
24.4.2026,14:13:24.541,50.0,51.0,29.000,29.082,275.0,1728.0,1163,5238,
24.4.2026,14:13:24.741,50.0,52.0,29.000,29.315,1757.0,1730.0,1163,5238,
24.4.2026,14:13:24.948,50.0,52.0,29.000,29.251,1757.0,1730.0,1163,5238,
24.4.2026,14:13:25.150,51.0,52.0,29.000,29.563,1757.0,1730.0,1163,5238,
24.4.2026,14:13:25.353,50.0,51.0,29.000,29.587,1757.0,1730.0,1163,5238,
24.4.2026,14:13:25.559,50.0,52.0,29.000,29.616,1757.0,1730.0,1163,5238,
24.4.2026,14:13:25.764,50.0,51.0,29.000,29.747,1757.0,1730.0,1163,5238,
24.4.2026,14:13:25.970,50.0,52.0,29.000,29.751,1757.0,1730.0,1163,5238,
24.4.2026,14:13:26.171,50.0,51.0,29.000,29.653,1757.0,1730.0,1163,5238,
24.4.2026,14:13:26.372,50.0,52.0,30.000,29.982,1756.0,1730.0,1163,5238,
24.4.2026,14:13:26.578,50.0,51.0,29.000,29.748,297.0,1730.0,1163,5238,
24.4.2026,14:13:26.782,50.0,52.0,29.000,29.635,1756.0,1730.0,1163,5238,
24.4.2026,14:13:26.991,51.0,52.0,29.000,29.619,1756.0,1728.0,1163,5238,
24.4.2026,14:13:27.194,50.0,52.0,29.000,29.544,301.0,1730.0,1163,5238,
24.4.2026,14:13:27.398,50.0,52.0,29.000,29.563,1757.0,1730.0,1163,5238,
24.4.2026,14:13:27.601,50.0,52.0,29.000,29.425,298.0,1730.0,1163,5238,
24.4.2026,14:13:27.805,50.0,52.0,29.000,29.278,304.0,1730.0,1163,5238,
24.4.2026,14:13:28.007,50.0,51.0,29.000,29.352,303.0,1730.0,1163,5238,
24.4.2026,14:13:28.212,50.0,52.0,30.000,29.687,1757.0,1728.0,1163,5238,
24.4.2026,14:13:28.417,50.0,52.0,29.000,29.667,301.0,1730.0,1163,5238,
24.4.2026,14:13:28.615,50.0,52.0,29.000,29.658,1723.0,1730.0,1163,5238,
24.4.2026,14:13:28.820,50.0,52.0,29.000,29.709,266.0,1730.0,1163,5238,
24.4.2026,14:13:29.023,50.0,52.0,29.000,29.500,1755.0,1730.0,1163,5238,
24.4.2026,14:13:29.228,50.0,52.0,29.000,29.528,1757.0,1730.0,1163,5238,
24.4.2026,14:13:29.440,50.0,52.0,29.000,29.682,1757.0,1730.0,1163,5238,
24.4.2026,14:13:29.660,50.0,52.0,29.000,29.474,292.0,1728.0,1163,5238,
24.4.2026,14:13:29.851,50.0,52.0,29.000,29.536,285.0,1728.0,1163,5238,
24.4.2026,14:13:30.059,50.0,52.0,29.000,29.649,1753.0,1730.0,1163,5238,
24.4.2026,14:13:30.264,50.0,52.0,29.000,29.639,1756.0,1728.0,1163,5238,
24.4.2026,14:13:30.469,50.0,51.0,29.000,29.680,311.0,1728.0,1163,5238,
24.4.2026,14:13:30.669,50.0,52.0,29.000,29.523,1756.0,1730.0,1163,5238,
24.4.2026,14:13:30.873,50.0,52.0,29.000,29.778,293.0,1728.0,1163,5238,
24.4.2026,14:13:31.074,50.0,52.0,29.000,29.700,1701.0,1728.0,1163,5238,
24.4.2026,14:13:31.280,50.0,51.0,29.000,29.950,292.0,1730.0,1163,5238,
24.4.2026,14:13:31.485,50.0,52.0,29.000,29.768,1754.0,1728.0,1163,5238,
24.4.2026,14:13:31.689,50.0,52.0,29.000,29.683,1756.0,1730.0,1163,5238,
24.4.2026,14:13:31.882,50.0,51.0,29.000,29.506,1757.0,1730.0,1163,5238,
24.4.2026,14:13:32.097,50.0,52.0,29.000,29.541,299.0,1730.0,1163,5238,
24.4.2026,14:13:32.290,50.0,52.0,29.000,29.597,286.0,1730.0,1163,5238,
24.4.2026,14:13:32.499,50.0,51.0,29.000,29.576,1747.0,1728.0,1163,5238,
24.4.2026,14:13:32.698,50.0,52.0,29.000,29.263,1754.0,1728.0,1163,5238,
24.4.2026,14:13:32.905,50.0,52.0,29.000,29.345,298.0,1728.0,1163,5238,
24.4.2026,14:13:33.114,50.0,52.0,29.000,29.357,311.0,1730.0,1163,5238,
24.4.2026,14:13:33.313,50.0,51.0,29.000,29.109,304.0,1730.0,1163,5238,
24.4.2026,14:13:33.515,50.0,52.0,29.000,29.223,1757.0,1730.0,1163,5238,
24.4.2026,14:13:33.722,51.0,52.0,28.000,29.330,274.0,1730.0,1163,5238,
24.4.2026,14:13:33.914,50.0,52.0,29.000,29.285,283.0,1730.0,1163,5238,
24.4.2026,14:13:34.119,50.0,52.0,28.000,29.136,248.0,1730.0,1163,5238,
24.4.2026,14:13:34.323,50.0,52.0,29.000,29.155,1757.0,1728.0,1163,5238,
24.4.2026,14:13:34.531,50.0,52.0,28.000,29.285,310.0,1730.0,1163,5238,
24.4.2026,14:13:34.733,50.0,52.0,29.000,29.059,309.0,1728.0,1163,5238,
24.4.2026,14:13:34.940,50.0,52.0,28.000,29.035,302.0,1728.0,1163,5238,
24.4.2026,14:13:35.140,50.0,52.0,29.000,28.871,1757.0,1730.0,1163,5238,
24.4.2026,14:13:35.348,50.0,52.0,29.000,28.962,1757.0,1728.0,1163,5238,
24.4.2026,14:13:35.552,50.0,52.0,29.000,29.027,1758.0,1730.0,1163,5238,
24.4.2026,14:13:35.762,50.0,52.0,28.000,29.265,247.0,1728.0,1163,5238,
24.4.2026,14:13:35.965,50.0,52.0,28.000,29.235,270.0,1730.0,1163,5238,
24.4.2026,14:13:36.171,51.0,52.0,28.000,29.260,278.0,1728.0,1163,5238,
24.4.2026,14:13:36.377,50.0,52.0,28.000,29.312,267.0,1728.0,1163,5238,
24.4.2026,14:13:36.569,50.0,52.0,28.000,29.312,267.0,1728.0,1163,5238,
24.4.2026,14:13:36.772,51.0,52.0,29.000,29.122,1756.0,1730.0,1163,5238,
24.4.2026,14:13:36.977,50.0,52.0,28.000,29.351,278.0,1730.0,1163,5238,
24.4.2026,14:13:37.204,50.0,52.0,29.000,29.497,1757.0,1730.0,1163,5238,
24.4.2026,14:13:37.383,50.0,52.0,29.000,29.497,1757.0,1730.0,1163,5238,
24.4.2026,14:13:37.589,50.0,52.0,29.000,29.766,1757.0,1730.0,1163,5238,
24.4.2026,14:13:37.789,50.0,52.0,29.000,29.629,1757.0,1730.0,1163,5238,
24.4.2026,14:13:37.996,50.0,52.0,29.000,29.464,1757.0,1730.0,1163,5238,
24.4.2026,14:13:38.199,50.0,52.0,29.000,29.750,1756.0,1728.0,1163,5238,
24.4.2026,14:13:38.402,50.0,52.0,29.000,29.506,1757.0,1730.0,1163,5238,
24.4.2026,14:13:38.608,51.0,52.0,29.000,29.666,1757.0,1730.0,1163,5238,
24.4.2026,14:13:38.812,51.0,52.0,29.000,29.786,1757.0,1728.0,1163,5238,
24.4.2026,14:13:39.019,50.0,52.0,29.000,29.301,288.0,1730.0,1163,5238,
24.4.2026,14:13:39.222,50.0,52.0,29.000,29.062,1756.0,1730.0,1163,5238,
24.4.2026,14:13:39.412,49.0,52.0,29.000,29.325,1756.0,1730.0,1163,5238,
24.4.2026,14:13:39.618,51.0,52.0,29.000,29.506,302.0,1728.0,1163,5238,
24.4.2026,14:13:39.823,50.0,52.0,28.000,29.205,287.0,1730.0,1163,5238,
24.4.2026,14:13:40.029,50.0,52.0,28.000,28.994,288.0,1728.0,1163,5238,
24.4.2026,14:13:40.232,50.0,51.0,28.000,28.679,249.0,1730.0,1163,5238,
24.4.2026,14:13:40.436,50.0,52.0,29.000,29.072,298.0,1728.0,1163,5238,
24.4.2026,14:13:40.641,50.0,52.0,28.000,29.164,272.0,1730.0,1163,5238,
24.4.2026,14:13:40.845,50.0,52.0,29.000,28.932,1757.0,1730.0,1163,5238,
24.4.2026,14:13:41.048,50.0,52.0,28.000,29.321,257.0,1728.0,1163,5238,
24.4.2026,14:13:41.251,50.0,51.0,28.000,29.224,1694.0,1728.0,1163,5238,
24.4.2026,14:13:41.455,50.0,52.0,29.000,29.439,262.0,1730.0,1163,5238,
24.4.2026,14:13:41.665,50.0,52.0,28.000,29.176,245.0,1730.0,1163,5238,
24.4.2026,14:13:41.849,50.0,52.0,28.000,29.178,197.0,1728.0,1163,5238,
24.4.2026,14:13:42.052,50.0,52.0,29.000,29.491,247.0,1728.0,1163,5238,
24.4.2026,14:13:42.259,50.0,52.0,29.000,29.423,1758.0,1730.0,1163,5238,
24.4.2026,14:13:42.463,50.0,52.0,29.000,29.162,1755.0,1730.0,1163,5238,
24.4.2026,14:13:42.671,50.0,52.0,29.000,29.502,1756.0,1730.0,1163,5238,
24.4.2026,14:13:42.875,51.0,52.0,29.000,29.572,1756.0,1728.0,1163,5238,
24.4.2026,14:13:43.078,50.0,52.0,29.000,29.144,1757.0,1728.0,1163,5238,
24.4.2026,14:13:43.285,50.0,52.0,29.000,29.552,1756.0,1730.0,1163,5238,
24.4.2026,14:13:43.488,50.0,52.0,29.000,29.537,277.0,1730.0,1163,5238,
24.4.2026,14:13:43.684,51.0,52.0,30.000,29.605,1743.0,1728.0,1163,5238,
24.4.2026,14:13:43.886,50.0,52.0,29.000,29.320,261.0,1730.0,1163,5238,
24.4.2026,14:13:44.088,50.0,52.0,29.000,29.304,1753.0,1730.0,1163,5238,
24.4.2026,14:13:44.290,50.0,52.0,29.000,29.479,1756.0,1730.0,1163,5238,
24.4.2026,14:13:44.493,50.0,52.0,29.000,29.597,1757.0,1728.0,1163,5238,
24.4.2026,14:13:44.701,50.0,52.0,29.000,29.367,301.0,1730.0,1163,5238,
24.4.2026,14:13:44.900,50.0,52.0,29.000,29.453,1714.0,1730.0,1163,5238,
24.4.2026,14:13:45.105,51.0,52.0,29.000,29.604,283.0,1730.0,1163,5238,
24.4.2026,14:13:45.309,50.0,52.0,29.000,29.550,1753.0,1730.0,1163,5238,
24.4.2026,14:13:45.512,51.0,52.0,29.000,29.390,1753.0,1730.0,1163,5238,
24.4.2026,14:13:45.717,51.0,52.0,29.000,29.644,1756.0,1730.0,1163,5238,
24.4.2026,14:13:45.925,50.0,52.0,29.000,29.423,296.0,1730.0,1163,5238,
24.4.2026,14:13:46.115,50.0,52.0,29.000,29.253,300.0,1730.0,1163,5238,
24.4.2026,14:13:46.321,51.0,52.0,29.000,29.179,1757.0,1730.0,1163,5238,
24.4.2026,14:13:46.524,51.0,52.0,29.000,29.614,267.0,1728.0,1163,5238,
24.4.2026,14:13:46.728,50.0,52.0,29.000,29.464,299.0,1730.0,1163,5238,
24.4.2026,14:13:46.933,50.0,52.0,29.000,29.782,1754.0,1730.0,1163,5238,
24.4.2026,14:13:47.140,51.0,52.0,29.000,29.712,1756.0,1730.0,1163,5238,
24.4.2026,14:13:47.345,51.0,52.0,29.000,29.698,1757.0,1728.0,1163,5238,
24.4.2026,14:13:47.549,50.0,52.0,29.000,29.702,1757.0,1730.0,1163,5238,
24.4.2026,14:13:47.741,50.0,52.0,29.000,29.567,286.0,1730.0,1163,5238,
24.4.2026,14:13:47.947,51.0,52.0,29.000,29.386,278.0,1728.0,1163,5238,
24.4.2026,14:13:48.153,51.0,52.0,29.000,29.594,1750.0,1730.0,1163,5238,
24.4.2026,14:13:48.359,50.0,52.0,29.000,29.502,1754.0,1730.0,1163,5238,
24.4.2026,14:13:48.563,51.0,52.0,29.000,29.670,1757.0,1730.0,1163,5238,
24.4.2026,14:13:48.758,50.0,52.0,29.000,29.860,1757.0,1728.0,1163,5238,
24.4.2026,14:13:48.964,51.0,52.0,28.000,29.695,268.0,1730.0,1163,5238,
24.4.2026,14:13:49.170,50.0,52.0,29.000,29.609,296.0,1730.0,1163,5238,
24.4.2026,14:13:49.375,50.0,52.0,29.000,29.528,1756.0,1730.0,1163,5238,
24.4.2026,14:13:49.581,51.0,52.0,29.000,29.792,1757.0,1730.0,1163,5238,
24.4.2026,14:13:49.770,50.0,53.0,29.000,29.898,1757.0,1728.0,1163,5238,
24.4.2026,14:13:49.987,50.0,52.0,29.000,30.039,1757.0,1730.0,1163,5238,
24.4.2026,14:13:50.193,51.0,52.0,29.000,30.024,1757.0,1730.0,1163,5238,
24.4.2026,14:13:50.398,51.0,52.0,30.000,30.043,1757.0,1730.0,1163,5238,
24.4.2026,14:13:50.605,51.0,52.0,29.000,30.062,1757.0,1730.0,1163,5238,
24.4.2026,14:13:50.805,50.0,52.0,29.000,30.018,1756.0,1728.0,1163,5238,
24.4.2026,14:13:51.014,50.0,52.0,29.000,29.624,1758.0,1730.0,1163,5238,
24.4.2026,14:13:51.215,51.0,53.0,29.000,29.507,298.0,1730.0,1163,5238,
24.4.2026,14:13:51.418,51.0,52.0,29.000,29.525,1756.0,1730.0,1163,5238,
24.4.2026,14:13:51.620,51.0,52.0,29.000,29.577,303.0,1730.0,1163,5238,
24.4.2026,14:13:51.823,51.0,52.0,29.000,29.697,265.0,1730.0,1163,5238,
24.4.2026,14:13:52.033,51.0,52.0,29.000,29.746,289.0,1730.0,1163,5238,
24.4.2026,14:13:52.234,51.0,52.0,29.000,29.770,1757.0,1730.0,1163,5238,
24.4.2026,14:13:52.440,51.0,52.0,29.000,29.836,298.0,1730.0,1163,5238,
24.4.2026,14:13:52.647,51.0,53.0,29.000,29.805,1754.0,1730.0,1163,5238,
24.4.2026,14:13:52.848,51.0,52.0,29.000,29.500,288.0,1730.0,1163,5238,
24.4.2026,14:13:53.067,50.0,52.0,30.000,29.733,1755.0,1728.0,1163,5238,
24.4.2026,14:13:53.277,51.0,52.0,29.000,29.727,302.0,1728.0,1163,5238,
24.4.2026,14:13:53.481,51.0,52.0,29.000,29.527,278.0,1728.0,1163,5238,
24.4.2026,14:13:53.686,51.0,52.0,29.000,29.504,1756.0,1730.0,1163,5238,
24.4.2026,14:13:53.890,51.0,53.0,29.000,29.191,265.0,1730.0,1163,5238,
24.4.2026,14:13:54.098,51.0,52.0,29.000,29.500,1757.0,1730.0,1163,5238,
24.4.2026,14:13:54.301,51.0,52.0,29.000,29.533,287.0,1728.0,1163,5238,
24.4.2026,14:13:54.521,51.0,52.0,29.000,29.446,303.0,1730.0,1163,5238,
24.4.2026,14:13:54.725,51.0,52.0,29.000,29.434,1729.0,1728.0,1163,5238,
24.4.2026,14:13:54.927,51.0,53.0,29.000,29.410,300.0,1730.0,1163,5238,
24.4.2026,14:13:55.131,51.0,52.0,29.000,29.532,1755.0,1730.0,1163,5238,
24.4.2026,14:13:55.341,51.0,52.0,29.000,29.570,298.0,1730.0,1163,5238,
24.4.2026,14:13:55.542,51.0,53.0,29.000,29.659,281.0,1730.0,1163,5238,
24.4.2026,14:13:55.746,51.0,52.0,29.000,29.746,273.0,1730.0,1163,5238,
24.4.2026,14:13:55.953,51.0,52.0,29.000,29.738,269.0,1730.0,1163,5238,
24.4.2026,14:13:56.158,50.0,52.0,28.000,29.601,268.0,1730.0,1163,5238,
24.4.2026,14:13:56.350,51.0,52.0,28.000,29.325,267.0,1730.0,1163,5238,
24.4.2026,14:13:56.553,51.0,53.0,29.000,29.617,1735.0,1728.0,1163,5238,
24.4.2026,14:13:56.757,50.0,52.0,30.000,29.911,1753.0,1730.0,1163,5238,
24.4.2026,14:13:56.959,51.0,52.0,29.000,29.629,289.0,1730.0,1163,5238,
24.4.2026,14:13:57.167,51.0,52.0,29.000,29.712,1756.0,1730.0,1163,5238,
24.4.2026,14:13:57.374,51.0,52.0,29.000,29.811,282.0,1730.0,1163,5238,
24.4.2026,14:13:57.578,51.0,52.0,29.000,29.555,1757.0,1730.0,1163,5238,
24.4.2026,14:13:57.779,51.0,52.0,29.000,29.452,268.0,1730.0,1163,5238,
24.4.2026,14:13:57.986,50.0,52.0,29.000,29.512,1757.0,1730.0,1163,5238,
24.4.2026,14:13:58.189,51.0,52.0,30.000,29.797,1757.0,1728.0,1163,5238,
24.4.2026,14:13:58.378,51.0,52.0,29.000,29.869,286.0,1730.0,1163,5238,
24.4.2026,14:13:58.584,51.0,53.0,29.000,29.681,1753.0,1730.0,1163,5238,
24.4.2026,14:13:58.790,51.0,52.0,29.000,29.377,1755.0,1730.0,1163,5238,
24.4.2026,14:13:58.992,51.0,52.0,29.000,29.487,1757.0,1730.0,1163,5238,
24.4.2026,14:13:59.196,50.0,52.0,29.000,29.558,1757.0,1730.0,1163,5238,
24.4.2026,14:13:59.403,51.0,52.0,29.000,29.755,294.0,1730.0,1163,5238,
24.4.2026,14:13:59.605,51.0,53.0,29.000,29.492,285.0,1730.0,1163,5238,
24.4.2026,14:13:59.813,51.0,52.0,29.000,29.370,1744.0,1730.0,1163,5238,
24.4.2026,14:14:0.016,51.0,52.0,29.000,29.592,1757.0,1730.0,1163,5238,
24.4.2026,14:14:0.222,51.0,53.0,29.000,29.290,1757.0,1730.0,1163,5238,
24.4.2026,14:14:0.427,50.0,52.0,29.000,29.230,311.0,1730.0,1163,5238,
24.4.2026,14:14:0.630,51.0,52.0,29.000,29.300,299.0,1728.0,1163,5238,
24.4.2026,14:14:0.845,50.0,52.0,29.000,29.509,1704.0,1730.0,1163,5238,
24.4.2026,14:14:1.042,51.0,53.0,29.000,29.613,278.0,1730.0,1163,5238,
24.4.2026,14:14:1.243,50.0,52.0,29.000,29.471,1753.0,1730.0,1163,5238,
24.4.2026,14:14:1.447,50.0,52.0,29.000,29.243,1756.0,1728.0,1163,5238,
24.4.2026,14:14:1.653,51.0,52.0,29.000,29.311,1757.0,1730.0,1163,5238,
24.4.2026,14:14:1.861,50.0,52.0,29.000,29.393,1757.0,1730.0,1163,5238,
24.4.2026,14:14:2.062,50.0,52.0,29.000,29.627,1756.0,1730.0,1163,5238,
24.4.2026,14:14:2.253,51.0,53.0,30.000,29.873,1757.0,1728.0,1163,5238,
24.4.2026,14:14:2.470,51.0,52.0,30.000,30.159,1757.0,1728.0,1163,5238,
24.4.2026,14:14:2.677,51.0,52.0,29.000,30.128,1756.0,1730.0,1163,5238,
24.4.2026,14:14:2.884,50.0,53.0,29.000,29.918,1757.0,1730.0,1163,5238,
24.4.2026,14:14:3.088,51.0,52.0,29.000,29.983,1757.0,1730.0,1163,5238,
24.4.2026,14:14:3.294,51.0,52.0,29.000,29.987,1757.0,1730.0,1163,5238,
24.4.2026,14:14:3.499,51.0,53.0,29.000,29.764,1757.0,1730.0,1163,5238,
24.4.2026,14:14:3.702,50.0,52.0,29.000,29.556,291.0,1730.0,1163,5238,
24.4.2026,14:14:3.908,51.0,53.0,29.000,29.519,1750.0,1730.0,1163,5238,
24.4.2026,14:14:4.101,50.0,52.0,29.000,29.421,305.0,1730.0,1163,5238,
24.4.2026,14:14:4.307,51.0,52.0,29.000,29.476,1757.0,1730.0,1163,5238,
24.4.2026,14:14:4.511,51.0,52.0,29.000,29.380,1757.0,1730.0,1163,5238,
24.4.2026,14:14:4.717,51.0,52.0,28.000,29.353,277.0,1728.0,1163,5238,
24.4.2026,14:14:4.923,51.0,52.0,28.000,29.251,250.0,1730.0,1163,5238,
24.4.2026,14:14:5.128,50.0,52.0,29.000,29.311,1754.0,1728.0,1163,5238,
24.4.2026,14:14:5.317,51.0,53.0,29.000,29.382,1757.0,1730.0,1163,5238,
24.4.2026,14:14:5.531,50.0,52.0,29.000,29.581,312.0,1730.0,1163,5238,
24.4.2026,14:14:5.740,50.0,52.0,29.000,29.383,268.0,1730.0,1163,5238,
24.4.2026,14:14:5.940,50.0,52.0,29.000,29.413,269.0,1730.0,1163,5238,
24.4.2026,14:14:6.131,51.0,53.0,28.000,29.244,280.0,1730.0,1163,5238,
24.4.2026,14:14:6.335,51.0,53.0,28.000,29.134,290.0,1730.0,1163,5238,
24.4.2026,14:14:6.548,51.0,52.0,29.000,29.485,1726.0,1730.0,1163,5238,
24.4.2026,14:14:6.742,51.0,52.0,29.000,29.450,1752.0,1730.0,1163,5238,
24.4.2026,14:14:6.946,51.0,53.0,28.000,29.048,283.0,1730.0,1163,5238,
24.4.2026,14:14:7.149,51.0,52.0,28.000,28.927,281.0,1728.0,1163,5238,
24.4.2026,14:14:7.353,50.0,53.0,29.000,29.193,1756.0,1728.0,1163,5238,
24.4.2026,14:14:7.560,50.0,53.0,29.000,28.932,1757.0,1728.0,1163,5238,
24.4.2026,14:14:7.764,50.0,53.0,28.000,29.042,276.0,1728.0,1163,5238,
24.4.2026,14:14:7.969,51.0,52.0,29.000,29.066,289.0,1730.0,1163,5238,
24.4.2026,14:14:8.172,51.0,53.0,29.000,29.385,1757.0,1730.0,1163,5238,
24.4.2026,14:14:8.376,50.0,52.0,29.000,29.244,1757.0,1730.0,1163,5238,
24.4.2026,14:14:8.576,51.0,52.0,28.000,28.829,245.0,1730.0,1163,5238,
24.4.2026,14:14:8.780,51.0,52.0,29.000,29.079,1756.0,1730.0,1163,5238,
24.4.2026,14:14:8.983,51.0,52.0,29.000,29.336,1757.0,1728.0,1163,5238,
24.4.2026,14:14:9.191,51.0,52.0,29.000,29.065,298.0,1730.0,1163,5238,
24.4.2026,14:14:9.392,51.0,52.0,28.000,28.326,224.0,1730.0,1163,5238,
24.4.2026,14:14:9.597,50.0,52.0,28.000,28.764,222.0,1730.0,1163,5238,
24.4.2026,14:14:9.799,51.0,53.0,29.000,28.909,286.0,1730.0,1163,5238,
24.4.2026,14:14:10.001,51.0,52.0,29.000,29.466,1757.0,1730.0,1163,5238,
24.4.2026,14:14:10.205,51.0,53.0,30.000,28.908,1755.0,1728.0,1163,5238,
24.4.2026,14:14:10.411,51.0,53.0,29.000,29.271,281.0,1730.0,1163,5238,
24.4.2026,14:14:10.600,50.0,52.0,29.000,29.393,1757.0,1730.0,1163,5238,
24.4.2026,14:14:10.804,51.0,53.0,29.000,29.249,1757.0,1728.0,1163,5238,
24.4.2026,14:14:11.010,51.0,53.0,30.000,29.467,1757.0,1730.0,1163,5238,
24.4.2026,14:14:11.217,50.0,52.0,28.000,29.626,296.0,1730.0,1163,5238,
24.4.2026,14:14:11.423,51.0,53.0,29.000,29.212,306.0,1730.0,1163,5238,
24.4.2026,14:14:11.625,51.0,53.0,28.000,29.158,295.0,1728.0,1163,5238,
24.4.2026,14:14:11.831,51.0,53.0,29.000,29.028,287.0,1730.0,1163,5238,
24.4.2026,14:14:12.019,51.0,53.0,29.000,29.257,1755.0,1730.0,1163,5238,
24.4.2026,14:14:12.236,51.0,53.0,29.000,29.537,1756.0,1728.0,1163,5238,
24.4.2026,14:14:12.441,51.0,53.0,29.000,29.455,1756.0,1730.0,1163,5238,
24.4.2026,14:14:12.639,51.0,53.0,29.000,29.358,1757.0,1730.0,1163,5238,
24.4.2026,14:14:12.837,51.0,53.0,29.000,29.231,1757.0,1730.0,1163,5238,
24.4.2026,14:14:13.042,50.0,53.0,29.000,29.296,1713.0,1730.0,1163,5238,
24.4.2026,14:14:13.259,51.0,53.0,29.000,29.232,1743.0,1728.0,1163,5238,
24.4.2026,14:14:13.452,51.0,53.0,28.000,29.064,259.0,1730.0,1163,5238,
24.4.2026,14:14:13.652,51.0,53.0,28.000,29.064,259.0,1730.0,1163,5238,
24.4.2026,14:14:13.856,51.0,53.0,29.000,29.240,300.0,1730.0,1163,5238,
24.4.2026,14:14:14.058,50.0,52.0,29.000,29.291,1757.0,1730.0,1163,5238,
24.4.2026,14:14:14.262,51.0,52.0,29.000,29.147,301.0,1730.0,1163,5238,
24.4.2026,14:14:14.468,51.0,53.0,29.000,29.366,1756.0,1730.0,1163,5238,
24.4.2026,14:14:14.668,51.0,53.0,29.000,29.468,1758.0,1730.0,1163,5238,
24.4.2026,14:14:14.874,51.0,53.0,29.000,29.715,1757.0,1730.0,1163,5238,
24.4.2026,14:14:15.077,51.0,53.0,29.000,29.713,1756.0,1730.0,1163,5238,
24.4.2026,14:14:15.284,52.0,53.0,29.000,29.665,1757.0,1730.0,1163,5238,
24.4.2026,14:14:15.474,51.0,53.0,29.000,29.760,1757.0,1730.0,1163,5238,
24.4.2026,14:14:15.693,51.0,53.0,29.000,29.694,1758.0,1730.0,1163,5238,
24.4.2026,14:14:15.908,51.0,53.0,29.000,29.754,1756.0,1728.0,1163,5238,
24.4.2026,14:14:16.113,51.0,52.0,29.000,29.808,1757.0,1728.0,1163,5238,
24.4.2026,14:14:16.322,51.0,53.0,29.000,29.573,1755.0,1728.0,1163,5238,
24.4.2026,14:14:16.530,51.0,53.0,29.000,29.639,1757.0,1730.0,1163,5238,
24.4.2026,14:14:16.730,50.0,53.0,29.000,29.544,1758.0,1730.0,1163,5238,
24.4.2026,14:14:16.941,51.0,53.0,29.000,29.409,1757.0,1730.0,1163,5238,
24.4.2026,14:14:17.146,51.0,52.0,29.000,29.487,295.0,1730.0,1163,5238,
24.4.2026,14:14:17.362,51.0,53.0,29.000,29.492,279.0,1728.0,1163,5238,
24.4.2026,14:14:17.575,51.0,52.0,29.000,29.443,308.0,1728.0,1163,5238,
24.4.2026,14:14:17.759,51.0,52.0,29.000,29.443,308.0,1728.0,1163,5238,
24.4.2026,14:14:17.964,51.0,53.0,29.000,29.509,1757.0,1730.0,1163,5238,
24.4.2026,14:14:18.166,51.0,52.0,29.000,29.676,1756.0,1730.0,1163,5238,
24.4.2026,14:14:18.371,51.0,53.0,29.000,29.494,1758.0,1730.0,1163,5238,
24.4.2026,14:14:18.599,51.0,53.0,29.000,29.573,1754.0,1730.0,1163,5238,
24.4.2026,14:14:18.779,51.0,53.0,29.000,29.573,1754.0,1730.0,1163,5238,
24.4.2026,14:14:18.985,51.0,53.0,29.000,29.581,305.0,1730.0,1163,5238,
24.4.2026,14:14:19.184,51.0,52.0,29.000,29.482,295.0,1728.0,1163,5238,
24.4.2026,14:14:19.388,51.0,53.0,29.000,29.408,1757.0,1730.0,1163,5238,
24.4.2026,14:14:19.593,51.0,53.0,29.000,29.385,291.0,1730.0,1163,5238,
24.4.2026,14:14:19.797,50.0,53.0,29.000,29.616,306.0,1728.0,1163,5238,
24.4.2026,14:14:20.001,51.0,53.0,29.000,29.601,1756.0,1730.0,1163,5238,
24.4.2026,14:14:20.208,51.0,52.0,29.000,29.560,1757.0,1730.0,1163,5238,
24.4.2026,14:14:20.410,51.0,52.0,29.000,29.672,1757.0,1730.0,1163,5238,
24.4.2026,14:14:20.613,51.0,53.0,29.000,29.620,1757.0,1730.0,1163,5238,
24.4.2026,14:14:20.801,51.0,53.0,29.000,29.767,286.0,1730.0,1163,5238,
24.4.2026,14:14:21.005,51.0,53.0,29.000,29.766,255.0,1730.0,1163,5238,
24.4.2026,14:14:21.219,51.0,52.0,29.000,29.655,272.0,1730.0,1163,5238,
24.4.2026,14:14:21.422,51.0,53.0,29.000,29.586,294.0,1730.0,1163,5238,
24.4.2026,14:14:21.628,51.0,53.0,29.000,29.484,316.0,1728.0,1163,5238,
24.4.2026,14:14:21.816,51.0,53.0,29.000,29.673,280.0,1730.0,1163,5238,
24.4.2026,14:14:22.023,51.0,53.0,30.000,29.495,1757.0,1730.0,1163,5238,
24.4.2026,14:14:22.225,51.0,53.0,29.000,29.815,262.0,1730.0,1163,5238,
24.4.2026,14:14:22.427,51.0,53.0,29.000,29.750,307.0,1730.0,1163,5238,
24.4.2026,14:14:22.647,51.0,53.0,29.000,29.621,1728.0,1728.0,1163,5238,
24.4.2026,14:14:22.852,51.0,53.0,29.000,29.470,292.0,1730.0,1163,5238,
24.4.2026,14:14:23.055,51.0,53.0,28.000,29.366,241.0,1730.0,1163,5238,
24.4.2026,14:14:23.259,51.0,53.0,29.000,29.835,1757.0,1730.0,1163,5238,
24.4.2026,14:14:23.465,51.0,53.0,29.000,29.725,294.0,1730.0,1163,5238,
24.4.2026,14:14:23.670,51.0,53.0,29.000,29.803,281.0,1730.0,1163,5238,
24.4.2026,14:14:23.872,51.0,53.0,29.000,29.483,281.0,1730.0,1163,5238,
24.4.2026,14:14:24.075,51.0,53.0,29.000,29.512,293.0,1728.0,1163,5238,
24.4.2026,14:14:24.280,51.0,53.0,29.000,29.810,299.0,1730.0,1163,5238,
24.4.2026,14:14:24.486,51.0,53.0,29.000,29.913,282.0,1728.0,1163,5238,
24.4.2026,14:14:24.686,51.0,53.0,29.000,29.642,1726.0,1730.0,1163,5238,
24.4.2026,14:14:24.893,51.0,53.0,29.000,29.476,245.0,1728.0,1163,5238,
24.4.2026,14:14:25.096,51.0,53.0,29.000,29.320,292.0,1730.0,1163,5238,
24.4.2026,14:14:25.302,51.0,53.0,29.000,29.399,288.0,1730.0,1163,5238,
24.4.2026,14:14:25.491,51.0,53.0,29.000,29.619,1756.0,1730.0,1163,5238,
24.4.2026,14:14:25.697,51.0,53.0,29.000,29.523,1757.0,1730.0,1163,5238,
24.4.2026,14:14:25.898,51.0,52.0,29.000,29.301,1757.0,1730.0,1163,5238,
24.4.2026,14:14:26.103,51.0,53.0,29.000,29.347,1756.0,1728.0,1163,5238,
24.4.2026,14:14:26.312,51.0,53.0,29.000,29.377,1713.0,1728.0,1163,5238,
24.4.2026,14:14:26.517,51.0,53.0,28.000,29.279,250.0,1730.0,1163,5238,
24.4.2026,14:14:26.724,51.0,53.0,29.000,29.251,1756.0,1728.0,1163,5238,
24.4.2026,14:14:26.911,51.0,53.0,30.000,29.615,1757.0,1730.0,1163,5238,
24.4.2026,14:14:27.115,51.0,53.0,30.000,29.987,1757.0,1728.0,1163,5238,
24.4.2026,14:14:27.316,52.0,53.0,30.000,30.135,1757.0,1730.0,1163,5238,
24.4.2026,14:14:27.536,51.0,53.0,30.000,30.221,1757.0,1730.0,1163,5238,
24.4.2026,14:14:27.743,51.0,53.0,30.000,30.269,1757.0,1730.0,1163,5238,
24.4.2026,14:14:27.947,51.0,53.0,29.000,30.161,1758.0,1728.0,1163,5238,
24.4.2026,14:14:28.155,51.0,53.0,30.000,30.015,1757.0,1730.0,1163,5238,
24.4.2026,14:14:28.361,51.0,53.0,30.000,29.980,1756.0,1728.0,1163,5238,
24.4.2026,14:14:28.552,51.0,53.0,29.000,29.521,281.0,1730.0,1163,5238,
24.4.2026,14:14:28.757,51.0,53.0,29.000,29.437,1757.0,1730.0,1163,5238,
24.4.2026,14:14:28.963,51.0,53.0,29.000,29.513,1757.0,1730.0,1163,5238,
24.4.2026,14:14:29.169,51.0,53.0,29.000,29.483,282.0,1730.0,1163,5238,
24.4.2026,14:14:29.373,51.0,53.0,30.000,29.463,1754.0,1728.0,1163,5238,
24.4.2026,14:14:29.576,51.0,53.0,29.000,29.695,1756.0,1730.0,1163,5238,
24.4.2026,14:14:29.780,51.0,53.0,29.000,29.349,294.0,1730.0,1163,5238,
24.4.2026,14:14:29.988,51.0,53.0,29.000,29.395,1756.0,1730.0,1163,5238,
24.4.2026,14:14:30.177,51.0,53.0,29.000,29.723,1757.0,1728.0,1163,5238,
24.4.2026,14:14:30.384,51.0,53.0,29.000,29.731,305.0,1730.0,1163,5238,
24.4.2026,14:14:30.584,51.0,53.0,29.000,29.322,1706.0,1730.0,1163,5238,
24.4.2026,14:14:30.790,52.0,52.0,29.000,29.450,271.0,1730.0,1163,5238,
24.4.2026,14:14:30.998,51.0,53.0,29.000,29.526,1756.0,1728.0,1163,5238,
24.4.2026,14:14:31.202,51.0,53.0,29.000,29.743,1757.0,1730.0,1163,5238,
24.4.2026,14:14:31.409,52.0,53.0,29.000,29.516,306.0,1730.0,1163,5238,
24.4.2026,14:14:31.611,52.0,53.0,29.000,29.334,1733.0,1728.0,1163,5238,
24.4.2026,14:14:31.817,51.0,53.0,29.000,29.262,294.0,1730.0,1163,5238,
24.4.2026,14:14:32.037,51.0,53.0,29.000,29.352,1756.0,1730.0,1163,5238,
24.4.2026,14:14:32.237,51.0,54.0,29.000,29.116,1756.0,1730.0,1163,5238,
24.4.2026,14:14:32.428,51.0,53.0,29.000,29.116,1757.0,1730.0,1163,5238,
24.4.2026,14:14:32.632,51.0,53.0,29.000,29.341,1758.0,1730.0,1163,5238,
24.4.2026,14:14:32.840,51.0,53.0,29.000,29.379,298.0,1730.0,1163,5238,
24.4.2026,14:14:33.048,51.0,53.0,29.000,29.438,1757.0,1730.0,1163,5238,
24.4.2026,14:14:33.256,51.0,53.0,29.000,29.465,1756.0,1728.0,1163,5238,
24.4.2026,14:14:33.460,51.0,53.0,29.000,29.594,1757.0,1730.0,1163,5238,
24.4.2026,14:14:33.665,52.0,53.0,29.000,29.728,1757.0,1728.0,1163,5238,
24.4.2026,14:14:33.867,52.0,52.0,28.000,29.635,247.0,1730.0,1163,5238,
24.4.2026,14:14:34.076,51.0,53.0,30.000,29.461,1754.0,1730.0,1163,5238,
24.4.2026,14:14:34.281,52.0,53.0,29.000,29.677,1756.0,1728.0,1163,5238,
24.4.2026,14:14:34.489,51.0,53.0,29.000,29.645,1757.0,1730.0,1163,5238,
24.4.2026,14:14:34.694,51.0,53.0,29.000,29.737,1757.0,1730.0,1163,5238,
24.4.2026,14:14:34.897,51.0,53.0,29.000,29.669,286.0,1728.0,1163,5238,
24.4.2026,14:14:35.101,51.0,53.0,29.000,29.515,262.0,1728.0,1163,5238,
24.4.2026,14:14:35.304,51.0,53.0,29.000,29.641,1754.0,1728.0,1163,5238,
24.4.2026,14:14:35.507,52.0,53.0,29.000,29.596,1757.0,1730.0,1163,5238,
24.4.2026,14:14:35.710,52.0,53.0,29.000,29.573,1757.0,1728.0,1163,5238,
24.4.2026,14:14:35.916,51.0,52.0,30.000,29.654,1756.0,1730.0,1163,5238,
24.4.2026,14:14:36.121,51.0,53.0,29.000,29.538,298.0,1728.0,1163,5238,
24.4.2026,14:14:36.323,51.0,53.0,29.000,29.183,289.0,1730.0,1163,5238,
24.4.2026,14:14:36.526,51.0,53.0,29.000,29.188,293.0,1730.0,1163,5238,
24.4.2026,14:14:36.725,51.0,53.0,29.000,29.373,1755.0,1728.0,1163,5238,
24.4.2026,14:14:36.928,51.0,53.0,28.000,29.095,284.0,1730.0,1163,5238,
24.4.2026,14:14:37.131,51.0,53.0,29.000,29.114,1757.0,1730.0,1163,5238,
24.4.2026,14:14:37.349,51.0,53.0,28.000,29.281,292.0,1730.0,1163,5238,
24.4.2026,14:14:37.566,51.0,53.0,29.000,28.996,290.0,1730.0,1163,5238,
24.4.2026,14:14:37.757,51.0,53.0,28.000,29.139,290.0,1730.0,1163,5238,
24.4.2026,14:14:37.959,51.0,53.0,28.000,29.160,249.0,1728.0,1163,5238,
24.4.2026,14:14:38.162,51.0,52.0,28.000,29.218,274.0,1728.0,1163,5238,
24.4.2026,14:14:38.369,52.0,53.0,29.000,29.367,1752.0,1730.0,1163,5238,
24.4.2026,14:14:38.578,52.0,53.0,29.000,29.365,276.0,1728.0,1163,5238,
24.4.2026,14:14:38.788,51.0,53.0,28.000,29.129,296.0,1728.0,1163,5238,
24.4.2026,14:14:38.974,52.0,53.0,29.000,29.510,1757.0,1730.0,1163,5238,
24.4.2026,14:14:39.176,51.0,53.0,29.000,29.671,1757.0,1730.0,1163,5238,
24.4.2026,14:14:39.382,51.0,53.0,29.000,29.721,1758.0,1730.0,1163,5238,
24.4.2026,14:14:39.584,51.0,53.0,29.000,29.787,1757.0,1730.0,1163,5238,
24.4.2026,14:14:39.796,51.0,53.0,29.000,29.584,1757.0,1730.0,1163,5238,
24.4.2026,14:14:40.000,51.0,53.0,30.000,29.961,1756.0,1730.0,1163,5238,
24.4.2026,14:14:40.200,51.0,53.0,30.000,29.962,1757.0,1728.0,1163,5238,
24.4.2026,14:14:40.405,52.0,53.0,29.000,29.760,1750.0,1730.0,1163,5238,
24.4.2026,14:14:40.609,51.0,53.0,29.000,29.376,1754.0,1730.0,1163,5238,
24.4.2026,14:14:40.815,51.0,53.0,29.000,29.066,1756.0,1728.0,1163,5238,
24.4.2026,14:14:41.018,51.0,53.0,28.000,29.266,288.0,1728.0,1163,5238,
24.4.2026,14:14:41.209,51.0,52.0,28.000,29.037,276.0,1730.0,1163,5238,
24.4.2026,14:14:41.415,51.0,53.0,29.000,29.144,1757.0,1728.0,1163,5238,
24.4.2026,14:14:41.616,51.0,53.0,28.000,29.090,253.0,1728.0,1163,5238,
24.4.2026,14:14:41.823,52.0,53.0,29.000,29.028,292.0,1730.0,1163,5238,
24.4.2026,14:14:42.027,52.0,53.0,28.000,29.034,263.0,1730.0,1163,5238,
24.4.2026,14:14:42.232,51.0,53.0,29.000,29.189,1752.0,1730.0,1163,5238,
24.4.2026,14:14:42.437,52.0,53.0,29.000,29.326,302.0,1728.0,1163,5238,
24.4.2026,14:14:42.645,52.0,53.0,29.000,29.412,1757.0,1730.0,1163,5238,
24.4.2026,14:14:42.851,51.0,53.0,28.000,29.185,271.0,1730.0,1163,5238,
24.4.2026,14:14:43.058,52.0,53.0,29.000,29.236,1748.0,1730.0,1163,5238,
24.4.2026,14:14:43.259,51.0,53.0,28.000,29.107,271.0,1728.0,1163,5238,
24.4.2026,14:14:43.459,51.0,53.0,29.000,28.965,287.0,1730.0,1163,5238,
24.4.2026,14:14:43.668,51.0,53.0,29.000,29.193,291.0,1728.0,1163,5238,
24.4.2026,14:14:43.870,51.0,52.0,29.000,29.133,1756.0,1730.0,1163,5238,
24.4.2026,14:14:44.079,51.0,53.0,28.000,29.076,278.0,1728.0,1163,5238,
24.4.2026,14:14:44.278,51.0,53.0,29.000,29.068,1757.0,1730.0,1163,5238,
24.4.2026,14:14:44.481,52.0,53.0,28.000,28.920,1758.0,1730.0,1163,5238,
24.4.2026,14:14:44.688,52.0,53.0,29.000,29.217,1757.0,1730.0,1163,5238,
24.4.2026,14:14:44.896,51.0,53.0,29.000,29.315,290.0,1730.0,1163,5238,
24.4.2026,14:14:45.083,51.0,53.0,29.000,29.646,1754.0,1728.0,1163,5238,
24.4.2026,14:14:45.288,51.0,53.0,29.000,29.561,1755.0,1730.0,1163,5238,
24.4.2026,14:14:45.495,52.0,53.0,29.000,29.664,1757.0,1728.0,1163,5238,
24.4.2026,14:14:45.698,51.0,53.0,29.000,29.433,1757.0,1728.0,1163,5238,
24.4.2026,14:14:45.901,51.0,53.0,29.000,29.414,1735.0,1730.0,1163,5238,
24.4.2026,14:14:46.104,52.0,53.0,29.000,29.713,297.0,1730.0,1163,5238,
24.4.2026,14:14:46.310,51.0,53.0,29.000,29.822,1756.0,1730.0,1163,5238,
24.4.2026,14:14:46.514,52.0,53.0,30.000,29.793,1756.0,1730.0,1163,5238,
24.4.2026,14:14:46.718,51.0,53.0,29.000,29.779,1757.0,1730.0,1163,5238,
24.4.2026,14:14:46.922,51.0,53.0,29.000,29.551,1757.0,1730.0,1163,5238,
24.4.2026,14:14:47.128,51.0,53.0,29.000,29.361,290.0,1730.0,1163,5238,
24.4.2026,14:14:47.318,51.0,53.0,29.000,29.363,1747.0,1730.0,1163,5238,
24.4.2026,14:14:47.525,52.0,53.0,29.000,29.292,260.0,1728.0,1163,5238,
24.4.2026,14:14:47.733,52.0,53.0,29.000,29.233,1756.0,1730.0,1163,5238,
24.4.2026,14:14:47.935,51.0,53.0,29.000,29.247,1757.0,1730.0,1163,5238,
24.4.2026,14:14:48.136,52.0,53.0,29.000,29.275,1757.0,1728.0,1163,5238,
24.4.2026,14:14:48.339,52.0,53.0,29.000,29.290,1712.0,1730.0,1163,5238,
24.4.2026,14:14:48.544,52.0,53.0,29.000,29.323,293.0,1728.0,1163,5238,
24.4.2026,14:14:48.750,52.0,53.0,29.000,28.949,1755.0,1730.0,1163,5238,
24.4.2026,14:14:48.954,52.0,54.0,29.000,29.153,1756.0,1730.0,1163,5238,
24.4.2026,14:14:49.156,52.0,53.0,29.000,29.387,305.0,1730.0,1163,5238,
24.4.2026,14:14:49.361,52.0,53.0,29.000,29.574,1757.0,1730.0,1163,5238,
24.4.2026,14:14:49.561,51.0,53.0,29.000,29.443,1732.0,1730.0,1163,5238,
24.4.2026,14:14:49.765,52.0,53.0,29.000,29.185,1750.0,1728.0,1163,5238,
24.4.2026,14:14:49.968,51.0,53.0,29.000,29.028,1755.0,1730.0,1163,5238,
24.4.2026,14:14:50.172,51.0,53.0,29.000,29.295,1756.0,1730.0,1163,5238,
24.4.2026,14:14:50.374,51.0,53.0,29.000,29.349,1757.0,1730.0,1163,5238,
24.4.2026,14:14:50.580,51.0,53.0,29.000,29.208,1756.0,1730.0,1163,5238,
24.4.2026,14:14:50.785,52.0,53.0,29.000,29.050,1756.0,1730.0,1163,5238,
24.4.2026,14:14:50.984,51.0,53.0,29.000,29.359,1756.0,1728.0,1163,5238,
24.4.2026,14:14:51.189,52.0,53.0,29.000,29.502,1757.0,1730.0,1163,5238,
24.4.2026,14:14:51.391,52.0,53.0,29.000,29.607,1757.0,1728.0,1163,5238,
24.4.2026,14:14:51.596,51.0,53.0,29.000,29.528,1757.0,1728.0,1163,5238,
24.4.2026,14:14:51.788,52.0,53.0,29.000,29.393,1757.0,1728.0,1163,5238,
24.4.2026,14:14:51.994,51.0,53.0,29.000,29.455,1757.0,1730.0,1163,5238,
24.4.2026,14:14:52.199,52.0,53.0,29.000,29.478,1757.0,1730.0,1163,5238,
24.4.2026,14:14:52.408,52.0,53.0,29.000,29.480,1716.0,1730.0,1163,5238,
24.4.2026,14:14:52.610,51.0,54.0,29.000,29.066,1747.0,1730.0,1163,5238,
24.4.2026,14:14:52.802,52.0,53.0,28.000,28.999,285.0,1730.0,1163,5238,
24.4.2026,14:14:53.013,51.0,53.0,28.000,28.934,280.0,1730.0,1163,5238,
24.4.2026,14:14:53.207,52.0,53.0,28.000,28.854,1756.0,1730.0,1163,5238,
24.4.2026,14:14:53.412,52.0,53.0,28.000,29.080,288.0,1730.0,1163,5238,
24.4.2026,14:14:53.636,51.0,53.0,29.000,28.984,1757.0,1730.0,1163,5238,
24.4.2026,14:14:53.832,52.0,53.0,28.000,28.756,305.0,1730.0,1163,5238,
24.4.2026,14:14:54.038,51.0,54.0,28.000,28.899,249.0,1728.0,1163,5238,
24.4.2026,14:14:54.241,51.0,53.0,28.000,28.817,233.0,1730.0,1163,5238,
24.4.2026,14:14:54.447,52.0,53.0,28.000,28.739,259.0,1730.0,1163,5238,
24.4.2026,14:14:54.653,52.0,53.0,28.000,28.862,284.0,1730.0,1163,5238,
24.4.2026,14:14:54.855,52.0,53.0,29.000,29.008,1757.0,1730.0,1163,5238,
24.4.2026,14:14:55.058,52.0,53.0,28.000,28.846,283.0,1730.0,1163,5238,
24.4.2026,14:14:55.263,51.0,53.0,29.000,28.860,1756.0,1728.0,1163,5238,
24.4.2026,14:14:55.478,52.0,53.0,29.000,29.113,1756.0,1730.0,1163,5238,
24.4.2026,14:14:55.676,52.0,53.0,29.000,29.396,1753.0,1730.0,1163,5238,
24.4.2026,14:14:55.894,51.0,53.0,28.000,29.125,286.0,1730.0,1163,5238,
24.4.2026,14:14:56.099,52.0,54.0,28.000,29.134,1757.0,1728.0,1163,5238,
24.4.2026,14:14:56.305,52.0,53.0,29.000,29.318,1757.0,1730.0,1163,5238,
24.4.2026,14:14:56.509,51.0,53.0,29.000,29.352,1757.0,1730.0,1163,5238,
24.4.2026,14:14:56.712,52.0,53.0,29.000,29.260,289.0,1730.0,1163,5238,
24.4.2026,14:14:56.919,51.0,53.0,29.000,29.087,277.0,1730.0,1163,5238,
24.4.2026,14:14:57.124,51.0,53.0,29.000,29.137,302.0,1728.0,1163,5238,
24.4.2026,14:14:57.328,51.0,53.0,29.000,29.221,1755.0,1730.0,1163,5238,
24.4.2026,14:14:57.532,52.0,53.0,29.000,29.083,1756.0,1730.0,1163,5238,
24.4.2026,14:14:57.739,52.0,53.0,29.000,29.235,289.0,1730.0,1163,5238,
24.4.2026,14:14:57.926,51.0,53.0,29.000,29.147,1756.0,1730.0,1163,5238,
24.4.2026,14:14:58.130,51.0,54.0,29.000,29.321,1757.0,1728.0,1163,5238,
24.4.2026,14:14:58.343,51.0,53.0,28.000,29.149,293.0,1730.0,1163,5238,
24.4.2026,14:14:58.541,51.0,53.0,29.000,29.305,1753.0,1728.0,1163,5238,
24.4.2026,14:14:58.746,51.0,53.0,29.000,29.086,1755.0,1730.0,1163,5238,
24.4.2026,14:14:58.960,52.0,53.0,29.000,29.536,1756.0,1730.0,1163,5238,
24.4.2026,14:14:59.155,52.0,53.0,28.000,29.482,239.0,1728.0,1163,5238,
24.4.2026,14:14:59.357,51.0,53.0,29.000,29.550,1757.0,1728.0,1163,5238,
24.4.2026,14:14:59.565,52.0,54.0,29.000,29.382,1756.0,1728.0,1163,5238,
24.4.2026,14:14:59.764,52.0,54.0,29.000,29.382,1756.0,1728.0,1163,5238,
24.4.2026,14:14:59.969,52.0,53.0,29.000,29.707,284.0,1730.0,1163,5238,
24.4.2026,14:15:0.173,51.0,53.0,29.000,29.643,305.0,1728.0,1163,5238,
24.4.2026,14:15:0.365,51.0,53.0,29.000,29.583,300.0,1730.0,1163,5238,
24.4.2026,14:15:0.571,51.0,53.0,29.000,29.583,1757.0,1730.0,1163,5238,
24.4.2026,14:15:0.775,51.0,53.0,29.000,29.733,298.0,1730.0,1163,5238,
24.4.2026,14:15:0.982,52.0,53.0,28.000,29.446,221.0,1728.0,1163,5238,
24.4.2026,14:15:1.187,51.0,53.0,29.000,29.308,1747.0,1728.0,1163,5238,
24.4.2026,14:15:1.392,52.0,53.0,29.000,29.365,286.0,1730.0,1163,5238,
24.4.2026,14:15:1.583,52.0,53.0,29.000,29.117,1753.0,1730.0,1163,5238,
24.4.2026,14:15:1.789,51.0,53.0,29.000,29.241,1757.0,1728.0,1163,5238,
24.4.2026,14:15:1.992,51.0,53.0,29.000,29.273,1757.0,1730.0,1163,5238,
24.4.2026,14:15:2.199,51.0,53.0,29.000,29.342,1757.0,1730.0,1163,5238,
24.4.2026,14:15:2.403,52.0,53.0,29.000,29.472,291.0,1730.0,1163,5238,
24.4.2026,14:15:2.608,52.0,53.0,29.000,29.422,295.0,1730.0,1163,5238,
24.4.2026,14:15:2.817,52.0,53.0,29.000,29.461,302.0,1730.0,1163,5238,
24.4.2026,14:15:3.021,52.0,53.0,29.000,29.647,1757.0,1730.0,1163,5238,
24.4.2026,14:15:3.224,52.0,53.0,29.000,29.781,1757.0,1730.0,1163,5238,
24.4.2026,14:15:3.429,51.0,53.0,30.000,30.080,1757.0,1730.0,1163,5238,
24.4.2026,14:15:3.636,51.0,54.0,30.000,30.292,1757.0,1728.0,1163,5238,
24.4.2026,14:15:3.835,52.0,54.0,29.000,30.033,1757.0,1728.0,1163,5238,
24.4.2026,14:15:4.038,52.0,53.0,30.000,30.162,1756.0,1728.0,1163,5238,
24.4.2026,14:15:4.243,52.0,53.0,30.000,30.275,1757.0,1728.0,1163,5238,
24.4.2026,14:15:4.445,51.0,53.0,29.000,30.218,1757.0,1730.0,1163,5238,
24.4.2026,14:15:4.650,51.0,53.0,30.000,30.068,1757.0,1730.0,1163,5238,
24.4.2026,14:15:4.851,52.0,53.0,29.000,29.753,292.0,1730.0,1163,5238,
24.4.2026,14:15:5.056,52.0,53.0,29.000,29.636,1740.0,1728.0,1163,5238,
24.4.2026,14:15:5.259,52.0,53.0,29.000,29.708,280.0,1728.0,1163,5238,
24.4.2026,14:15:5.463,51.0,53.0,29.000,29.562,303.0,1730.0,1163,5238,
24.4.2026,14:15:5.664,52.0,53.0,29.000,29.549,1757.0,1730.0,1163,5238,
24.4.2026,14:15:5.872,52.0,53.0,29.000,29.423,1757.0,1730.0,1163,5238,
24.4.2026,14:15:6.076,51.0,53.0,28.000,29.680,246.0,1730.0,1163,5238,
24.4.2026,14:15:6.281,52.0,53.0,28.000,29.270,268.0,1730.0,1163,5238,
24.4.2026,14:15:6.486,52.0,53.0,29.000,29.239,304.0,1728.0,1163,5238,
24.4.2026,14:15:6.692,52.0,53.0,29.000,29.343,1757.0,1730.0,1163,5238,
24.4.2026,14:15:6.899,51.0,53.0,29.000,29.556,1757.0,1730.0,1163,5238,
24.4.2026,14:15:7.108,51.0,53.0,29.000,29.641,282.0,1730.0,1163,5238,
24.4.2026,14:15:7.309,52.0,53.0,29.000,29.479,272.0,1730.0,1163,5238,
24.4.2026,14:15:7.513,51.0,53.0,29.000,29.388,294.0,1730.0,1163,5238,
24.4.2026,14:15:7.713,52.0,54.0,29.000,29.343,304.0,1730.0,1163,5238,
24.4.2026,14:15:7.922,52.0,53.0,29.000,29.328,280.0,1728.0,1163,5238,
24.4.2026,14:15:8.116,52.0,53.0,28.000,29.384,296.0,1730.0,1163,5238,
24.4.2026,14:15:8.335,52.0,53.0,29.000,29.151,307.0,1730.0,1163,5238,
24.4.2026,14:15:8.541,51.0,53.0,29.000,29.333,1757.0,1730.0,1163,5238,
24.4.2026,14:15:8.746,52.0,53.0,29.000,29.128,284.0,1728.0,1163,5238,
24.4.2026,14:15:8.949,52.0,54.0,28.000,29.162,278.0,1730.0,1163,5238,
24.4.2026,14:15:9.147,52.0,54.0,29.000,29.312,1751.0,1730.0,1163,5238,
24.4.2026,14:15:9.351,52.0,53.0,28.000,29.253,273.0,1730.0,1163,5238,
24.4.2026,14:15:9.561,52.0,54.0,29.000,29.227,324.0,1730.0,1163,5238,
24.4.2026,14:15:9.766,52.0,53.0,29.000,29.235,1757.0,1730.0,1163,5238,
24.4.2026,14:15:9.959,52.0,53.0,28.000,29.049,287.0,1730.0,1163,5238,
24.4.2026,14:15:10.161,52.0,53.0,29.000,29.175,275.0,1728.0,1163,5238,
24.4.2026,14:15:10.365,52.0,53.0,29.000,29.359,1736.0,1730.0,1163,5238,
24.4.2026,14:15:10.569,52.0,54.0,29.000,29.329,1751.0,1728.0,1163,5238,
24.4.2026,14:15:10.772,52.0,54.0,29.000,29.046,297.0,1730.0,1163,5238,
24.4.2026,14:15:10.979,52.0,54.0,30.000,29.137,1757.0,1730.0,1163,5238,
24.4.2026,14:15:11.181,52.0,53.0,29.000,29.193,1757.0,1730.0,1163,5238,
24.4.2026,14:15:11.384,52.0,53.0,29.000,29.215,1756.0,1730.0,1163,5238,
24.4.2026,14:15:11.587,51.0,53.0,29.000,29.216,1715.0,1728.0,1163,5238,
24.4.2026,14:15:11.790,52.0,54.0,29.000,29.313,1736.0,1728.0,1163,5238,
24.4.2026,14:15:11.996,51.0,54.0,29.000,29.389,1756.0,1730.0,1163,5238,
24.4.2026,14:15:12.201,52.0,53.0,29.000,29.368,1756.0,1728.0,1163,5238,
24.4.2026,14:15:12.408,52.0,53.0,29.000,29.031,1757.0,1728.0,1163,5238,
24.4.2026,14:15:12.613,52.0,53.0,29.000,29.080,292.0,1728.0,1163,5238,
24.4.2026,14:15:12.800,52.0,53.0,28.000,29.218,275.0,1728.0,1163,5238,
24.4.2026,14:15:13.008,52.0,54.0,29.000,29.423,1755.0,1730.0,1163,5238,
24.4.2026,14:15:13.213,52.0,53.0,29.000,29.228,1756.0,1730.0,1163,5238,
24.4.2026,14:15:13.416,52.0,53.0,29.000,29.256,1757.0,1730.0,1163,5238,
24.4.2026,14:15:13.620,51.0,53.0,30.000,29.205,1757.0,1730.0,1163,5238,
24.4.2026,14:15:13.827,51.0,53.0,29.000,29.538,1704.0,1730.0,1163,5238,
24.4.2026,14:15:14.031,52.0,53.0,29.000,29.681,1753.0,1730.0,1163,5238,
24.4.2026,14:15:14.236,52.0,53.0,29.000,29.109,286.0,1730.0,1163,5238,
24.4.2026,14:15:14.442,51.0,53.0,29.000,29.298,1757.0,1730.0,1163,5238,
24.4.2026,14:15:14.661,52.0,53.0,28.000,29.276,279.0,1728.0,1163,5238,
24.4.2026,14:15:14.865,52.0,53.0,30.000,29.062,1757.0,1730.0,1163,5238,
24.4.2026,14:15:15.069,51.0,53.0,29.000,29.063,1757.0,1730.0,1163,5238,
24.4.2026,14:15:15.273,52.0,54.0,30.000,29.441,1757.0,1730.0,1163,5238,
24.4.2026,14:15:15.475,52.0,53.0,29.000,29.764,1757.0,1728.0,1163,5238,
24.4.2026,14:15:15.678,52.0,53.0,30.000,29.660,1757.0,1730.0,1163,5238,
24.4.2026,14:15:15.892,51.0,53.0,29.000,29.887,1757.0,1728.0,1163,5238,
24.4.2026,14:15:16.095,52.0,53.0,29.000,29.907,1757.0,1730.0,1163,5238,
24.4.2026,14:15:16.300,51.0,54.0,30.000,29.862,1757.0,1730.0,1163,5238,
24.4.2026,14:15:16.490,52.0,54.0,30.000,29.950,1757.0,1730.0,1163,5238,
24.4.2026,14:15:16.694,52.0,53.0,29.000,30.038,1757.0,1728.0,1163,5238,
24.4.2026,14:15:16.896,52.0,53.0,29.000,29.646,299.0,1730.0,1163,5238,
24.4.2026,14:15:17.099,51.0,53.0,29.000,29.383,1712.0,1730.0,1163,5238,
24.4.2026,14:15:17.302,52.0,53.0,29.000,29.298,1732.0,1730.0,1163,5238,
24.4.2026,14:15:17.508,52.0,54.0,29.000,29.417,289.0,1730.0,1163,5238,
24.4.2026,14:15:17.712,51.0,53.0,29.000,29.188,306.0,1730.0,1163,5238,
24.4.2026,14:15:17.920,52.0,53.0,29.000,29.124,1757.0,1730.0,1163,5238,
24.4.2026,14:15:18.127,51.0,53.0,29.000,29.364,1757.0,1730.0,1163,5238,
24.4.2026,14:15:18.327,52.0,53.0,29.000,29.493,1756.0,1730.0,1163,5238,
24.4.2026,14:15:18.529,51.0,53.0,29.000,29.382,1726.0,1730.0,1163,5238,
24.4.2026,14:15:18.740,52.0,53.0,29.000,29.302,274.0,1730.0,1163,5238,
24.4.2026,14:15:18.943,52.0,54.0,29.000,29.326,1755.0,1730.0,1163,5238,
24.4.2026,14:15:19.146,52.0,53.0,29.000,29.310,1756.0,1730.0,1163,5238,
24.4.2026,14:15:19.348,52.0,53.0,29.000,29.471,1756.0,1730.0,1163,5238,
24.4.2026,14:15:19.551,52.0,54.0,29.000,29.498,281.0,1730.0,1163,5238,
24.4.2026,14:15:19.769,52.0,53.0,29.000,29.328,301.0,1730.0,1163,5238,
24.4.2026,14:15:19.969,51.0,54.0,29.000,29.438,1755.0,1728.0,1163,5238,
24.4.2026,14:15:20.172,52.0,54.0,29.000,29.500,1757.0,1730.0,1163,5238,
24.4.2026,14:15:20.374,51.0,53.0,29.000,29.251,1756.0,1730.0,1163,5238,
24.4.2026,14:15:20.574,52.0,54.0,28.000,29.101,285.0,1730.0,1163,5238,
24.4.2026,14:15:20.783,52.0,54.0,29.000,29.365,304.0,1728.0,1163,5238,
24.4.2026,14:15:20.981,52.0,54.0,29.000,29.496,1756.0,1730.0,1163,5238,
24.4.2026,14:15:21.191,52.0,54.0,29.000,29.639,1757.0,1728.0,1163,5238,
24.4.2026,14:15:21.392,52.0,53.0,29.000,29.509,1757.0,1730.0,1163,5238,
24.4.2026,14:15:21.592,52.0,53.0,29.000,29.409,295.0,1730.0,1163,5238,
24.4.2026,14:15:21.803,52.0,53.0,29.000,29.269,264.0,1730.0,1163,5238,
24.4.2026,14:15:22.019,51.0,53.0,29.000,29.418,311.0,1728.0,1163,5238,
24.4.2026,14:15:22.221,52.0,53.0,29.000,29.698,1757.0,1728.0,1163,5238,
24.4.2026,14:15:22.426,52.0,53.0,29.000,29.385,1758.0,1728.0,1163,5238,
24.4.2026,14:15:22.614,52.0,53.0,29.000,29.517,1757.0,1730.0,1163,5238,
24.4.2026,14:15:22.822,52.0,53.0,29.000,29.550,274.0,1728.0,1163,5238,
24.4.2026,14:15:23.027,52.0,53.0,30.000,29.733,1748.0,1728.0,1163,5238,
24.4.2026,14:15:23.231,52.0,54.0,29.000,29.603,1754.0,1728.0,1163,5238,
24.4.2026,14:15:23.439,52.0,53.0,29.000,29.863,1757.0,1728.0,1163,5238,
24.4.2026,14:15:23.643,52.0,54.0,29.000,29.842,290.0,1730.0,1163,5238,
24.4.2026,14:15:23.833,52.0,53.0,29.000,29.790,266.0,1728.0,1163,5238,
24.4.2026,14:15:24.037,52.0,53.0,29.000,29.704,1717.0,1730.0,1163,5238,
24.4.2026,14:15:24.242,52.0,53.0,29.000,29.624,290.0,1728.0,1163,5238,
24.4.2026,14:15:24.444,52.0,53.0,29.000,29.656,1756.0,1730.0,1163,5238,
24.4.2026,14:15:24.652,52.0,53.0,29.000,29.569,1756.0,1728.0,1163,5238,
24.4.2026,14:15:24.860,52.0,54.0,29.000,29.552,1757.0,1728.0,1163,5238,
24.4.2026,14:15:25.063,52.0,54.0,29.000,29.647,1757.0,1730.0,1163,5238,
24.4.2026,14:15:25.268,52.0,54.0,29.000,29.508,296.0,1730.0,1163,5238,
24.4.2026,14:15:25.459,52.0,54.0,29.000,29.774,297.0,1728.0,1163,5238,
24.4.2026,14:15:25.667,52.0,53.0,29.000,29.607,283.0,1730.0,1163,5238,
24.4.2026,14:15:25.868,52.0,53.0,29.000,29.495,1754.0,1728.0,1163,5238,
24.4.2026,14:15:26.072,52.0,53.0,29.000,29.607,1756.0,1728.0,1163,5238,
24.4.2026,14:15:26.277,51.0,53.0,30.000,29.605,1757.0,1730.0,1163,5238,
24.4.2026,14:15:26.481,52.0,54.0,29.000,29.758,1757.0,1730.0,1163,5238,
24.4.2026,14:15:26.685,52.0,54.0,28.000,29.356,261.0,1728.0,1163,5238,
24.4.2026,14:15:26.889,52.0,54.0,29.000,29.208,281.0,1728.0,1163,5238,
24.4.2026,14:15:27.091,52.0,53.0,29.000,29.397,1757.0,1728.0,1163,5238,
24.4.2026,14:15:27.291,51.0,53.0,30.000,29.706,1756.0,1730.0,1163,5238,
24.4.2026,14:15:27.495,52.0,54.0,30.000,30.176,1757.0,1730.0,1163,5238,
24.4.2026,14:15:27.699,52.0,54.0,29.000,30.062,1757.0,1728.0,1163,5238,
24.4.2026,14:15:27.902,52.0,54.0,30.000,30.196,1757.0,1728.0,1163,5238,
24.4.2026,14:15:28.109,52.0,54.0,30.000,30.303,1756.0,1728.0,1163,5238,
24.4.2026,14:15:28.311,52.0,54.0,30.000,30.158,1757.0,1730.0,1163,5238,
24.4.2026,14:15:28.514,52.0,54.0,30.000,30.063,1757.0,1730.0,1163,5238,
24.4.2026,14:15:28.718,52.0,53.0,28.000,29.809,276.0,1730.0,1163,5238,
24.4.2026,14:15:28.921,52.0,54.0,29.000,29.157,1750.0,1728.0,1163,5238,
24.4.2026,14:15:29.122,52.0,54.0,28.000,29.411,276.0,1728.0,1163,5238,
24.4.2026,14:15:29.330,52.0,53.0,28.000,29.054,277.0,1730.0,1163,5238,
24.4.2026,14:15:29.521,52.0,53.0,28.000,28.874,295.0,1730.0,1163,5238,
24.4.2026,14:15:29.729,52.0,54.0,28.000,28.926,265.0,1730.0,1163,5238,
24.4.2026,14:15:29.937,52.0,53.0,28.000,28.992,283.0,1730.0,1163,5238,
24.4.2026,14:15:30.144,52.0,53.0,29.000,29.223,276.0,1728.0,1163,5238,
24.4.2026,14:15:30.333,52.0,53.0,29.000,29.223,276.0,1728.0,1163,5238,
24.4.2026,14:15:30.548,52.0,54.0,29.000,29.196,281.0,1730.0,1163,5238,
24.4.2026,14:15:30.753,52.0,54.0,29.000,29.266,1755.0,1728.0,1163,5238,
24.4.2026,14:15:30.944,52.0,54.0,29.000,29.266,1755.0,1728.0,1163,5238,
24.4.2026,14:15:31.149,52.0,53.0,29.000,29.348,303.0,1730.0,1163,5238,
24.4.2026,14:15:31.356,52.0,54.0,29.000,29.384,1757.0,1730.0,1163,5238,
24.4.2026,14:15:31.556,52.0,54.0,29.000,29.606,291.0,1730.0,1163,5238,
24.4.2026,14:15:31.764,52.0,54.0,29.000,29.695,295.0,1730.0,1163,5238,
24.4.2026,14:15:31.964,52.0,54.0,29.000,29.570,1757.0,1730.0,1163,5238,
24.4.2026,14:15:32.168,52.0,53.0,30.000,29.753,1756.0,1730.0,1163,5238,
24.4.2026,14:15:32.366,52.0,54.0,29.000,29.725,305.0,1730.0,1163,5238,
24.4.2026,14:15:32.573,52.0,53.0,28.000,29.319,281.0,1728.0,1163,5238,
24.4.2026,14:15:32.780,52.0,54.0,28.000,29.316,222.0,1730.0,1163,5238,
24.4.2026,14:15:32.987,52.0,54.0,29.000,29.355,270.0,1730.0,1163,5238,
24.4.2026,14:15:33.191,52.0,53.0,29.000,29.438,1757.0,1730.0,1163,5238,
24.4.2026,14:15:33.382,52.0,54.0,29.000,29.180,1757.0,1730.0,1163,5238,
24.4.2026,14:15:33.599,52.0,54.0,29.000,29.091,1757.0,1728.0,1163,5238,
24.4.2026,14:15:33.802,52.0,53.0,29.000,29.253,289.0,1730.0,1163,5238,
24.4.2026,14:15:34.028,52.0,53.0,29.000,29.414,295.0,1730.0,1163,5238,
24.4.2026,14:15:34.208,52.0,54.0,29.000,29.378,1755.0,1728.0,1163,5238,
24.4.2026,14:15:34.415,52.0,53.0,29.000,29.440,304.0,1730.0,1163,5238,
24.4.2026,14:15:34.617,52.0,54.0,29.000,29.475,1757.0,1730.0,1163,5238,
24.4.2026,14:15:34.824,52.0,53.0,29.000,29.304,1757.0,1728.0,1163,5238,
24.4.2026,14:15:35.032,52.0,54.0,29.000,29.282,289.0,1730.0,1163,5238,
24.4.2026,14:15:35.239,52.0,54.0,29.000,29.508,290.0,1728.0,1163,5238,
24.4.2026,14:15:35.445,52.0,54.0,28.000,29.236,307.0,1728.0,1163,5238,
24.4.2026,14:15:35.654,52.0,53.0,29.000,29.203,304.0,1730.0,1163,5238,
24.4.2026,14:15:35.861,52.0,54.0,29.000,29.269,283.0,1730.0,1163,5238,
24.4.2026,14:15:36.063,52.0,54.0,28.000,29.103,213.0,1730.0,1163,5238,
24.4.2026,14:15:36.268,52.0,54.0,28.000,29.060,272.0,1728.0,1163,5238,
24.4.2026,14:15:36.498,52.0,54.0,29.000,29.521,1757.0,1730.0,1163,5238,
24.4.2026,14:15:36.674,52.0,54.0,29.000,29.521,1757.0,1730.0,1163,5238,
24.4.2026,14:15:36.866,52.0,54.0,29.000,29.454,1757.0,1730.0,1163,5238,
24.4.2026,14:15:37.068,52.0,54.0,29.000,29.293,303.0,1730.0,1163,5238,
24.4.2026,14:15:37.274,52.0,54.0,29.000,29.309,257.0,1730.0,1163,5238,
24.4.2026,14:15:37.480,52.0,54.0,29.000,29.692,262.0,1730.0,1163,5238,
24.4.2026,14:15:37.680,52.0,53.0,29.000,29.634,293.0,1728.0,1163,5238,
24.4.2026,14:15:37.884,52.0,54.0,29.000,29.508,294.0,1728.0,1163,5238,
24.4.2026,14:15:38.091,52.0,54.0,29.000,29.769,301.0,1728.0,1163,5238,
24.4.2026,14:15:38.292,52.0,54.0,29.000,29.657,301.0,1728.0,1163,5238,
24.4.2026,14:15:38.494,52.0,54.0,28.000,29.264,273.0,1728.0,1163,5238,
24.4.2026,14:15:38.700,52.0,54.0,29.000,29.219,1747.0,1730.0,1163,5238,
24.4.2026,14:15:38.903,52.0,54.0,28.000,29.092,240.0,1728.0,1163,5238,
24.4.2026,14:15:39.109,52.0,54.0,28.000,29.150,263.0,1728.0,1163,5238,
24.4.2026,14:15:39.317,52.0,54.0,29.000,29.339,1757.0,1730.0,1163,5238,
24.4.2026,14:15:39.519,52.0,53.0,30.000,29.650,1756.0,1730.0,1163,5238,
24.4.2026,14:15:39.738,52.0,54.0,29.000,29.941,1756.0,1728.0,1163,5238,
24.4.2026,14:15:39.955,52.0,54.0,29.000,29.914,1757.0,1728.0,1163,5238,
24.4.2026,14:15:40.144,52.0,54.0,30.000,30.064,1757.0,1728.0,1163,5238,
24.4.2026,14:15:40.351,52.0,54.0,29.000,30.181,1757.0,1730.0,1163,5238,
24.4.2026,14:15:40.556,52.0,54.0,29.000,30.107,1757.0,1730.0,1163,5238,
24.4.2026,14:15:40.764,52.0,54.0,29.000,30.027,1757.0,1730.0,1163,5238,
24.4.2026,14:15:40.971,52.0,54.0,28.000,29.679,288.0,1730.0,1163,5238,
24.4.2026,14:15:41.174,51.0,53.0,29.000,29.341,290.0,1728.0,1163,5238,
24.4.2026,14:15:41.375,53.0,54.0,29.000,29.266,303.0,1730.0,1163,5238,
24.4.2026,14:15:41.581,52.0,54.0,28.000,29.347,266.0,1730.0,1163,5238,
24.4.2026,14:15:41.773,52.0,54.0,29.000,29.351,1742.0,1730.0,1163,5238,
24.4.2026,14:15:41.975,52.0,54.0,28.000,29.209,206.0,1728.0,1163,5238,
24.4.2026,14:15:42.179,52.0,54.0,29.000,29.032,297.0,1730.0,1163,5238,
24.4.2026,14:15:42.388,52.0,54.0,29.000,29.323,1756.0,1728.0,1163,5238,
24.4.2026,14:15:42.592,52.0,53.0,29.000,29.288,1758.0,1728.0,1163,5238,
24.4.2026,14:15:42.786,52.0,54.0,29.000,29.112,282.0,1728.0,1163,5238,
24.4.2026,14:15:42.991,52.0,54.0,29.000,29.248,279.0,1730.0,1163,5238,
24.4.2026,14:15:43.196,52.0,54.0,29.000,29.600,287.0,1730.0,1163,5238,
24.4.2026,14:15:43.397,52.0,54.0,29.000,29.670,1736.0,1730.0,1163,5238,
24.4.2026,14:15:43.606,52.0,54.0,29.000,29.578,289.0,1730.0,1163,5238,
24.4.2026,14:15:43.809,52.0,54.0,29.000,29.636,290.0,1730.0,1163,5238,
24.4.2026,14:15:44.012,52.0,53.0,29.000,29.641,1756.0,1728.0,1163,5238,
24.4.2026,14:15:44.214,52.0,54.0,29.000,29.543,1756.0,1730.0,1163,5238,
24.4.2026,14:15:44.417,52.0,54.0,29.000,29.650,302.0,1728.0,1163,5238,
24.4.2026,14:15:44.619,52.0,54.0,29.000,29.104,1756.0,1730.0,1163,5238,
24.4.2026,14:15:44.824,52.0,54.0,29.000,29.270,1757.0,1728.0,1163,5238,
24.4.2026,14:15:45.025,52.0,54.0,29.000,29.135,1757.0,1730.0,1163,5238,
24.4.2026,14:15:45.227,52.0,54.0,29.000,29.091,1756.0,1728.0,1163,5238,
24.4.2026,14:15:45.432,52.0,54.0,29.000,29.352,299.0,1730.0,1163,5238,
24.4.2026,14:15:45.639,52.0,54.0,29.000,29.422,310.0,1728.0,1163,5238,
24.4.2026,14:15:45.842,53.0,54.0,28.000,29.476,268.0,1730.0,1163,5238,
24.4.2026,14:15:46.044,52.0,54.0,30.000,29.177,1753.0,1730.0,1163,5238,
24.4.2026,14:15:46.250,52.0,54.0,29.000,29.347,1755.0,1730.0,1163,5238,
24.4.2026,14:15:46.454,52.0,54.0,29.000,28.789,1754.0,1730.0,1163,5238,
24.4.2026,14:15:46.661,52.0,54.0,29.000,29.014,1756.0,1730.0,1163,5238,
24.4.2026,14:15:46.867,52.0,54.0,29.000,29.128,1757.0,1730.0,1163,5238,
24.4.2026,14:15:47.070,52.0,54.0,29.000,29.610,1757.0,1730.0,1163,5238,
24.4.2026,14:15:47.275,52.0,54.0,29.000,29.809,282.0,1730.0,1163,5238,
24.4.2026,14:15:47.484,52.0,54.0,29.000,30.008,278.0,1730.0,1163,5238,
24.4.2026,14:15:47.683,52.0,53.0,30.000,29.736,1756.0,1730.0,1163,5238,
24.4.2026,14:15:47.886,52.0,54.0,29.000,29.653,296.0,1730.0,1163,5238,
24.4.2026,14:15:48.090,52.0,54.0,29.000,29.633,1756.0,1728.0,1163,5238,
24.4.2026,14:15:48.293,52.0,54.0,29.000,29.656,1756.0,1728.0,1163,5238,
24.4.2026,14:15:48.494,52.0,54.0,29.000,29.389,1756.0,1728.0,1163,5238,
24.4.2026,14:15:48.697,52.0,54.0,28.000,29.027,279.0,1730.0,1163,5238,
24.4.2026,14:15:48.901,52.0,54.0,29.000,28.995,294.0,1730.0,1163,5238,
24.4.2026,14:15:49.105,52.0,54.0,29.000,29.240,1754.0,1730.0,1163,5238,
24.4.2026,14:15:49.311,52.0,54.0,29.000,29.457,1756.0,1730.0,1163,5238,
24.4.2026,14:15:49.512,52.0,54.0,29.000,29.334,1757.0,1730.0,1163,5238,
24.4.2026,14:15:49.716,52.0,54.0,29.000,29.298,1757.0,1730.0,1163,5238,
24.4.2026,14:15:49.922,52.0,53.0,29.000,29.181,1757.0,1730.0,1163,5238,
24.4.2026,14:15:50.120,52.0,53.0,28.000,29.444,277.0,1730.0,1163,5238,
24.4.2026,14:15:50.327,52.0,54.0,29.000,29.494,1755.0,1728.0,1163,5238,
24.4.2026,14:15:50.533,52.0,54.0,29.000,29.600,1756.0,1730.0,1163,5238,
24.4.2026,14:15:50.724,53.0,54.0,29.000,29.345,1757.0,1730.0,1163,5238,
24.4.2026,14:15:50.929,52.0,53.0,29.000,29.418,296.0,1730.0,1163,5238,
24.4.2026,14:15:51.130,52.0,53.0,29.000,29.366,1755.0,1730.0,1163,5238,
24.4.2026,14:15:51.338,52.0,54.0,29.000,29.564,1756.0,1730.0,1163,5238,
24.4.2026,14:15:51.543,52.0,54.0,29.000,29.727,1757.0,1728.0,1163,5238,
24.4.2026,14:15:51.748,53.0,54.0,30.000,29.816,1757.0,1730.0,1163,5238,
24.4.2026,14:15:51.953,52.0,54.0,30.000,30.233,1756.0,1728.0,1163,5238,
24.4.2026,14:15:52.159,52.0,54.0,30.000,30.351,1757.0,1728.0,1163,5238,
24.4.2026,14:15:52.361,52.0,54.0,30.000,30.327,1756.0,1728.0,1163,5238,
24.4.2026,14:15:52.564,52.0,54.0,29.000,30.100,1757.0,1728.0,1163,5238,
24.4.2026,14:15:52.768,52.0,54.0,29.000,29.954,1756.0,1728.0,1163,5238,
24.4.2026,14:15:52.959,52.0,54.0,30.000,29.906,1757.0,1730.0,1163,5238,
24.4.2026,14:15:53.161,52.0,54.0,29.000,29.683,1756.0,1730.0,1163,5238,
24.4.2026,14:15:53.368,52.0,53.0,29.000,29.507,1756.0,1730.0,1163,5238,
24.4.2026,14:15:53.571,52.0,53.0,29.000,29.225,1756.0,1730.0,1163,5238,
24.4.2026,14:15:53.775,52.0,54.0,29.000,29.225,302.0,1730.0,1163,5238,
24.4.2026,14:15:53.979,52.0,53.0,29.000,29.335,308.0,1728.0,1163,5238,
24.4.2026,14:15:54.182,53.0,53.0,29.000,29.221,1705.0,1730.0,1163,5238,
24.4.2026,14:15:54.387,52.0,54.0,29.000,29.443,1750.0,1728.0,1163,5238,
24.4.2026,14:15:54.588,52.0,53.0,29.000,29.529,300.0,1730.0,1163,5238,
24.4.2026,14:15:54.793,52.0,54.0,29.000,29.451,1755.0,1730.0,1163,5238,
24.4.2026,14:15:54.998,53.0,54.0,29.000,29.362,296.0,1730.0,1163,5238,
24.4.2026,14:15:55.209,52.0,54.0,29.000,29.573,302.0,1730.0,1163,5238,
24.4.2026,14:15:55.394,52.0,54.0,29.000,29.847,310.0,1728.0,1163,5238,
24.4.2026,14:15:55.601,52.0,54.0,29.000,29.695,1756.0,1730.0,1163,5238,
24.4.2026,14:15:55.807,52.0,54.0,29.000,29.536,283.0,1730.0,1163,5238,
24.4.2026,14:15:56.011,52.0,54.0,29.000,29.453,293.0,1730.0,1163,5238,
24.4.2026,14:15:56.211,52.0,54.0,29.000,29.500,279.0,1728.0,1163,5238,
24.4.2026,14:15:56.412,52.0,54.0,29.000,29.735,265.0,1728.0,1163,5238,
24.4.2026,14:15:56.622,52.0,53.0,29.000,29.628,275.0,1730.0,1163,5238,
24.4.2026,14:15:56.827,52.0,54.0,29.000,29.520,282.0,1730.0,1163,5238,
24.4.2026,14:15:57.030,53.0,54.0,29.000,29.754,1757.0,1730.0,1163,5238,
24.4.2026,14:15:57.242,52.0,54.0,29.000,29.633,1757.0,1730.0,1163,5238,
24.4.2026,14:15:57.440,52.0,54.0,29.000,29.405,305.0,1730.0,1163,5238,
24.4.2026,14:15:57.630,52.0,53.0,29.000,29.770,1756.0,1730.0,1163,5238,
24.4.2026,14:15:57.837,52.0,54.0,29.000,29.823,265.0,1728.0,1163,5238,
24.4.2026,14:15:58.044,52.0,53.0,29.000,29.556,284.0,1728.0,1163,5238,
24.4.2026,14:15:58.253,52.0,54.0,30.000,29.794,1756.0,1730.0,1163,5238,
24.4.2026,14:15:58.452,52.0,54.0,29.000,29.879,1756.0,1730.0,1163,5238,
24.4.2026,14:15:58.661,52.0,54.0,29.000,29.649,1757.0,1730.0,1163,5238,
24.4.2026,14:15:58.863,52.0,54.0,29.000,29.599,280.0,1728.0,1163,5238,
24.4.2026,14:15:59.069,53.0,54.0,29.000,29.731,1756.0,1730.0,1163,5238,
24.4.2026,14:15:59.271,52.0,54.0,29.000,29.839,1754.0,1730.0,1163,5238,
24.4.2026,14:15:59.486,52.0,54.0,29.000,29.937,1756.0,1728.0,1163,5238,
24.4.2026,14:15:59.686,52.0,54.0,30.000,29.735,1756.0,1728.0,1163,5238,
24.4.2026,14:15:59.895,52.0,54.0,30.000,29.906,293.0,1728.0,1163,5238,
24.4.2026,14:16:0.103,52.0,54.0,29.000,29.678,277.0,1730.0,1163,5238,
24.4.2026,14:16:0.304,52.0,54.0,29.000,29.846,284.0,1730.0,1163,5238,
24.4.2026,14:16:0.505,53.0,54.0,29.000,29.534,305.0,1728.0,1163,5238,
24.4.2026,14:16:0.712,53.0,54.0,30.000,29.477,1756.0,1728.0,1163,5238,
24.4.2026,14:16:0.919,53.0,54.0,30.000,29.662,1757.0,1730.0,1163,5238,
24.4.2026,14:16:1.124,52.0,54.0,29.000,29.690,1756.0,1730.0,1163,5238,
24.4.2026,14:16:1.328,52.0,54.0,29.000,29.296,300.0,1730.0,1163,5238,
24.4.2026,14:16:1.532,52.0,54.0,29.000,29.372,1756.0,1728.0,1163,5238,
24.4.2026,14:16:1.724,52.0,54.0,29.000,29.515,290.0,1730.0,1163,5238,
24.4.2026,14:16:1.941,52.0,54.0,29.000,29.503,1754.0,1730.0,1163,5238,
24.4.2026,14:16:2.147,53.0,54.0,30.000,29.683,1756.0,1730.0,1163,5238,
24.4.2026,14:16:2.348,52.0,54.0,29.000,29.690,1756.0,1730.0,1163,5238,
24.4.2026,14:16:2.554,53.0,54.0,29.000,29.385,315.0,1730.0,1163,5238,
24.4.2026,14:16:2.761,52.0,54.0,29.000,29.485,301.0,1728.0,1163,5238,
24.4.2026,14:16:2.966,52.0,54.0,29.000,29.173,1754.0,1730.0,1163,5238,
24.4.2026,14:16:3.168,52.0,54.0,29.000,29.297,1756.0,1730.0,1163,5238,
24.4.2026,14:16:3.373,53.0,54.0,29.000,29.366,1756.0,1728.0,1163,5238,
24.4.2026,14:16:3.581,52.0,54.0,29.000,29.481,1756.0,1728.0,1163,5238,
24.4.2026,14:16:3.786,52.0,54.0,30.000,29.686,1757.0,1730.0,1163,5238,
24.4.2026,14:16:3.972,53.0,54.0,30.000,29.937,1757.0,1728.0,1163,5238,
24.4.2026,14:16:4.178,52.0,54.0,29.000,29.831,1756.0,1730.0,1163,5238,
24.4.2026,14:16:4.381,53.0,54.0,29.000,29.675,1756.0,1730.0,1163,5238,
24.4.2026,14:16:4.585,53.0,54.0,29.000,29.665,1757.0,1730.0,1163,5238,
24.4.2026,14:16:4.787,53.0,54.0,29.000,29.703,1757.0,1730.0,1163,5238,
24.4.2026,14:16:4.994,52.0,54.0,29.000,29.455,1756.0,1728.0,1163,5238,
24.4.2026,14:16:5.200,53.0,54.0,29.000,29.381,1716.0,1730.0,1163,5238,
24.4.2026,14:16:5.403,53.0,54.0,29.000,29.336,1749.0,1730.0,1163,5238,
24.4.2026,14:16:5.604,53.0,54.0,29.000,29.528,291.0,1728.0,1163,5238,
24.4.2026,14:16:5.806,52.0,54.0,29.000,29.451,1757.0,1730.0,1163,5238,
24.4.2026,14:16:6.015,52.0,54.0,30.000,29.345,1757.0,1728.0,1163,5238,
24.4.2026,14:16:6.221,52.0,54.0,29.000,29.586,1757.0,1730.0,1163,5238,
24.4.2026,14:16:6.424,53.0,54.0,29.000,29.520,291.0,1728.0,1163,5238,
24.4.2026,14:16:6.626,52.0,54.0,28.000,29.403,290.0,1728.0,1163,5238,
24.4.2026,14:16:6.834,53.0,54.0,29.000,29.463,1756.0,1728.0,1163,5238,
24.4.2026,14:16:7.035,53.0,54.0,29.000,29.599,1757.0,1730.0,1163,5238,
24.4.2026,14:16:7.224,52.0,53.0,29.000,29.566,299.0,1730.0,1163,5238,
24.4.2026,14:16:7.431,52.0,54.0,28.000,29.511,259.0,1730.0,1163,5238,
24.4.2026,14:16:7.637,52.0,54.0,29.000,29.250,1754.0,1728.0,1163,5238,
24.4.2026,14:16:7.852,53.0,54.0,29.000,29.446,1757.0,1730.0,1163,5238,
24.4.2026,14:16:8.046,52.0,54.0,29.000,29.506,1756.0,1730.0,1163,5238,
24.4.2026,14:16:8.250,52.0,54.0,29.000,29.678,1756.0,1728.0,1163,5238,
24.4.2026,14:16:8.450,52.0,54.0,29.000,29.767,1757.0,1728.0,1163,5238,
24.4.2026,14:16:8.653,52.0,54.0,29.000,29.923,281.0,1728.0,1163,5238,
24.4.2026,14:16:8.865,52.0,54.0,30.000,29.654,1753.0,1728.0,1163,5238,
24.4.2026,14:16:9.062,53.0,54.0,29.000,29.558,1757.0,1728.0,1163,5238,
24.4.2026,14:16:9.264,53.0,54.0,29.000,29.642,1757.0,1730.0,1163,5238,
24.4.2026,14:16:9.468,52.0,54.0,29.000,29.636,1756.0,1728.0,1163,5238,
24.4.2026,14:16:9.668,52.0,54.0,29.000,29.586,1756.0,1730.0,1163,5238,
24.4.2026,14:16:9.869,52.0,54.0,29.000,29.586,1756.0,1730.0,1163,5238,
24.4.2026,14:16:10.073,52.0,53.0,29.000,29.276,300.0,1728.0,1163,5238,
24.4.2026,14:16:10.275,52.0,54.0,29.000,29.497,1756.0,1730.0,1163,5238,
24.4.2026,14:16:10.481,53.0,54.0,29.000,29.522,280.0,1728.0,1163,5238,
24.4.2026,14:16:10.683,52.0,54.0,29.000,29.759,281.0,1730.0,1163,5238,
24.4.2026,14:16:10.883,52.0,54.0,29.000,29.538,282.0,1730.0,1163,5238,
24.4.2026,14:16:11.088,53.0,54.0,29.000,29.617,1756.0,1730.0,1163,5238,
24.4.2026,14:16:11.304,53.0,54.0,29.000,29.734,265.0,1730.0,1163,5238,
24.4.2026,14:16:11.504,53.0,54.0,29.000,29.736,1756.0,1730.0,1163,5238,
24.4.2026,14:16:11.707,52.0,54.0,29.000,29.832,253.0,1728.0,1163,5238,
24.4.2026,14:16:11.926,52.0,54.0,29.000,29.540,274.0,1728.0,1163,5238,
24.4.2026,14:16:12.121,53.0,54.0,29.000,29.518,1748.0,1730.0,1163,5238,
24.4.2026,14:16:12.327,52.0,54.0,29.000,29.855,1757.0,1730.0,1163,5238,
24.4.2026,14:16:12.540,52.0,54.0,29.000,29.667,273.0,1730.0,1163,5238,
24.4.2026,14:16:12.735,53.0,54.0,29.000,29.598,265.0,1730.0,1163,5238,
24.4.2026,14:16:12.945,52.0,54.0,29.000,29.617,284.0,1728.0,1163,5238,
24.4.2026,14:16:13.140,52.0,54.0,29.000,29.501,294.0,1730.0,1163,5238,
24.4.2026,14:16:13.341,52.0,54.0,29.000,29.720,279.0,1730.0,1163,5238,
24.4.2026,14:16:13.545,52.0,54.0,29.000,29.550,275.0,1728.0,1163,5238,
24.4.2026,14:16:13.748,52.0,54.0,29.000,29.827,1751.0,1730.0,1163,5238,
24.4.2026,14:16:13.956,52.0,53.0,29.000,29.682,279.0,1728.0,1163,5238,
24.4.2026,14:16:14.161,52.0,54.0,29.000,29.479,1756.0,1728.0,1163,5238,
24.4.2026,14:16:14.364,53.0,54.0,29.000,29.391,1757.0,1730.0,1163,5238,
24.4.2026,14:16:14.569,52.0,54.0,29.000,29.526,279.0,1730.0,1163,5238,
24.4.2026,14:16:14.774,52.0,54.0,29.000,29.797,307.0,1728.0,1163,5238,
24.4.2026,14:16:14.978,53.0,54.0,29.000,29.865,260.0,1730.0,1163,5238,
24.4.2026,14:16:15.181,53.0,53.0,29.000,29.497,1754.0,1730.0,1163,5238,
24.4.2026,14:16:15.385,53.0,54.0,29.000,29.771,278.0,1730.0,1163,5238,
24.4.2026,14:16:15.589,52.0,54.0,29.000,29.479,1756.0,1730.0,1163,5238,
24.4.2026,14:16:15.791,53.0,54.0,29.000,30.013,1756.0,1730.0,1163,5238,
24.4.2026,14:16:15.994,53.0,54.0,30.000,30.191,1756.0,1730.0,1163,5238,
24.4.2026,14:16:16.200,52.0,54.0,30.000,30.371,1757.0,1730.0,1163,5238,
24.4.2026,14:16:16.401,52.0,54.0,30.000,30.393,1757.0,1730.0,1163,5238,
24.4.2026,14:16:16.604,52.0,54.0,29.000,30.088,1756.0,1728.0,1163,5238,
24.4.2026,14:16:16.809,52.0,54.0,30.000,29.819,1756.0,1730.0,1163,5238,
24.4.2026,14:16:17.016,53.0,54.0,29.000,29.901,1757.0,1728.0,1163,5238,
24.4.2026,14:16:17.228,53.0,54.0,30.000,29.964,1756.0,1728.0,1163,5238,
24.4.2026,14:16:17.427,52.0,53.0,29.000,29.881,1756.0,1728.0,1163,5238,
24.4.2026,14:16:17.633,53.0,54.0,29.000,29.494,1756.0,1730.0,1163,5238,
24.4.2026,14:16:17.847,52.0,54.0,28.000,29.597,245.0,1730.0,1163,5238,
24.4.2026,14:16:18.045,52.0,54.0,29.000,29.328,286.0,1730.0,1163,5238,
24.4.2026,14:16:18.247,52.0,54.0,29.000,29.327,301.0,1730.0,1163,5238,
24.4.2026,14:16:18.464,52.0,54.0,29.000,29.296,1756.0,1730.0,1163,5238,
24.4.2026,14:16:18.658,53.0,54.0,29.000,29.427,290.0,1730.0,1163,5238,
24.4.2026,14:16:18.848,52.0,54.0,29.000,29.582,1732.0,1730.0,1163,5238,
24.4.2026,14:16:19.055,53.0,54.0,30.000,29.898,1755.0,1730.0,1163,5238,
24.4.2026,14:16:19.260,52.0,54.0,29.000,29.866,276.0,1728.0,1163,5238,
24.4.2026,14:16:19.492,53.0,54.0,29.000,29.857,309.0,1730.0,1163,5238,
24.4.2026,14:16:19.671,53.0,54.0,29.000,29.726,295.0,1730.0,1163,5238,
24.4.2026,14:16:19.879,52.0,54.0,29.000,29.328,251.0,1730.0,1163,5238,
24.4.2026,14:16:20.068,52.0,54.0,29.000,29.618,1737.0,1730.0,1163,5238,
24.4.2026,14:16:20.276,53.0,54.0,29.000,29.720,1752.0,1728.0,1163,5238,
24.4.2026,14:16:20.486,52.0,54.0,30.000,29.550,1756.0,1730.0,1163,5238,
24.4.2026,14:16:20.688,53.0,54.0,29.000,29.707,1756.0,1730.0,1163,5238,
24.4.2026,14:16:20.894,52.0,54.0,29.000,29.452,1756.0,1728.0,1163,5238,
24.4.2026,14:16:21.083,53.0,54.0,29.000,29.469,1757.0,1730.0,1163,5238,
24.4.2026,14:16:21.296,53.0,54.0,29.000,29.684,291.0,1730.0,1163,5238,
24.4.2026,14:16:21.507,53.0,54.0,29.000,29.249,1753.0,1730.0,1163,5238,
24.4.2026,14:16:21.701,52.0,54.0,29.000,29.338,303.0,1730.0,1163,5238,
24.4.2026,14:16:21.907,53.0,54.0,29.000,29.252,1756.0,1728.0,1163,5238,
24.4.2026,14:16:22.110,52.0,54.0,29.000,29.341,1757.0,1730.0,1163,5238,
24.4.2026,14:16:22.314,52.0,54.0,29.000,29.446,1757.0,1730.0,1163,5238,
24.4.2026,14:16:22.519,52.0,55.0,29.000,29.467,284.0,1730.0,1163,5238,
24.4.2026,14:16:22.722,53.0,54.0,29.000,29.771,1754.0,1730.0,1163,5238,
24.4.2026,14:16:22.910,52.0,54.0,29.000,29.134,1755.0,1730.0,1163,5238,
24.4.2026,14:16:23.131,52.0,54.0,29.000,29.367,1757.0,1730.0,1163,5238,
24.4.2026,14:16:23.335,52.0,54.0,29.000,29.056,1756.0,1730.0,1163,5238,
24.4.2026,14:16:23.536,53.0,54.0,29.000,29.340,1756.0,1730.0,1163,5238,
24.4.2026,14:16:23.739,53.0,54.0,29.000,29.330,286.0,1728.0,1163,5238,
24.4.2026,14:16:23.947,52.0,54.0,29.000,29.209,296.0,1730.0,1163,5238,
24.4.2026,14:16:24.150,53.0,54.0,29.000,29.393,299.0,1730.0,1163,5238,
24.4.2026,14:16:24.356,52.0,54.0,29.000,29.476,1756.0,1730.0,1163,5238,
24.4.2026,14:16:24.552,52.0,54.0,29.000,29.581,1756.0,1730.0,1163,5238,
24.4.2026,14:16:24.757,53.0,54.0,28.000,29.514,277.0,1730.0,1163,5238,
24.4.2026,14:16:24.965,53.0,53.0,29.000,29.341,292.0,1730.0,1163,5238,
24.4.2026,14:16:25.172,53.0,54.0,29.000,29.482,1756.0,1728.0,1163,5238,
24.4.2026,14:16:25.371,53.0,54.0,29.000,29.371,275.0,1728.0,1163,5238,
24.4.2026,14:16:25.575,53.0,55.0,29.000,29.297,1755.0,1730.0,1163,5238,
24.4.2026,14:16:25.777,53.0,54.0,29.000,29.153,1755.0,1728.0,1163,5238,
24.4.2026,14:16:25.985,53.0,54.0,29.000,29.171,1757.0,1730.0,1163,5238,
24.4.2026,14:16:26.187,53.0,54.0,29.000,29.363,294.0,1728.0,1163,5238,
24.4.2026,14:16:26.392,52.0,54.0,29.000,29.357,1756.0,1730.0,1163,5238,
24.4.2026,14:16:26.596,52.0,54.0,29.000,29.514,1756.0,1730.0,1163,5238,
24.4.2026,14:16:26.800,52.0,54.0,29.000,29.668,283.0,1730.0,1163,5238,
24.4.2026,14:16:27.002,53.0,54.0,29.000,29.558,278.0,1730.0,1163,5238,
24.4.2026,14:16:27.205,53.0,54.0,29.000,29.686,257.0,1730.0,1163,5238,
24.4.2026,14:16:27.407,53.0,54.0,29.000,29.550,289.0,1730.0,1163,5238,
24.4.2026,14:16:27.598,52.0,54.0,29.000,29.744,294.0,1728.0,1163,5238,
24.4.2026,14:16:27.804,53.0,54.0,29.000,29.545,1756.0,1728.0,1163,5238,
24.4.2026,14:16:28.006,52.0,54.0,30.000,30.004,1756.0,1730.0,1163,5238,
24.4.2026,14:16:28.209,52.0,54.0,28.000,29.988,250.0,1728.0,1163,5238,
24.4.2026,14:16:28.416,52.0,54.0,29.000,29.558,1757.0,1730.0,1163,5238,
24.4.2026,14:16:28.622,53.0,54.0,30.000,29.787,1756.0,1730.0,1163,5238,
24.4.2026,14:16:28.829,52.0,54.0,30.000,30.146,1756.0,1730.0,1163,5238,
24.4.2026,14:16:29.035,52.0,54.0,30.000,30.267,1756.0,1730.0,1163,5238,
24.4.2026,14:16:29.239,52.0,54.0,29.000,30.140,261.0,1728.0,1163,5238,
24.4.2026,14:16:29.442,53.0,54.0,29.000,29.767,1756.0,1730.0,1163,5238,
24.4.2026,14:16:29.648,53.0,54.0,28.000,29.360,261.0,1730.0,1163,5238,
24.4.2026,14:16:29.853,53.0,54.0,29.000,29.024,268.0,1728.0,1163,5238,
24.4.2026,14:16:30.058,53.0,54.0,29.000,29.319,293.0,1730.0,1163,5238,
24.4.2026,14:16:30.259,53.0,54.0,30.000,29.736,1756.0,1728.0,1163,5238,
24.4.2026,14:16:30.463,52.0,54.0,29.000,29.802,1756.0,1728.0,1163,5238,
24.4.2026,14:16:30.664,53.0,54.0,28.000,29.577,273.0,1728.0,1163,5238,
24.4.2026,14:16:30.868,53.0,54.0,29.000,29.323,269.0,1730.0,1163,5238,
24.4.2026,14:16:31.073,52.0,54.0,30.000,29.758,1752.0,1728.0,1163,5238,
24.4.2026,14:16:31.278,52.0,54.0,30.000,29.815,1756.0,1730.0,1163,5238,
24.4.2026,14:16:31.482,53.0,54.0,30.000,29.984,1756.0,1730.0,1163,5238,
24.4.2026,14:16:31.690,52.0,54.0,30.000,30.037,1756.0,1728.0,1163,5238,
24.4.2026,14:16:31.880,53.0,54.0,29.000,29.891,1757.0,1730.0,1163,5238,
24.4.2026,14:16:32.098,52.0,54.0,28.000,29.886,254.0,1730.0,1163,5238,
24.4.2026,14:16:32.303,52.0,53.0,30.000,29.728,1749.0,1730.0,1163,5238,
24.4.2026,14:16:32.507,53.0,54.0,29.000,29.935,297.0,1728.0,1163,5238,
24.4.2026,14:16:32.713,53.0,54.0,29.000,29.693,291.0,1730.0,1163,5238,
24.4.2026,14:16:32.915,53.0,54.0,29.000,29.597,1756.0,1728.0,1163,5238,
24.4.2026,14:16:33.129,53.0,54.0,29.000,29.465,1756.0,1730.0,1163,5238,
24.4.2026,14:16:33.328,52.0,54.0,28.000,29.128,267.0,1730.0,1163,5238,
24.4.2026,14:16:33.531,53.0,54.0,29.000,28.952,1756.0,1730.0,1163,5238,
24.4.2026,14:16:33.735,53.0,54.0,29.000,29.648,1757.0,1728.0,1163,5238,
24.4.2026,14:16:33.925,53.0,54.0,29.000,29.283,288.0,1728.0,1163,5238,
24.4.2026,14:16:34.144,53.0,54.0,29.000,29.840,1750.0,1730.0,1163,5238,
24.4.2026,14:16:34.342,53.0,54.0,29.000,29.653,1756.0,1730.0,1163,5238,
24.4.2026,14:16:34.548,53.0,54.0,29.000,29.592,1756.0,1730.0,1163,5238,
24.4.2026,14:16:34.752,53.0,54.0,29.000,29.547,1756.0,1728.0,1163,5238,
24.4.2026,14:16:34.955,52.0,54.0,29.000,29.270,293.0,1728.0,1163,5238,
24.4.2026,14:16:35.158,52.0,55.0,29.000,29.517,1752.0,1730.0,1163,5238,
24.4.2026,14:16:35.358,53.0,54.0,29.000,29.599,1755.0,1730.0,1163,5238,
24.4.2026,14:16:35.559,52.0,54.0,29.000,29.499,309.0,1730.0,1163,5238,
24.4.2026,14:16:35.766,52.0,54.0,29.000,29.185,307.0,1730.0,1163,5238,
24.4.2026,14:16:35.969,53.0,54.0,29.000,29.312,293.0,1728.0,1163,5238,
24.4.2026,14:16:36.175,52.0,54.0,29.000,29.641,281.0,1730.0,1163,5238,
24.4.2026,14:16:36.378,52.0,54.0,29.000,29.616,1756.0,1730.0,1163,5238,
24.4.2026,14:16:36.584,53.0,54.0,29.000,29.730,1756.0,1728.0,1163,5238,
24.4.2026,14:16:36.791,53.0,54.0,29.000,29.509,1756.0,1730.0,1163,5238,
24.4.2026,14:16:36.997,53.0,54.0,29.000,29.804,287.0,1730.0,1163,5238,
24.4.2026,14:16:37.198,52.0,54.0,30.000,29.740,1754.0,1730.0,1163,5238,
24.4.2026,14:16:37.400,52.0,54.0,29.000,29.921,301.0,1728.0,1163,5238,
24.4.2026,14:16:37.606,53.0,54.0,29.000,29.914,1756.0,1730.0,1163,5238,
24.4.2026,14:16:37.811,53.0,54.0,29.000,29.682,301.0,1728.0,1163,5238,
24.4.2026,14:16:38.012,52.0,54.0,29.000,29.623,1756.0,1730.0,1163,5238,
24.4.2026,14:16:38.210,53.0,54.0,29.000,29.858,281.0,1730.0,1163,5238,
24.4.2026,14:16:38.415,52.0,54.0,29.000,29.831,289.0,1728.0,1163,5238,
24.4.2026,14:16:38.619,53.0,54.0,30.000,30.095,1755.0,1728.0,1163,5238,
24.4.2026,14:16:38.825,52.0,54.0,29.000,29.835,1756.0,1730.0,1163,5238,
24.4.2026,14:16:39.027,52.0,54.0,29.000,29.733,1757.0,1728.0,1163,5238,
24.4.2026,14:16:39.235,53.0,54.0,30.000,29.738,1729.0,1728.0,1163,5238,
24.4.2026,14:16:39.427,52.0,54.0,29.000,30.127,1753.0,1730.0,1163,5238,
24.4.2026,14:16:39.644,53.0,54.0,29.000,29.888,1756.0,1728.0,1163,5238,
24.4.2026,14:16:39.834,53.0,54.0,29.000,29.703,1756.0,1730.0,1163,5238,
24.4.2026,14:16:40.040,53.0,55.0,29.000,29.664,1756.0,1728.0,1163,5238,
24.4.2026,14:16:40.242,53.0,54.0,30.000,30.006,1756.0,1728.0,1163,5238,
24.4.2026,14:16:40.443,53.0,55.0,30.000,30.225,1755.0,1728.0,1163,5238,
24.4.2026,14:16:40.648,53.0,54.0,30.000,30.243,1757.0,1728.0,1163,5238,
24.4.2026,14:16:40.854,53.0,54.0,30.000,30.296,1756.0,1730.0,1163,5238,
24.4.2026,14:16:41.059,53.0,54.0,30.000,30.158,1755.0,1730.0,1163,5238,
24.4.2026,14:16:41.264,53.0,54.0,30.000,30.231,1756.0,1730.0,1163,5238,
24.4.2026,14:16:41.468,52.0,54.0,30.000,30.236,1756.0,1728.0,1163,5238,
24.4.2026,14:16:41.661,53.0,54.0,29.000,29.897,1757.0,1730.0,1163,5238,
24.4.2026,14:16:41.866,53.0,54.0,29.000,29.717,1757.0,1730.0,1163,5238,
24.4.2026,14:16:42.070,52.0,54.0,29.000,29.708,275.0,1730.0,1163,5238,
24.4.2026,14:16:42.279,52.0,54.0,29.000,29.570,246.0,1730.0,1163,5238,
24.4.2026,14:16:42.483,53.0,54.0,29.000,29.673,301.0,1728.0,1163,5238,
24.4.2026,14:16:42.687,53.0,54.0,30.000,29.719,1754.0,1728.0,1163,5238,
24.4.2026,14:16:42.897,52.0,54.0,29.000,29.656,1756.0,1728.0,1163,5238,
24.4.2026,14:16:43.101,52.0,54.0,29.000,29.485,301.0,1730.0,1163,5238,
24.4.2026,14:16:43.306,53.0,54.0,29.000,29.443,1757.0,1728.0,1163,5238,
24.4.2026,14:16:43.513,53.0,54.0,29.000,29.564,264.0,1730.0,1163,5238,
24.4.2026,14:16:43.715,53.0,54.0,28.000,29.086,249.0,1728.0,1163,5238,
24.4.2026,14:16:43.921,53.0,54.0,29.000,29.501,300.0,1728.0,1163,5238,
24.4.2026,14:16:44.124,52.0,54.0,29.000,29.771,1756.0,1730.0,1163,5238,
24.4.2026,14:16:44.330,53.0,54.0,30.000,29.704,1756.0,1730.0,1163,5238,
24.4.2026,14:16:44.521,53.0,53.0,29.000,29.649,1756.0,1730.0,1163,5238,
24.4.2026,14:16:44.728,52.0,54.0,29.000,29.716,272.0,1730.0,1163,5238,
24.4.2026,14:16:44.929,52.0,54.0,30.000,29.877,1756.0,1728.0,1163,5238,
24.4.2026,14:16:45.137,52.0,54.0,29.000,29.799,1756.0,1730.0,1163,5238,
24.4.2026,14:16:45.338,52.0,54.0,30.000,29.753,1757.0,1730.0,1163,5238,
24.4.2026,14:16:45.542,52.0,54.0,29.000,29.909,1721.0,1730.0,1163,5238,
24.4.2026,14:16:45.753,52.0,53.0,29.000,29.747,292.0,1730.0,1163,5238,
24.4.2026,14:16:45.944,52.0,53.0,29.000,29.747,292.0,1730.0,1163,5238,
24.4.2026,14:16:46.153,52.0,53.0,29.000,29.833,1755.0,1728.0,1163,5238,
24.4.2026,14:16:46.358,52.0,53.0,29.000,29.844,286.0,1730.0,1163,5238,
24.4.2026,14:16:46.566,51.0,53.0,30.000,29.781,1756.0,1730.0,1163,5238,
24.4.2026,14:16:46.756,52.0,53.0,29.000,29.831,285.0,1728.0,1163,5238,
24.4.2026,14:16:46.958,52.0,53.0,30.000,29.829,1757.0,1728.0,1163,5238,
24.4.2026,14:16:47.164,52.0,53.0,29.000,29.869,260.0,1728.0,1163,5238,
24.4.2026,14:16:47.369,52.0,53.0,29.000,29.663,285.0,1730.0,1163,5238,
24.4.2026,14:16:47.572,51.0,53.0,29.000,29.578,288.0,1730.0,1163,5238,
24.4.2026,14:16:47.779,52.0,53.0,28.000,29.364,243.0,1730.0,1163,5238,
24.4.2026,14:16:47.983,51.0,53.0,29.000,29.424,297.0,1728.0,1163,5238,
24.4.2026,14:16:48.188,51.0,53.0,29.000,29.651,1757.0,1728.0,1163,5238,
24.4.2026,14:16:48.391,51.0,53.0,29.000,29.376,1757.0,1730.0,1163,5238,
24.4.2026,14:16:48.592,51.0,53.0,29.000,29.574,292.0,1730.0,1163,5238,
24.4.2026,14:16:48.806,51.0,53.0,29.000,29.752,286.0,1730.0,1163,5238,
24.4.2026,14:16:48.999,51.0,53.0,29.000,29.682,1756.0,1730.0,1163,5238,
24.4.2026,14:16:49.202,51.0,53.0,29.000,29.485,278.0,1728.0,1163,5238,
24.4.2026,14:16:49.404,50.0,52.0,29.000,29.316,1741.0,1730.0,1163,5238,
24.4.2026,14:16:49.607,51.0,53.0,29.000,29.215,281.0,1730.0,1163,5238,
24.4.2026,14:16:49.820,51.0,52.0,29.000,29.421,307.0,1728.0,1163,5238,
24.4.2026,14:16:50.013,51.0,53.0,29.000,29.211,1756.0,1730.0,1163,5238,
24.4.2026,14:16:50.213,50.0,53.0,28.000,29.371,254.0,1728.0,1163,5238,
24.4.2026,14:16:50.428,51.0,52.0,29.000,29.110,286.0,1730.0,1163,5238,
24.4.2026,14:16:50.623,50.0,52.0,28.000,29.204,252.0,1728.0,1163,5238,
24.4.2026,14:16:50.826,50.0,52.0,29.000,29.223,1753.0,1730.0,1163,5238,
24.4.2026,14:16:51.032,51.0,52.0,29.000,29.420,290.0,1730.0,1163,5238,
24.4.2026,14:16:51.223,51.0,52.0,28.000,29.467,263.0,1730.0,1163,5238,
24.4.2026,14:16:51.429,51.0,52.0,29.000,29.675,1757.0,1730.0,1163,5238,
24.4.2026,14:16:51.635,51.0,52.0,29.000,29.431,1745.0,1730.0,1163,5238,
24.4.2026,14:16:51.837,50.0,52.0,29.000,29.800,1755.0,1730.0,1163,5238,
24.4.2026,14:16:52.045,50.0,52.0,30.000,29.657,1757.0,1730.0,1163,5238,
24.4.2026,14:16:52.251,50.0,52.0,30.000,29.667,1756.0,1730.0,1163,5238,
24.4.2026,14:16:52.456,50.0,52.0,30.000,30.011,1757.0,1730.0,1163,5238,
24.4.2026,14:16:52.674,50.0,52.0,29.000,29.893,1756.0,1730.0,1163,5238,
24.4.2026,14:16:52.890,51.0,52.0,30.000,29.844,1756.0,1730.0,1163,5238,
24.4.2026,14:16:53.070,50.0,52.0,30.000,29.907,1757.0,1728.0,1163,5238,
24.4.2026,14:16:53.276,50.0,52.0,30.000,30.037,1757.0,1730.0,1163,5238,
24.4.2026,14:16:53.476,50.0,51.0,30.000,29.923,1757.0,1728.0,1163,5238,
24.4.2026,14:16:53.685,50.0,52.0,30.000,29.978,1757.0,1730.0,1163,5238,
24.4.2026,14:16:53.891,50.0,52.0,29.000,29.586,1757.0,1730.0,1163,5238,
24.4.2026,14:16:54.095,50.0,51.0,29.000,29.381,277.0,1730.0,1163,5238,
24.4.2026,14:16:54.302,50.0,51.0,29.000,29.246,1747.0,1730.0,1163,5238,
24.4.2026,14:16:54.518,50.0,52.0,29.000,29.192,302.0,1730.0,1163,5238,
24.4.2026,14:16:54.710,50.0,51.0,29.000,29.230,1756.0,1730.0,1163,5238,
24.4.2026,14:16:54.910,49.0,52.0,29.000,29.564,1757.0,1730.0,1163,5238,
24.4.2026,14:16:55.124,50.0,51.0,29.000,29.447,293.0,1730.0,1163,5238,
24.4.2026,14:16:55.328,50.0,51.0,28.000,29.304,276.0,1730.0,1163,5238,
24.4.2026,14:16:55.531,50.0,51.0,29.000,29.179,302.0,1730.0,1163,5238,
24.4.2026,14:16:55.761,50.0,51.0,29.000,29.267,1756.0,1728.0,1163,5238,
24.4.2026,14:16:55.940,49.0,51.0,28.000,29.191,289.0,1730.0,1163,5238,
24.4.2026,14:16:56.130,49.0,51.0,29.000,28.885,1757.0,1728.0,1163,5238,
24.4.2026,14:16:56.345,49.0,51.0,29.000,28.927,1757.0,1730.0,1163,5238,
24.4.2026,14:16:56.552,49.0,51.0,29.000,28.995,297.0,1728.0,1163,5238,
24.4.2026,14:16:56.769,49.0,51.0,28.000,28.865,1676.0,1728.0,1163,5238,
24.4.2026,14:16:56.998,49.0,51.0,29.000,28.962,1727.0,1730.0,1163,5238,
24.4.2026,14:16:57.175,48.0,51.0,29.000,29.095,1755.0,1730.0,1163,5238,
24.4.2026,14:16:57.383,49.0,50.0,29.000,29.221,1757.0,1728.0,1163,5238,
24.4.2026,14:16:57.590,49.0,51.0,29.000,28.928,1756.0,1728.0,1163,5238,
24.4.2026,14:16:57.798,48.0,50.0,29.000,29.037,1756.0,1730.0,1163,5238,
24.4.2026,14:16:57.998,49.0,50.0,29.000,28.990,1756.0,1728.0,1163,5238,
24.4.2026,14:16:58.203,49.0,51.0,29.000,29.137,294.0,1730.0,1163,5238,
24.4.2026,14:16:58.409,49.0,50.0,29.000,28.977,1752.0,1730.0,1163,5238,
24.4.2026,14:16:58.602,49.0,50.0,29.000,28.853,1755.0,1730.0,1163,5238,
24.4.2026,14:16:58.810,49.0,51.0,28.000,29.196,293.0,1730.0,1163,5238,
24.4.2026,14:16:59.016,49.0,50.0,28.000,28.981,277.0,1730.0,1163,5238,
24.4.2026,14:16:59.216,48.0,50.0,29.000,29.004,1757.0,1730.0,1163,5238,
24.4.2026,14:16:59.420,49.0,50.0,29.000,28.910,1756.0,1730.0,1163,5238,
24.4.2026,14:16:59.625,48.0,50.0,28.000,29.251,301.0,1730.0,1163,5238,
24.4.2026,14:16:59.830,48.0,50.0,28.000,28.894,290.0,1730.0,1163,5238,
24.4.2026,14:17:0.020,48.0,50.0,28.000,28.908,295.0,1730.0,1163,5238,
24.4.2026,14:17:0.240,49.0,50.0,29.000,29.044,1756.0,1730.0,1163,5238,
24.4.2026,14:17:0.446,48.0,50.0,29.000,29.391,1756.0,1730.0,1163,5238,
24.4.2026,14:17:0.649,48.0,50.0,29.000,29.432,296.0,1730.0,1163,5238,
24.4.2026,14:17:0.852,48.0,49.0,29.000,29.362,269.0,1730.0,1163,5238,
24.4.2026,14:17:1.055,48.0,50.0,29.000,29.285,286.0,1730.0,1163,5238,
24.4.2026,14:17:1.262,48.0,50.0,28.000,29.510,266.0,1728.0,1163,5238,
24.4.2026,14:17:1.471,48.0,50.0,29.000,29.669,287.0,1730.0,1163,5238,
24.4.2026,14:17:1.674,48.0,50.0,28.000,29.366,280.0,1730.0,1163,5238,
24.4.2026,14:17:1.880,48.0,49.0,29.000,29.147,272.0,1730.0,1163,5238,
24.4.2026,14:17:2.080,48.0,50.0,29.000,29.360,1756.0,1728.0,1163,5238,
24.4.2026,14:17:2.287,48.0,49.0,29.000,29.338,1757.0,1730.0,1163,5238,
24.4.2026,14:17:2.492,48.0,50.0,28.000,29.148,294.0,1728.0,1163,5238,
24.4.2026,14:17:2.708,48.0,49.0,29.000,29.050,1757.0,1730.0,1163,5238,
24.4.2026,14:17:2.897,48.0,49.0,28.000,29.366,268.0,1730.0,1163,5238,
24.4.2026,14:17:3.101,48.0,49.0,29.000,29.138,290.0,1730.0,1163,5238,
24.4.2026,14:17:3.304,48.0,49.0,29.000,29.266,1756.0,1728.0,1163,5238,
24.4.2026,14:17:3.511,48.0,50.0,29.000,29.287,1756.0,1728.0,1163,5238,
24.4.2026,14:17:3.712,48.0,50.0,29.000,29.303,1756.0,1728.0,1163,5238,
24.4.2026,14:17:3.916,48.0,49.0,29.000,29.192,297.0,1728.0,1163,5238,
24.4.2026,14:17:4.120,48.0,49.0,29.000,29.107,311.0,1730.0,1163,5238,
24.4.2026,14:17:4.328,48.0,49.0,29.000,29.179,1757.0,1728.0,1163,5238,
24.4.2026,14:17:4.534,48.0,50.0,29.000,29.165,1757.0,1730.0,1163,5238,
24.4.2026,14:17:4.742,48.0,50.0,29.000,29.476,1757.0,1730.0,1163,5238,
24.4.2026,14:17:4.948,48.0,49.0,29.000,29.341,1757.0,1730.0,1163,5238,
24.4.2026,14:17:5.152,48.0,49.0,29.000,29.254,1756.0,1728.0,1163,5238,
24.4.2026,14:17:5.355,48.0,50.0,29.000,29.347,1758.0,1728.0,1163,5238,
24.4.2026,14:17:5.562,48.0,50.0,29.000,29.481,1757.0,1730.0,1163,5238,
24.4.2026,14:17:5.755,48.0,49.0,29.000,29.577,1757.0,1730.0,1163,5238,
24.4.2026,14:17:5.960,47.0,49.0,29.000,29.532,310.0,1730.0,1163,5238,
24.4.2026,14:17:6.162,48.0,49.0,29.000,29.101,1757.0,1730.0,1163,5238,
24.4.2026,14:17:6.367,47.0,49.0,29.000,29.280,1757.0,1730.0,1163,5238,
24.4.2026,14:17:6.568,48.0,50.0,29.000,29.372,1756.0,1730.0,1163,5238,
24.4.2026,14:17:6.777,48.0,49.0,28.000,28.894,284.0,1730.0,1163,5238,
24.4.2026,14:17:6.977,48.0,50.0,29.000,29.080,1754.0,1730.0,1163,5238,
24.4.2026,14:17:7.181,48.0,49.0,29.000,29.272,1756.0,1730.0,1163,5238,
24.4.2026,14:17:7.386,49.0,49.0,29.000,29.069,300.0,1728.0,1163,5238,
24.4.2026,14:17:7.591,48.0,49.0,29.000,29.149,298.0,1728.0,1163,5238,
24.4.2026,14:17:7.794,48.0,49.0,29.000,29.116,1753.0,1728.0,1163,5238,
24.4.2026,14:17:7.998,48.0,49.0,28.000,28.915,301.0,1728.0,1163,5238,
24.4.2026,14:17:8.203,48.0,49.0,29.000,28.978,1757.0,1730.0,1163,5238,
24.4.2026,14:17:8.409,48.0,49.0,29.000,28.966,1757.0,1730.0,1163,5238,
24.4.2026,14:17:8.599,48.0,50.0,29.000,29.233,1757.0,1728.0,1163,5238,
24.4.2026,14:17:8.802,48.0,50.0,28.000,29.021,1739.0,1730.0,1163,5238,
24.4.2026,14:17:9.009,48.0,49.0,29.000,29.041,1755.0,1730.0,1163,5238,
24.4.2026,14:17:9.213,48.0,49.0,29.000,29.119,1757.0,1728.0,1163,5238,
24.4.2026,14:17:9.412,48.0,50.0,28.000,29.127,1757.0,1728.0,1163,5238,
24.4.2026,14:17:9.618,48.0,50.0,29.000,28.896,1756.0,1730.0,1163,5238,
24.4.2026,14:17:9.833,47.0,49.0,29.000,29.175,295.0,1730.0,1163,5238,
24.4.2026,14:17:10.038,49.0,49.0,28.000,29.164,289.0,1730.0,1163,5238,
24.4.2026,14:17:10.244,48.0,50.0,29.000,29.045,1756.0,1730.0,1163,5238,
24.4.2026,14:17:10.449,48.0,50.0,28.000,29.049,1757.0,1730.0,1163,5238,
24.4.2026,14:17:10.652,48.0,49.0,28.000,28.717,1757.0,1730.0,1163,5238,
24.4.2026,14:17:10.860,48.0,49.0,28.000,29.038,273.0,1730.0,1163,5238,
24.4.2026,14:17:11.065,48.0,49.0,29.000,28.988,299.0,1730.0,1163,5238,
24.4.2026,14:17:11.268,48.0,49.0,28.000,28.907,271.0,1728.0,1163,5238,
24.4.2026,14:17:11.468,48.0,49.0,29.000,29.140,297.0,1728.0,1163,5238,
24.4.2026,14:17:11.673,48.0,50.0,29.000,29.271,1756.0,1728.0,1163,5238,
24.4.2026,14:17:11.877,48.0,50.0,29.000,29.019,289.0,1730.0,1163,5238,
24.4.2026,14:17:12.073,48.0,50.0,29.000,29.096,1757.0,1730.0,1163,5238,
24.4.2026,14:17:12.273,48.0,49.0,28.000,28.854,299.0,1730.0,1163,5238,
24.4.2026,14:17:12.481,48.0,49.0,28.000,29.074,286.0,1728.0,1163,5238,
24.4.2026,14:17:12.683,48.0,49.0,29.000,29.113,1757.0,1730.0,1163,5238,
24.4.2026,14:17:12.890,48.0,49.0,29.000,29.262,1748.0,1728.0,1163,5238,
24.4.2026,14:17:13.096,48.0,50.0,29.000,29.326,1756.0,1730.0,1163,5238,
24.4.2026,14:17:13.297,49.0,50.0,29.000,29.219,1757.0,1730.0,1163,5238,
24.4.2026,14:17:13.502,48.0,49.0,28.000,29.185,284.0,1730.0,1163,5238,
24.4.2026,14:17:13.693,48.0,50.0,29.000,29.084,1686.0,1728.0,1163,5238,
24.4.2026,14:17:13.900,48.0,50.0,29.000,28.960,1743.0,1730.0,1163,5238,
24.4.2026,14:17:14.104,48.0,50.0,29.000,29.051,1753.0,1730.0,1163,5238,
24.4.2026,14:17:14.307,48.0,50.0,29.000,29.256,1755.0,1728.0,1163,5238,
24.4.2026,14:17:14.513,48.0,50.0,28.000,29.216,303.0,1730.0,1163,5238,
24.4.2026,14:17:14.718,48.0,49.0,29.000,28.896,1756.0,1730.0,1163,5238,
24.4.2026,14:17:14.923,48.0,50.0,29.000,29.099,1757.0,1730.0,1163,5238,
24.4.2026,14:17:15.128,48.0,50.0,29.000,29.185,301.0,1730.0,1163,5238,
24.4.2026,14:17:15.317,48.0,50.0,29.000,29.204,1747.0,1730.0,1163,5238,
24.4.2026,14:17:15.524,48.0,50.0,29.000,29.305,1753.0,1730.0,1163,5238,
24.4.2026,14:17:15.732,48.0,50.0,29.000,29.242,1756.0,1730.0,1163,5238,
24.4.2026,14:17:15.937,48.0,50.0,29.000,29.296,1757.0,1730.0,1163,5238,
24.4.2026,14:17:16.135,48.0,50.0,29.000,29.296,287.0,1730.0,1163,5238,
24.4.2026,14:17:16.342,48.0,50.0,29.000,29.488,1756.0,1728.0,1163,5238,
24.4.2026,14:17:16.544,47.0,49.0,29.000,29.361,1756.0,1728.0,1163,5238,
24.4.2026,14:17:16.752,48.0,49.0,29.000,29.396,1758.0,1730.0,1163,5238,
24.4.2026,14:17:16.942,48.0,49.0,29.000,29.396,1758.0,1730.0,1163,5238,
24.4.2026,14:17:17.144,48.0,50.0,29.000,29.357,1756.0,1728.0,1163,5238,
24.4.2026,14:17:17.348,48.0,49.0,29.000,29.422,1757.0,1728.0,1163,5238,
24.4.2026,14:17:17.551,49.0,50.0,29.000,29.642,1757.0,1730.0,1163,5238,
24.4.2026,14:17:17.756,49.0,51.0,29.000,29.567,1756.0,1728.0,1163,5238,
24.4.2026,14:17:17.962,48.0,50.0,29.000,29.684,1757.0,1730.0,1163,5238,
24.4.2026,14:17:18.168,49.0,50.0,29.000,29.723,1757.0,1728.0,1163,5238,
24.4.2026,14:17:18.371,48.0,50.0,29.000,29.697,1700.0,1730.0,1163,5238,
24.4.2026,14:17:18.578,49.0,50.0,29.000,29.490,1749.0,1730.0,1163,5238,
24.4.2026,14:17:18.787,49.0,50.0,29.000,29.332,293.0,1730.0,1163,5238,
24.4.2026,14:17:18.990,49.0,50.0,29.000,29.285,301.0,1730.0,1163,5238,
24.4.2026,14:17:19.194,48.0,50.0,29.000,29.582,306.0,1728.0,1163,5238,
24.4.2026,14:17:19.397,48.0,50.0,29.000,29.492,1757.0,1730.0,1163,5238,
24.4.2026,14:17:19.603,49.0,50.0,29.000,29.171,1721.0,1730.0,1163,5238,
24.4.2026,14:17:19.809,49.0,50.0,29.000,29.320,1754.0,1730.0,1163,5238,
24.4.2026,14:17:20.014,49.0,50.0,29.000,29.063,294.0,1730.0,1163,5238,
24.4.2026,14:17:20.218,48.0,50.0,29.000,29.411,1757.0,1730.0,1163,5238,
24.4.2026,14:17:20.424,49.0,50.0,29.000,29.492,1757.0,1730.0,1163,5238,
24.4.2026,14:17:20.630,48.0,50.0,29.000,28.616,1757.0,1730.0,1163,5238,
24.4.2026,14:17:20.835,48.0,50.0,29.000,29.431,1757.0,1728.0,1163,5238,
24.4.2026,14:17:21.036,48.0,49.0,28.000,29.231,280.0,1730.0,1163,5238,
24.4.2026,14:17:21.243,49.0,50.0,28.000,29.262,257.0,1730.0,1163,5238,
24.4.2026,14:17:21.449,49.0,50.0,29.000,29.391,1754.0,1730.0,1163,5238,
24.4.2026,14:17:21.660,48.0,50.0,29.000,29.317,1757.0,1730.0,1163,5238,
24.4.2026,14:17:21.860,49.0,50.0,29.000,29.352,1756.0,1728.0,1163,5238,
24.4.2026,14:17:22.066,48.0,50.0,29.000,29.689,1757.0,1730.0,1163,5238,
24.4.2026,14:17:22.267,49.0,51.0,28.000,29.235,275.0,1730.0,1163,5238,
24.4.2026,14:17:22.471,49.0,50.0,29.000,29.064,1748.0,1730.0,1163,5238,
24.4.2026,14:17:22.669,48.0,50.0,29.000,29.417,1755.0,1728.0,1163,5238,
24.4.2026,14:17:22.869,49.0,50.0,29.000,29.149,302.0,1730.0,1163,5238,
24.4.2026,14:17:23.071,49.0,51.0,29.000,29.394,298.0,1728.0,1163,5238,
24.4.2026,14:17:23.274,49.0,50.0,29.000,29.226,1756.0,1730.0,1163,5238,
24.4.2026,14:17:23.480,49.0,50.0,29.000,29.448,290.0,1730.0,1163,5238,
24.4.2026,14:17:23.686,49.0,50.0,28.000,29.410,283.0,1730.0,1163,5238,
24.4.2026,14:17:23.889,49.0,50.0,29.000,29.166,1755.0,1730.0,1163,5238,
24.4.2026,14:17:24.092,48.0,50.0,29.000,29.259,1756.0,1728.0,1163,5238,
24.4.2026,14:17:24.298,49.0,50.0,29.000,29.301,1757.0,1728.0,1163,5238,
24.4.2026,14:17:24.501,48.0,50.0,29.000,29.178,1756.0,1728.0,1163,5238,
24.4.2026,14:17:24.691,48.0,50.0,28.000,29.105,300.0,1730.0,1163,5238,
24.4.2026,14:17:24.910,49.0,50.0,29.000,29.184,285.0,1728.0,1163,5238,
24.4.2026,14:17:25.130,49.0,50.0,29.000,29.208,288.0,1730.0,1163,5238,
24.4.2026,14:17:25.336,48.0,49.0,29.000,29.274,1755.0,1730.0,1163,5238,
24.4.2026,14:17:25.542,49.0,50.0,29.000,29.309,1756.0,1730.0,1163,5238,
24.4.2026,14:17:25.751,49.0,50.0,29.000,29.327,1758.0,1730.0,1163,5238,
24.4.2026,14:17:25.954,49.0,51.0,29.000,29.549,296.0,1730.0,1163,5238,
24.4.2026,14:17:26.158,49.0,50.0,29.000,29.416,1753.0,1730.0,1163,5238,
24.4.2026,14:17:26.364,49.0,51.0,30.000,29.282,1755.0,1730.0,1163,5238,
24.4.2026,14:17:26.570,49.0,50.0,29.000,29.600,287.0,1730.0,1163,5238,
24.4.2026,14:17:26.777,48.0,50.0,28.000,29.469,287.0,1730.0,1163,5238,
24.4.2026,14:17:26.980,49.0,50.0,29.000,29.319,1756.0,1728.0,1163,5238,
24.4.2026,14:17:27.185,48.0,50.0,28.000,29.177,267.0,1730.0,1163,5238,
24.4.2026,14:17:27.388,49.0,50.0,29.000,29.218,1757.0,1728.0,1163,5238,
24.4.2026,14:17:27.596,49.0,50.0,29.000,29.452,281.0,1730.0,1163,5238,
24.4.2026,14:17:27.800,49.0,50.0,29.000,29.339,295.0,1730.0,1163,5238,
24.4.2026,14:17:28.013,49.0,50.0,29.000,29.521,1755.0,1728.0,1163,5238,
24.4.2026,14:17:28.215,48.0,50.0,29.000,29.466,1757.0,1728.0,1163,5238,
24.4.2026,14:17:28.412,49.0,50.0,28.000,29.382,278.0,1728.0,1163,5238,
24.4.2026,14:17:28.616,49.0,51.0,29.000,29.343,298.0,1730.0,1163,5238,
24.4.2026,14:17:28.820,49.0,50.0,29.000,29.129,1757.0,1730.0,1163,5238,
24.4.2026,14:17:29.028,49.0,51.0,29.000,29.382,1756.0,1730.0,1163,5238,
24.4.2026,14:17:29.237,49.0,51.0,30.000,29.577,1757.0,1730.0,1163,5238,
24.4.2026,14:17:29.439,48.0,50.0,29.000,29.694,1757.0,1730.0,1163,5238,
24.4.2026,14:17:29.644,48.0,50.0,29.000,29.609,1756.0,1730.0,1163,5238,
24.4.2026,14:17:29.852,48.0,50.0,29.000,29.704,1756.0,1730.0,1163,5238,
24.4.2026,14:17:30.060,49.0,51.0,29.000,29.876,1756.0,1728.0,1163,5238,
24.4.2026,14:17:30.266,49.0,50.0,29.000,29.813,1757.0,1730.0,1163,5238,
24.4.2026,14:17:30.473,49.0,51.0,29.000,29.902,289.0,1730.0,1163,5238,
24.4.2026,14:17:30.691,49.0,50.0,29.000,29.546,1753.0,1728.0,1163,5238,
24.4.2026,14:17:30.882,49.0,50.0,29.000,29.326,286.0,1730.0,1163,5238,
24.4.2026,14:17:31.086,49.0,50.0,29.000,29.368,1757.0,1728.0,1163,5238,
24.4.2026,14:17:31.293,48.0,50.0,29.000,29.443,274.0,1728.0,1163,5238,
24.4.2026,14:17:31.497,49.0,51.0,29.000,29.307,1757.0,1730.0,1163,5238,
24.4.2026,14:17:31.698,49.0,50.0,28.000,29.267,284.0,1728.0,1163,5238,
24.4.2026,14:17:31.906,49.0,51.0,28.000,28.867,282.0,1730.0,1163,5238,
24.4.2026,14:17:32.109,49.0,50.0,29.000,29.177,1754.0,1730.0,1163,5238,
24.4.2026,14:17:32.310,49.0,50.0,29.000,29.157,1756.0,1730.0,1163,5238,
24.4.2026,14:17:32.511,49.0,50.0,29.000,29.232,1756.0,1730.0,1163,5238,
24.4.2026,14:17:32.715,49.0,50.0,29.000,29.583,1757.0,1728.0,1163,5238,
24.4.2026,14:17:32.922,49.0,51.0,28.000,29.524,260.0,1730.0,1163,5238,
24.4.2026,14:17:33.127,49.0,51.0,29.000,29.040,288.0,1730.0,1163,5238,
24.4.2026,14:17:33.334,48.0,50.0,29.000,29.139,284.0,1730.0,1163,5238,
24.4.2026,14:17:33.522,49.0,50.0,29.000,29.272,1742.0,1728.0,1163,5238,
24.4.2026,14:17:33.724,49.0,50.0,29.000,29.168,1755.0,1730.0,1163,5238,
24.4.2026,14:17:33.943,49.0,51.0,29.000,29.324,1757.0,1730.0,1163,5238,
24.4.2026,14:17:34.146,49.0,51.0,29.000,29.236,290.0,1730.0,1163,5238,
24.4.2026,14:17:34.353,49.0,50.0,29.000,29.215,1757.0,1728.0,1163,5238,
24.4.2026,14:17:34.554,49.0,51.0,29.000,29.327,296.0,1730.0,1163,5238,
24.4.2026,14:17:34.756,49.0,51.0,29.000,29.099,281.0,1730.0,1163,5238,
24.4.2026,14:17:34.962,49.0,51.0,28.000,29.068,289.0,1730.0,1163,5238,
24.4.2026,14:17:35.167,49.0,51.0,28.000,29.008,292.0,1730.0,1163,5238,
24.4.2026,14:17:35.373,49.0,51.0,29.000,28.980,1758.0,1728.0,1163,5238,
24.4.2026,14:17:35.575,49.0,51.0,29.000,29.235,1757.0,1728.0,1163,5238,
24.4.2026,14:17:35.776,48.0,50.0,28.000,29.249,275.0,1730.0,1163,5238,
24.4.2026,14:17:35.981,49.0,50.0,28.000,28.969,296.0,1730.0,1163,5238,
24.4.2026,14:17:36.188,49.0,50.0,29.000,29.283,298.0,1730.0,1163,5238,
24.4.2026,14:17:36.390,49.0,50.0,29.000,29.255,1756.0,1730.0,1163,5238,
24.4.2026,14:17:36.593,49.0,50.0,28.000,29.247,286.0,1730.0,1163,5238,
24.4.2026,14:17:36.796,49.0,50.0,28.000,29.096,304.0,1728.0,1163,5238,
24.4.2026,14:17:37.001,49.0,50.0,29.000,29.231,280.0,1728.0,1163,5238,
24.4.2026,14:17:37.205,48.0,51.0,29.000,29.283,1751.0,1730.0,1163,5238,
24.4.2026,14:17:37.408,49.0,51.0,29.000,29.297,297.0,1730.0,1163,5238,
24.4.2026,14:17:37.601,50.0,51.0,29.000,29.462,1756.0,1730.0,1163,5238,
24.4.2026,14:17:37.801,49.0,50.0,29.000,29.380,1757.0,1728.0,1163,5238,
24.4.2026,14:17:38.023,49.0,51.0,28.000,29.213,272.0,1728.0,1163,5238,
24.4.2026,14:17:38.225,49.0,50.0,29.000,29.210,1754.0,1728.0,1163,5238,
24.4.2026,14:17:38.430,49.0,51.0,29.000,29.185,1755.0,1728.0,1163,5238,
24.4.2026,14:17:38.631,49.0,50.0,29.000,29.397,1757.0,1730.0,1163,5238,
24.4.2026,14:17:38.838,49.0,50.0,28.000,29.429,305.0,1730.0,1163,5238,
24.4.2026,14:17:39.044,49.0,51.0,29.000,29.344,304.0,1730.0,1163,5238,
24.4.2026,14:17:39.250,49.0,51.0,28.000,29.209,270.0,1730.0,1163,5238,
24.4.2026,14:17:39.441,49.0,50.0,28.000,29.091,252.0,1730.0,1163,5238,
24.4.2026,14:17:39.647,49.0,50.0,29.000,29.294,285.0,1730.0,1163,5238,
24.4.2026,14:17:39.858,49.0,50.0,29.000,29.547,291.0,1730.0,1163,5238,
24.4.2026,14:17:40.058,49.0,51.0,29.000,29.440,1757.0,1730.0,1163,5238,
24.4.2026,14:17:40.262,49.0,51.0,29.000,29.611,1757.0,1730.0,1163,5238,
24.4.2026,14:17:40.465,49.0,51.0,29.000,29.699,1731.0,1730.0,1163,5238,
24.4.2026,14:17:40.668,49.0,50.0,29.000,29.474,1752.0,1730.0,1163,5238,
24.4.2026,14:17:40.873,49.0,50.0,29.000,29.321,1757.0,1728.0,1163,5238,
24.4.2026,14:17:41.073,49.0,51.0,30.000,29.670,1757.0,1728.0,1163,5238,
24.4.2026,14:17:41.276,50.0,51.0,29.000,30.045,1756.0,1730.0,1163,5238,
24.4.2026,14:17:41.482,49.0,51.0,29.000,29.879,1756.0,1730.0,1163,5238,
24.4.2026,14:17:41.684,49.0,51.0,29.000,29.670,1757.0,1728.0,1163,5238,
24.4.2026,14:17:41.887,49.0,51.0,29.000,29.644,1756.0,1730.0,1163,5238,
24.4.2026,14:17:42.094,49.0,50.0,29.000,29.571,1757.0,1730.0,1163,5238,
24.4.2026,14:17:42.295,49.0,51.0,29.000,29.696,1756.0,1730.0,1163,5238,
24.4.2026,14:17:42.502,49.0,51.0,30.000,29.770,1757.0,1728.0,1163,5238,
24.4.2026,14:17:42.705,49.0,50.0,29.000,29.752,1757.0,1730.0,1163,5238,
24.4.2026,14:17:42.911,50.0,51.0,29.000,29.462,295.0,1728.0,1163,5238,
24.4.2026,14:17:43.116,49.0,51.0,29.000,29.296,287.0,1728.0,1163,5238,
24.4.2026,14:17:43.320,49.0,51.0,29.000,29.583,1756.0,1730.0,1163,5238,
24.4.2026,14:17:43.522,49.0,51.0,29.000,29.612,285.0,1730.0,1163,5238,
24.4.2026,14:17:43.727,50.0,51.0,29.000,29.231,1749.0,1730.0,1163,5238,
24.4.2026,14:17:43.927,49.0,51.0,29.000,29.372,308.0,1730.0,1163,5238,
24.4.2026,14:17:44.132,49.0,50.0,29.000,29.322,1757.0,1730.0,1163,5238,
24.4.2026,14:17:44.337,49.0,51.0,29.000,29.311,1757.0,1728.0,1163,5238,
24.4.2026,14:17:44.544,49.0,51.0,29.000,29.633,290.0,1728.0,1163,5238,
24.4.2026,14:17:44.747,49.0,51.0,29.000,29.478,291.0,1730.0,1163,5238,
24.4.2026,14:17:44.956,49.0,51.0,30.000,29.361,1746.0,1730.0,1163,5238,
24.4.2026,14:17:45.147,49.0,51.0,29.000,29.653,1757.0,1730.0,1163,5238,
24.4.2026,14:17:45.351,50.0,51.0,29.000,29.513,294.0,1730.0,1163,5238,
24.4.2026,14:17:45.558,49.0,51.0,29.000,29.395,1756.0,1728.0,1163,5238,
24.4.2026,14:17:45.763,50.0,51.0,29.000,29.361,273.0,1730.0,1163,5238,
24.4.2026,14:17:45.963,50.0,51.0,29.000,29.291,1756.0,1730.0,1163,5238,
24.4.2026,14:17:46.167,49.0,51.0,28.000,29.667,264.0,1728.0,1163,5238,
24.4.2026,14:17:46.372,49.0,50.0,29.000,29.591,1754.0,1730.0,1163,5238,
24.4.2026,14:17:46.576,49.0,51.0,29.000,29.443,1753.0,1730.0,1163,5238,
24.4.2026,14:17:46.807,50.0,51.0,29.000,29.473,283.0,1730.0,1163,5238,
24.4.2026,14:17:46.985,49.0,51.0,29.000,29.503,1754.0,1730.0,1163,5238,
24.4.2026,14:17:47.186,50.0,51.0,29.000,29.375,1757.0,1730.0,1163,5238,
24.4.2026,14:17:47.389,50.0,51.0,28.000,29.166,290.0,1728.0,1163,5238,
24.4.2026,14:17:47.595,49.0,51.0,29.000,29.103,1756.0,1730.0,1163,5238,
24.4.2026,14:17:47.786,50.0,51.0,28.000,29.230,283.0,1730.0,1163,5238,
24.4.2026,14:17:47.990,49.0,50.0,29.000,28.933,1758.0,1728.0,1163,5238,
24.4.2026,14:17:48.204,50.0,51.0,28.000,29.257,279.0,1730.0,1163,5238,
24.4.2026,14:17:48.410,49.0,51.0,29.000,28.997,279.0,1728.0,1163,5238,
24.4.2026,14:17:48.609,49.0,51.0,29.000,29.103,1755.0,1728.0,1163,5238,
24.4.2026,14:17:48.810,49.0,51.0,29.000,29.054,294.0,1730.0,1163,5238,
24.4.2026,14:17:49.013,49.0,51.0,28.000,28.904,297.0,1730.0,1163,5238,
24.4.2026,14:17:49.218,49.0,51.0,29.000,28.947,303.0,1730.0,1163,5238,
24.4.2026,14:17:49.421,49.0,51.0,29.000,29.157,1743.0,1730.0,1163,5238,
24.4.2026,14:17:49.624,49.0,51.0,29.000,28.997,1754.0,1730.0,1163,5238,
24.4.2026,14:17:49.829,49.0,51.0,29.000,29.242,1755.0,1730.0,1163,5238,
24.4.2026,14:17:50.022,50.0,51.0,29.000,29.466,1757.0,1730.0,1163,5238,
24.4.2026,14:17:50.224,49.0,51.0,29.000,29.353,1758.0,1730.0,1163,5238,
24.4.2026,14:17:50.430,49.0,51.0,29.000,29.261,1737.0,1730.0,1163,5238,
24.4.2026,14:17:50.630,49.0,51.0,28.000,29.288,254.0,1730.0,1163,5238,
24.4.2026,14:17:50.847,49.0,51.0,29.000,29.296,1756.0,1730.0,1163,5238,
24.4.2026,14:17:51.044,50.0,51.0,29.000,29.421,307.0,1730.0,1163,5238,
24.4.2026,14:17:51.246,49.0,51.0,29.000,29.630,264.0,1730.0,1163,5238,
24.4.2026,14:17:51.451,49.0,51.0,29.000,29.538,307.0,1728.0,1163,5238,
24.4.2026,14:17:51.655,49.0,51.0,29.000,29.887,284.0,1728.0,1163,5238,
24.4.2026,14:17:51.858,49.0,51.0,29.000,29.600,239.0,1728.0,1163,5238,
24.4.2026,14:17:52.064,49.0,51.0,30.000,29.714,1751.0,1728.0,1163,5238,
24.4.2026,14:17:52.267,49.0,51.0,29.000,29.551,1757.0,1730.0,1163,5238,
24.4.2026,14:17:52.470,49.0,51.0,29.000,29.266,1756.0,1730.0,1163,5238,
24.4.2026,14:17:52.672,48.0,50.0,29.000,29.166,1757.0,1728.0,1163,5238,
24.4.2026,14:17:52.874,50.0,51.0,29.000,29.550,1757.0,1728.0,1163,5238,
24.4.2026,14:17:53.077,49.0,51.0,29.000,29.578,1757.0,1730.0,1163,5238,
24.4.2026,14:17:53.283,50.0,52.0,29.000,30.017,1757.0,1730.0,1163,5238,
24.4.2026,14:17:53.483,50.0,52.0,29.000,29.829,1757.0,1730.0,1163,5238,
24.4.2026,14:17:53.690,49.0,51.0,29.000,29.526,1757.0,1728.0,1163,5238,
24.4.2026,14:17:53.889,50.0,52.0,29.000,29.695,1757.0,1730.0,1163,5238,
24.4.2026,14:17:54.094,50.0,51.0,30.000,29.720,1757.0,1730.0,1163,5238,
24.4.2026,14:17:54.285,49.0,52.0,29.000,29.706,1757.0,1730.0,1163,5238,
24.4.2026,14:17:54.491,50.0,51.0,29.000,29.711,1758.0,1730.0,1163,5238,
24.4.2026,14:17:54.695,50.0,52.0,29.000,29.601,1684.0,1730.0,1163,5238,
24.4.2026,14:17:54.899,50.0,51.0,29.000,29.294,286.0,1730.0,1163,5238,
24.4.2026,14:17:55.107,50.0,51.0,29.000,29.402,1756.0,1728.0,1163,5238,
24.4.2026,14:17:55.311,49.0,51.0,29.000,29.612,1757.0,1728.0,1163,5238,
24.4.2026,14:17:55.516,50.0,51.0,29.000,29.498,303.0,1728.0,1163,5238,
24.4.2026,14:17:55.717,50.0,50.0,28.000,29.323,302.0,1730.0,1163,5238,
24.4.2026,14:17:55.918,49.0,51.0,29.000,29.029,1757.0,1728.0,1163,5238,
24.4.2026,14:17:56.121,50.0,51.0,29.000,29.554,293.0,1730.0,1163,5238,
24.4.2026,14:17:56.327,49.0,51.0,29.000,29.386,1747.0,1730.0,1163,5238,
24.4.2026,14:17:56.534,50.0,51.0,29.000,29.616,302.0,1730.0,1163,5238,
24.4.2026,14:17:56.732,50.0,51.0,29.000,29.656,1757.0,1728.0,1163,5238,
24.4.2026,14:17:56.934,50.0,51.0,29.000,29.527,1757.0,1730.0,1163,5238,
24.4.2026,14:17:57.135,50.0,51.0,29.000,29.340,299.0,1730.0,1163,5238,
24.4.2026,14:17:57.342,49.0,51.0,29.000,29.443,1757.0,1730.0,1163,5238,
24.4.2026,14:17:57.551,49.0,52.0,29.000,29.376,295.0,1728.0,1163,5238,
24.4.2026,14:17:57.757,49.0,51.0,28.000,29.171,276.0,1730.0,1163,5238,
24.4.2026,14:17:57.961,50.0,51.0,28.000,28.912,270.0,1730.0,1163,5238,
24.4.2026,14:17:58.164,50.0,51.0,29.000,29.395,283.0,1730.0,1163,5238,
24.4.2026,14:17:58.372,50.0,51.0,29.000,29.383,295.0,1730.0,1163,5238,
24.4.2026,14:17:58.578,50.0,51.0,29.000,29.228,289.0,1728.0,1163,5238,
24.4.2026,14:17:58.784,50.0,51.0,29.000,29.224,1756.0,1730.0,1163,5238,
24.4.2026,14:17:58.976,50.0,51.0,29.000,29.204,1757.0,1730.0,1163,5238,
24.4.2026,14:17:59.178,50.0,51.0,29.000,29.193,282.0,1730.0,1163,5238,
24.4.2026,14:17:59.395,50.0,51.0,29.000,29.440,1756.0,1730.0,1163,5238,
24.4.2026,14:17:59.613,50.0,51.0,29.000,29.338,1745.0,1728.0,1163,5238,
24.4.2026,14:17:59.805,50.0,51.0,29.000,29.508,1752.0,1730.0,1163,5238,
24.4.2026,14:18:0.010,50.0,52.0,30.000,29.495,1756.0,1730.0,1163,5238,
24.4.2026,14:18:0.216,50.0,52.0,29.000,29.709,301.0,1730.0,1163,5238,
24.4.2026,14:18:0.418,50.0,51.0,29.000,29.582,286.0,1728.0,1163,5238,
24.4.2026,14:18:0.622,49.0,51.0,30.000,29.426,1757.0,1728.0,1163,5238,
24.4.2026,14:18:0.830,50.0,52.0,29.000,29.572,286.0,1730.0,1163,5238,
24.4.2026,14:18:1.035,50.0,51.0,29.000,29.312,1749.0,1730.0,1163,5238,
24.4.2026,14:18:1.225,50.0,52.0,30.000,29.561,1756.0,1730.0,1163,5238,
24.4.2026,14:18:1.431,49.0,51.0,28.000,29.229,308.0,1728.0,1163,5238,
24.4.2026,14:18:1.634,50.0,51.0,29.000,29.204,291.0,1728.0,1163,5238,
24.4.2026,14:18:1.840,50.0,51.0,29.000,29.365,1757.0,1730.0,1163,5238,
24.4.2026,14:18:2.045,50.0,51.0,29.000,29.482,255.0,1730.0,1163,5238,
24.4.2026,14:18:2.249,50.0,52.0,29.000,29.526,261.0,1730.0,1163,5238,
24.4.2026,14:18:2.456,50.0,52.0,29.000,29.700,285.0,1728.0,1163,5238,
24.4.2026,14:18:2.655,50.0,51.0,29.000,29.845,285.0,1730.0,1163,5238,
24.4.2026,14:18:2.847,50.0,51.0,29.000,29.845,285.0,1730.0,1163,5238,
24.4.2026,14:18:3.065,50.0,52.0,29.000,29.844,280.0,1730.0,1163,5238,
24.4.2026,14:18:3.270,50.0,52.0,30.000,30.008,1757.0,1730.0,1163,5238,
24.4.2026,14:18:3.474,50.0,51.0,29.000,30.024,277.0,1730.0,1163,5238,
24.4.2026,14:18:3.680,50.0,52.0,29.000,29.732,294.0,1730.0,1163,5238,
24.4.2026,14:18:3.883,50.0,52.0,29.000,29.924,1752.0,1730.0,1163,5238,
24.4.2026,14:18:4.084,50.0,51.0,29.000,29.965,1756.0,1730.0,1163,5238,
24.4.2026,14:18:4.292,50.0,52.0,29.000,29.835,1757.0,1730.0,1163,5238,
24.4.2026,14:18:4.494,50.0,51.0,29.000,29.703,1757.0,1728.0,1163,5238,
24.4.2026,14:18:4.698,50.0,51.0,29.000,29.449,297.0,1730.0,1163,5238,
24.4.2026,14:18:4.898,50.0,51.0,29.000,29.449,297.0,1730.0,1163,5238,
24.4.2026,14:18:5.105,49.0,51.0,29.000,29.449,1741.0,1730.0,1163,5238,
24.4.2026,14:18:5.310,50.0,52.0,29.000,29.493,289.0,1730.0,1163,5238,
24.4.2026,14:18:5.518,50.0,51.0,30.000,29.635,1757.0,1730.0,1163,5238,
24.4.2026,14:18:5.723,50.0,51.0,30.000,30.057,1757.0,1728.0,1163,5238,
24.4.2026,14:18:5.941,50.0,51.0,29.000,29.930,1757.0,1730.0,1163,5238,
24.4.2026,14:18:6.162,50.0,52.0,29.000,29.949,1756.0,1730.0,1163,5238,
24.4.2026,14:18:6.361,50.0,52.0,29.000,29.948,1757.0,1730.0,1163,5238,
24.4.2026,14:18:6.565,50.0,52.0,30.000,29.975,1757.0,1730.0,1163,5238,
24.4.2026,14:18:6.757,50.0,51.0,30.000,30.003,1757.0,1730.0,1163,5238,
24.4.2026,14:18:6.962,50.0,51.0,29.000,29.743,311.0,1730.0,1163,5238,
24.4.2026,14:18:7.162,50.0,51.0,29.000,29.333,1757.0,1730.0,1163,5238,
24.4.2026,14:18:7.368,50.0,51.0,29.000,29.436,1757.0,1730.0,1163,5238,
24.4.2026,14:18:7.572,50.0,52.0,29.000,29.322,1757.0,1730.0,1163,5238,
24.4.2026,14:18:7.772,50.0,51.0,29.000,29.518,1756.0,1730.0,1163,5238,
24.4.2026,14:18:7.979,50.0,52.0,29.000,29.680,303.0,1730.0,1163,5238,
24.4.2026,14:18:8.193,50.0,52.0,29.000,29.445,1755.0,1730.0,1163,5238,
24.4.2026,14:18:8.395,51.0,52.0,29.000,29.421,297.0,1730.0,1163,5238,
24.4.2026,14:18:8.597,50.0,51.0,29.000,29.562,1757.0,1730.0,1163,5238,
24.4.2026,14:18:8.798,50.0,51.0,29.000,29.711,295.0,1730.0,1163,5238,
24.4.2026,14:18:9.001,50.0,52.0,29.000,29.474,1757.0,1730.0,1163,5238,
24.4.2026,14:18:9.206,50.0,52.0,29.000,29.415,302.0,1730.0,1163,5238,
24.4.2026,14:18:9.408,50.0,51.0,29.000,29.454,1736.0,1730.0,1163,5238,
24.4.2026,14:18:9.598,50.0,51.0,29.000,29.454,1736.0,1730.0,1163,5238,
24.4.2026,14:18:9.804,50.0,51.0,29.000,29.254,1742.0,1730.0,1163,5238,
24.4.2026,14:18:10.009,50.0,51.0,29.000,29.418,303.0,1728.0,1163,5238,
24.4.2026,14:18:10.212,50.0,52.0,29.000,29.617,1757.0,1730.0,1163,5238,
24.4.2026,14:18:10.417,50.0,51.0,29.000,29.623,1756.0,1730.0,1163,5238,
24.4.2026,14:18:10.619,50.0,51.0,29.000,29.671,1757.0,1728.0,1163,5238,
24.4.2026,14:18:10.824,50.0,52.0,29.000,29.655,1757.0,1730.0,1163,5238,
24.4.2026,14:18:11.028,50.0,51.0,29.000,29.651,281.0,1730.0,1163,5238,
24.4.2026,14:18:11.235,50.0,52.0,29.000,29.737,290.0,1730.0,1163,5238,
24.4.2026,14:18:11.439,50.0,52.0,30.000,29.782,1750.0,1730.0,1163,5238,
24.4.2026,14:18:11.643,50.0,51.0,29.000,29.939,303.0,1730.0,1163,5238,
24.4.2026,14:18:11.834,50.0,52.0,29.000,29.829,302.0,1730.0,1163,5238,
24.4.2026,14:18:12.039,50.0,52.0,29.000,29.970,291.0,1730.0,1163,5238,
24.4.2026,14:18:12.244,49.0,51.0,29.000,29.803,1720.0,1730.0,1163,5238,
24.4.2026,14:18:12.448,50.0,52.0,29.000,29.712,263.0,1728.0,1163,5238,
24.4.2026,14:18:12.647,50.0,52.0,29.000,29.636,1756.0,1730.0,1163,5238,
24.4.2026,14:18:12.850,50.0,52.0,29.000,29.741,280.0,1730.0,1163,5238,
24.4.2026,14:18:13.058,50.0,52.0,29.000,29.296,290.0,1730.0,1163,5238,
24.4.2026,14:18:13.263,50.0,52.0,29.000,29.282,1757.0,1730.0,1163,5238,
24.4.2026,14:18:13.468,50.0,51.0,29.000,29.185,1757.0,1730.0,1163,5238,
24.4.2026,14:18:13.675,50.0,52.0,29.000,29.206,1756.0,1728.0,1163,5238,
24.4.2026,14:18:13.865,50.0,52.0,29.000,29.419,1737.0,1730.0,1163,5238,
24.4.2026,14:18:14.074,50.0,52.0,29.000,29.484,1754.0,1730.0,1163,5238,
24.4.2026,14:18:14.277,49.0,51.0,29.000,29.488,286.0,1728.0,1163,5238,
24.4.2026,14:18:14.479,49.0,52.0,30.000,29.765,1756.0,1730.0,1163,5238,
24.4.2026,14:18:14.686,50.0,52.0,29.000,29.971,1757.0,1730.0,1163,5238,
24.4.2026,14:18:14.890,50.0,52.0,29.000,29.791,267.0,1730.0,1163,5238,
24.4.2026,14:18:15.095,49.0,51.0,29.000,29.503,314.0,1730.0,1163,5238,
24.4.2026,14:18:15.300,50.0,52.0,29.000,29.484,297.0,1730.0,1163,5238,
24.4.2026,14:18:15.492,50.0,52.0,29.000,29.532,296.0,1730.0,1163,5238,
24.4.2026,14:18:15.697,50.0,52.0,30.000,29.483,1756.0,1728.0,1163,5238,
24.4.2026,14:18:15.912,50.0,52.0,29.000,29.545,1756.0,1728.0,1163,5238,
24.4.2026,14:18:16.107,50.0,52.0,29.000,29.451,1757.0,1730.0,1163,5238,
24.4.2026,14:18:16.313,50.0,52.0,29.000,29.662,1746.0,1730.0,1163,5238,
24.4.2026,14:18:16.518,50.0,52.0,30.000,29.586,1754.0,1730.0,1163,5238,
24.4.2026,14:18:16.709,50.0,52.0,29.000,29.614,287.0,1728.0,1163,5238,
24.4.2026,14:18:16.925,50.0,52.0,29.000,29.525,292.0,1730.0,1163,5238,
24.4.2026,14:18:17.129,50.0,52.0,29.000,29.842,1757.0,1730.0,1163,5238,
24.4.2026,14:18:17.329,50.0,52.0,29.000,29.652,1757.0,1730.0,1163,5238,
24.4.2026,14:18:17.532,50.0,52.0,30.000,29.532,1757.0,1730.0,1163,5238,
24.4.2026,14:18:17.737,50.0,52.0,29.000,29.740,1757.0,1730.0,1163,5238,
24.4.2026,14:18:17.929,50.0,52.0,30.000,29.911,1756.0,1730.0,1163,5238,
24.4.2026,14:18:18.138,50.0,52.0,29.000,29.780,1757.0,1728.0,1163,5238,
24.4.2026,14:18:18.342,50.0,52.0,29.000,29.592,1757.0,1730.0,1163,5238,
24.4.2026,14:18:18.545,50.0,52.0,29.000,29.605,1756.0,1730.0,1163,5238,
24.4.2026,14:18:18.753,50.0,52.0,29.000,29.774,1757.0,1728.0,1163,5238,
24.4.2026,14:18:18.954,50.0,52.0,29.000,29.870,1757.0,1730.0,1163,5238,
24.4.2026,14:18:19.160,50.0,52.0,29.000,29.700,1757.0,1730.0,1163,5238,
24.4.2026,14:18:19.361,50.0,52.0,30.000,29.746,1755.0,1730.0,1163,5238,
24.4.2026,14:18:19.566,51.0,52.0,29.000,29.522,1756.0,1728.0,1163,5238,
24.4.2026,14:18:19.770,50.0,52.0,29.000,29.706,1756.0,1730.0,1163,5238,
24.4.2026,14:18:19.978,50.0,52.0,30.000,29.669,1757.0,1728.0,1163,5238,
24.4.2026,14:18:20.180,50.0,52.0,29.000,29.674,1756.0,1730.0,1163,5238,
24.4.2026,14:18:20.386,50.0,52.0,29.000,29.824,287.0,1728.0,1163,5238,
24.4.2026,14:18:20.591,50.0,52.0,29.000,29.952,1753.0,1728.0,1163,5238,
24.4.2026,14:18:20.792,50.0,52.0,29.000,29.712,1756.0,1730.0,1163,5238,
24.4.2026,14:18:20.998,50.0,52.0,29.000,29.532,1757.0,1730.0,1163,5238,
24.4.2026,14:18:21.203,50.0,52.0,29.000,29.795,1755.0,1730.0,1163,5238,
24.4.2026,14:18:21.404,50.0,52.0,29.000,29.783,1757.0,1730.0,1163,5238,
24.4.2026,14:18:21.607,50.0,52.0,29.000,29.659,257.0,1730.0,1163,5238,
24.4.2026,14:18:21.804,50.0,52.0,29.000,29.549,260.0,1730.0,1163,5238,
24.4.2026,14:18:22.008,50.0,51.0,29.000,29.603,1755.0,1730.0,1163,5238,
24.4.2026,14:18:22.213,50.0,52.0,29.000,29.761,1757.0,1730.0,1163,5238,
24.4.2026,14:18:22.418,50.0,52.0,29.000,29.475,1756.0,1730.0,1163,5238,
24.4.2026,14:18:22.622,51.0,52.0,30.000,29.541,1756.0,1730.0,1163,5238,
24.4.2026,14:18:22.834,50.0,52.0,29.000,29.549,275.0,1728.0,1163,5238,
24.4.2026,14:18:23.022,50.0,52.0,29.000,29.575,261.0,1730.0,1163,5238,
24.4.2026,14:18:23.226,50.0,52.0,29.000,29.413,1755.0,1730.0,1163,5238,
24.4.2026,14:18:23.432,50.0,52.0,30.000,29.872,1756.0,1730.0,1163,5238,
24.4.2026,14:18:23.637,50.0,52.0,29.000,29.936,1756.0,1730.0,1163,5238,
24.4.2026,14:18:23.841,51.0,52.0,29.000,29.791,324.0,1730.0,1163,5238,
24.4.2026,14:18:24.049,50.0,52.0,28.000,29.473,229.0,1730.0,1163,5238,
24.4.2026,14:18:24.250,50.0,52.0,29.000,29.606,241.0,1728.0,1163,5238,
24.4.2026,14:18:24.458,50.0,52.0,28.000,29.534,241.0,1730.0,1163,5238,
24.4.2026,14:18:24.676,50.0,52.0,29.000,29.556,1753.0,1730.0,1163,5238,
24.4.2026,14:18:24.873,51.0,52.0,29.000,29.424,1756.0,1728.0,1163,5238,
24.4.2026,14:18:25.072,50.0,52.0,29.000,29.146,1756.0,1730.0,1163,5238,
24.4.2026,14:18:25.274,50.0,52.0,29.000,29.244,297.0,1730.0,1163,5238,
24.4.2026,14:18:25.487,50.0,52.0,29.000,29.726,1757.0,1730.0,1163,5238,
24.4.2026,14:18:25.692,50.0,52.0,29.000,29.376,303.0,1730.0,1163,5238,
24.4.2026,14:18:25.896,51.0,52.0,29.000,29.518,1756.0,1730.0,1163,5238,
24.4.2026,14:18:26.103,50.0,52.0,29.000,29.532,1757.0,1730.0,1163,5238,
24.4.2026,14:18:26.309,50.0,52.0,29.000,29.654,1757.0,1728.0,1163,5238,
24.4.2026,14:18:26.514,50.0,52.0,29.000,29.760,293.0,1728.0,1163,5238,
24.4.2026,14:18:26.720,50.0,52.0,28.000,29.450,237.0,1730.0,1163,5238,
24.4.2026,14:18:26.913,50.0,52.0,29.000,29.465,287.0,1728.0,1163,5238,
24.4.2026,14:18:27.116,50.0,52.0,30.000,29.595,1755.0,1730.0,1163,5238,
24.4.2026,14:18:27.323,50.0,52.0,30.000,29.705,1757.0,1730.0,1163,5238,
24.4.2026,14:18:27.528,50.0,52.0,30.000,29.755,1756.0,1730.0,1163,5238,
24.4.2026,14:18:27.736,50.0,52.0,29.000,29.723,1757.0,1730.0,1163,5238,
24.4.2026,14:18:27.929,50.0,52.0,29.000,29.552,1756.0,1730.0,1163,5238,
24.4.2026,14:18:28.134,50.0,52.0,29.000,29.832,1754.0,1728.0,1163,5238,
24.4.2026,14:18:28.338,51.0,52.0,29.000,29.494,274.0,1730.0,1163,5238,
24.4.2026,14:18:28.545,50.0,52.0,29.000,29.399,304.0,1730.0,1163,5238,
24.4.2026,14:18:28.752,50.0,52.0,29.000,29.161,302.0,1730.0,1163,5238,
24.4.2026,14:18:28.942,50.0,52.0,29.000,29.186,1756.0,1730.0,1163,5238,
24.4.2026,14:18:29.145,50.0,52.0,29.000,29.476,1757.0,1730.0,1163,5238,
24.4.2026,14:18:29.350,51.0,52.0,29.000,29.558,1757.0,1730.0,1163,5238,
24.4.2026,14:18:29.557,50.0,52.0,29.000,29.513,1757.0,1730.0,1163,5238,
24.4.2026,14:18:29.760,50.0,52.0,29.000,29.707,301.0,1730.0,1163,5238,
24.4.2026,14:18:29.966,51.0,52.0,29.000,29.896,1757.0,1730.0,1163,5238,
24.4.2026,14:18:30.171,51.0,53.0,29.000,29.783,1757.0,1730.0,1163,5238,
24.4.2026,14:18:30.375,50.0,52.0,29.000,29.810,1757.0,1730.0,1163,5238,
24.4.2026,14:18:30.578,51.0,52.0,29.000,29.567,1756.0,1730.0,1163,5238,
24.4.2026,14:18:30.782,51.0,52.0,29.000,29.908,1757.0,1730.0,1163,5238,
24.4.2026,14:18:30.982,51.0,52.0,29.000,29.908,1757.0,1730.0,1163,5238,
24.4.2026,14:18:31.187,51.0,52.0,29.000,29.616,1757.0,1730.0,1163,5238,
24.4.2026,14:18:31.391,50.0,52.0,29.000,29.897,1757.0,1730.0,1163,5238,
24.4.2026,14:18:31.597,50.0,52.0,29.000,30.027,1738.0,1728.0,1163,5238,
24.4.2026,14:18:31.805,50.0,52.0,28.000,29.593,231.0,1728.0,1163,5238,
24.4.2026,14:18:32.008,51.0,52.0,29.000,29.401,1754.0,1730.0,1163,5238,
24.4.2026,14:18:32.213,51.0,52.0,29.000,29.805,277.0,1730.0,1163,5238,
24.4.2026,14:18:32.418,50.0,52.0,29.000,29.373,273.0,1730.0,1163,5238,
24.4.2026,14:18:32.626,50.0,52.0,29.000,29.295,1757.0,1728.0,1163,5238,
24.4.2026,14:18:32.827,50.0,52.0,28.000,29.347,289.0,1730.0,1163,5238,
24.4.2026,14:18:33.032,51.0,52.0,29.000,29.354,273.0,1730.0,1163,5238,
24.4.2026,14:18:33.223,51.0,52.0,29.000,29.262,248.0,1728.0,1163,5238,
24.4.2026,14:18:33.429,50.0,52.0,29.000,29.286,303.0,1728.0,1163,5238,
24.4.2026,14:18:33.632,50.0,52.0,29.000,29.389,263.0,1730.0,1163,5238,
24.4.2026,14:18:33.837,51.0,52.0,29.000,29.381,290.0,1730.0,1163,5238,
24.4.2026,14:18:34.043,50.0,52.0,29.000,29.374,1756.0,1730.0,1163,5238,
24.4.2026,14:18:34.244,50.0,52.0,29.000,29.283,1757.0,1730.0,1163,5238,
24.4.2026,14:18:34.448,50.0,52.0,29.000,29.606,1757.0,1730.0,1163,5238,
24.4.2026,14:18:34.650,51.0,52.0,29.000,29.582,306.0,1728.0,1163,5238,
24.4.2026,14:18:34.855,50.0,52.0,29.000,29.506,1757.0,1730.0,1163,5238,
24.4.2026,14:18:35.064,50.0,52.0,29.000,29.376,275.0,1730.0,1163,5238,
24.4.2026,14:18:35.262,51.0,52.0,29.000,29.638,1757.0,1730.0,1163,5238,
24.4.2026,14:18:35.464,50.0,52.0,29.000,29.452,255.0,1730.0,1163,5238,
24.4.2026,14:18:35.670,51.0,52.0,29.000,29.572,1754.0,1730.0,1163,5238,
24.4.2026,14:18:35.875,50.0,52.0,29.000,29.407,275.0,1730.0,1163,5238,
24.4.2026,14:18:36.080,51.0,52.0,29.000,29.518,1756.0,1730.0,1163,5238,
24.4.2026,14:18:36.283,51.0,52.0,29.000,29.500,303.0,1728.0,1163,5238,
24.4.2026,14:18:36.484,50.0,52.0,29.000,29.580,293.0,1730.0,1163,5238,
24.4.2026,14:18:36.686,50.0,53.0,29.000,29.454,1733.0,1730.0,1163,5238,
24.4.2026,14:18:36.890,50.0,52.0,30.000,29.547,1751.0,1730.0,1163,5238,
24.4.2026,14:18:37.092,51.0,53.0,29.000,29.695,1756.0,1728.0,1163,5238,
24.4.2026,14:18:37.299,51.0,52.0,29.000,29.588,302.0,1728.0,1163,5238,
24.4.2026,14:18:37.499,50.0,52.0,30.000,29.794,1757.0,1730.0,1163,5238,
24.4.2026,14:18:37.701,51.0,53.0,30.000,29.838,1756.0,1730.0,1163,5238,
24.4.2026,14:18:37.905,51.0,52.0,29.000,29.526,265.0,1730.0,1163,5238,
24.4.2026,14:18:38.111,51.0,52.0,29.000,29.212,1746.0,1728.0,1163,5238,
24.4.2026,14:18:38.316,50.0,52.0,29.000,29.493,1756.0,1730.0,1163,5238,
24.4.2026,14:18:38.515,50.0,52.0,30.000,29.500,1756.0,1730.0,1163,5238,
24.4.2026,14:18:38.716,51.0,52.0,29.000,29.485,1757.0,1730.0,1163,5238,
24.4.2026,14:18:38.922,51.0,52.0,29.000,29.529,1757.0,1730.0,1163,5238,
24.4.2026,14:18:39.129,51.0,52.0,29.000,29.545,1743.0,1730.0,1163,5238,
24.4.2026,14:18:39.332,51.0,53.0,30.000,29.453,1754.0,1730.0,1163,5238,
24.4.2026,14:18:39.536,50.0,52.0,29.000,29.256,1755.0,1730.0,1163,5238,
24.4.2026,14:18:39.755,50.0,53.0,29.000,29.342,1757.0,1730.0,1163,5238,
24.4.2026,14:18:39.960,51.0,53.0,29.000,29.408,1756.0,1730.0,1163,5238,
24.4.2026,14:18:40.165,50.0,52.0,29.000,29.509,1757.0,1728.0,1163,5238,
24.4.2026,14:18:40.370,50.0,52.0,29.000,29.242,1717.0,1730.0,1163,5238,
24.4.2026,14:18:40.575,51.0,52.0,29.000,29.250,1748.0,1728.0,1163,5238,
24.4.2026,14:18:40.778,51.0,53.0,29.000,29.309,1754.0,1730.0,1163,5238,
24.4.2026,14:18:40.980,51.0,52.0,29.000,29.391,1757.0,1730.0,1163,5238,
24.4.2026,14:18:41.184,51.0,53.0,29.000,29.170,1757.0,1728.0,1163,5238,
24.4.2026,14:18:41.386,51.0,52.0,29.000,29.248,1756.0,1730.0,1163,5238,
24.4.2026,14:18:41.592,51.0,53.0,29.000,29.440,284.0,1728.0,1163,5238,
24.4.2026,14:18:41.793,51.0,52.0,29.000,29.214,1746.0,1730.0,1163,5238,
24.4.2026,14:18:42.000,50.0,53.0,29.000,29.536,298.0,1728.0,1163,5238,
24.4.2026,14:18:42.203,50.0,52.0,29.000,29.632,1757.0,1728.0,1163,5238,
24.4.2026,14:18:42.406,50.0,53.0,29.000,29.810,1757.0,1728.0,1163,5238,
24.4.2026,14:18:42.601,51.0,53.0,30.000,29.836,1757.0,1728.0,1163,5238,
24.4.2026,14:18:42.803,51.0,53.0,29.000,29.994,1757.0,1730.0,1163,5238,
24.4.2026,14:18:43.007,51.0,53.0,30.000,29.893,1757.0,1730.0,1163,5238,
24.4.2026,14:18:43.212,51.0,52.0,29.000,29.908,1757.0,1728.0,1163,5238,
24.4.2026,14:18:43.413,51.0,52.0,29.000,29.845,1757.0,1730.0,1163,5238,
24.4.2026,14:18:43.620,51.0,53.0,29.000,29.912,1756.0,1730.0,1163,5238,
24.4.2026,14:18:43.826,51.0,52.0,29.000,29.698,1757.0,1728.0,1163,5238,
24.4.2026,14:18:44.035,51.0,53.0,29.000,29.532,1757.0,1730.0,1163,5238,
24.4.2026,14:18:44.236,51.0,52.0,29.000,29.437,304.0,1730.0,1163,5238,
24.4.2026,14:18:44.441,51.0,52.0,29.000,29.862,280.0,1730.0,1163,5238,
24.4.2026,14:18:44.642,50.0,52.0,29.000,29.448,1751.0,1730.0,1163,5238,
24.4.2026,14:18:44.847,51.0,52.0,29.000,29.395,280.0,1728.0,1163,5238,
24.4.2026,14:18:45.065,51.0,53.0,29.000,29.452,1757.0,1730.0,1163,5238,
24.4.2026,14:18:45.256,50.0,53.0,29.000,29.521,285.0,1730.0,1163,5238,
24.4.2026,14:18:45.464,50.0,52.0,29.000,29.355,274.0,1730.0,1163,5238,
24.4.2026,14:18:45.669,51.0,52.0,29.000,29.479,1719.0,1730.0,1163,5238,
24.4.2026,14:18:45.877,50.0,52.0,29.000,29.346,294.0,1728.0,1163,5238,
24.4.2026,14:18:46.076,50.0,52.0,29.000,29.524,1746.0,1728.0,1163,5238,
24.4.2026,14:18:46.281,50.0,52.0,29.000,29.631,251.0,1730.0,1163,5238,
24.4.2026,14:18:46.487,51.0,52.0,29.000,29.671,292.0,1728.0,1163,5238,
24.4.2026,14:18:46.690,50.0,52.0,29.000,29.326,292.0,1730.0,1163,5238,
24.4.2026,14:18:46.891,51.0,52.0,29.000,29.179,1757.0,1730.0,1163,5238,
24.4.2026,14:18:47.091,51.0,52.0,28.000,28.983,297.0,1730.0,1163,5238,
24.4.2026,14:18:47.297,51.0,53.0,29.000,29.083,1756.0,1730.0,1163,5238,
24.4.2026,14:18:47.501,50.0,52.0,28.000,29.365,281.0,1730.0,1163,5238,
24.4.2026,14:18:47.703,50.0,52.0,29.000,29.082,1757.0,1730.0,1163,5238,
24.4.2026,14:18:47.908,51.0,52.0,29.000,29.143,275.0,1730.0,1163,5238,
24.4.2026,14:18:48.108,51.0,52.0,28.000,29.436,255.0,1730.0,1163,5238,
24.4.2026,14:18:48.314,51.0,53.0,29.000,29.358,286.0,1728.0,1163,5238,
24.4.2026,14:18:48.516,50.0,52.0,29.000,29.478,1757.0,1730.0,1163,5238,
24.4.2026,14:18:48.719,51.0,53.0,30.000,29.300,1754.0,1730.0,1163,5238,
24.4.2026,14:18:48.912,51.0,53.0,29.000,29.496,292.0,1728.0,1163,5238,
24.4.2026,14:18:49.117,51.0,53.0,29.000,29.295,1756.0,1728.0,1163,5238,
24.4.2026,14:18:49.321,51.0,53.0,29.000,29.227,1757.0,1730.0,1163,5238,
24.4.2026,14:18:49.529,50.0,53.0,29.000,29.302,285.0,1728.0,1163,5238,
24.4.2026,14:18:49.733,51.0,52.0,29.000,29.299,1757.0,1730.0,1163,5238,
24.4.2026,14:18:49.937,51.0,52.0,29.000,29.081,1757.0,1730.0,1163,5238,
24.4.2026,14:18:50.140,51.0,53.0,28.000,29.289,291.0,1730.0,1163,5238,
24.4.2026,14:18:50.346,51.0,52.0,28.000,29.100,282.0,1728.0,1163,5238,
24.4.2026,14:18:50.550,51.0,53.0,30.000,29.075,1750.0,1730.0,1163,5238,
24.4.2026,14:18:50.757,51.0,53.0,29.000,29.273,296.0,1730.0,1163,5238,
24.4.2026,14:18:50.963,51.0,53.0,29.000,29.054,1757.0,1728.0,1163,5238,
24.4.2026,14:18:51.165,51.0,52.0,28.000,28.875,259.0,1728.0,1163,5238,
24.4.2026,14:18:51.373,51.0,53.0,29.000,28.936,302.0,1728.0,1163,5238,
24.4.2026,14:18:51.575,51.0,52.0,29.000,29.270,1756.0,1728.0,1163,5238,
24.4.2026,14:18:51.779,51.0,52.0,29.000,29.211,293.0,1730.0,1163,5238,
24.4.2026,14:18:51.983,51.0,52.0,28.000,28.689,279.0,1730.0,1163,5238,
24.4.2026,14:18:52.190,51.0,53.0,29.000,29.054,295.0,1730.0,1163,5238,
24.4.2026,14:18:52.392,51.0,53.0,29.000,29.230,1752.0,1730.0,1163,5238,
24.4.2026,14:18:52.585,51.0,53.0,29.000,29.278,1756.0,1730.0,1163,5238,
24.4.2026,14:18:52.790,51.0,52.0,28.000,29.323,300.0,1730.0,1163,5238,
24.4.2026,14:18:52.993,51.0,52.0,29.000,29.163,1757.0,1728.0,1163,5238,
24.4.2026,14:18:53.192,51.0,52.0,29.000,28.980,275.0,1730.0,1163,5238,
24.4.2026,14:18:53.400,51.0,52.0,28.000,29.399,276.0,1730.0,1163,5238,
24.4.2026,14:18:53.607,51.0,53.0,29.000,29.253,1755.0,1728.0,1163,5238,
24.4.2026,14:18:53.816,51.0,53.0,29.000,29.167,1757.0,1730.0,1163,5238,
24.4.2026,14:18:54.018,51.0,52.0,29.000,29.252,1757.0,1728.0,1163,5238,
24.4.2026,14:18:54.207,51.0,53.0,29.000,29.361,1757.0,1730.0,1163,5238,
24.4.2026,14:18:54.423,50.0,52.0,27.000,29.189,219.0,1728.0,1163,5238,
24.4.2026,14:18:54.627,51.0,53.0,29.000,29.047,1758.0,1730.0,1163,5238,
24.4.2026,14:18:54.853,51.0,53.0,29.000,29.511,1757.0,1730.0,1163,5238,
24.4.2026,14:18:55.022,51.0,53.0,29.000,29.580,1757.0,1730.0,1163,5238,
24.4.2026,14:18:55.227,51.0,53.0,30.000,29.720,1757.0,1730.0,1163,5238,
24.4.2026,14:18:55.430,51.0,53.0,29.000,29.571,1757.0,1730.0,1163,5238,
24.4.2026,14:18:55.634,51.0,53.0,29.000,29.330,1757.0,1728.0,1163,5238,
24.4.2026,14:18:55.841,51.0,52.0,29.000,29.367,1757.0,1728.0,1163,5238,
24.4.2026,14:18:56.047,51.0,53.0,29.000,29.423,1732.0,1730.0,1163,5238,
24.4.2026,14:18:56.254,51.0,53.0,29.000,29.266,260.0,1730.0,1163,5238,
24.4.2026,14:18:56.453,51.0,52.0,29.000,29.331,1756.0,1730.0,1163,5238,
24.4.2026,14:18:56.660,51.0,52.0,29.000,29.483,1757.0,1730.0,1163,5238,
24.4.2026,14:18:56.860,51.0,52.0,28.000,29.250,299.0,1730.0,1163,5238,
24.4.2026,14:18:57.051,51.0,53.0,28.000,29.030,289.0,1728.0,1163,5238,
24.4.2026,14:18:57.263,51.0,53.0,29.000,28.904,1757.0,1730.0,1163,5238,
24.4.2026,14:18:57.462,51.0,53.0,29.000,29.169,288.0,1730.0,1163,5238,
24.4.2026,14:18:57.669,51.0,53.0,29.000,29.200,1746.0,1730.0,1163,5238,
24.4.2026,14:18:57.870,51.0,53.0,29.000,29.234,307.0,1728.0,1163,5238,
24.4.2026,14:18:58.076,51.0,53.0,29.000,29.414,1757.0,1730.0,1163,5238,
24.4.2026,14:18:58.286,51.0,53.0,29.000,29.471,1757.0,1728.0,1163,5238,
24.4.2026,14:18:58.486,51.0,52.0,29.000,29.116,1756.0,1730.0,1163,5238,
24.4.2026,14:18:58.678,51.0,53.0,28.000,29.121,274.0,1730.0,1163,5238,
24.4.2026,14:18:58.881,51.0,52.0,29.000,28.894,299.0,1730.0,1163,5238,
24.4.2026,14:18:59.084,51.0,53.0,28.000,29.011,284.0,1730.0,1163,5238,
24.4.2026,14:18:59.301,51.0,52.0,28.000,28.962,268.0,1730.0,1163,5238,
24.4.2026,14:18:59.521,51.0,53.0,29.000,29.327,1757.0,1730.0,1163,5238,
24.4.2026,14:18:59.723,51.0,53.0,29.000,29.453,283.0,1730.0,1163,5238,
24.4.2026,14:18:59.928,51.0,53.0,29.000,29.377,278.0,1730.0,1163,5238,
24.4.2026,14:19:0.131,51.0,53.0,29.000,29.279,314.0,1730.0,1163,5238,
24.4.2026,14:19:0.338,51.0,53.0,28.000,29.238,274.0,1730.0,1163,5238,
24.4.2026,14:19:0.545,51.0,53.0,29.000,29.182,270.0,1730.0,1163,5238,
24.4.2026,14:19:0.756,51.0,52.0,29.000,29.538,291.0,1730.0,1163,5238,
24.4.2026,14:19:0.966,51.0,53.0,29.000,29.175,1756.0,1730.0,1163,5238,
24.4.2026,14:19:1.173,51.0,53.0,29.000,29.359,1757.0,1730.0,1163,5238,
24.4.2026,14:19:1.378,50.0,52.0,28.000,29.367,262.0,1728.0,1163,5238,
24.4.2026,14:19:1.581,51.0,52.0,28.000,29.310,272.0,1728.0,1163,5238,
24.4.2026,14:19:1.770,51.0,53.0,29.000,29.238,1736.0,1730.0,1163,5238,
24.4.2026,14:19:1.973,51.0,52.0,29.000,29.285,293.0,1728.0,1163,5238,
24.4.2026,14:19:2.180,51.0,53.0,28.000,29.464,298.0,1728.0,1163,5238,
24.4.2026,14:19:2.386,51.0,53.0,29.000,29.193,1756.0,1730.0,1163,5238,
24.4.2026,14:19:2.593,51.0,53.0,29.000,29.384,1756.0,1728.0,1163,5238,
24.4.2026,14:19:2.800,50.0,53.0,29.000,29.145,1757.0,1730.0,1163,5238,
24.4.2026,14:19:2.992,50.0,52.0,28.000,29.054,1703.0,1730.0,1163,5238,
24.4.2026,14:19:3.193,51.0,52.0,28.000,29.048,299.0,1728.0,1163,5238,
24.4.2026,14:19:3.399,51.0,53.0,29.000,29.197,1749.0,1730.0,1163,5238,
24.4.2026,14:19:3.607,51.0,53.0,29.000,29.150,289.0,1730.0,1163,5238,
24.4.2026,14:19:3.812,51.0,53.0,29.000,29.083,1756.0,1728.0,1163,5238,
24.4.2026,14:19:4.022,51.0,52.0,28.000,29.049,296.0,1730.0,1163,5238,
24.4.2026,14:19:4.241,51.0,53.0,29.000,29.028,1757.0,1730.0,1163,5238,
24.4.2026,14:19:4.447,51.0,53.0,29.000,29.144,1756.0,1730.0,1163,5238,
24.4.2026,14:19:4.649,51.0,53.0,28.000,29.025,281.0,1730.0,1163,5238,
24.4.2026,14:19:4.859,51.0,53.0,28.000,28.861,278.0,1730.0,1163,5238,
24.4.2026,14:19:5.061,51.0,53.0,29.000,28.972,1746.0,1730.0,1163,5238,
24.4.2026,14:19:5.267,51.0,53.0,29.000,29.162,1756.0,1730.0,1163,5238,
24.4.2026,14:19:5.458,51.0,53.0,28.000,28.895,287.0,1728.0,1163,5238,
24.4.2026,14:19:5.674,51.0,53.0,29.000,29.064,1756.0,1728.0,1163,5238,
24.4.2026,14:19:5.873,51.0,53.0,29.000,28.789,1756.0,1730.0,1163,5238,
24.4.2026,14:19:6.074,51.0,53.0,28.000,28.704,288.0,1730.0,1163,5238,
24.4.2026,14:19:6.277,50.0,53.0,29.000,29.002,1746.0,1730.0,1163,5238,
24.4.2026,14:19:6.482,51.0,53.0,29.000,29.146,1755.0,1728.0,1163,5238,
24.4.2026,14:19:6.685,51.0,53.0,28.000,29.105,299.0,1728.0,1163,5238,
24.4.2026,14:19:6.892,51.0,53.0,28.000,29.041,1757.0,1730.0,1163,5238,
24.4.2026,14:19:7.097,51.0,53.0,29.000,29.046,1756.0,1730.0,1163,5238,
24.4.2026,14:19:7.285,52.0,53.0,29.000,29.256,1756.0,1730.0,1163,5238,
24.4.2026,14:19:7.489,51.0,53.0,29.000,29.401,1757.0,1728.0,1163,5238,
24.4.2026,14:19:7.693,51.0,53.0,29.000,29.375,1757.0,1730.0,1163,5238,
24.4.2026,14:19:7.901,51.0,53.0,29.000,29.269,1757.0,1730.0,1163,5238,
24.4.2026,14:19:8.103,52.0,53.0,29.000,29.444,1757.0,1730.0,1163,5238,
24.4.2026,14:19:8.306,51.0,53.0,29.000,29.639,1757.0,1730.0,1163,5238,
24.4.2026,14:19:8.508,52.0,53.0,29.000,29.304,294.0,1728.0,1163,5238,
24.4.2026,14:19:8.714,51.0,53.0,29.000,29.294,286.0,1728.0,1163,5238,
24.4.2026,14:19:8.922,51.0,52.0,29.000,29.205,1742.0,1730.0,1163,5238,
24.4.2026,14:19:9.115,51.0,52.0,29.000,29.205,1742.0,1730.0,1163,5238,
24.4.2026,14:19:9.321,51.0,53.0,28.000,29.252,272.0,1730.0,1163,5238,
24.4.2026,14:19:9.528,51.0,53.0,29.000,29.296,1756.0,1728.0,1163,5238,
24.4.2026,14:19:9.733,51.0,53.0,28.000,29.176,288.0,1730.0,1163,5238,
24.4.2026,14:19:9.941,51.0,52.0,29.000,29.243,1757.0,1730.0,1163,5238,
24.4.2026,14:19:10.141,51.0,53.0,29.000,29.291,293.0,1730.0,1163,5238,
24.4.2026,14:19:10.347,51.0,52.0,29.000,29.396,1737.0,1728.0,1163,5238,
24.4.2026,14:19:10.566,51.0,53.0,29.000,29.254,1753.0,1730.0,1163,5238,
24.4.2026,14:19:10.755,51.0,53.0,29.000,29.254,1753.0,1730.0,1163,5238,
24.4.2026,14:19:10.968,51.0,53.0,29.000,29.345,303.0,1730.0,1163,5238,
24.4.2026,14:19:11.173,51.0,53.0,29.000,29.600,1756.0,1730.0,1163,5238,
24.4.2026,14:19:11.363,51.0,53.0,29.000,29.534,310.0,1728.0,1163,5238,
24.4.2026,14:19:11.582,51.0,53.0,29.000,29.415,299.0,1730.0,1163,5238,
24.4.2026,14:19:11.785,51.0,53.0,30.000,29.602,1753.0,1730.0,1163,5238,
24.4.2026,14:19:11.988,51.0,52.0,29.000,29.606,1756.0,1730.0,1163,5238,
24.4.2026,14:19:12.176,51.0,53.0,29.000,29.253,1757.0,1730.0,1163,5238,
24.4.2026,14:19:12.397,51.0,53.0,29.000,29.237,291.0,1728.0,1163,5238,
24.4.2026,14:19:12.604,51.0,53.0,29.000,29.208,1757.0,1730.0,1163,5238,
24.4.2026,14:19:12.811,51.0,53.0,29.000,29.437,278.0,1730.0,1163,5238,
24.4.2026,14:19:13.011,51.0,53.0,28.000,29.162,230.0,1730.0,1163,5238,
24.4.2026,14:19:13.215,51.0,53.0,29.000,29.292,287.0,1730.0,1163,5238,
24.4.2026,14:19:13.421,51.0,53.0,29.000,29.560,1755.0,1730.0,1163,5238,
24.4.2026,14:19:13.626,51.0,53.0,29.000,29.282,292.0,1728.0,1163,5238,
24.4.2026,14:19:13.819,51.0,53.0,28.000,29.143,289.0,1730.0,1163,5238,
24.4.2026,14:19:14.022,51.0,53.0,29.000,29.328,1709.0,1730.0,1163,5238,
24.4.2026,14:19:14.229,51.0,53.0,28.000,29.134,232.0,1728.0,1163,5238,
24.4.2026,14:19:14.432,51.0,53.0,29.000,29.110,291.0,1730.0,1163,5238,
24.4.2026,14:19:14.639,51.0,53.0,29.000,29.433,267.0,1730.0,1163,5238,
24.4.2026,14:19:14.849,51.0,53.0,29.000,29.591,307.0,1728.0,1163,5238,
24.4.2026,14:19:15.052,51.0,53.0,29.000,29.294,283.0,1730.0,1163,5238,
24.4.2026,14:19:15.258,51.0,53.0,29.000,29.502,280.0,1730.0,1163,5238,
24.4.2026,14:19:15.462,51.0,53.0,29.000,29.502,299.0,1730.0,1163,5238,
24.4.2026,14:19:15.671,51.0,53.0,29.000,29.380,295.0,1728.0,1163,5238,
24.4.2026,14:19:15.865,51.0,53.0,29.000,29.384,258.0,1730.0,1163,5238,
24.4.2026,14:19:16.080,51.0,53.0,29.000,29.406,288.0,1730.0,1163,5238,
24.4.2026,14:19:16.281,51.0,53.0,29.000,29.582,1756.0,1728.0,1163,5238,
24.4.2026,14:19:16.485,51.0,53.0,29.000,29.494,1757.0,1730.0,1163,5238,
24.4.2026,14:19:16.690,51.0,53.0,29.000,29.436,1756.0,1728.0,1163,5238,
24.4.2026,14:19:16.891,52.0,53.0,28.000,29.155,268.0,1730.0,1163,5238,
24.4.2026,14:19:17.096,51.0,53.0,29.000,29.221,276.0,1728.0,1163,5238,
24.4.2026,14:19:17.288,51.0,53.0,29.000,29.261,1754.0,1730.0,1163,5238,
24.4.2026,14:19:17.494,51.0,53.0,29.000,29.093,1751.0,1730.0,1163,5238,
24.4.2026,14:19:17.696,51.0,53.0,29.000,29.319,1752.0,1730.0,1163,5238,
24.4.2026,14:19:17.901,51.0,53.0,29.000,29.397,1756.0,1728.0,1163,5238,
24.4.2026,14:19:18.107,51.0,53.0,28.000,29.198,291.0,1730.0,1163,5238,
24.4.2026,14:19:18.308,51.0,53.0,29.000,29.100,1757.0,1730.0,1163,5238,
24.4.2026,14:19:18.511,51.0,53.0,29.000,29.311,1756.0,1730.0,1163,5238,
24.4.2026,14:19:18.712,51.0,53.0,29.000,29.129,1756.0,1728.0,1163,5238,
24.4.2026,14:19:18.919,51.0,53.0,29.000,29.235,1756.0,1728.0,1163,5238,
24.4.2026,14:19:19.121,51.0,53.0,29.000,29.386,1756.0,1728.0,1163,5238,
24.4.2026,14:19:19.325,51.0,53.0,29.000,29.839,1757.0,1730.0,1163,5238,
24.4.2026,14:19:19.522,51.0,53.0,29.000,29.762,1756.0,1730.0,1163,5238,
24.4.2026,14:19:19.725,51.0,53.0,29.000,29.753,1757.0,1730.0,1163,5238,
24.4.2026,14:19:19.926,51.0,53.0,29.000,29.599,1757.0,1728.0,1163,5238,
24.4.2026,14:19:20.128,51.0,53.0,29.000,29.212,1757.0,1730.0,1163,5238,
24.4.2026,14:19:20.343,51.0,53.0,29.000,29.323,1757.0,1730.0,1163,5238,
24.4.2026,14:19:20.548,52.0,53.0,29.000,29.359,1756.0,1730.0,1163,5238,
24.4.2026,14:19:20.750,51.0,53.0,29.000,29.353,1744.0,1730.0,1163,5238,
24.4.2026,14:19:20.954,51.0,53.0,29.000,29.234,299.0,1728.0,1163,5238,
24.4.2026,14:19:21.157,51.0,53.0,29.000,29.531,305.0,1730.0,1163,5238,
24.4.2026,14:19:21.366,51.0,53.0,29.000,29.637,1757.0,1728.0,1163,5238,
24.4.2026,14:19:21.575,51.0,53.0,29.000,29.435,1756.0,1730.0,1163,5238,
24.4.2026,14:19:21.781,51.0,53.0,28.000,29.311,286.0,1730.0,1163,5238,
24.4.2026,14:19:21.984,51.0,53.0,29.000,29.127,1756.0,1730.0,1163,5238,
24.4.2026,14:19:22.187,52.0,53.0,28.000,29.166,296.0,1730.0,1163,5238,
24.4.2026,14:19:22.390,51.0,53.0,29.000,29.142,276.0,1728.0,1163,5238,
24.4.2026,14:19:22.594,51.0,53.0,29.000,29.276,302.0,1728.0,1163,5238,
24.4.2026,14:19:22.801,51.0,53.0,29.000,29.125,302.0,1730.0,1163,5238,
24.4.2026,14:19:22.987,51.0,53.0,29.000,29.215,1756.0,1730.0,1163,5238,
24.4.2026,14:19:23.203,51.0,53.0,29.000,29.248,1716.0,1730.0,1163,5238,
24.4.2026,14:19:23.411,51.0,53.0,28.000,29.007,255.0,1728.0,1163,5238,
24.4.2026,14:19:23.617,52.0,53.0,28.000,28.913,251.0,1728.0,1163,5238,
24.4.2026,14:19:23.822,51.0,53.0,29.000,29.173,1756.0,1730.0,1163,5238,
24.4.2026,14:19:24.026,51.0,53.0,29.000,29.117,1756.0,1730.0,1163,5238,
24.4.2026,14:19:24.229,51.0,53.0,29.000,28.979,1756.0,1730.0,1163,5238,
24.4.2026,14:19:24.432,51.0,53.0,28.000,28.954,281.0,1730.0,1163,5238,
24.4.2026,14:19:24.638,51.0,53.0,29.000,28.827,1753.0,1728.0,1163,5238,
24.4.2026,14:19:24.843,51.0,53.0,28.000,28.826,1755.0,1730.0,1163,5238,
24.4.2026,14:19:25.045,51.0,53.0,29.000,28.962,309.0,1728.0,1163,5238,
24.4.2026,14:19:25.248,52.0,53.0,28.000,28.942,294.0,1728.0,1163,5238,
24.4.2026,14:19:25.458,51.0,53.0,28.000,28.594,283.0,1730.0,1163,5238,
24.4.2026,14:19:25.660,51.0,53.0,28.000,28.597,298.0,1728.0,1163,5238,
24.4.2026,14:19:25.852,51.0,53.0,29.000,28.842,1755.0,1728.0,1163,5238,
24.4.2026,14:19:26.053,51.0,53.0,29.000,28.853,1756.0,1730.0,1163,5238,
24.4.2026,14:19:26.255,51.0,53.0,29.000,29.129,1756.0,1730.0,1163,5238,
24.4.2026,14:19:26.460,52.0,53.0,29.000,29.179,1756.0,1728.0,1163,5238,
24.4.2026,14:19:26.662,51.0,53.0,29.000,29.271,1757.0,1730.0,1163,5238,
24.4.2026,14:19:26.868,52.0,53.0,29.000,29.226,269.0,1730.0,1163,5238,
24.4.2026,14:19:27.070,51.0,53.0,29.000,29.393,1754.0,1728.0,1163,5238,
24.4.2026,14:19:27.275,51.0,53.0,29.000,29.320,1755.0,1730.0,1163,5238,
24.4.2026,14:19:27.480,51.0,53.0,29.000,29.192,1756.0,1730.0,1163,5238,
24.4.2026,14:19:27.683,51.0,53.0,29.000,29.277,1756.0,1728.0,1163,5238,
24.4.2026,14:19:27.893,51.0,53.0,29.000,29.158,302.0,1728.0,1163,5238,
24.4.2026,14:19:28.094,51.0,53.0,29.000,29.027,272.0,1730.0,1163,5238,
24.4.2026,14:19:28.301,51.0,53.0,29.000,29.664,297.0,1730.0,1163,5238,
24.4.2026,14:19:28.519,52.0,53.0,29.000,29.427,288.0,1730.0,1163,5238,
24.4.2026,14:19:28.739,52.0,54.0,29.000,29.285,1756.0,1728.0,1163,5238,
24.4.2026,14:19:28.946,52.0,53.0,29.000,29.175,1756.0,1730.0,1163,5238,
24.4.2026,14:19:29.158,52.0,53.0,29.000,29.205,293.0,1728.0,1163,5238,
24.4.2026,14:19:29.354,51.0,53.0,29.000,29.318,272.0,1730.0,1163,5238,
24.4.2026,14:19:29.555,51.0,53.0,29.000,29.508,295.0,1728.0,1163,5238,
24.4.2026,14:19:29.760,51.0,53.0,29.000,29.611,1726.0,1730.0,1163,5238,
24.4.2026,14:19:29.965,51.0,53.0,28.000,29.146,272.0,1730.0,1163,5238,
24.4.2026,14:19:30.170,52.0,53.0,29.000,29.113,290.0,1728.0,1163,5238,
24.4.2026,14:19:30.373,52.0,53.0,29.000,29.353,1751.0,1730.0,1163,5238,
24.4.2026,14:19:30.571,51.0,53.0,29.000,29.604,1756.0,1728.0,1163,5238,
24.4.2026,14:19:30.773,51.0,53.0,29.000,29.502,1757.0,1730.0,1163,5238,
24.4.2026,14:19:30.977,51.0,53.0,29.000,29.255,300.0,1728.0,1163,5238,
24.4.2026,14:19:31.181,51.0,53.0,29.000,29.140,1757.0,1730.0,1163,5238,
24.4.2026,14:19:31.387,51.0,53.0,29.000,29.411,1756.0,1730.0,1163,5238,
24.4.2026,14:19:31.592,51.0,53.0,30.000,29.929,1756.0,1730.0,1163,5238,
24.4.2026,14:19:31.801,51.0,53.0,29.000,29.966,1756.0,1728.0,1163,5238,
24.4.2026,14:19:31.989,51.0,53.0,29.000,29.895,1756.0,1730.0,1163,5238,
24.4.2026,14:19:32.193,52.0,53.0,29.000,29.990,1756.0,1730.0,1163,5238,
24.4.2026,14:19:32.406,52.0,53.0,29.000,30.026,1757.0,1730.0,1163,5238,
24.4.2026,14:19:32.609,52.0,53.0,30.000,29.977,1757.0,1730.0,1163,5238,
24.4.2026,14:19:32.813,51.0,53.0,28.000,29.931,274.0,1730.0,1163,5238,
24.4.2026,14:19:33.014,52.0,53.0,29.000,29.519,1737.0,1730.0,1163,5238,
24.4.2026,14:19:33.223,52.0,53.0,29.000,29.442,1751.0,1730.0,1163,5238,
24.4.2026,14:19:33.427,52.0,53.0,29.000,29.647,273.0,1730.0,1163,5238,
24.4.2026,14:19:33.643,51.0,53.0,29.000,29.559,1757.0,1728.0,1163,5238,
24.4.2026,14:19:33.833,51.0,53.0,29.000,29.363,282.0,1730.0,1163,5238,
24.4.2026,14:19:34.038,51.0,53.0,28.000,29.224,277.0,1730.0,1163,5238,
24.4.2026,14:19:34.242,51.0,53.0,28.000,29.228,267.0,1730.0,1163,5238,
24.4.2026,14:19:34.446,52.0,53.0,28.000,29.235,288.0,1730.0,1163,5238,
24.4.2026,14:19:34.653,51.0,53.0,29.000,29.051,1747.0,1730.0,1163,5238,
24.4.2026,14:19:34.859,51.0,53.0,29.000,29.147,264.0,1730.0,1163,5238,
24.4.2026,14:19:35.066,51.0,53.0,29.000,29.225,1754.0,1728.0,1163,5238,
24.4.2026,14:19:35.267,52.0,53.0,29.000,29.500,300.0,1730.0,1163,5238,
24.4.2026,14:19:35.459,52.0,53.0,29.000,29.745,1756.0,1728.0,1163,5238,
24.4.2026,14:19:35.663,51.0,53.0,29.000,29.459,1756.0,1730.0,1163,5238,
24.4.2026,14:19:35.868,51.0,53.0,29.000,29.314,251.0,1730.0,1163,5238,
24.4.2026,14:19:36.075,51.0,53.0,29.000,29.233,1734.0,1730.0,1163,5238,
24.4.2026,14:19:36.278,51.0,53.0,29.000,29.149,299.0,1728.0,1163,5238,
24.4.2026,14:19:36.498,51.0,53.0,29.000,29.282,1752.0,1730.0,1163,5238,
24.4.2026,14:19:36.688,51.0,53.0,28.000,29.306,277.0,1730.0,1163,5238,
24.4.2026,14:19:36.894,52.0,53.0,29.000,29.280,1756.0,1728.0,1163,5238,
24.4.2026,14:19:37.116,51.0,53.0,29.000,29.000,1757.0,1730.0,1163,5238,
24.4.2026,14:19:37.317,51.0,53.0,28.000,29.061,303.0,1730.0,1163,5238,
24.4.2026,14:19:37.533,52.0,53.0,29.000,28.878,308.0,1728.0,1163,5238,
24.4.2026,14:19:37.738,52.0,53.0,28.000,29.062,277.0,1730.0,1163,5238,
24.4.2026,14:19:37.940,51.0,53.0,28.000,29.024,256.0,1730.0,1163,5238,
24.4.2026,14:19:38.146,52.0,53.0,29.000,29.077,1751.0,1730.0,1163,5238,
24.4.2026,14:19:38.352,51.0,53.0,29.000,29.130,1753.0,1730.0,1163,5238,
24.4.2026,14:19:38.555,51.0,53.0,29.000,29.342,1757.0,1730.0,1163,5238,
24.4.2026,14:19:38.762,52.0,53.0,29.000,29.056,1756.0,1730.0,1163,5238,
24.4.2026,14:19:38.964,51.0,53.0,29.000,29.247,295.0,1730.0,1163,5238,
24.4.2026,14:19:39.169,51.0,53.0,29.000,29.036,1757.0,1728.0,1163,5238,
24.4.2026,14:19:39.372,52.0,53.0,29.000,29.379,290.0,1730.0,1163,5238,
24.4.2026,14:19:39.577,52.0,54.0,29.000,29.256,267.0,1730.0,1163,5238,
24.4.2026,14:19:39.781,52.0,53.0,29.000,29.525,1755.0,1728.0,1163,5238,
24.4.2026,14:19:39.985,52.0,53.0,29.000,29.128,1756.0,1730.0,1163,5238,
24.4.2026,14:19:40.177,51.0,53.0,29.000,29.354,300.0,1730.0,1163,5238,
24.4.2026,14:19:40.382,51.0,53.0,29.000,29.549,1757.0,1730.0,1163,5238,
24.4.2026,14:19:40.587,52.0,53.0,28.000,29.315,291.0,1728.0,1163,5238,
24.4.2026,14:19:40.793,51.0,53.0,29.000,29.225,303.0,1730.0,1163,5238,
24.4.2026,14:19:41.000,51.0,53.0,29.000,29.087,1751.0,1730.0,1163,5238,
24.4.2026,14:19:41.205,52.0,53.0,29.000,29.166,306.0,1730.0,1163,5238,
24.4.2026,14:19:41.399,52.0,53.0,29.000,29.270,1757.0,1730.0,1163,5238,
24.4.2026,14:19:41.601,51.0,53.0,29.000,28.655,1756.0,1730.0,1163,5238,
24.4.2026,14:19:41.820,51.0,53.0,29.000,29.422,299.0,1730.0,1163,5238,
24.4.2026,14:19:42.008,52.0,53.0,28.000,29.275,286.0,1728.0,1163,5238,
24.4.2026,14:19:42.217,52.0,53.0,29.000,29.295,303.0,1730.0,1163,5238,
24.4.2026,14:19:42.424,52.0,53.0,29.000,29.251,1751.0,1730.0,1163,5238,
24.4.2026,14:19:42.620,52.0,53.0,29.000,29.305,285.0,1730.0,1163,5238,
24.4.2026,14:19:42.837,52.0,54.0,29.000,29.249,1755.0,1728.0,1163,5238,
24.4.2026,14:19:43.029,52.0,53.0,29.000,29.395,300.0,1728.0,1163,5238,
24.4.2026,14:19:43.231,52.0,53.0,29.000,29.239,1757.0,1728.0,1163,5238,
24.4.2026,14:19:43.433,51.0,54.0,29.000,29.361,1757.0,1730.0,1163,5238,
24.4.2026,14:19:43.635,52.0,54.0,30.000,29.882,1757.0,1730.0,1163,5238,
24.4.2026,14:19:43.847,51.0,53.0,30.000,30.054,1757.0,1730.0,1163,5238,
24.4.2026,14:19:44.041,51.0,53.0,30.000,29.840,1757.0,1730.0,1163,5238,
24.4.2026,14:19:44.242,51.0,53.0,29.000,29.914,1757.0,1728.0,1163,5238,
24.4.2026,14:19:44.442,51.0,53.0,29.000,30.014,1756.0,1728.0,1163,5238,
24.4.2026,14:19:44.648,52.0,54.0,30.000,30.003,1756.0,1730.0,1163,5238,
24.4.2026,14:19:44.863,51.0,53.0,30.000,30.111,1757.0,1728.0,1163,5238,
24.4.2026,14:19:45.061,52.0,54.0,29.000,29.837,1756.0,1730.0,1163,5238,
24.4.2026,14:19:45.263,51.0,53.0,29.000,29.468,1757.0,1730.0,1163,5238,
24.4.2026,14:19:45.466,51.0,53.0,29.000,29.665,300.0,1730.0,1163,5238,
24.4.2026,14:19:45.681,52.0,53.0,29.000,29.642,1754.0,1728.0,1163,5238,
24.4.2026,14:19:45.884,52.0,53.0,29.000,29.303,293.0,1730.0,1163,5238,
24.4.2026,14:19:46.088,51.0,53.0,29.000,29.655,1756.0,1730.0,1163,5238,
24.4.2026,14:19:46.288,52.0,53.0,29.000,29.782,1757.0,1730.0,1163,5238,
24.4.2026,14:19:46.502,52.0,53.0,29.000,29.432,297.0,1728.0,1163,5238,
24.4.2026,14:19:46.700,52.0,54.0,28.000,29.422,265.0,1730.0,1163,5238,
24.4.2026,14:19:46.903,51.0,53.0,28.000,29.307,260.0,1730.0,1163,5238,
24.4.2026,14:19:47.105,52.0,53.0,28.000,29.422,244.0,1730.0,1163,5238,
24.4.2026,14:19:47.305,52.0,53.0,29.000,29.282,1747.0,1730.0,1163,5238,
24.4.2026,14:19:47.507,51.0,54.0,29.000,29.232,1753.0,1728.0,1163,5238,
24.4.2026,14:19:47.714,51.0,53.0,29.000,29.425,1755.0,1730.0,1163,5238,
24.4.2026,14:19:47.920,52.0,53.0,29.000,29.415,1756.0,1730.0,1163,5238,
24.4.2026,14:19:48.123,51.0,53.0,28.000,29.003,293.0,1728.0,1163,5238,
24.4.2026,14:19:48.327,52.0,53.0,29.000,28.997,296.0,1730.0,1163,5238,
24.4.2026,14:19:48.531,52.0,53.0,29.000,29.139,1756.0,1730.0,1163,5238,
24.4.2026,14:19:48.739,51.0,53.0,28.000,28.978,280.0,1728.0,1163,5238,
24.4.2026,14:19:48.945,52.0,53.0,29.000,29.324,1754.0,1728.0,1163,5238,
24.4.2026,14:19:49.152,51.0,53.0,29.000,29.206,295.0,1730.0,1163,5238,
24.4.2026,14:19:49.347,51.0,53.0,29.000,29.228,1757.0,1730.0,1163,5238,
24.4.2026,14:19:49.551,51.0,53.0,29.000,29.292,1757.0,1730.0,1163,5238,
24.4.2026,14:19:49.756,52.0,53.0,29.000,29.183,296.0,1728.0,1163,5238,
24.4.2026,14:19:49.961,51.0,53.0,29.000,29.056,1757.0,1730.0,1163,5238,
24.4.2026,14:19:50.165,51.0,53.0,29.000,29.205,303.0,1730.0,1163,5238,
24.4.2026,14:19:50.367,52.0,54.0,28.000,29.349,291.0,1730.0,1163,5238,
24.4.2026,14:19:50.571,52.0,54.0,29.000,29.021,1757.0,1730.0,1163,5238,
24.4.2026,14:19:50.776,52.0,53.0,29.000,29.220,298.0,1730.0,1163,5238,
24.4.2026,14:19:50.979,52.0,53.0,29.000,29.175,1756.0,1730.0,1163,5238,
24.4.2026,14:19:51.186,52.0,53.0,29.000,29.188,281.0,1730.0,1163,5238,
24.4.2026,14:19:51.390,52.0,53.0,28.000,29.245,284.0,1730.0,1163,5238,
24.4.2026,14:19:51.591,52.0,53.0,29.000,29.622,1752.0,1730.0,1163,5238,
24.4.2026,14:19:51.801,52.0,53.0,29.000,29.588,270.0,1728.0,1163,5238,
24.4.2026,14:19:52.004,52.0,54.0,29.000,29.221,1754.0,1730.0,1163,5238,
24.4.2026,14:19:52.193,52.0,53.0,29.000,29.344,1756.0,1730.0,1163,5238,
24.4.2026,14:19:52.398,51.0,53.0,29.000,29.307,1756.0,1730.0,1163,5238,
24.4.2026,14:19:52.602,52.0,53.0,29.000,29.608,1758.0,1730.0,1163,5238,
24.4.2026,14:19:52.807,52.0,53.0,29.000,29.473,1757.0,1728.0,1163,5238,
24.4.2026,14:19:53.014,52.0,53.0,29.000,29.534,1757.0,1730.0,1163,5238,
24.4.2026,14:19:53.221,52.0,53.0,29.000,29.486,279.0,1730.0,1163,5238,
24.4.2026,14:19:53.411,51.0,53.0,29.000,29.287,281.0,1730.0,1163,5238,
24.4.2026,14:19:53.614,52.0,54.0,29.000,29.550,306.0,1730.0,1163,5238,
24.4.2026,14:19:53.821,52.0,53.0,29.000,29.356,303.0,1728.0,1163,5238,
24.4.2026,14:19:54.025,51.0,53.0,29.000,29.509,1757.0,1730.0,1163,5238,
24.4.2026,14:19:54.227,52.0,53.0,29.000,29.338,1757.0,1730.0,1163,5238,
24.4.2026,14:19:54.432,52.0,53.0,29.000,29.107,1757.0,1730.0,1163,5238,
24.4.2026,14:19:54.632,52.0,53.0,29.000,29.422,1757.0,1730.0,1163,5238,
24.4.2026,14:19:54.832,51.0,53.0,29.000,29.333,282.0,1730.0,1163,5238,
24.4.2026,14:19:55.041,52.0,54.0,29.000,29.642,1752.0,1730.0,1163,5238,
24.4.2026,14:19:55.239,52.0,53.0,29.000,29.400,1756.0,1730.0,1163,5238,
24.4.2026,14:19:55.447,52.0,53.0,29.000,29.424,302.0,1728.0,1163,5238,
24.4.2026,14:19:55.652,52.0,54.0,29.000,29.549,1756.0,1730.0,1163,5238,
24.4.2026,14:19:55.862,52.0,54.0,29.000,29.705,1757.0,1730.0,1163,5238,
24.4.2026,14:19:56.067,52.0,53.0,30.000,29.993,1757.0,1730.0,1163,5238,
24.4.2026,14:19:56.270,52.0,53.0,29.000,29.972,1757.0,1728.0,1163,5238,
24.4.2026,14:19:56.486,51.0,54.0,30.000,29.950,1757.0,1730.0,1163,5238,
24.4.2026,14:19:56.682,52.0,53.0,29.000,30.072,1757.0,1730.0,1163,5238,
24.4.2026,14:19:56.887,52.0,54.0,29.000,29.959,1757.0,1730.0,1163,5238,
24.4.2026,14:19:57.095,52.0,53.0,29.000,29.902,1757.0,1730.0,1163,5238,
24.4.2026,14:19:57.297,52.0,53.0,29.000,29.424,1757.0,1730.0,1163,5238,
24.4.2026,14:19:57.501,52.0,53.0,29.000,29.672,1756.0,1730.0,1163,5238,
24.4.2026,14:19:57.707,52.0,53.0,29.000,29.831,298.0,1728.0,1163,5238,
24.4.2026,14:19:57.928,52.0,53.0,29.000,29.696,293.0,1730.0,1163,5238,
24.4.2026,14:19:58.133,51.0,53.0,29.000,29.689,1754.0,1730.0,1163,5238,
24.4.2026,14:19:58.339,52.0,54.0,29.000,29.627,302.0,1730.0,1163,5238,
24.4.2026,14:19:58.546,52.0,53.0,29.000,29.627,304.0,1730.0,1163,5238,
24.4.2026,14:19:58.751,52.0,54.0,29.000,29.532,1757.0,1730.0,1163,5238,
24.4.2026,14:19:58.955,51.0,53.0,28.000,29.316,290.0,1728.0,1163,5238,
24.4.2026,14:19:59.157,52.0,54.0,29.000,29.559,1755.0,1730.0,1163,5238,
24.4.2026,14:19:59.356,52.0,53.0,29.000,29.316,1757.0,1730.0,1163,5238,
24.4.2026,14:19:59.557,52.0,53.0,29.000,29.328,1758.0,1728.0,1163,5238,
24.4.2026,14:19:59.763,52.0,53.0,29.000,29.499,267.0,1730.0,1163,5238,
24.4.2026,14:19:59.970,52.0,53.0,29.000,29.573,282.0,1730.0,1163,5238,
24.4.2026,14:20:0.171,52.0,53.0,29.000,29.573,282.0,1730.0,1163,5238,
24.4.2026,14:20:0.372,52.0,53.0,29.000,29.719,1753.0,1728.0,1163,5238,
24.4.2026,14:20:0.576,52.0,53.0,29.000,29.722,1756.0,1730.0,1163,5238,
24.4.2026,14:20:0.782,52.0,54.0,29.000,29.740,1757.0,1728.0,1163,5238,
24.4.2026,14:20:0.987,52.0,53.0,29.000,29.623,286.0,1730.0,1163,5238,
24.4.2026,14:20:1.187,52.0,53.0,29.000,29.585,271.0,1730.0,1163,5238,
24.4.2026,14:20:1.389,51.0,53.0,29.000,29.624,294.0,1730.0,1163,5238,
24.4.2026,14:20:1.591,52.0,53.0,29.000,29.881,289.0,1730.0,1163,5238,
24.4.2026,14:20:1.796,52.0,54.0,29.000,29.923,1756.0,1730.0,1163,5238,
24.4.2026,14:20:2.003,52.0,53.0,29.000,29.318,1756.0,1728.0,1163,5238,
24.4.2026,14:20:2.207,51.0,53.0,29.000,29.614,291.0,1730.0,1163,5238,
24.4.2026,14:20:2.397,52.0,53.0,29.000,29.699,304.0,1728.0,1163,5238,
24.4.2026,14:20:2.604,52.0,54.0,29.000,29.393,1757.0,1728.0,1163,5238,
24.4.2026,14:20:2.804,51.0,54.0,29.000,29.346,1756.0,1730.0,1163,5238,
24.4.2026,14:20:3.011,52.0,53.0,28.000,29.218,285.0,1730.0,1163,5238,
24.4.2026,14:20:3.218,51.0,53.0,29.000,29.145,281.0,1730.0,1163,5238,
24.4.2026,14:20:3.423,52.0,53.0,29.000,29.432,1751.0,1730.0,1163,5238,
24.4.2026,14:20:3.616,52.0,53.0,29.000,29.558,1757.0,1728.0,1163,5238,
24.4.2026,14:20:3.824,52.0,53.0,30.000,29.542,1757.0,1730.0,1163,5238,
24.4.2026,14:20:4.031,52.0,54.0,29.000,29.539,1756.0,1728.0,1163,5238,
24.4.2026,14:20:4.233,52.0,54.0,29.000,29.519,1712.0,1728.0,1163,5238,
24.4.2026,14:20:4.439,52.0,54.0,29.000,29.311,1742.0,1730.0,1163,5238,
24.4.2026,14:20:4.637,52.0,53.0,29.000,29.343,1740.0,1728.0,1163,5238,
24.4.2026,14:20:4.847,52.0,53.0,30.000,29.351,1752.0,1730.0,1163,5238,
24.4.2026,14:20:5.052,52.0,53.0,29.000,29.165,283.0,1730.0,1163,5238,
24.4.2026,14:20:5.253,52.0,53.0,29.000,29.305,1756.0,1730.0,1163,5238,
24.4.2026,14:20:5.470,51.0,53.0,29.000,29.256,308.0,1730.0,1163,5238,
24.4.2026,14:20:5.671,51.0,54.0,30.000,29.505,1756.0,1730.0,1163,5238,
24.4.2026,14:20:5.873,51.0,53.0,30.000,29.578,1756.0,1728.0,1163,5238,
24.4.2026,14:20:6.075,52.0,54.0,29.000,29.379,306.0,1730.0,1163,5238,
24.4.2026,14:20:6.278,52.0,53.0,29.000,29.309,1756.0,1728.0,1163,5238,
24.4.2026,14:20:6.478,52.0,53.0,29.000,29.484,1707.0,1730.0,1163,5238,
24.4.2026,14:20:6.677,52.0,54.0,29.000,29.440,1733.0,1728.0,1163,5238,
24.4.2026,14:20:6.881,52.0,53.0,29.000,29.771,284.0,1730.0,1163,5238,
24.4.2026,14:20:7.083,52.0,53.0,29.000,29.616,1756.0,1728.0,1163,5238,
24.4.2026,14:20:7.290,52.0,54.0,29.000,29.623,1756.0,1730.0,1163,5238,
24.4.2026,14:20:7.494,52.0,54.0,29.000,29.274,284.0,1730.0,1163,5238,
24.4.2026,14:20:7.700,52.0,53.0,29.000,29.529,290.0,1728.0,1163,5238,
24.4.2026,14:20:7.907,51.0,54.0,29.000,29.268,294.0,1728.0,1163,5238,
24.4.2026,14:20:8.098,52.0,54.0,30.000,29.957,1756.0,1730.0,1163,5238,
24.4.2026,14:20:8.314,52.0,54.0,30.000,30.171,1756.0,1728.0,1163,5238,
24.4.2026,14:20:8.517,52.0,54.0,30.000,30.170,1756.0,1730.0,1163,5238,
24.4.2026,14:20:8.722,52.0,54.0,30.000,30.046,1756.0,1730.0,1163,5238,
24.4.2026,14:20:8.929,52.0,53.0,29.000,29.952,1757.0,1728.0,1163,5238,
24.4.2026,14:20:9.132,52.0,54.0,29.000,29.892,1756.0,1730.0,1163,5238,
24.4.2026,14:20:9.337,52.0,53.0,30.000,29.726,1757.0,1728.0,1163,5238,
24.4.2026,14:20:9.544,52.0,54.0,29.000,29.715,296.0,1730.0,1163,5238,
24.4.2026,14:20:9.747,52.0,54.0,29.000,29.342,1756.0,1730.0,1163,5238,
24.4.2026,14:20:9.952,52.0,54.0,29.000,29.295,1757.0,1730.0,1163,5238,
24.4.2026,14:20:10.152,51.0,53.0,29.000,29.391,1756.0,1730.0,1163,5238,
24.4.2026,14:20:10.357,52.0,54.0,29.000,29.441,1715.0,1728.0,1163,5238,
24.4.2026,14:20:10.564,52.0,53.0,29.000,29.340,1734.0,1730.0,1163,5238,
24.4.2026,14:20:10.764,52.0,53.0,29.000,29.440,1756.0,1730.0,1163,5238,
24.4.2026,14:20:10.969,52.0,54.0,29.000,29.534,1757.0,1728.0,1163,5238,
24.4.2026,14:20:11.178,52.0,54.0,29.000,29.321,1757.0,1730.0,1163,5238,
24.4.2026,14:20:11.394,52.0,53.0,29.000,29.181,1757.0,1730.0,1163,5238,
24.4.2026,14:20:11.594,51.0,53.0,29.000,29.171,1718.0,1730.0,1163,5238,
24.4.2026,14:20:11.802,51.0,53.0,29.000,29.358,241.0,1730.0,1163,5238,
24.4.2026,14:20:12.019,52.0,54.0,29.000,29.361,1753.0,1728.0,1163,5238,
24.4.2026,14:20:12.210,52.0,54.0,29.000,29.511,1755.0,1730.0,1163,5238,
24.4.2026,14:20:12.413,52.0,53.0,29.000,29.733,1755.0,1728.0,1163,5238,
24.4.2026,14:20:12.620,52.0,54.0,30.000,29.688,1756.0,1730.0,1163,5238,
24.4.2026,14:20:12.824,52.0,54.0,29.000,29.378,292.0,1730.0,1163,5238,
24.4.2026,14:20:13.030,52.0,54.0,28.000,29.287,259.0,1730.0,1163,5238,
24.4.2026,14:20:13.237,52.0,53.0,29.000,29.418,1755.0,1730.0,1163,5238,
24.4.2026,14:20:13.439,52.0,54.0,29.000,29.379,1755.0,1730.0,1163,5238,
24.4.2026,14:20:13.631,51.0,54.0,29.000,29.332,1756.0,1730.0,1163,5238,
24.4.2026,14:20:13.833,52.0,53.0,29.000,29.150,296.0,1730.0,1163,5238,
24.4.2026,14:20:14.040,52.0,53.0,29.000,29.412,1757.0,1730.0,1163,5238,
24.4.2026,14:20:14.245,52.0,53.0,29.000,29.386,307.0,1730.0,1163,5238,
24.4.2026,14:20:14.447,52.0,53.0,29.000,29.153,1735.0,1730.0,1163,5238,
24.4.2026,14:20:14.651,52.0,54.0,29.000,29.250,305.0,1728.0,1163,5238,
24.4.2026,14:20:14.856,52.0,54.0,29.000,29.163,305.0,1728.0,1163,5238,
24.4.2026,14:20:15.061,52.0,54.0,29.000,29.176,1756.0,1730.0,1163,5238,
24.4.2026,14:20:15.267,52.0,54.0,29.000,29.312,1756.0,1730.0,1163,5238,
24.4.2026,14:20:15.472,52.0,53.0,29.000,29.381,284.0,1730.0,1163,5238,
24.4.2026,14:20:15.675,52.0,53.0,29.000,29.415,265.0,1730.0,1163,5238,
24.4.2026,14:20:15.878,52.0,53.0,28.000,29.246,274.0,1728.0,1163,5238,
24.4.2026,14:20:16.079,52.0,54.0,29.000,29.163,282.0,1730.0,1163,5238,
24.4.2026,14:20:16.282,52.0,54.0,29.000,29.092,1728.0,1728.0,1163,5238,
24.4.2026,14:20:16.473,52.0,54.0,29.000,29.511,302.0,1730.0,1163,5238,
24.4.2026,14:20:16.680,52.0,54.0,29.000,29.151,1755.0,1730.0,1163,5238,
24.4.2026,14:20:16.883,52.0,53.0,29.000,28.968,1756.0,1728.0,1163,5238,
24.4.2026,14:20:17.087,52.0,54.0,29.000,29.303,1756.0,1730.0,1163,5238,
24.4.2026,14:20:17.301,52.0,54.0,29.000,29.060,274.0,1730.0,1163,5238,
24.4.2026,14:20:17.492,52.0,54.0,29.000,28.963,1757.0,1728.0,1163,5238,
24.4.2026,14:20:17.696,51.0,54.0,29.000,29.053,1757.0,1730.0,1163,5238,
24.4.2026,14:20:17.905,53.0,54.0,29.000,29.409,296.0,1730.0,1163,5238,
24.4.2026,14:20:18.110,52.0,54.0,29.000,29.293,284.0,1730.0,1163,5238,
24.4.2026,14:20:18.317,52.0,54.0,29.000,29.287,1753.0,1730.0,1163,5238,
24.4.2026,14:20:18.534,52.0,54.0,29.000,29.118,1756.0,1730.0,1163,5238,
24.4.2026,14:20:18.723,52.0,54.0,29.000,29.120,1757.0,1728.0,1163,5238,
24.4.2026,14:20:18.928,52.0,54.0,29.000,28.957,1757.0,1728.0,1163,5238,
24.4.2026,14:20:19.131,52.0,54.0,29.000,28.826,1757.0,1730.0,1163,5238,
24.4.2026,14:20:19.347,52.0,54.0,29.000,28.984,1757.0,1730.0,1163,5238,
24.4.2026,14:20:19.562,52.0,54.0,29.000,29.335,1757.0,1730.0,1163,5238,
24.4.2026,14:20:19.770,52.0,54.0,29.000,29.328,1757.0,1730.0,1163,5238,
24.4.2026,14:20:19.972,52.0,53.0,30.000,29.524,1748.0,1730.0,1163,5238,
24.4.2026,14:20:20.176,51.0,53.0,30.000,29.770,1756.0,1728.0,1163,5238,
24.4.2026,14:20:20.383,52.0,54.0,29.000,29.887,1756.0,1730.0,1163,5238,
24.4.2026,14:20:20.586,52.0,54.0,30.000,29.945,1755.0,1728.0,1163,5238,
24.4.2026,14:20:20.792,52.0,54.0,30.000,29.943,1756.0,1728.0,1163,5238,
24.4.2026,14:20:20.996,52.0,54.0,30.000,29.955,1756.0,1728.0,1163,5238,
24.4.2026,14:20:21.202,52.0,54.0,29.000,29.764,1756.0,1730.0,1163,5238,
24.4.2026,14:20:21.402,52.0,54.0,30.000,29.650,1756.0,1730.0,1163,5238,
24.4.2026,14:20:21.606,52.0,54.0,30.000,29.836,1757.0,1730.0,1163,5238,
24.4.2026,14:20:21.812,52.0,53.0,29.000,29.405,1755.0,1730.0,1163,5238,
24.4.2026,14:20:22.018,52.0,54.0,29.000,29.125,1756.0,1730.0,1163,5238,
24.4.2026,14:20:22.218,52.0,54.0,28.000,29.068,303.0,1728.0,1163,5238,
24.4.2026,14:20:22.421,52.0,54.0,29.000,28.991,1757.0,1730.0,1163,5238,
24.4.2026,14:20:22.625,52.0,54.0,29.000,29.079,295.0,1730.0,1163,5238,
24.4.2026,14:20:22.828,52.0,54.0,28.000,29.041,284.0,1730.0,1163,5238,
24.4.2026,14:20:23.030,52.0,54.0,28.000,28.934,259.0,1728.0,1163,5238,
24.4.2026,14:20:23.235,52.0,54.0,28.000,29.070,286.0,1730.0,1163,5238,
24.4.2026,14:20:23.437,52.0,54.0,29.000,28.999,1748.0,1728.0,1163,5238,
24.4.2026,14:20:23.641,52.0,53.0,29.000,29.060,1749.0,1728.0,1163,5238,
24.4.2026,14:20:23.841,52.0,54.0,29.000,29.109,1756.0,1728.0,1163,5238,
24.4.2026,14:20:24.047,52.0,54.0,29.000,29.257,1756.0,1728.0,1163,5238,
24.4.2026,14:20:24.249,52.0,54.0,29.000,29.396,1756.0,1730.0,1163,5238,
24.4.2026,14:20:24.455,52.0,54.0,29.000,29.158,1757.0,1730.0,1163,5238,
24.4.2026,14:20:24.647,52.0,54.0,29.000,29.450,1756.0,1730.0,1163,5238,
24.4.2026,14:20:24.851,52.0,54.0,29.000,29.396,277.0,1730.0,1163,5238,
24.4.2026,14:20:25.058,52.0,53.0,29.000,29.238,296.0,1730.0,1163,5238,
24.4.2026,14:20:25.260,52.0,54.0,30.000,29.474,1756.0,1728.0,1163,5238,
24.4.2026,14:20:25.462,52.0,53.0,29.000,29.357,1757.0,1730.0,1163,5238,
24.4.2026,14:20:25.663,52.0,54.0,29.000,29.267,1757.0,1730.0,1163,5238,
24.4.2026,14:20:25.867,52.0,54.0,29.000,29.179,1756.0,1730.0,1163,5238,
24.4.2026,14:20:26.071,52.0,54.0,29.000,29.036,1757.0,1730.0,1163,5238,
24.4.2026,14:20:26.276,52.0,54.0,28.000,28.934,292.0,1730.0,1163,5238,
24.4.2026,14:20:26.484,53.0,54.0,29.000,28.973,1755.0,1728.0,1163,5238,
24.4.2026,14:20:26.690,52.0,54.0,29.000,29.037,1757.0,1728.0,1163,5238,
24.4.2026,14:20:26.880,52.0,54.0,29.000,29.078,1756.0,1730.0,1163,5238,
24.4.2026,14:20:27.086,52.0,53.0,29.000,28.994,1757.0,1730.0,1163,5238,
24.4.2026,14:20:27.290,52.0,54.0,29.000,29.051,1726.0,1730.0,1163,5238,
24.4.2026,14:20:27.491,52.0,54.0,29.000,29.183,297.0,1730.0,1163,5238,
24.4.2026,14:20:27.698,52.0,54.0,29.000,29.105,1756.0,1728.0,1163,5238,
24.4.2026,14:20:27.899,52.0,54.0,29.000,29.076,1757.0,1730.0,1163,5238,
24.4.2026,14:20:28.106,52.0,54.0,28.000,29.163,288.0,1730.0,1163,5238,
24.4.2026,14:20:28.304,52.0,54.0,29.000,29.228,291.0,1728.0,1163,5238,
24.4.2026,14:20:28.509,52.0,54.0,29.000,29.472,296.0,1730.0,1163,5238,
24.4.2026,14:20:28.733,52.0,54.0,28.000,28.569,302.0,1728.0,1163,5238,
24.4.2026,14:20:28.938,53.0,54.0,29.000,29.534,256.0,1730.0,1163,5238,
24.4.2026,14:20:29.132,53.0,54.0,29.000,29.553,310.0,1728.0,1163,5238,
24.4.2026,14:20:29.345,52.0,54.0,29.000,29.338,1756.0,1730.0,1163,5238,
24.4.2026,14:20:29.539,52.0,54.0,29.000,29.488,1757.0,1728.0,1163,5238,
24.4.2026,14:20:29.745,52.0,53.0,28.000,29.335,275.0,1728.0,1163,5238,
24.4.2026,14:20:29.960,52.0,54.0,28.000,29.097,277.0,1728.0,1163,5238,
24.4.2026,14:20:30.152,52.0,54.0,29.000,29.181,1751.0,1730.0,1163,5238,
24.4.2026,14:20:30.356,52.0,54.0,29.000,29.215,1757.0,1728.0,1163,5238,
24.4.2026,14:20:30.562,52.0,53.0,29.000,29.285,1756.0,1728.0,1163,5238,
24.4.2026,14:20:30.766,52.0,54.0,29.000,29.061,299.0,1730.0,1163,5238,
24.4.2026,14:20:30.983,52.0,54.0,29.000,29.288,298.0,1730.0,1163,5238,
24.4.2026,14:20:31.162,52.0,54.0,28.000,29.092,275.0,1728.0,1163,5238,
24.4.2026,14:20:31.368,52.0,54.0,28.000,28.958,263.0,1730.0,1163,5238,
24.4.2026,14:20:31.572,51.0,54.0,28.000,28.795,264.0,1730.0,1163,5238,
24.4.2026,14:20:31.780,52.0,54.0,29.000,29.091,296.0,1730.0,1163,5238,
24.4.2026,14:20:31.987,52.0,54.0,29.000,29.344,287.0,1730.0,1163,5238,
24.4.2026,14:20:32.176,52.0,54.0,29.000,29.516,281.0,1730.0,1163,5238,
24.4.2026,14:20:32.395,52.0,54.0,30.000,29.953,1757.0,1730.0,1163,5238,
24.4.2026,14:20:32.599,52.0,54.0,30.000,30.347,1756.0,1730.0,1163,5238,
24.4.2026,14:20:32.805,52.0,54.0,30.000,30.296,1756.0,1730.0,1163,5238,
24.4.2026,14:20:33.009,52.0,54.0,30.000,30.363,1755.0,1730.0,1163,5238,
24.4.2026,14:20:33.217,52.0,54.0,29.000,30.087,1755.0,1728.0,1163,5238,
24.4.2026,14:20:33.422,53.0,54.0,29.000,29.938,1757.0,1730.0,1163,5238,
24.4.2026,14:20:33.614,52.0,54.0,29.000,29.606,1756.0,1728.0,1163,5238,
24.4.2026,14:20:33.822,52.0,54.0,29.000,29.455,1755.0,1728.0,1163,5238,
24.4.2026,14:20:34.030,52.0,54.0,29.000,29.202,1756.0,1730.0,1163,5238,
24.4.2026,14:20:34.235,52.0,54.0,29.000,29.322,1757.0,1730.0,1163,5238,
24.4.2026,14:20:34.441,52.0,54.0,29.000,29.325,1740.0,1728.0,1163,5238,
24.4.2026,14:20:34.639,53.0,53.0,29.000,29.254,280.0,1730.0,1163,5238,
24.4.2026,14:20:34.846,52.0,54.0,29.000,29.212,1756.0,1728.0,1163,5238,
24.4.2026,14:20:35.045,52.0,54.0,29.000,29.612,1757.0,1728.0,1163,5238,
24.4.2026,14:20:35.252,52.0,54.0,28.000,29.313,278.0,1730.0,1163,5238,
24.4.2026,14:20:35.458,52.0,54.0,29.000,29.339,1757.0,1728.0,1163,5238,
24.4.2026,14:20:35.663,52.0,54.0,29.000,29.325,304.0,1728.0,1163,5238,
24.4.2026,14:20:35.872,52.0,53.0,29.000,29.180,1750.0,1728.0,1163,5238,
24.4.2026,14:20:36.074,52.0,54.0,28.000,29.033,294.0,1730.0,1163,5238,
24.4.2026,14:20:36.281,52.0,54.0,29.000,29.042,1755.0,1730.0,1163,5238,
24.4.2026,14:20:36.481,52.0,54.0,29.000,29.024,292.0,1730.0,1163,5238,
24.4.2026,14:20:36.687,52.0,54.0,29.000,29.272,1756.0,1730.0,1163,5238,
24.4.2026,14:20:36.892,52.0,54.0,28.000,29.109,288.0,1730.0,1163,5238,
24.4.2026,14:20:37.097,52.0,54.0,28.000,29.055,297.0,1730.0,1163,5238,
24.4.2026,14:20:37.300,52.0,54.0,28.000,29.143,274.0,1728.0,1163,5238,
24.4.2026,14:20:37.503,52.0,54.0,29.000,29.001,272.0,1730.0,1163,5238,
24.4.2026,14:20:37.707,52.0,54.0,28.000,29.409,270.0,1728.0,1163,5238,
24.4.2026,14:20:37.913,52.0,54.0,28.000,28.858,257.0,1730.0,1163,5238,
24.4.2026,14:20:38.114,52.0,54.0,28.000,28.849,300.0,1730.0,1163,5238,
24.4.2026,14:20:38.321,52.0,54.0,29.000,29.026,1756.0,1730.0,1163,5238,
24.4.2026,14:20:38.528,52.0,54.0,28.000,28.821,302.0,1728.0,1163,5238,
24.4.2026,14:20:38.732,52.0,54.0,29.000,29.018,1757.0,1728.0,1163,5238,
24.4.2026,14:20:38.939,52.0,54.0,28.000,29.201,296.0,1730.0,1163,5238,
24.4.2026,14:20:39.144,52.0,54.0,29.000,29.041,1757.0,1730.0,1163,5238,
24.4.2026,14:20:39.350,52.0,54.0,28.000,28.945,302.0,1730.0,1163,5238,
24.4.2026,14:20:39.567,52.0,54.0,29.000,29.192,1751.0,1730.0,1163,5238,
24.4.2026,14:20:39.757,52.0,54.0,28.000,29.077,304.0,1728.0,1163,5238,
24.4.2026,14:20:39.960,52.0,54.0,29.000,28.863,1757.0,1730.0,1163,5238,
24.4.2026,14:20:40.164,52.0,54.0,29.000,29.137,1757.0,1730.0,1163,5238,
24.4.2026,14:20:40.374,52.0,54.0,29.000,29.190,1756.0,1730.0,1163,5238,
24.4.2026,14:20:40.581,52.0,54.0,28.000,29.136,292.0,1730.0,1163,5238,
24.4.2026,14:20:40.778,52.0,54.0,29.000,29.266,300.0,1730.0,1163,5238,
24.4.2026,14:20:40.982,52.0,54.0,29.000,29.198,1757.0,1730.0,1163,5238,
24.4.2026,14:20:41.185,53.0,54.0,29.000,29.113,1756.0,1728.0,1163,5238,
24.4.2026,14:20:41.386,53.0,54.0,29.000,29.207,309.0,1730.0,1163,5238,
24.4.2026,14:20:41.588,52.0,54.0,29.000,29.222,1757.0,1730.0,1163,5238,
24.4.2026,14:20:41.790,52.0,54.0,28.000,29.142,274.0,1728.0,1163,5238,
24.4.2026,14:20:41.992,52.0,54.0,29.000,29.114,295.0,1730.0,1163,5238,
24.4.2026,14:20:42.193,52.0,54.0,29.000,29.224,1756.0,1728.0,1163,5238,
24.4.2026,14:20:42.398,53.0,54.0,28.000,29.207,276.0,1730.0,1163,5238,
24.4.2026,14:20:42.608,52.0,54.0,29.000,29.136,306.0,1730.0,1163,5238,
24.4.2026,14:20:42.815,53.0,53.0,29.000,29.088,1755.0,1728.0,1163,5238,
24.4.2026,14:20:43.019,52.0,54.0,29.000,29.072,1757.0,1728.0,1163,5238,
24.4.2026,14:20:43.223,52.0,54.0,29.000,29.061,1756.0,1730.0,1163,5238,
24.4.2026,14:20:43.441,52.0,54.0,29.000,29.244,1757.0,1730.0,1163,5238,
24.4.2026,14:20:43.658,52.0,54.0,29.000,29.101,299.0,1728.0,1163,5238,
24.4.2026,14:20:43.865,52.0,54.0,29.000,29.334,295.0,1730.0,1163,5238,
24.4.2026,14:20:44.072,52.0,54.0,28.000,29.226,301.0,1728.0,1163,5238,
24.4.2026,14:20:44.278,52.0,54.0,29.000,29.031,1757.0,1728.0,1163,5238,
24.4.2026,14:20:44.481,52.0,54.0,29.000,29.236,1757.0,1730.0,1163,5238,
24.4.2026,14:20:44.687,52.0,54.0,29.000,29.742,1757.0,1730.0,1163,5238,
24.4.2026,14:20:44.894,52.0,54.0,30.000,29.870,1757.0,1728.0,1163,5238,
24.4.2026,14:20:45.110,53.0,54.0,30.000,29.974,1757.0,1730.0,1163,5238,
24.4.2026,14:20:45.319,52.0,54.0,29.000,29.735,1756.0,1730.0,1163,5238,
24.4.2026,14:20:45.534,53.0,54.0,29.000,29.756,1756.0,1728.0,1163,5238,
24.4.2026,14:20:45.751,52.0,54.0,29.000,29.738,1757.0,1728.0,1163,5238,
24.4.2026,14:20:45.964,52.0,54.0,29.000,29.678,1756.0,1730.0,1163,5238,
24.4.2026,14:20:46.175,53.0,54.0,29.000,29.262,285.0,1728.0,1163,5238,
24.4.2026,14:20:46.395,52.0,54.0,29.000,29.273,1757.0,1728.0,1163,5238,
24.4.2026,14:20:46.613,53.0,54.0,28.000,29.011,294.0,1728.0,1163,5238,
24.4.2026,14:20:46.803,52.0,54.0,29.000,28.851,300.0,1730.0,1163,5238,
24.4.2026,14:20:47.009,53.0,53.0,29.000,29.120,1755.0,1730.0,1163,5238,
24.4.2026,14:20:47.214,53.0,54.0,28.000,29.032,300.0,1728.0,1163,5238,
24.4.2026,14:20:47.418,52.0,54.0,29.000,29.142,1757.0,1730.0,1163,5238,
24.4.2026,14:20:47.620,52.0,54.0,29.000,29.297,1757.0,1730.0,1163,5238,
24.4.2026,14:20:47.824,53.0,54.0,29.000,29.181,280.0,1730.0,1163,5238,
24.4.2026,14:20:48.032,52.0,54.0,28.000,29.074,328.0,1728.0,1163,5238,
24.4.2026,14:20:48.241,52.0,54.0,29.000,29.257,1756.0,1730.0,1163,5238,
24.4.2026,14:20:48.447,52.0,54.0,28.000,29.429,288.0,1730.0,1163,5238,
24.4.2026,14:20:48.650,52.0,54.0,29.000,29.030,1755.0,1730.0,1163,5238,
24.4.2026,14:20:48.855,52.0,54.0,29.000,29.216,1757.0,1728.0,1163,5238,
24.4.2026,14:20:49.058,52.0,54.0,29.000,29.070,1756.0,1728.0,1163,5238,
24.4.2026,14:20:49.258,53.0,54.0,29.000,29.272,1757.0,1728.0,1163,5238,
24.4.2026,14:20:49.459,52.0,54.0,29.000,29.460,273.0,1728.0,1163,5238,
24.4.2026,14:20:49.665,52.0,54.0,29.000,29.219,282.0,1730.0,1163,5238,
24.4.2026,14:20:49.867,52.0,54.0,30.000,29.471,1741.0,1730.0,1163,5238,
24.4.2026,14:20:50.073,53.0,54.0,29.000,29.265,1747.0,1728.0,1163,5238,
24.4.2026,14:20:50.281,52.0,54.0,29.000,29.180,276.0,1730.0,1163,5238,
24.4.2026,14:20:50.484,52.0,54.0,28.000,29.187,314.0,1728.0,1163,5238,
24.4.2026,14:20:50.687,53.0,54.0,29.000,29.530,1756.0,1728.0,1163,5238,
24.4.2026,14:20:50.894,52.0,54.0,29.000,29.108,1756.0,1730.0,1163,5238,
24.4.2026,14:20:51.113,52.0,54.0,29.000,29.231,1756.0,1730.0,1163,5238,
24.4.2026,14:20:51.316,52.0,54.0,29.000,29.191,342.0,1730.0,1163,5238,
24.4.2026,14:20:51.521,52.0,54.0,29.000,29.237,1756.0,1730.0,1163,5238,
24.4.2026,14:20:51.729,52.0,54.0,28.000,29.293,250.0,1730.0,1163,5238,
24.4.2026,14:20:51.926,52.0,54.0,28.000,28.949,272.0,1730.0,1163,5238,
24.4.2026,14:20:52.134,52.0,54.0,29.000,28.811,1755.0,1730.0,1163,5238,
24.4.2026,14:20:52.340,52.0,54.0,29.000,28.934,1757.0,1730.0,1163,5238,
24.4.2026,14:20:52.541,52.0,54.0,28.000,28.928,1757.0,1730.0,1163,5238,
24.4.2026,14:20:52.748,52.0,54.0,29.000,29.025,1756.0,1730.0,1163,5238,
24.4.2026,14:20:52.946,52.0,54.0,29.000,28.900,1757.0,1728.0,1163,5238,
24.4.2026,14:20:53.152,52.0,54.0,29.000,29.273,1742.0,1728.0,1163,5238,
24.4.2026,14:20:53.352,52.0,54.0,29.000,29.044,1754.0,1730.0,1163,5238,
24.4.2026,14:20:53.554,53.0,54.0,29.000,29.284,300.0,1728.0,1163,5238,
24.4.2026,14:20:53.754,52.0,54.0,29.000,29.208,284.0,1728.0,1163,5238,
24.4.2026,14:20:53.961,53.0,54.0,29.000,29.107,1757.0,1728.0,1163,5238,
24.4.2026,14:20:54.166,52.0,54.0,29.000,29.202,1756.0,1730.0,1163,5238,
24.4.2026,14:20:54.369,52.0,54.0,28.000,28.938,327.0,1730.0,1163,5238,
24.4.2026,14:20:54.574,52.0,54.0,28.000,28.976,274.0,1728.0,1163,5238,
24.4.2026,14:20:54.786,52.0,54.0,29.000,29.153,299.0,1728.0,1163,5238,
24.4.2026,14:20:54.985,52.0,54.0,29.000,29.173,302.0,1730.0,1163,5238,
24.4.2026,14:20:55.189,52.0,54.0,30.000,29.259,1757.0,1728.0,1163,5238,
24.4.2026,14:20:55.379,52.0,54.0,29.000,29.222,1756.0,1728.0,1163,5238,
24.4.2026,14:20:55.587,53.0,54.0,28.000,29.286,273.0,1730.0,1163,5238,
24.4.2026,14:20:55.799,52.0,54.0,29.000,28.847,1737.0,1730.0,1163,5238,
24.4.2026,14:20:55.999,52.0,54.0,28.000,28.994,241.0,1730.0,1163,5238,
24.4.2026,14:20:56.201,53.0,54.0,29.000,29.013,1755.0,1730.0,1163,5238,
24.4.2026,14:20:56.408,53.0,54.0,29.000,28.993,1756.0,1730.0,1163,5238,
24.4.2026,14:20:56.611,52.0,54.0,29.000,29.195,1757.0,1728.0,1163,5238,
24.4.2026,14:20:56.815,52.0,54.0,29.000,29.340,1756.0,1728.0,1163,5238,
24.4.2026,14:20:57.005,53.0,54.0,29.000,29.631,1756.0,1730.0,1163,5238,
24.4.2026,14:20:57.210,53.0,54.0,29.000,29.949,1756.0,1730.0,1163,5238,
24.4.2026,14:20:57.422,52.0,54.0,29.000,29.925,1756.0,1730.0,1163,5238,
24.4.2026,14:20:57.613,53.0,54.0,29.000,29.716,1756.0,1730.0,1163,5238,
24.4.2026,14:20:57.820,53.0,54.0,29.000,29.579,1757.0,1730.0,1163,5238,
24.4.2026,14:20:58.020,53.0,54.0,29.000,29.609,1757.0,1728.0,1163,5238,
24.4.2026,14:20:58.238,53.0,54.0,29.000,29.508,1756.0,1728.0,1163,5238,
24.4.2026,14:20:58.436,53.0,55.0,29.000,29.287,303.0,1730.0,1163,5238,
24.4.2026,14:20:58.640,52.0,54.0,29.000,29.044,1756.0,1728.0,1163,5238,
24.4.2026,14:20:58.855,53.0,54.0,28.000,29.253,279.0,1730.0,1163,5238,
24.4.2026,14:20:59.038,52.0,54.0,29.000,29.270,312.0,1730.0,1163,5238,
24.4.2026,14:20:59.243,52.0,54.0,29.000,29.216,1755.0,1730.0,1163,5238,
24.4.2026,14:20:59.449,53.0,54.0,29.000,29.105,1756.0,1730.0,1163,5238,
24.4.2026,14:20:59.654,52.0,54.0,28.000,29.066,236.0,1728.0,1163,5238,
24.4.2026,14:20:59.859,53.0,54.0,29.000,29.009,1756.0,1730.0,1163,5238,
24.4.2026,14:21:0.065,52.0,54.0,28.000,29.448,291.0,1730.0,1163,5238,
24.4.2026,14:21:0.257,52.0,54.0,29.000,29.235,294.0,1730.0,1163,5238,
24.4.2026,14:21:0.461,52.0,54.0,29.000,29.421,1754.0,1730.0,1163,5238,
24.4.2026,14:21:0.665,53.0,54.0,29.000,29.116,1754.0,1730.0,1163,5238,
24.4.2026,14:21:0.870,52.0,54.0,29.000,29.340,289.0,1730.0,1163,5238,
24.4.2026,14:21:1.071,53.0,54.0,29.000,29.525,1756.0,1730.0,1163,5238,
24.4.2026,14:21:1.273,52.0,54.0,29.000,29.373,294.0,1730.0,1163,5238,
24.4.2026,14:21:1.474,53.0,54.0,29.000,29.165,1747.0,1730.0,1163,5238,
24.4.2026,14:21:1.679,52.0,54.0,29.000,29.031,293.0,1730.0,1163,5238,
24.4.2026,14:21:1.883,52.0,54.0,29.000,29.138,284.0,1728.0,1163,5238,
24.4.2026,14:21:2.083,52.0,54.0,29.000,29.256,1756.0,1730.0,1163,5238,
24.4.2026,14:21:2.286,52.0,54.0,29.000,29.004,1757.0,1730.0,1163,5238,
24.4.2026,14:21:2.496,52.0,54.0,29.000,29.071,1757.0,1730.0,1163,5238,
24.4.2026,14:21:2.699,53.0,54.0,29.000,29.237,302.0,1730.0,1163,5238,
24.4.2026,14:21:2.905,53.0,54.0,29.000,29.227,273.0,1730.0,1163,5238,
24.4.2026,14:21:3.109,52.0,54.0,29.000,29.494,1721.0,1730.0,1163,5238,
24.4.2026,14:21:3.317,52.0,54.0,29.000,29.349,294.0,1728.0,1163,5238,
24.4.2026,14:21:3.519,52.0,54.0,28.000,29.279,267.0,1730.0,1163,5238,
24.4.2026,14:21:3.721,52.0,54.0,29.000,29.243,290.0,1728.0,1163,5238,
24.4.2026,14:21:3.925,52.0,53.0,28.000,29.106,299.0,1730.0,1163,5238,
24.4.2026,14:21:4.115,52.0,54.0,28.000,28.930,275.0,1730.0,1163,5238,
24.4.2026,14:21:4.321,52.0,54.0,28.000,28.969,296.0,1730.0,1163,5238,
24.4.2026,14:21:4.529,52.0,54.0,29.000,29.054,1755.0,1730.0,1163,5238,
24.4.2026,14:21:4.738,53.0,54.0,28.000,29.239,286.0,1728.0,1163,5238,
24.4.2026,14:21:4.928,53.0,54.0,28.000,29.070,259.0,1730.0,1163,5238,
24.4.2026,14:21:5.146,52.0,54.0,29.000,29.047,294.0,1730.0,1163,5238,
24.4.2026,14:21:5.352,52.0,54.0,29.000,29.332,314.0,1728.0,1163,5238,
24.4.2026,14:21:5.554,53.0,54.0,29.000,29.241,1752.0,1730.0,1163,5238,
24.4.2026,14:21:5.760,53.0,54.0,29.000,29.155,284.0,1730.0,1163,5238,
24.4.2026,14:21:5.965,53.0,54.0,29.000,29.024,273.0,1728.0,1163,5238,
24.4.2026,14:21:6.172,53.0,54.0,28.000,29.212,271.0,1730.0,1163,5238,
24.4.2026,14:21:6.378,52.0,54.0,30.000,29.275,303.0,1730.0,1163,5238,
24.4.2026,14:21:6.580,52.0,54.0,29.000,29.385,1756.0,1730.0,1163,5238,
24.4.2026,14:21:6.770,53.0,54.0,29.000,29.142,276.0,1728.0,1163,5238,
24.4.2026,14:21:6.972,53.0,54.0,29.000,29.148,317.0,1730.0,1163,5238,
24.4.2026,14:21:7.190,52.0,54.0,29.000,29.085,303.0,1730.0,1163,5238,
24.4.2026,14:21:7.392,53.0,54.0,29.000,29.270,1750.0,1730.0,1163,5238,
24.4.2026,14:21:7.594,52.0,54.0,29.000,29.440,1756.0,1730.0,1163,5238,
24.4.2026,14:21:7.795,52.0,54.0,28.000,29.092,286.0,1728.0,1163,5238,
24.4.2026,14:21:7.997,52.0,54.0,29.000,28.974,1756.0,1730.0,1163,5238,
24.4.2026,14:21:8.201,53.0,54.0,29.000,28.913,1755.0,1728.0,1163,5238,
24.4.2026,14:21:8.406,53.0,54.0,28.000,28.862,1755.0,1730.0,1163,5238,
24.4.2026,14:21:8.614,52.0,55.0,28.000,28.972,280.0,1730.0,1163,5238,
24.4.2026,14:21:8.829,52.0,54.0,29.000,29.114,1756.0,1730.0,1163,5238,
24.4.2026,14:21:9.034,52.0,54.0,29.000,29.387,1756.0,1730.0,1163,5238,
24.4.2026,14:21:9.238,53.0,54.0,29.000,29.534,1756.0,1730.0,1163,5238,
24.4.2026,14:21:9.441,52.0,54.0,29.000,29.436,1757.0,1730.0,1163,5238,
24.4.2026,14:21:9.641,53.0,54.0,29.000,29.742,1756.0,1728.0,1163,5238,
24.4.2026,14:21:9.845,52.0,54.0,30.000,29.734,1756.0,1730.0,1163,5238,
24.4.2026,14:21:10.047,52.0,54.0,30.000,30.061,1757.0,1730.0,1163,5238,
24.4.2026,14:21:10.248,53.0,54.0,29.000,29.829,1757.0,1730.0,1163,5238,
24.4.2026,14:21:10.451,52.0,54.0,29.000,29.627,1756.0,1730.0,1163,5238,
24.4.2026,14:21:10.654,53.0,54.0,29.000,29.154,300.0,1728.0,1163,5238,
24.4.2026,14:21:10.858,52.0,54.0,29.000,29.202,1757.0,1730.0,1163,5238,
24.4.2026,14:21:11.059,52.0,54.0,28.000,29.242,286.0,1728.0,1163,5238,
24.4.2026,14:21:11.262,53.0,54.0,28.000,29.223,246.0,1730.0,1163,5238,
24.4.2026,14:21:11.463,53.0,54.0,28.000,28.945,280.0,1728.0,1163,5238,
24.4.2026,14:21:11.668,52.0,54.0,29.000,29.171,287.0,1730.0,1163,5238,
24.4.2026,14:21:11.875,53.0,54.0,29.000,29.091,1755.0,1728.0,1163,5238,
24.4.2026,14:21:12.079,52.0,54.0,29.000,29.470,1757.0,1730.0,1163,5238,
24.4.2026,14:21:12.282,53.0,54.0,29.000,29.358,1756.0,1728.0,1163,5238,
24.4.2026,14:21:12.490,52.0,54.0,29.000,29.280,302.0,1728.0,1163,5238,
24.4.2026,14:21:12.692,53.0,54.0,29.000,29.326,322.0,1728.0,1163,5238,
24.4.2026,14:21:12.899,53.0,54.0,29.000,29.415,1755.0,1728.0,1163,5238,
24.4.2026,14:21:13.104,53.0,54.0,28.000,29.271,293.0,1728.0,1163,5238,
24.4.2026,14:21:13.308,53.0,54.0,28.000,29.156,298.0,1730.0,1163,5238,
24.4.2026,14:21:13.511,53.0,54.0,29.000,29.211,293.0,1728.0,1163,5238,
24.4.2026,14:21:13.715,53.0,54.0,29.000,29.236,285.0,1730.0,1163,5238,
24.4.2026,14:21:13.922,53.0,54.0,28.000,28.952,292.0,1728.0,1163,5238,
24.4.2026,14:21:14.122,52.0,54.0,28.000,28.983,274.0,1730.0,1163,5238,
24.4.2026,14:21:14.322,52.0,54.0,29.000,29.230,1756.0,1730.0,1163,5238,
24.4.2026,14:21:14.519,53.0,54.0,29.000,29.187,298.0,1730.0,1163,5238,
24.4.2026,14:21:14.725,53.0,54.0,28.000,29.055,294.0,1730.0,1163,5238,
24.4.2026,14:21:14.929,52.0,54.0,29.000,29.265,1756.0,1728.0,1163,5238,
24.4.2026,14:21:15.136,52.0,54.0,28.000,29.430,284.0,1728.0,1163,5238,
24.4.2026,14:21:15.343,53.0,54.0,28.000,29.140,272.0,1730.0,1163,5238,
24.4.2026,14:21:15.552,53.0,54.0,27.000,28.507,227.0,1728.0,1163,5238,
24.4.2026,14:21:15.751,52.0,54.0,29.000,28.986,287.0,1730.0,1163,5238,
24.4.2026,14:21:15.944,53.0,54.0,29.000,29.475,1757.0,1730.0,1163,5238,
24.4.2026,14:21:16.145,53.0,54.0,29.000,29.351,294.0,1730.0,1163,5238,
24.4.2026,14:21:16.352,53.0,54.0,29.000,29.489,1756.0,1730.0,1163,5238,
24.4.2026,14:21:16.558,52.0,54.0,29.000,29.489,1756.0,1730.0,1163,5238,
24.4.2026,14:21:16.762,53.0,54.0,29.000,29.406,1756.0,1730.0,1163,5238,
24.4.2026,14:21:16.964,53.0,54.0,29.000,29.230,301.0,1730.0,1163,5238,
24.4.2026,14:21:17.169,53.0,54.0,28.000,29.082,243.0,1730.0,1163,5238,
24.4.2026,14:21:17.377,53.0,55.0,28.000,29.009,283.0,1730.0,1163,5238,
24.4.2026,14:21:17.582,53.0,54.0,29.000,29.184,296.0,1728.0,1163,5238,
24.4.2026,14:21:17.772,53.0,54.0,29.000,29.184,296.0,1728.0,1163,5238,
24.4.2026,14:21:17.975,53.0,54.0,29.000,29.208,289.0,1730.0,1163,5238,
24.4.2026,14:21:18.184,53.0,54.0,28.000,29.192,273.0,1730.0,1163,5238,
24.4.2026,14:21:18.390,52.0,54.0,29.000,29.051,270.0,1730.0,1163,5238,
24.4.2026,14:21:18.597,52.0,54.0,29.000,29.271,1755.0,1730.0,1163,5238,
24.4.2026,14:21:18.799,52.0,54.0,29.000,29.069,1757.0,1728.0,1163,5238,
24.4.2026,14:21:19.003,53.0,54.0,28.000,29.065,288.0,1728.0,1163,5238,
24.4.2026,14:21:19.191,53.0,54.0,28.000,28.916,271.0,1730.0,1163,5238,
24.4.2026,14:21:19.395,52.0,54.0,29.000,29.211,1757.0,1730.0,1163,5238,
24.4.2026,14:21:19.599,53.0,54.0,28.000,29.272,288.0,1730.0,1163,5238,
24.4.2026,14:21:19.803,53.0,54.0,29.000,29.117,292.0,1728.0,1163,5238,
24.4.2026,14:21:20.220,51.0,52.0,17.000,22.079,244.0,694.0,1162,5238,
24.4.2026,14:21:20.400,51.0,53.0,24.000,18.595,314.0,940.0,1163,5238,
24.4.2026,14:21:20.605,52.0,52.0,17.000,24.111,1755.0,212.0,1163,5238,
24.4.2026,14:21:20.805,52.0,52.0,17.000,21.589,1755.0,198.0,1163,5238,
24.4.2026,14:21:21.006,51.0,52.0,17.000,21.351,1748.0,198.0,1163,5238,
24.4.2026,14:21:21.222,51.0,52.0,18.000,21.568,1742.0,198.0,1163,5238,
24.4.2026,14:21:21.421,51.0,52.0,17.000,18.274,1755.0,198.0,1163,5238,
24.4.2026,14:21:21.632,51.0,52.0,18.000,21.534,1755.0,198.0,1163,5238,
24.4.2026,14:21:21.816,51.0,52.0,24.000,19.491,222.0,1582.0,1162,5237,
24.4.2026,14:21:22.019,52.0,54.0,29.000,27.454,1757.0,1730.0,1163,5238,
24.4.2026,14:21:22.236,52.0,54.0,29.000,29.446,1757.0,1730.0,1163,5238,
24.4.2026,14:21:22.437,52.0,54.0,29.000,29.709,1757.0,1730.0,1163,5238,
24.4.2026,14:21:22.641,53.0,54.0,29.000,29.597,1757.0,1728.0,1164,5239,
24.4.2026,14:21:22.846,52.0,54.0,29.000,29.451,1757.0,1730.0,1164,5239,
24.4.2026,14:21:23.049,53.0,54.0,30.000,29.340,1757.0,1728.0,1164,5239,
24.4.2026,14:21:23.248,53.0,54.0,29.000,29.048,1757.0,1728.0,1164,5239,
24.4.2026,14:21:23.466,52.0,54.0,29.000,29.040,1757.0,1730.0,1164,5239,
24.4.2026,14:21:23.653,52.0,54.0,29.000,29.182,1756.0,1728.0,1164,5239,
24.4.2026,14:21:23.863,52.0,54.0,28.000,28.844,243.0,1730.0,1164,5239,
24.4.2026,14:21:24.053,52.0,54.0,29.000,28.616,281.0,1730.0,1164,5239,
24.4.2026,14:21:24.267,52.0,54.0,28.000,28.787,245.0,1730.0,1164,5239,
24.4.2026,14:21:24.471,53.0,54.0,29.000,28.870,1693.0,1730.0,1164,5239,
24.4.2026,14:21:24.675,53.0,54.0,29.000,29.043,282.0,1730.0,1164,5238,
24.4.2026,14:21:24.867,52.0,54.0,29.000,29.287,292.0,1728.0,1164,5238,
24.4.2026,14:21:25.068,52.0,54.0,28.000,29.261,1707.0,1730.0,1164,5238,
24.4.2026,14:21:25.283,52.0,54.0,29.000,29.373,294.0,1730.0,1164,5238,
24.4.2026,14:21:25.479,52.0,54.0,30.000,29.641,1756.0,1730.0,1164,5238,
24.4.2026,14:21:25.685,52.0,55.0,29.000,29.386,304.0,1728.0,1164,5238,
24.4.2026,14:21:25.889,53.0,53.0,29.000,29.349,1756.0,1728.0,1164,5238,
24.4.2026,14:21:26.093,53.0,54.0,29.000,29.205,1757.0,1730.0,1164,5238,
24.4.2026,14:21:26.297,53.0,54.0,30.000,29.212,1757.0,1728.0,1164,5239,
24.4.2026,14:21:26.509,52.0,54.0,28.000,29.317,283.0,1730.0,1164,5239,
24.4.2026,14:21:26.700,53.0,54.0,29.000,29.206,1746.0,1728.0,1164,5239,
24.4.2026,14:21:26.904,53.0,54.0,29.000,29.253,1754.0,1728.0,1164,5239,
24.4.2026,14:21:27.134,53.0,55.0,29.000,29.210,1756.0,1728.0,1164,5239,
24.4.2026,14:21:27.318,53.0,54.0,29.000,29.514,1756.0,1728.0,1164,5238,
24.4.2026,14:21:27.531,53.0,54.0,29.000,29.578,1723.0,1728.0,1164,5238,
24.4.2026,14:21:27.760,53.0,54.0,29.000,29.365,1751.0,1730.0,1165,5240,
24.4.2026,14:21:27.940,53.0,54.0,29.000,29.208,1755.0,1730.0,1165,5240,
24.4.2026,14:21:28.128,52.0,54.0,29.000,29.299,1757.0,1730.0,1165,5240,
24.4.2026,14:21:28.346,53.0,54.0,29.000,29.714,1757.0,1730.0,1165,5240,
24.4.2026,14:21:28.538,52.0,54.0,29.000,29.499,1756.0,1728.0,1165,5240,
24.4.2026,14:21:28.746,53.0,54.0,28.000,29.232,299.0,1730.0,1165,5240,
24.4.2026,14:21:28.952,53.0,54.0,29.000,29.113,1746.0,1730.0,1165,5240,
24.4.2026,14:21:29.158,52.0,54.0,29.000,29.159,1754.0,1730.0,1165,5240,
24.4.2026,14:21:29.348,52.0,54.0,29.000,29.313,1756.0,1730.0,1165,5240,
24.4.2026,14:21:29.554,52.0,54.0,29.000,29.597,1757.0,1730.0,1165,5240,
24.4.2026,14:21:29.769,52.0,54.0,29.000,29.401,1757.0,1728.0,1165,5240,
24.4.2026,14:21:29.973,52.0,54.0,28.000,29.094,271.0,1728.0,1165,5240,
24.4.2026,14:21:30.161,52.0,53.0,29.000,29.125,278.0,1730.0,1165,5240,
24.4.2026,14:21:30.364,52.0,54.0,30.000,29.432,1756.0,1730.0,1165,5240,
24.4.2026,14:21:30.578,52.0,54.0,29.000,29.432,307.0,1728.0,1165,5240,
24.4.2026,14:21:30.781,52.0,53.0,29.000,29.268,1757.0,1728.0,1165,5240,
24.4.2026,14:21:30.982,52.0,54.0,29.000,29.261,1739.0,1730.0,1165,5240,
24.4.2026,14:21:31.192,52.0,53.0,29.000,29.261,1754.0,1730.0,1165,5240,
24.4.2026,14:21:31.395,51.0,54.0,29.000,29.420,1757.0,1730.0,1165,5240,
24.4.2026,14:21:31.600,51.0,53.0,29.000,29.513,1757.0,1730.0,1165,5240,
24.4.2026,14:21:31.805,51.0,54.0,29.000,29.154,1757.0,1728.0,1165,5240,
24.4.2026,14:21:32.010,52.0,53.0,28.000,29.165,295.0,1728.0,1165,5240,
24.4.2026,14:21:32.211,51.0,53.0,29.000,29.048,1751.0,1730.0,1165,5240,
24.4.2026,14:21:32.415,51.0,53.0,28.000,29.127,294.0,1728.0,1165,5240,
24.4.2026,14:21:32.621,51.0,53.0,29.000,29.010,1757.0,1730.0,1165,5240,
24.4.2026,14:21:32.823,51.0,53.0,28.000,28.978,295.0,1728.0,1165,5240,
24.4.2026,14:21:33.023,51.0,53.0,29.000,29.062,1756.0,1730.0,1165,5240,
24.4.2026,14:21:33.228,51.0,53.0,28.000,28.838,254.0,1730.0,1165,5240,
24.4.2026,14:21:33.434,51.0,53.0,29.000,29.039,1745.0,1730.0,1165,5240,
24.4.2026,14:21:33.640,51.0,53.0,29.000,29.165,1756.0,1730.0,1165,5240,
24.4.2026,14:21:33.844,51.0,53.0,29.000,29.343,1757.0,1728.0,1165,5240,
24.4.2026,14:21:34.047,51.0,52.0,29.000,29.456,1757.0,1728.0,1165,5240,
24.4.2026,14:21:34.251,51.0,53.0,29.000,29.740,1757.0,1728.0,1165,5240,
24.4.2026,14:21:34.457,51.0,53.0,29.000,29.765,1757.0,1730.0,1165,5240,
24.4.2026,14:21:34.662,51.0,53.0,29.000,29.573,1757.0,1730.0,1165,5240,
24.4.2026,14:21:34.868,51.0,53.0,29.000,29.613,1757.0,1728.0,1165,5240,
24.4.2026,14:21:35.070,51.0,52.0,29.000,29.453,1757.0,1730.0,1165,5240,
24.4.2026,14:21:35.276,51.0,52.0,29.000,29.408,1757.0,1728.0,1165,5240,
24.4.2026,14:21:35.479,50.0,52.0,28.000,29.065,1757.0,1728.0,1165,5240,
24.4.2026,14:21:35.694,50.0,52.0,29.000,28.654,1757.0,1730.0,1165,5240,
24.4.2026,14:21:35.898,51.0,52.0,28.000,28.834,1757.0,1728.0,1165,5240,
24.4.2026,14:21:36.103,50.0,52.0,28.000,28.850,290.0,1728.0,1165,5240,
24.4.2026,14:21:36.305,50.0,52.0,29.000,28.845,1757.0,1730.0,1165,5240,
24.4.2026,14:21:36.505,50.0,52.0,29.000,29.214,291.0,1730.0,1165,5240,
24.4.2026,14:21:36.709,51.0,52.0,29.000,29.412,1754.0,1730.0,1165,5240,
24.4.2026,14:21:36.911,51.0,52.0,28.000,29.287,288.0,1728.0,1165,5240,
24.4.2026,14:21:37.118,50.0,52.0,28.000,28.923,276.0,1730.0,1165,5240,
24.4.2026,14:21:37.323,50.0,52.0,28.000,29.015,1757.0,1730.0,1165,5240,
24.4.2026,14:21:37.526,50.0,51.0,28.000,28.838,279.0,1728.0,1165,5240,
24.4.2026,14:21:37.726,50.0,52.0,28.000,28.692,281.0,1728.0,1165,5240,
24.4.2026,14:21:37.933,50.0,52.0,28.000,28.766,255.0,1730.0,1165,5240,
24.4.2026,14:21:38.141,50.0,52.0,28.000,28.749,1758.0,1730.0,1165,5240,
24.4.2026,14:21:38.346,50.0,51.0,28.000,28.804,296.0,1730.0,1165,5240,
24.4.2026,14:21:38.551,49.0,52.0,29.000,28.769,1757.0,1730.0,1165,5240,
24.4.2026,14:21:38.759,50.0,51.0,29.000,28.875,1757.0,1730.0,1165,5240,
24.4.2026,14:21:38.966,50.0,51.0,28.000,28.845,1716.0,1730.0,1165,5240,
24.4.2026,14:21:39.169,49.0,51.0,28.000,28.732,301.0,1730.0,1165,5240,
24.4.2026,14:21:39.376,50.0,51.0,29.000,28.744,1755.0,1730.0,1165,5240,
24.4.2026,14:21:39.578,49.0,51.0,29.000,28.739,1755.0,1730.0,1165,5240,
24.4.2026,14:21:39.782,49.0,51.0,28.000,28.813,1757.0,1730.0,1165,5240,
24.4.2026,14:21:39.986,49.0,51.0,28.000,28.429,259.0,1730.0,1165,5240,
24.4.2026,14:21:40.176,49.0,51.0,28.000,28.572,279.0,1730.0,1165,5240,
24.4.2026,14:21:40.392,50.0,51.0,29.000,28.802,1756.0,1728.0,1182,5257,
24.4.2026,14:21:40.582,49.0,51.0,29.000,28.884,1756.0,1728.0,1182,5257,
24.4.2026,14:21:40.788,49.0,51.0,28.000,28.687,1757.0,1730.0,1182,5257,
24.4.2026,14:21:40.992,49.0,51.0,29.000,28.807,1757.0,1728.0,1182,5257,
24.4.2026,14:21:41.197,49.0,51.0,27.000,28.837,285.0,1730.0,1182,5257,
24.4.2026,14:21:41.399,50.0,51.0,28.000,28.791,296.0,1730.0,1182,5257,
24.4.2026,14:21:41.614,49.0,51.0,29.000,28.856,1749.0,1730.0,1182,5257,
24.4.2026,14:21:41.820,49.0,50.0,29.000,28.894,1756.0,1730.0,1182,5257,
24.4.2026,14:21:42.048,49.0,50.0,28.000,28.807,1756.0,1728.0,1182,5257,
24.4.2026,14:21:42.230,48.0,51.0,28.000,28.632,271.0,1730.0,1182,5257,
24.4.2026,14:21:42.429,49.0,50.0,28.000,28.488,260.0,1730.0,1182,5257,
24.4.2026,14:21:42.634,50.0,50.0,28.000,28.605,234.0,1730.0,1182,5257,
24.4.2026,14:21:42.837,49.0,50.0,28.000,28.657,274.0,1730.0,1182,5257,
24.4.2026,14:21:43.041,49.0,50.0,28.000,28.360,281.0,1730.0,1182,5257,
24.4.2026,14:21:43.243,49.0,50.0,28.000,28.348,283.0,1728.0,1182,5257,
24.4.2026,14:21:43.450,49.0,50.0,28.000,28.346,1757.0,1730.0,1182,5257,
24.4.2026,14:21:43.655,49.0,50.0,28.000,28.839,1757.0,1730.0,1182,5257,
24.4.2026,14:21:43.858,49.0,50.0,29.000,28.658,1717.0,1730.0,1182,5257,
24.4.2026,14:21:44.062,49.0,50.0,28.000,28.910,272.0,1728.0,1182,5257,
24.4.2026,14:21:44.265,48.0,50.0,28.000,28.859,264.0,1728.0,1182,5257,
24.4.2026,14:21:44.470,49.0,50.0,28.000,28.994,298.0,1730.0,1182,5257,
24.4.2026,14:21:44.676,49.0,50.0,29.000,28.774,1756.0,1730.0,1182,5257,
24.4.2026,14:21:44.868,48.0,50.0,29.000,29.011,1757.0,1730.0,1182,5257,
24.4.2026,14:21:45.069,48.0,50.0,28.000,29.010,1714.0,1730.0,1182,5257,
24.4.2026,14:21:45.274,48.0,50.0,28.000,28.838,300.0,1728.0,1182,5257,
24.4.2026,14:21:45.479,48.0,50.0,28.000,29.130,269.0,1730.0,1182,5257,
24.4.2026,14:21:45.686,48.0,50.0,28.000,28.932,1756.0,1728.0,1182,5257,
24.4.2026,14:21:45.895,48.0,50.0,28.000,28.799,1757.0,1730.0,1182,5257,
24.4.2026,14:21:46.096,48.0,50.0,28.000,28.889,1757.0,1730.0,1182,5257,
24.4.2026,14:21:46.301,48.0,50.0,29.000,29.307,1756.0,1730.0,1182,5257,
24.4.2026,14:21:46.526,48.0,50.0,29.000,29.323,1756.0,1728.0,1182,5257,
24.4.2026,14:21:46.740,48.0,50.0,29.000,29.223,1757.0,1730.0,1182,5257,
24.4.2026,14:21:46.946,48.0,50.0,29.000,29.201,1757.0,1730.0,1182,5257,
24.4.2026,14:21:47.149,48.0,50.0,29.000,29.263,1757.0,1730.0,1182,5257,
24.4.2026,14:21:47.363,48.0,49.0,29.000,29.308,1757.0,1730.0,1182,5257,
24.4.2026,14:21:47.552,48.0,49.0,29.000,29.271,1758.0,1728.0,1182,5257,
24.4.2026,14:21:47.769,48.0,50.0,28.000,28.978,310.0,1730.0,1182,5257,
24.4.2026,14:21:47.957,49.0,50.0,28.000,28.505,294.0,1728.0,1182,5257,
24.4.2026,14:21:48.161,48.0,49.0,28.000,28.533,1757.0,1728.0,1182,5257,
24.4.2026,14:21:48.376,47.0,49.0,28.000,28.747,271.0,1728.0,1182,5257,
24.4.2026,14:21:48.581,48.0,49.0,28.000,28.486,301.0,1730.0,1182,5257,
24.4.2026,14:21:48.773,48.0,49.0,28.000,28.734,1740.0,1728.0,1182,5257,
24.4.2026,14:21:48.978,48.0,49.0,28.000,28.684,305.0,1730.0,1182,5257,
24.4.2026,14:21:49.181,48.0,50.0,28.000,28.591,283.0,1730.0,1182,5257,
24.4.2026,14:21:49.389,48.0,49.0,28.000,28.509,292.0,1730.0,1182,5257,
24.4.2026,14:21:49.592,48.0,50.0,28.000,28.743,293.0,1730.0,1182,5257,
24.4.2026,14:21:49.798,48.0,49.0,28.000,28.586,1757.0,1730.0,1182,5257,
24.4.2026,14:21:50.000,48.0,49.0,28.000,28.474,1757.0,1730.0,1182,5257,
24.4.2026,14:21:50.206,48.0,49.0,29.000,28.744,1757.0,1728.0,1182,5257,
24.4.2026,14:21:50.408,48.0,49.0,28.000,28.908,280.0,1728.0,1182,5257,
24.4.2026,14:21:50.601,48.0,50.0,28.000,28.649,1735.0,1730.0,1182,5257,
24.4.2026,14:21:50.805,48.0,49.0,28.000,28.661,248.0,1730.0,1182,5257,
24.4.2026,14:21:51.010,48.0,49.0,29.000,28.805,1755.0,1728.0,1182,5257,
24.4.2026,14:21:51.215,48.0,49.0,28.000,28.778,1751.0,1730.0,1182,5257,
24.4.2026,14:21:51.416,48.0,49.0,29.000,28.769,1751.0,1728.0,1182,5257,
24.4.2026,14:21:51.626,48.0,49.0,28.000,28.643,274.0,1730.0,1182,5257,
24.4.2026,14:21:51.832,48.0,49.0,29.000,28.802,1756.0,1730.0,1182,5257,
24.4.2026,14:21:52.036,48.0,50.0,28.000,28.695,292.0,1730.0,1182,5257,
24.4.2026,14:21:52.237,48.0,49.0,28.000,28.653,307.0,1730.0,1182,5257,
24.4.2026,14:21:52.443,48.0,50.0,29.000,28.774,1757.0,1728.0,1182,5257,
24.4.2026,14:21:52.643,48.0,50.0,29.000,28.886,1757.0,1730.0,1182,5257,
24.4.2026,14:21:52.864,48.0,50.0,28.000,29.135,285.0,1728.0,1182,5257,
24.4.2026,14:21:53.069,48.0,49.0,29.000,28.871,1747.0,1730.0,1182,5257,
24.4.2026,14:21:53.278,48.0,49.0,29.000,28.863,1752.0,1730.0,1182,5257,
24.4.2026,14:21:53.482,48.0,49.0,28.000,28.982,299.0,1730.0,1182,5257,
24.4.2026,14:21:53.684,48.0,49.0,28.000,28.996,290.0,1730.0,1182,5257,
24.4.2026,14:21:53.891,48.0,49.0,28.000,28.556,295.0,1730.0,1182,5257,
24.4.2026,14:21:54.098,47.0,50.0,29.000,28.884,1758.0,1730.0,1182,5257,
24.4.2026,14:21:54.303,48.0,50.0,29.000,29.048,1757.0,1730.0,1182,5257,
24.4.2026,14:21:54.506,48.0,50.0,28.000,28.950,294.0,1728.0,1182,5257,
24.4.2026,14:21:54.713,48.0,49.0,28.000,28.803,287.0,1730.0,1182,5257,
24.4.2026,14:21:54.915,47.0,49.0,28.000,28.695,267.0,1730.0,1182,5257,
24.4.2026,14:21:55.124,48.0,50.0,28.000,28.808,303.0,1730.0,1182,5257,
24.4.2026,14:21:55.321,48.0,49.0,29.000,29.026,1738.0,1730.0,1182,5257,
24.4.2026,14:21:55.521,48.0,50.0,29.000,29.093,307.0,1730.0,1182,5257,
24.4.2026,14:21:55.724,48.0,50.0,28.000,28.949,1757.0,1730.0,1182,5257,
24.4.2026,14:21:55.930,48.0,50.0,28.000,28.683,297.0,1728.0,1182,5257,
24.4.2026,14:21:56.138,48.0,50.0,28.000,28.828,1757.0,1730.0,1182,5257,
24.4.2026,14:21:56.339,48.0,50.0,28.000,28.898,1757.0,1728.0,1182,5257,
24.4.2026,14:21:56.543,48.0,50.0,28.000,29.145,298.0,1730.0,1182,5257,
24.4.2026,14:21:56.741,48.0,50.0,29.000,29.161,1737.0,1730.0,1182,5257,
24.4.2026,14:21:56.945,48.0,50.0,29.000,29.251,295.0,1728.0,1182,5257,
24.4.2026,14:21:57.151,48.0,49.0,28.000,28.887,297.0,1730.0,1182,5257,
24.4.2026,14:21:57.350,48.0,49.0,29.000,29.072,1757.0,1730.0,1182,5257,
24.4.2026,14:21:57.554,48.0,49.0,28.000,28.820,1758.0,1730.0,1182,5257,
24.4.2026,14:21:57.757,48.0,49.0,28.000,28.787,1758.0,1730.0,1182,5257,
24.4.2026,14:21:57.961,48.0,50.0,28.000,28.813,281.0,1730.0,1182,5257,
24.4.2026,14:21:58.163,48.0,50.0,28.000,28.892,281.0,1730.0,1182,5257,
24.4.2026,14:21:58.364,48.0,50.0,29.000,28.801,1757.0,1730.0,1182,5257,
24.4.2026,14:21:58.568,48.0,50.0,29.000,29.167,1757.0,1730.0,1182,5257,
24.4.2026,14:21:58.769,48.0,50.0,29.000,29.280,1757.0,1730.0,1182,5257,
24.4.2026,14:21:58.987,48.0,49.0,29.000,29.290,1757.0,1730.0,1182,5257,
24.4.2026,14:21:59.177,48.0,50.0,29.000,29.447,1758.0,1728.0,1182,5257,
24.4.2026,14:21:59.391,48.0,50.0,29.000,29.344,1757.0,1728.0,1182,5257,
24.4.2026,14:21:59.583,49.0,50.0,29.000,29.404,1757.0,1728.0,1182,5257,
24.4.2026,14:21:59.789,48.0,50.0,29.000,29.247,1757.0,1730.0,1182,5257,
24.4.2026,14:21:59.994,49.0,50.0,28.000,29.215,1758.0,1730.0,1182,5257,
24.4.2026,14:22:0.196,49.0,50.0,28.000,28.877,1758.0,1730.0,1182,5257,
24.4.2026,14:22:0.401,49.0,50.0,28.000,28.889,1669.0,1728.0,1182,5257,
24.4.2026,14:22:0.607,49.0,50.0,28.000,28.736,259.0,1728.0,1182,5257,
24.4.2026,14:22:0.808,49.0,50.0,29.000,28.717,1753.0,1728.0,1182,5257,
24.4.2026,14:22:1.014,48.0,50.0,28.000,28.842,1757.0,1728.0,1182,5257,
24.4.2026,14:22:1.214,49.0,50.0,29.000,28.813,1758.0,1728.0,1182,5257,
24.4.2026,14:22:1.418,49.0,50.0,28.000,28.958,1758.0,1730.0,1182,5257,
24.4.2026,14:22:1.624,48.0,50.0,29.000,29.014,1757.0,1730.0,1182,5257,
24.4.2026,14:22:1.827,49.0,49.0,28.000,28.846,249.0,1730.0,1182,5257,
24.4.2026,14:22:2.034,48.0,50.0,29.000,29.035,1753.0,1730.0,1182,5257,
24.4.2026,14:22:2.235,49.0,50.0,28.000,29.009,264.0,1728.0,1182,5257,
24.4.2026,14:22:2.440,48.0,50.0,28.000,29.034,1756.0,1730.0,1182,5257,
24.4.2026,14:22:2.630,48.0,50.0,28.000,29.034,1756.0,1730.0,1182,5257,
24.4.2026,14:22:2.831,49.0,50.0,29.000,29.091,1757.0,1728.0,1182,5257,
24.4.2026,14:22:3.037,48.0,50.0,29.000,28.988,1757.0,1728.0,1182,5257,
24.4.2026,14:22:3.241,48.0,50.0,29.000,29.130,295.0,1730.0,1182,5257,
24.4.2026,14:22:3.449,49.0,50.0,29.000,29.352,1737.0,1730.0,1182,5257,
24.4.2026,14:22:3.653,48.0,50.0,29.000,29.250,1751.0,1730.0,1182,5257,
24.4.2026,14:22:3.858,48.0,50.0,29.000,29.093,1755.0,1730.0,1182,5257,
24.4.2026,14:22:4.064,48.0,50.0,29.000,29.337,1757.0,1728.0,1182,5257,
24.4.2026,14:22:4.270,48.0,50.0,28.000,29.092,290.0,1730.0,1182,5257,
24.4.2026,14:22:4.459,48.0,50.0,28.000,28.816,294.0,1728.0,1182,5257,
24.4.2026,14:22:4.668,48.0,50.0,28.000,28.970,285.0,1728.0,1182,5257,
24.4.2026,14:22:4.870,49.0,50.0,28.000,28.877,249.0,1730.0,1182,5257,
24.4.2026,14:22:5.075,49.0,50.0,29.000,29.011,287.0,1730.0,1182,5257,
24.4.2026,14:22:5.282,48.0,50.0,28.000,29.009,243.0,1730.0,1182,5257,
24.4.2026,14:22:5.485,49.0,50.0,28.000,29.075,300.0,1730.0,1182,5257,
24.4.2026,14:22:5.687,49.0,50.0,28.000,28.899,278.0,1728.0,1182,5257,
24.4.2026,14:22:5.889,48.0,50.0,29.000,29.000,1757.0,1730.0,1182,5257,
24.4.2026,14:22:6.095,48.0,50.0,28.000,28.781,292.0,1728.0,1182,5257,
24.4.2026,14:22:6.293,48.0,50.0,29.000,28.852,1758.0,1730.0,1182,5257,
24.4.2026,14:22:6.495,48.0,50.0,28.000,29.153,298.0,1730.0,1182,5257,
24.4.2026,14:22:6.700,49.0,50.0,28.000,29.061,298.0,1728.0,1182,5257,
24.4.2026,14:22:6.898,49.0,49.0,28.000,28.668,278.0,1728.0,1182,5257,
24.4.2026,14:22:7.101,49.0,51.0,29.000,28.830,1755.0,1728.0,1182,5257,
24.4.2026,14:22:7.303,48.0,50.0,29.000,29.004,1758.0,1730.0,1182,5257,
24.4.2026,14:22:7.506,49.0,50.0,28.000,28.851,272.0,1728.0,1182,5257,
24.4.2026,14:22:7.710,49.0,50.0,29.000,28.751,1757.0,1730.0,1182,5257,
24.4.2026,14:22:7.914,48.0,50.0,29.000,28.755,1757.0,1730.0,1182,5257,
24.4.2026,14:22:8.120,49.0,50.0,28.000,28.885,300.0,1730.0,1182,5257,
24.4.2026,14:22:8.320,49.0,50.0,28.000,28.799,290.0,1730.0,1182,5257,
24.4.2026,14:22:8.524,48.0,50.0,28.000,28.904,274.0,1728.0,1182,5257,
24.4.2026,14:22:8.725,49.0,50.0,29.000,28.750,1724.0,1730.0,1182,5257,
24.4.2026,14:22:8.930,48.0,50.0,29.000,28.944,1744.0,1728.0,1182,5257,
24.4.2026,14:22:9.135,49.0,51.0,29.000,28.967,1756.0,1728.0,1182,5257,
24.4.2026,14:22:9.339,49.0,50.0,28.000,29.118,1757.0,1730.0,1182,5257,
24.4.2026,14:22:9.545,49.0,50.0,28.000,28.727,285.0,1730.0,1182,5257,
24.4.2026,14:22:9.751,48.0,50.0,28.000,28.858,270.0,1728.0,1182,5257,
24.4.2026,14:22:9.953,49.0,51.0,29.000,28.917,1723.0,1730.0,1182,5257,
24.4.2026,14:22:10.159,49.0,51.0,29.000,29.043,299.0,1730.0,1182,5257,
24.4.2026,14:22:10.370,49.0,50.0,29.000,29.028,1753.0,1730.0,1182,5257,
24.4.2026,14:22:10.565,49.0,50.0,29.000,29.082,1756.0,1730.0,1182,5257,
24.4.2026,14:22:10.757,48.0,50.0,29.000,29.100,1757.0,1730.0,1182,5257,
24.4.2026,14:22:10.960,49.0,50.0,29.000,29.308,1757.0,1730.0,1182,5257,
24.4.2026,14:22:11.163,49.0,51.0,29.000,29.238,1757.0,1730.0,1182,5257,
24.4.2026,14:22:11.367,48.0,50.0,29.000,29.229,1757.0,1730.0,1182,5257,
24.4.2026,14:22:11.569,49.0,50.0,29.000,29.421,1757.0,1730.0,1182,5257,
24.4.2026,14:22:11.772,49.0,50.0,29.000,28.969,1757.0,1730.0,1182,5257,
24.4.2026,14:22:11.978,48.0,50.0,29.000,29.255,1757.0,1728.0,1182,5257,
24.4.2026,14:22:12.186,49.0,50.0,29.000,29.386,1757.0,1730.0,1182,5257,
24.4.2026,14:22:12.386,49.0,50.0,29.000,29.219,1751.0,1728.0,1182,5257,
24.4.2026,14:22:12.590,49.0,50.0,29.000,29.026,1757.0,1730.0,1182,5257,
24.4.2026,14:22:12.794,48.0,50.0,28.000,28.953,1758.0,1730.0,1182,5257,
24.4.2026,14:22:12.995,49.0,50.0,29.000,28.723,1758.0,1730.0,1182,5257,
24.4.2026,14:22:13.195,49.0,51.0,28.000,28.980,301.0,1730.0,1182,5257,
24.4.2026,14:22:13.398,49.0,50.0,28.000,28.872,291.0,1730.0,1182,5257,
24.4.2026,14:22:13.604,49.0,51.0,29.000,29.005,1756.0,1730.0,1182,5257,
24.4.2026,14:22:13.810,49.0,51.0,28.000,28.959,1757.0,1728.0,1182,5257,
24.4.2026,14:22:14.017,49.0,51.0,29.000,28.913,1757.0,1728.0,1182,5257,
24.4.2026,14:22:14.221,49.0,50.0,29.000,28.765,1757.0,1730.0,1182,5257,
24.4.2026,14:22:14.423,49.0,50.0,29.000,29.073,1730.0,1730.0,1182,5257,
24.4.2026,14:22:14.628,49.0,50.0,28.000,29.082,275.0,1730.0,1182,5257,
24.4.2026,14:22:14.829,49.0,50.0,29.000,29.107,1756.0,1730.0,1182,5257,
24.4.2026,14:22:15.034,49.0,51.0,28.000,29.214,1757.0,1730.0,1182,5257,
24.4.2026,14:22:15.226,48.0,50.0,29.000,28.935,1757.0,1730.0,1182,5257,
24.4.2026,14:22:15.433,48.0,50.0,29.000,29.081,305.0,1730.0,1182,5257,
24.4.2026,14:22:15.638,49.0,50.0,28.000,29.256,282.0,1728.0,1182,5257,
24.4.2026,14:22:15.841,48.0,50.0,29.000,29.204,272.0,1730.0,1182,5257,
24.4.2026,14:22:16.051,49.0,50.0,29.000,29.134,1757.0,1730.0,1182,5257,
24.4.2026,14:22:16.256,49.0,50.0,29.000,29.014,1756.0,1730.0,1182,5257,
24.4.2026,14:22:16.459,49.0,50.0,29.000,29.162,1757.0,1730.0,1182,5257,
24.4.2026,14:22:16.660,49.0,50.0,28.000,28.918,1757.0,1728.0,1182,5257,
24.4.2026,14:22:16.864,49.0,50.0,28.000,28.957,1727.0,1730.0,1182,5257,
24.4.2026,14:22:17.069,49.0,50.0,28.000,28.970,306.0,1730.0,1182,5257,
24.4.2026,14:22:17.272,49.0,50.0,29.000,29.017,1757.0,1728.0,1182,5257,
24.4.2026,14:22:17.474,49.0,50.0,28.000,28.947,1757.0,1728.0,1182,5257,
24.4.2026,14:22:17.692,49.0,50.0,29.000,28.847,1758.0,1730.0,1182,5257,
24.4.2026,14:22:17.901,49.0,51.0,28.000,29.089,1757.0,1730.0,1182,5257,
24.4.2026,14:22:18.107,49.0,51.0,28.000,28.932,1741.0,1730.0,1182,5257,
24.4.2026,14:22:18.311,49.0,50.0,29.000,29.027,1757.0,1730.0,1182,5257,
24.4.2026,14:22:18.516,49.0,50.0,29.000,29.117,301.0,1730.0,1182,5257,
24.4.2026,14:22:18.723,49.0,50.0,28.000,29.082,1757.0,1730.0,1182,5257,
24.4.2026,14:22:18.933,49.0,51.0,29.000,28.914,1757.0,1728.0,1182,5257,
24.4.2026,14:22:19.129,49.0,51.0,28.000,29.067,1736.0,1728.0,1182,5257,
24.4.2026,14:22:19.336,49.0,50.0,29.000,28.847,295.0,1728.0,1182,5257,
24.4.2026,14:22:19.541,49.0,51.0,28.000,28.850,320.0,1728.0,1182,5257,
24.4.2026,14:22:19.743,49.0,50.0,29.000,28.960,1756.0,1730.0,1182,5257,
24.4.2026,14:22:19.944,49.0,50.0,29.000,29.044,1757.0,1730.0,1182,5257,
24.4.2026,14:22:20.148,49.0,51.0,29.000,28.994,1758.0,1730.0,1182,5257,
24.4.2026,14:22:20.352,49.0,51.0,29.000,29.099,1757.0,1730.0,1182,5257,
24.4.2026,14:22:20.552,49.0,50.0,28.000,29.120,293.0,1730.0,1182,5257,
24.4.2026,14:22:20.768,49.0,50.0,28.000,28.820,266.0,1728.0,1182,5257,
24.4.2026,14:22:20.975,49.0,51.0,28.000,28.956,255.0,1728.0,1182,5257,
24.4.2026,14:22:21.177,49.0,51.0,29.000,28.949,1746.0,1730.0,1182,5257,
24.4.2026,14:22:21.380,49.0,51.0,28.000,29.040,1755.0,1728.0,1182,5257,
24.4.2026,14:22:21.589,49.0,51.0,29.000,29.041,1756.0,1730.0,1182,5257,
24.4.2026,14:22:21.791,49.0,51.0,29.000,28.724,1757.0,1730.0,1182,5257,
24.4.2026,14:22:21.994,49.0,51.0,28.000,28.963,1757.0,1730.0,1182,5257,
24.4.2026,14:22:22.203,49.0,51.0,28.000,28.947,1757.0,1728.0,1182,5257,
24.4.2026,14:22:22.406,49.0,51.0,29.000,28.949,1757.0,1730.0,1182,5257,
24.4.2026,14:22:22.609,49.0,51.0,28.000,29.108,301.0,1728.0,1182,5257,
24.4.2026,14:22:22.815,49.0,50.0,28.000,28.957,294.0,1730.0,1182,5257,
24.4.2026,14:22:23.017,49.0,51.0,29.000,28.893,1757.0,1730.0,1182,5257,
24.4.2026,14:22:23.222,49.0,51.0,29.000,29.304,1757.0,1728.0,1182,5257,
24.4.2026,14:22:23.423,49.0,51.0,29.000,29.347,1757.0,1730.0,1182,5257,
24.4.2026,14:22:23.625,49.0,50.0,29.000,29.370,1757.0,1730.0,1182,5257,
24.4.2026,14:22:23.829,49.0,50.0,29.000,29.342,1757.0,1730.0,1182,5257,
24.4.2026,14:22:24.034,49.0,51.0,29.000,29.198,1757.0,1728.0,1182,5257,
24.4.2026,14:22:24.238,49.0,51.0,29.000,29.318,1757.0,1730.0,1182,5257,
24.4.2026,14:22:24.443,49.0,51.0,29.000,29.281,1757.0,1730.0,1182,5257,
24.4.2026,14:22:24.651,49.0,51.0,28.000,29.092,1757.0,1730.0,1182,5257,
24.4.2026,14:22:24.857,49.0,51.0,28.000,28.445,1757.0,1728.0,1182,5257,
24.4.2026,14:22:25.060,49.0,50.0,28.000,28.601,270.0,1730.0,1182,5257,
24.4.2026,14:22:25.265,49.0,50.0,28.000,28.679,255.0,1728.0,1182,5257,
24.4.2026,14:22:25.474,49.0,51.0,29.000,28.845,1751.0,1730.0,1182,5257,
24.4.2026,14:22:25.676,49.0,51.0,28.000,28.972,282.0,1730.0,1182,5257,
24.4.2026,14:22:25.864,49.0,51.0,29.000,28.837,1755.0,1728.0,1182,5257,
24.4.2026,14:22:26.069,49.0,51.0,29.000,29.017,1757.0,1730.0,1182,5257,
24.4.2026,14:22:26.272,49.0,51.0,29.000,28.999,1757.0,1728.0,1182,5257,
24.4.2026,14:22:26.481,49.0,50.0,28.000,28.873,1757.0,1730.0,1182,5257,
24.4.2026,14:22:26.682,49.0,51.0,28.000,28.753,282.0,1730.0,1182,5257,
24.4.2026,14:22:26.887,49.0,51.0,28.000,28.932,276.0,1730.0,1182,5257,
24.4.2026,14:22:27.092,49.0,51.0,28.000,28.895,293.0,1730.0,1182,5257,
24.4.2026,14:22:27.300,49.0,51.0,29.000,29.003,299.0,1730.0,1182,5257,
24.4.2026,14:22:27.503,50.0,51.0,29.000,29.020,1757.0,1728.0,1182,5257,
24.4.2026,14:22:27.706,49.0,51.0,29.000,28.961,1757.0,1728.0,1182,5257,
24.4.2026,14:22:27.898,49.0,51.0,29.000,28.933,1757.0,1730.0,1182,5257,
24.4.2026,14:22:28.102,49.0,50.0,29.000,28.968,1721.0,1728.0,1182,5257,
24.4.2026,14:22:28.303,49.0,51.0,28.000,28.927,249.0,1730.0,1182,5257,
24.4.2026,14:22:28.509,49.0,50.0,29.000,28.763,1752.0,1728.0,1182,5257,
24.4.2026,14:22:28.712,49.0,51.0,28.000,28.743,1755.0,1730.0,1182,5257,
24.4.2026,14:22:28.917,49.0,51.0,29.000,28.678,1757.0,1730.0,1182,5257,
24.4.2026,14:22:29.119,49.0,50.0,29.000,28.919,1757.0,1730.0,1182,5257,
24.4.2026,14:22:29.325,49.0,51.0,28.000,28.814,1757.0,1728.0,1182,5257,
24.4.2026,14:22:29.528,49.0,51.0,29.000,28.892,1758.0,1730.0,1182,5257,
24.4.2026,14:22:29.732,49.0,51.0,28.000,29.090,236.0,1728.0,1182,5257,
24.4.2026,14:22:29.938,49.0,51.0,28.000,28.848,297.0,1730.0,1182,5257,
24.4.2026,14:22:30.145,49.0,50.0,29.000,29.130,1755.0,1728.0,1182,5257,
24.4.2026,14:22:30.351,49.0,51.0,28.000,29.149,298.0,1728.0,1182,5257,
24.4.2026,14:22:30.551,50.0,51.0,29.000,29.217,1757.0,1730.0,1182,5257,
24.4.2026,14:22:30.757,49.0,51.0,29.000,29.057,1757.0,1730.0,1182,5257,
24.4.2026,14:22:30.965,49.0,51.0,28.000,29.072,281.0,1730.0,1182,5257,
24.4.2026,14:22:31.171,50.0,51.0,29.000,29.005,291.0,1730.0,1182,5257,
24.4.2026,14:22:31.385,49.0,51.0,29.000,29.400,1757.0,1730.0,1182,5257,
24.4.2026,14:22:31.591,49.0,51.0,29.000,29.245,1757.0,1730.0,1182,5257,
24.4.2026,14:22:31.798,49.0,51.0,29.000,29.275,1757.0,1730.0,1182,5257,
24.4.2026,14:22:32.004,50.0,51.0,29.000,29.058,1739.0,1730.0,1182,5257,
24.4.2026,14:22:32.196,49.0,51.0,28.000,29.106,258.0,1730.0,1182,5257,
24.4.2026,14:22:32.401,49.0,50.0,28.000,29.011,1756.0,1730.0,1182,5257,
24.4.2026,14:22:32.603,49.0,51.0,29.000,28.786,1756.0,1730.0,1182,5257,
24.4.2026,14:22:32.805,49.0,51.0,29.000,29.099,1756.0,1730.0,1182,5257,
24.4.2026,14:22:33.005,50.0,51.0,29.000,29.114,1757.0,1730.0,1182,5257,
24.4.2026,14:22:33.209,49.0,51.0,28.000,29.162,1740.0,1730.0,1182,5257,
24.4.2026,14:22:33.410,50.0,51.0,28.000,28.978,293.0,1728.0,1182,5257,
24.4.2026,14:22:33.629,50.0,51.0,29.000,28.896,1753.0,1728.0,1182,5257,
24.4.2026,14:22:33.818,49.0,51.0,29.000,28.966,1755.0,1730.0,1182,5257,
24.4.2026,14:22:34.020,49.0,51.0,29.000,28.997,1757.0,1730.0,1182,5257,
24.4.2026,14:22:34.234,49.0,51.0,29.000,28.865,1757.0,1730.0,1182,5257,
24.4.2026,14:22:34.441,50.0,51.0,28.000,28.782,1758.0,1728.0,1182,5257,
24.4.2026,14:22:34.632,49.0,51.0,28.000,28.936,1758.0,1730.0,1182,5257,
24.4.2026,14:22:34.837,49.0,50.0,29.000,28.935,296.0,1730.0,1182,5257,
24.4.2026,14:22:35.041,49.0,51.0,29.000,29.064,1754.0,1728.0,1182,5257,
24.4.2026,14:22:35.247,50.0,51.0,29.000,29.122,1758.0,1730.0,1182,5257,
24.4.2026,14:22:35.455,49.0,51.0,29.000,29.141,1758.0,1730.0,1182,5257,
24.4.2026,14:22:35.661,49.0,51.0,29.000,29.188,1757.0,1730.0,1182,5257,
24.4.2026,14:22:35.867,50.0,51.0,29.000,29.101,1757.0,1728.0,1182,5257,
24.4.2026,14:22:36.074,50.0,51.0,29.000,29.272,1758.0,1730.0,1182,5257,
24.4.2026,14:22:36.281,50.0,51.0,29.000,29.217,1758.0,1730.0,1182,5257,
24.4.2026,14:22:36.489,50.0,51.0,29.000,29.144,1757.0,1730.0,1182,5257,
24.4.2026,14:22:36.697,49.0,51.0,29.000,29.442,1757.0,1730.0,1182,5257,
24.4.2026,14:22:36.903,50.0,51.0,29.000,29.293,1758.0,1730.0,1182,5257,
24.4.2026,14:22:37.109,49.0,51.0,28.000,29.233,288.0,1730.0,1182,5257,
24.4.2026,14:22:37.310,50.0,51.0,29.000,28.958,1757.0,1730.0,1182,5257,
24.4.2026,14:22:37.515,49.0,51.0,29.000,29.321,1723.0,1728.0,1182,5257,
24.4.2026,14:22:37.718,50.0,51.0,29.000,29.039,1739.0,1730.0,1182,5257,
24.4.2026,14:22:37.922,50.0,51.0,29.000,28.902,294.0,1730.0,1182,5257,
24.4.2026,14:22:38.128,50.0,51.0,29.000,29.094,1757.0,1728.0,1182,5257,
24.4.2026,14:22:38.318,49.0,51.0,28.000,28.959,291.0,1728.0,1182,5257,
24.4.2026,14:22:38.525,50.0,51.0,29.000,28.818,1756.0,1730.0,1182,5257,
24.4.2026,14:22:38.736,49.0,51.0,28.000,29.054,292.0,1728.0,1182,5257,
24.4.2026,14:22:38.928,49.0,51.0,29.000,28.883,1758.0,1730.0,1182,5257,
24.4.2026,14:22:39.140,49.0,51.0,28.000,29.028,305.0,1728.0,1182,5257,
24.4.2026,14:22:39.348,49.0,51.0,28.000,28.971,298.0,1730.0,1182,5257,
24.4.2026,14:22:39.565,50.0,51.0,29.000,29.049,303.0,1728.0,1182,5257,
24.4.2026,14:22:39.759,49.0,51.0,28.000,28.932,251.0,1730.0,1182,5257,
24.4.2026,14:22:39.958,50.0,51.0,29.000,28.684,1746.0,1730.0,1182,5257,
24.4.2026,14:22:40.161,49.0,51.0,29.000,29.209,298.0,1730.0,1182,5257,
24.4.2026,14:22:40.368,49.0,51.0,28.000,28.909,1756.0,1730.0,1182,5257,
24.4.2026,14:22:40.572,50.0,51.0,29.000,28.873,1757.0,1730.0,1182,5257,
24.4.2026,14:22:40.777,49.0,51.0,28.000,29.163,288.0,1730.0,1182,5257,
24.4.2026,14:22:40.981,49.0,51.0,28.000,28.847,1757.0,1730.0,1182,5257,
24.4.2026,14:22:41.183,49.0,51.0,29.000,29.149,297.0,1730.0,1182,5257,
24.4.2026,14:22:41.390,50.0,51.0,29.000,29.192,282.0,1730.0,1182,5257,
24.4.2026,14:22:41.593,50.0,51.0,29.000,29.467,269.0,1730.0,1182,5257,
24.4.2026,14:22:41.796,49.0,51.0,29.000,29.173,289.0,1730.0,1182,5257,
24.4.2026,14:22:42.000,49.0,51.0,29.000,29.036,1752.0,1730.0,1182,5257,
24.4.2026,14:22:42.193,49.0,51.0,29.000,29.418,1757.0,1728.0,1182,5257,
24.4.2026,14:22:42.400,49.0,51.0,29.000,29.538,305.0,1728.0,1182,5257,
24.4.2026,14:22:42.604,50.0,51.0,29.000,29.302,1757.0,1730.0,1182,5257,
24.4.2026,14:22:42.810,50.0,51.0,29.000,29.233,1757.0,1730.0,1182,5257,
24.4.2026,14:22:43.018,50.0,51.0,29.000,29.270,297.0,1728.0,1182,5257,
24.4.2026,14:22:43.209,50.0,51.0,29.000,29.270,297.0,1728.0,1182,5257,
24.4.2026,14:22:43.412,49.0,51.0,29.000,29.098,1756.0,1730.0,1182,5257,
24.4.2026,14:22:43.615,49.0,51.0,29.000,29.131,1757.0,1730.0,1182,5257,
24.4.2026,14:22:43.825,49.0,51.0,29.000,29.074,1757.0,1730.0,1182,5257,
24.4.2026,14:22:44.025,49.0,51.0,28.000,28.981,291.0,1730.0,1182,5257,
24.4.2026,14:22:44.230,50.0,52.0,28.000,28.989,286.0,1728.0,1182,5257,
24.4.2026,14:22:44.434,49.0,51.0,29.000,29.105,294.0,1728.0,1182,5257,
24.4.2026,14:22:44.642,50.0,51.0,29.000,29.277,1757.0,1730.0,1182,5257,
24.4.2026,14:22:44.842,49.0,51.0,29.000,29.232,1757.0,1728.0,1182,5257,
24.4.2026,14:22:45.047,50.0,51.0,29.000,29.115,296.0,1730.0,1182,5257,
24.4.2026,14:22:45.243,50.0,51.0,29.000,29.202,1758.0,1730.0,1182,5257,
24.4.2026,14:22:45.446,50.0,52.0,29.000,29.255,1724.0,1730.0,1182,5257,
24.4.2026,14:22:45.647,50.0,51.0,28.000,29.123,275.0,1730.0,1182,5257,
24.4.2026,14:22:45.851,50.0,51.0,29.000,29.240,271.0,1730.0,1182,5257,
24.4.2026,14:22:46.056,50.0,51.0,29.000,29.396,302.0,1728.0,1182,5257,
24.4.2026,14:22:46.260,50.0,51.0,29.000,29.279,1757.0,1730.0,1182,5257,
24.4.2026,14:22:46.465,50.0,51.0,29.000,29.261,1757.0,1730.0,1182,5257,
24.4.2026,14:22:46.668,49.0,51.0,28.000,29.105,299.0,1730.0,1182,5257,
24.4.2026,14:22:46.874,50.0,51.0,29.000,28.842,1708.0,1730.0,1182,5257,
24.4.2026,14:22:47.080,50.0,51.0,28.000,28.925,276.0,1730.0,1182,5257,
24.4.2026,14:22:47.279,50.0,51.0,28.000,29.238,279.0,1730.0,1182,5257,
24.4.2026,14:22:47.473,50.0,51.0,29.000,29.320,1756.0,1730.0,1182,5257,
24.4.2026,14:22:47.689,50.0,51.0,29.000,29.479,1757.0,1730.0,1182,5257,
24.4.2026,14:22:47.894,49.0,51.0,29.000,29.348,1757.0,1730.0,1182,5257,
24.4.2026,14:22:48.098,50.0,51.0,29.000,29.410,1757.0,1730.0,1182,5257,
24.4.2026,14:22:48.317,50.0,51.0,29.000,29.410,1758.0,1728.0,1182,5257,
24.4.2026,14:22:48.520,50.0,51.0,29.000,29.567,1757.0,1730.0,1182,5257,
24.4.2026,14:22:48.730,50.0,51.0,29.000,29.631,1757.0,1728.0,1182,5257,
24.4.2026,14:22:48.932,50.0,51.0,29.000,29.351,1758.0,1730.0,1182,5257,
24.4.2026,14:22:49.138,50.0,51.0,29.000,29.377,1757.0,1730.0,1182,5257,
24.4.2026,14:22:49.345,50.0,52.0,28.000,29.294,1757.0,1730.0,1182,5257,
24.4.2026,14:22:49.550,50.0,51.0,28.000,28.775,303.0,1728.0,1182,5257,
24.4.2026,14:22:49.744,50.0,51.0,28.000,28.768,290.0,1730.0,1182,5257,
24.4.2026,14:22:49.945,49.0,51.0,28.000,28.789,277.0,1730.0,1182,5257,
24.4.2026,14:22:50.144,50.0,51.0,28.000,28.986,1756.0,1728.0,1182,5257,
24.4.2026,14:22:50.356,49.0,51.0,29.000,28.713,1757.0,1730.0,1182,5257,
24.4.2026,14:22:50.559,50.0,51.0,28.000,28.857,1757.0,1730.0,1182,5257,
24.4.2026,14:22:50.777,50.0,52.0,28.000,28.696,1758.0,1728.0,1182,5257,
24.4.2026,14:22:50.973,50.0,51.0,28.000,28.568,288.0,1728.0,1182,5257,
24.4.2026,14:22:51.193,50.0,52.0,28.000,28.715,297.0,1730.0,1182,5257,
24.4.2026,14:22:51.398,50.0,51.0,28.000,28.650,262.0,1728.0,1182,5257,
24.4.2026,14:22:51.604,50.0,51.0,28.000,28.683,292.0,1730.0,1182,5257,
24.4.2026,14:22:51.809,50.0,52.0,28.000,28.850,308.0,1730.0,1182,5257,
24.4.2026,14:22:52.013,50.0,52.0,28.000,28.817,1757.0,1730.0,1182,5257,
24.4.2026,14:22:52.222,50.0,52.0,29.000,28.838,1758.0,1728.0,1182,5257,
24.4.2026,14:22:52.411,49.0,51.0,28.000,28.936,291.0,1730.0,1182,5257,
24.4.2026,14:22:52.625,50.0,51.0,28.000,28.719,278.0,1730.0,1182,5257,
24.4.2026,14:22:52.820,50.0,52.0,28.000,28.717,1745.0,1730.0,1182,5257,
24.4.2026,14:22:53.029,50.0,51.0,28.000,28.573,270.0,1730.0,1182,5257,
24.4.2026,14:22:53.235,50.0,52.0,28.000,28.801,258.0,1730.0,1182,5257,
24.4.2026,14:22:53.440,50.0,51.0,28.000,28.835,1757.0,1730.0,1182,5257,
24.4.2026,14:22:53.642,50.0,51.0,29.000,28.712,1757.0,1730.0,1182,5257,
24.4.2026,14:22:53.845,49.0,51.0,28.000,28.976,284.0,1730.0,1182,5257,
24.4.2026,14:22:54.049,50.0,51.0,28.000,28.773,284.0,1730.0,1182,5257,
24.4.2026,14:22:54.255,50.0,51.0,28.000,28.944,282.0,1730.0,1182,5257,
24.4.2026,14:22:54.460,50.0,51.0,28.000,28.900,293.0,1730.0,1182,5257,
24.4.2026,14:22:54.664,50.0,51.0,28.000,28.853,265.0,1730.0,1182,5257,
24.4.2026,14:22:54.868,50.0,51.0,28.000,28.796,259.0,1730.0,1182,5257,
24.4.2026,14:22:55.074,50.0,51.0,28.000,28.701,283.0,1730.0,1182,5257,
24.4.2026,14:22:55.281,50.0,51.0,28.000,28.554,294.0,1730.0,1182,5257,
24.4.2026,14:22:55.488,50.0,51.0,28.000,28.673,290.0,1730.0,1182,5257,
24.4.2026,14:22:55.691,50.0,52.0,28.000,28.752,1757.0,1730.0,1182,5257,
24.4.2026,14:22:55.882,50.0,51.0,28.000,28.672,273.0,1728.0,1182,5257,
24.4.2026,14:22:56.086,50.0,51.0,28.000,28.732,272.0,1728.0,1182,5257,
24.4.2026,14:22:56.293,50.0,51.0,28.000,28.892,280.0,1730.0,1182,5257,
24.4.2026,14:22:56.492,50.0,51.0,28.000,28.890,295.0,1728.0,1182,5257,
24.4.2026,14:22:56.720,50.0,51.0,28.000,28.509,280.0,1730.0,1182,5257,
24.4.2026,14:22:56.904,50.0,51.0,28.000,28.582,286.0,1730.0,1182,5257,
24.4.2026,14:22:57.105,49.0,51.0,28.000,28.011,279.0,1730.0,1182,5257,
24.4.2026,14:22:57.309,50.0,51.0,28.000,28.724,302.0,1730.0,1182,5257,
24.4.2026,14:22:57.512,50.0,52.0,28.000,28.582,1756.0,1730.0,1182,5257,
24.4.2026,14:22:57.716,50.0,51.0,29.000,28.778,1756.0,1730.0,1182,5257,
24.4.2026,14:22:57.911,50.0,51.0,28.000,28.874,293.0,1730.0,1182,5257,
24.4.2026,14:22:58.126,50.0,51.0,29.000,28.762,1758.0,1728.0,1182,5257,
24.4.2026,14:22:58.330,50.0,51.0,29.000,29.071,1757.0,1730.0,1182,5257,
24.4.2026,14:22:58.536,50.0,51.0,29.000,29.084,295.0,1730.0,1182,5257,
24.4.2026,14:22:58.738,50.0,51.0,28.000,28.923,288.0,1728.0,1182,5257,
24.4.2026,14:22:58.941,50.0,51.0,28.000,28.745,305.0,1730.0,1182,5257,
24.4.2026,14:22:59.160,50.0,51.0,29.000,28.843,1756.0,1730.0,1182,5257,
24.4.2026,14:22:59.355,50.0,52.0,28.000,28.830,1757.0,1730.0,1182,5257,
24.4.2026,14:22:59.554,50.0,52.0,29.000,28.831,1757.0,1730.0,1182,5257,
24.4.2026,14:22:59.760,50.0,51.0,28.000,28.776,294.0,1730.0,1182,5257,
24.4.2026,14:22:59.960,50.0,52.0,29.000,28.967,1756.0,1728.0,1182,5257,
24.4.2026,14:23:0.164,50.0,52.0,29.000,29.379,1757.0,1730.0,1182,5257,
24.4.2026,14:23:0.371,50.0,52.0,29.000,29.728,1756.0,1728.0,1182,5257,
24.4.2026,14:23:0.575,50.0,51.0,29.000,29.465,1757.0,1730.0,1182,5257,
24.4.2026,14:23:0.784,50.0,52.0,30.000,29.488,1758.0,1730.0,1182,5257,
24.4.2026,14:23:0.986,50.0,52.0,29.000,29.705,1757.0,1730.0,1182,5257,
24.4.2026,14:23:1.191,50.0,52.0,29.000,29.395,1758.0,1730.0,1182,5257,
24.4.2026,14:23:1.400,50.0,52.0,29.000,29.026,1757.0,1728.0,1182,5257,
24.4.2026,14:23:1.601,50.0,52.0,28.000,29.080,275.0,1730.0,1182,5257,
24.4.2026,14:23:1.804,50.0,52.0,28.000,28.714,296.0,1730.0,1182,5257,
24.4.2026,14:23:2.012,50.0,52.0,29.000,28.899,1756.0,1730.0,1182,5257,
24.4.2026,14:23:2.213,50.0,52.0,29.000,29.064,1757.0,1728.0,1182,5257,
24.4.2026,14:23:2.415,50.0,52.0,29.000,29.292,279.0,1730.0,1182,5257,
24.4.2026,14:23:2.621,50.0,52.0,29.000,29.216,273.0,1730.0,1182,5257,
24.4.2026,14:23:2.820,50.0,52.0,29.000,29.160,1754.0,1730.0,1182,5257,
24.4.2026,14:23:3.026,50.0,52.0,28.000,29.164,302.0,1728.0,1182,5257,
24.4.2026,14:23:3.229,50.0,52.0,29.000,28.968,1757.0,1730.0,1182,5257,
24.4.2026,14:23:3.434,51.0,52.0,29.000,29.010,1757.0,1728.0,1182,5257,
24.4.2026,14:23:3.637,50.0,52.0,29.000,29.033,1746.0,1730.0,1182,5257,
24.4.2026,14:23:3.845,50.0,52.0,28.000,28.941,298.0,1730.0,1182,5257,
24.4.2026,14:23:4.049,50.0,52.0,29.000,29.111,1756.0,1730.0,1182,5257,
24.4.2026,14:23:4.253,50.0,51.0,29.000,28.930,1757.0,1730.0,1182,5257,
24.4.2026,14:23:4.443,50.0,52.0,29.000,29.106,1757.0,1728.0,1182,5257,
24.4.2026,14:23:4.650,50.0,52.0,29.000,29.196,1756.0,1730.0,1182,5257,
24.4.2026,14:23:4.854,50.0,52.0,28.000,29.427,271.0,1730.0,1182,5257,
24.4.2026,14:23:5.054,50.0,52.0,29.000,29.289,300.0,1728.0,1182,5257,
24.4.2026,14:23:5.262,50.0,52.0,29.000,29.242,302.0,1730.0,1182,5257,
24.4.2026,14:23:5.467,50.0,52.0,29.000,28.883,1757.0,1728.0,1182,5257,
24.4.2026,14:23:5.669,50.0,52.0,28.000,29.014,1757.0,1730.0,1182,5257,
24.4.2026,14:23:5.873,50.0,52.0,28.000,28.945,279.0,1730.0,1182,5257,
24.4.2026,14:23:6.077,50.0,52.0,29.000,28.902,1757.0,1730.0,1182,5257,
24.4.2026,14:23:6.284,50.0,52.0,28.000,28.967,267.0,1730.0,1182,5257,
24.4.2026,14:23:6.489,50.0,52.0,29.000,28.821,1757.0,1730.0,1182,5257,
24.4.2026,14:23:6.695,50.0,52.0,29.000,29.250,292.0,1730.0,1182,5257,
24.4.2026,14:23:6.899,50.0,52.0,28.000,29.005,248.0,1728.0,1182,5257,
24.4.2026,14:23:7.103,50.0,52.0,28.000,28.906,237.0,1730.0,1182,5257,
24.4.2026,14:23:7.308,50.0,52.0,28.000,28.684,264.0,1730.0,1182,5257,
24.4.2026,14:23:7.512,50.0,52.0,28.000,28.915,285.0,1730.0,1182,5257,
24.4.2026,14:23:7.718,50.0,51.0,28.000,29.022,284.0,1730.0,1182,5257,
24.4.2026,14:23:7.916,50.0,52.0,28.000,29.134,289.0,1730.0,1182,5257,
24.4.2026,14:23:8.119,50.0,52.0,29.000,29.152,1757.0,1730.0,1182,5257,
24.4.2026,14:23:8.326,50.0,52.0,29.000,29.151,1757.0,1728.0,1182,5257,
24.4.2026,14:23:8.534,50.0,52.0,28.000,29.042,284.0,1728.0,1182,5257,
24.4.2026,14:23:8.723,50.0,51.0,27.000,28.981,219.0,1728.0,1182,5257,
24.4.2026,14:23:8.930,50.0,52.0,28.000,28.857,1707.0,1728.0,1182,5257,
24.4.2026,14:23:9.134,50.0,52.0,28.000,29.017,261.0,1730.0,1182,5257,
24.4.2026,14:23:9.346,50.0,52.0,29.000,28.796,1747.0,1728.0,1182,5257,
24.4.2026,14:23:9.552,50.0,52.0,29.000,29.075,1756.0,1730.0,1182,5257,
24.4.2026,14:23:9.740,51.0,52.0,28.000,28.935,1757.0,1728.0,1182,5257,
24.4.2026,14:23:9.945,51.0,52.0,28.000,28.849,296.0,1728.0,1182,5257,
24.4.2026,14:23:10.147,50.0,52.0,28.000,28.725,272.0,1730.0,1182,5257,
24.4.2026,14:23:10.353,50.0,52.0,28.000,28.747,281.0,1730.0,1182,5257,
24.4.2026,14:23:10.556,50.0,52.0,28.000,28.673,279.0,1728.0,1182,5257,
24.4.2026,14:23:10.760,51.0,52.0,28.000,28.618,293.0,1728.0,1182,5257,
24.4.2026,14:23:10.967,50.0,52.0,29.000,28.629,1756.0,1730.0,1182,5257,
24.4.2026,14:23:11.166,50.0,52.0,29.000,28.717,1757.0,1730.0,1182,5257,
24.4.2026,14:23:11.370,50.0,52.0,28.000,28.518,1757.0,1730.0,1182,5257,
24.4.2026,14:23:11.574,50.0,52.0,28.000,28.698,278.0,1728.0,1182,5257,
24.4.2026,14:23:11.781,51.0,52.0,28.000,28.593,280.0,1730.0,1182,5257,
24.4.2026,14:23:11.990,51.0,52.0,28.000,28.567,1713.0,1730.0,1182,5257,
24.4.2026,14:23:12.187,50.0,52.0,28.000,28.606,1757.0,1728.0,1182,5257,
24.4.2026,14:23:12.391,51.0,52.0,28.000,28.943,1757.0,1728.0,1182,5257,
24.4.2026,14:23:12.594,50.0,52.0,28.000,29.026,1757.0,1728.0,1182,5257,
24.4.2026,14:23:12.786,50.0,52.0,29.000,29.050,1757.0,1730.0,1182,5257,
24.4.2026,14:23:12.992,50.0,52.0,28.000,29.169,1757.0,1730.0,1182,5257,
24.4.2026,14:23:13.196,50.0,52.0,28.000,29.130,1757.0,1730.0,1182,5257,
24.4.2026,14:23:13.402,51.0,52.0,29.000,29.040,1757.0,1730.0,1182,5257,
24.4.2026,14:23:13.609,51.0,52.0,29.000,29.136,1757.0,1730.0,1182,5257,
24.4.2026,14:23:13.815,50.0,52.0,28.000,29.031,301.0,1730.0,1182,5257,
24.4.2026,14:23:14.004,50.0,52.0,29.000,28.905,1757.0,1728.0,1182,5257,
24.4.2026,14:23:14.228,50.0,52.0,29.000,29.086,1757.0,1730.0,1182,5257,
24.4.2026,14:23:14.428,50.0,52.0,28.000,29.057,298.0,1728.0,1182,5257,
24.4.2026,14:23:14.632,50.0,52.0,29.000,28.990,1757.0,1730.0,1182,5257,
24.4.2026,14:23:14.836,50.0,52.0,28.000,29.002,294.0,1730.0,1182,5257,
24.4.2026,14:23:15.041,51.0,52.0,28.000,28.908,1739.0,1730.0,1182,5257,
24.4.2026,14:23:15.246,50.0,52.0,28.000,29.050,297.0,1730.0,1182,5257,
24.4.2026,14:23:15.451,50.0,52.0,29.000,28.940,1757.0,1728.0,1182,5257,
24.4.2026,14:23:15.655,51.0,52.0,29.000,29.205,1757.0,1730.0,1182,5257,
24.4.2026,14:23:15.866,51.0,52.0,29.000,29.205,1757.0,1730.0,1182,5257,
24.4.2026,14:23:16.073,50.0,52.0,29.000,28.982,292.0,1730.0,1182,5257,
24.4.2026,14:23:16.277,50.0,52.0,28.000,28.899,292.0,1730.0,1182,5257,
24.4.2026,14:23:16.482,50.0,52.0,29.000,29.045,279.0,1730.0,1182,5257,
24.4.2026,14:23:16.690,50.0,52.0,28.000,29.045,225.0,1728.0,1182,5257,
24.4.2026,14:23:16.890,50.0,52.0,29.000,28.727,1753.0,1730.0,1182,5257,
24.4.2026,14:23:17.091,50.0,52.0,29.000,29.071,1757.0,1730.0,1182,5257,
24.4.2026,14:23:17.299,50.0,52.0,28.000,28.848,1757.0,1730.0,1182,5257,
24.4.2026,14:23:17.503,50.0,52.0,28.000,28.674,295.0,1730.0,1182,5257,
24.4.2026,14:23:17.704,50.0,52.0,28.000,28.739,1757.0,1728.0,1182,5257,
24.4.2026,14:23:17.911,50.0,52.0,28.000,28.958,1757.0,1730.0,1182,5257,
24.4.2026,14:23:18.116,50.0,52.0,28.000,28.696,1701.0,1728.0,1182,5257,
24.4.2026,14:23:18.333,50.0,52.0,28.000,28.647,290.0,1728.0,1182,5257,
24.4.2026,14:23:18.520,50.0,52.0,29.000,28.878,1755.0,1730.0,1182,5257,
24.4.2026,14:23:18.727,50.0,52.0,28.000,28.920,298.0,1730.0,1182,5257,
24.4.2026,14:23:18.932,51.0,52.0,28.000,28.649,1758.0,1730.0,1182,5257,
24.4.2026,14:23:19.136,50.0,52.0,28.000,28.987,299.0,1730.0,1182,5257,
24.4.2026,14:23:19.339,51.0,52.0,28.000,28.746,1757.0,1730.0,1182,5257,
24.4.2026,14:23:19.545,51.0,52.0,28.000,28.969,277.0,1730.0,1182,5257,
24.4.2026,14:23:19.747,50.0,52.0,28.000,28.735,289.0,1730.0,1182,5257,
24.4.2026,14:23:19.956,50.0,52.0,29.000,28.837,1755.0,1730.0,1182,5257,
24.4.2026,14:23:20.147,50.0,52.0,29.000,29.011,1757.0,1730.0,1182,5257,
24.4.2026,14:23:20.353,51.0,52.0,28.000,28.998,1758.0,1728.0,1182,5257,
24.4.2026,14:23:20.560,50.0,52.0,28.000,28.779,1757.0,1730.0,1182,5257,
24.4.2026,14:23:20.763,51.0,52.0,28.000,28.930,250.0,1728.0,1182,5257,
24.4.2026,14:23:20.970,51.0,52.0,29.000,28.807,296.0,1730.0,1182,5257,
24.4.2026,14:23:21.173,50.0,52.0,28.000,28.939,263.0,1728.0,1182,5257,
24.4.2026,14:23:21.375,50.0,52.0,29.000,29.002,1754.0,1730.0,1182,5257,
24.4.2026,14:23:21.579,51.0,52.0,29.000,29.176,1756.0,1730.0,1182,5257,
24.4.2026,14:23:21.783,50.0,52.0,29.000,29.084,1756.0,1728.0,1182,5257,
24.4.2026,14:23:21.973,50.0,52.0,29.000,29.084,1756.0,1728.0,1182,5257,
24.4.2026,14:23:22.190,51.0,52.0,28.000,29.305,292.0,1730.0,1182,5257,
24.4.2026,14:23:22.392,50.0,52.0,29.000,29.131,1757.0,1728.0,1182,5257,
24.4.2026,14:23:22.593,51.0,53.0,29.000,29.128,1756.0,1730.0,1182,5257,
24.4.2026,14:23:22.798,50.0,52.0,29.000,29.236,295.0,1730.0,1182,5257,
24.4.2026,14:23:23.001,50.0,52.0,29.000,29.295,1755.0,1730.0,1182,5257,
24.4.2026,14:23:23.205,50.0,52.0,29.000,29.188,1756.0,1730.0,1182,5257,
24.4.2026,14:23:23.404,50.0,53.0,29.000,29.156,1756.0,1728.0,1182,5257,
24.4.2026,14:23:23.619,50.0,52.0,29.000,29.068,1757.0,1730.0,1182,5257,
24.4.2026,14:23:23.818,51.0,52.0,28.000,29.101,268.0,1728.0,1182,5257,
24.4.2026,14:23:24.035,50.0,52.0,28.000,28.995,287.0,1730.0,1182,5257,
24.4.2026,14:23:24.244,50.0,52.0,28.000,29.013,1758.0,1730.0,1182,5257,
24.4.2026,14:23:24.435,50.0,52.0,29.000,29.038,1756.0,1730.0,1182,5257,
24.4.2026,14:23:24.642,50.0,52.0,29.000,29.319,1757.0,1730.0,1182,5257,
24.4.2026,14:23:24.855,51.0,53.0,29.000,29.389,1757.0,1728.0,1182,5257,
24.4.2026,14:23:25.051,51.0,52.0,29.000,29.390,1758.0,1728.0,1182,5257,
24.4.2026,14:23:25.254,50.0,52.0,29.000,29.470,1757.0,1730.0,1182,5257,
24.4.2026,14:23:25.474,50.0,52.0,29.000,29.487,1757.0,1730.0,1182,5257,
24.4.2026,14:23:25.691,50.0,52.0,29.000,29.357,1757.0,1728.0,1182,5257,
24.4.2026,14:23:25.896,50.0,52.0,29.000,29.275,1757.0,1728.0,1182,5257,
24.4.2026,14:23:26.102,50.0,52.0,29.000,29.591,290.0,1730.0,1182,5257,
24.4.2026,14:23:26.303,50.0,52.0,29.000,29.158,1757.0,1730.0,1182,5257,
24.4.2026,14:23:26.511,51.0,52.0,29.000,29.057,1728.0,1730.0,1182,5257,
24.4.2026,14:23:26.714,50.0,52.0,28.000,29.014,296.0,1730.0,1182,5257,
24.4.2026,14:23:26.923,50.0,52.0,29.000,28.947,1752.0,1730.0,1182,5257,
24.4.2026,14:23:27.128,51.0,52.0,29.000,28.971,311.0,1730.0,1182,5257,
24.4.2026,14:23:27.334,51.0,53.0,28.000,28.863,1756.0,1728.0,1182,5257,
24.4.2026,14:23:27.540,51.0,53.0,29.000,28.986,1756.0,1728.0,1182,5257,
24.4.2026,14:23:27.745,50.0,52.0,28.000,28.758,1757.0,1728.0,1182,5257,
24.4.2026,14:23:27.954,50.0,52.0,29.000,29.159,1756.0,1728.0,1182,5257,
24.4.2026,14:23:28.158,51.0,52.0,28.000,29.176,269.0,1730.0,1182,5257,
24.4.2026,14:23:28.348,51.0,53.0,29.000,29.139,1747.0,1730.0,1182,5257,
24.4.2026,14:23:28.554,51.0,52.0,29.000,29.176,1756.0,1730.0,1182,5257,
24.4.2026,14:23:28.754,51.0,52.0,28.000,29.117,304.0,1730.0,1182,5257,
24.4.2026,14:23:28.958,50.0,52.0,29.000,29.064,1757.0,1730.0,1182,5257,
24.4.2026,14:23:29.172,51.0,52.0,28.000,29.106,294.0,1730.0,1182,5257,
24.4.2026,14:23:29.377,51.0,52.0,29.000,29.188,289.0,1728.0,1182,5257,
24.4.2026,14:23:29.580,50.0,53.0,28.000,29.236,269.0,1730.0,1182,5257,
24.4.2026,14:23:29.784,50.0,52.0,29.000,29.085,1750.0,1730.0,1182,5257,
24.4.2026,14:23:29.984,50.0,52.0,28.000,28.970,1756.0,1728.0,1182,5257,
24.4.2026,14:23:30.190,50.0,51.0,29.000,28.931,1757.0,1730.0,1182,5257,
24.4.2026,14:23:30.393,50.0,52.0,29.000,29.392,1757.0,1730.0,1182,5257,
24.4.2026,14:23:30.596,50.0,52.0,29.000,29.430,1757.0,1730.0,1182,5257,
24.4.2026,14:23:30.798,51.0,52.0,29.000,29.363,275.0,1730.0,1182,5257,
24.4.2026,14:23:31.001,50.0,52.0,29.000,29.385,293.0,1730.0,1182,5257,
24.4.2026,14:23:31.203,50.0,52.0,29.000,29.300,1753.0,1730.0,1182,5257,
24.4.2026,14:23:31.407,51.0,53.0,29.000,29.278,1757.0,1728.0,1182,5257,
24.4.2026,14:23:31.611,51.0,53.0,29.000,28.983,1756.0,1728.0,1182,5257,
24.4.2026,14:23:31.813,51.0,52.0,29.000,29.350,303.0,1730.0,1182,5257,
24.4.2026,14:23:32.007,50.0,53.0,29.000,29.400,1757.0,1730.0,1182,5257,
24.4.2026,14:23:32.210,51.0,53.0,29.000,29.083,1756.0,1730.0,1182,5257,
24.4.2026,14:23:32.414,51.0,52.0,29.000,29.119,1757.0,1728.0,1182,5257,
24.4.2026,14:23:32.619,51.0,53.0,28.000,29.058,297.0,1730.0,1182,5257,
24.4.2026,14:23:32.819,50.0,52.0,28.000,29.018,300.0,1730.0,1182,5257,
24.4.2026,14:23:33.020,51.0,52.0,29.000,29.290,1755.0,1730.0,1182,5257,
24.4.2026,14:23:33.228,50.0,52.0,29.000,29.250,1757.0,1730.0,1182,5257,
24.4.2026,14:23:33.441,50.0,52.0,29.000,29.475,1756.0,1730.0,1182,5257,
24.4.2026,14:23:33.659,51.0,53.0,29.000,29.216,1757.0,1730.0,1182,5257,
24.4.2026,14:23:33.859,51.0,53.0,29.000,29.430,284.0,1730.0,1182,5257,
24.4.2026,14:23:34.064,51.0,52.0,29.000,29.257,1743.0,1730.0,1182,5257,
24.4.2026,14:23:34.266,51.0,52.0,29.000,29.281,1756.0,1730.0,1182,5257,
24.4.2026,14:23:34.469,50.0,53.0,29.000,29.258,1757.0,1730.0,1182,5257,
24.4.2026,14:23:34.672,51.0,53.0,29.000,29.076,1757.0,1730.0,1182,5257,
24.4.2026,14:23:34.881,51.0,52.0,28.000,28.953,1758.0,1728.0,1182,5257,
24.4.2026,14:23:35.096,51.0,53.0,28.000,28.918,1713.0,1730.0,1182,5257,
24.4.2026,14:23:35.284,51.0,52.0,29.000,29.377,302.0,1730.0,1182,5257,
24.4.2026,14:23:35.490,51.0,53.0,29.000,29.454,1757.0,1728.0,1182,5257,
24.4.2026,14:23:35.696,51.0,53.0,29.000,29.164,1757.0,1730.0,1182,5257,
24.4.2026,14:23:35.902,51.0,53.0,29.000,29.133,1757.0,1730.0,1182,5257,
24.4.2026,14:23:36.111,51.0,52.0,28.000,29.095,1733.0,1730.0,1182,5257,
24.4.2026,14:23:36.313,51.0,52.0,29.000,28.988,286.0,1730.0,1182,5257,
24.4.2026,14:23:36.517,51.0,53.0,29.000,29.230,1753.0,1728.0,1182,5257,
24.4.2026,14:23:36.720,51.0,53.0,29.000,29.240,1757.0,1730.0,1182,5257,
24.4.2026,14:23:36.925,51.0,52.0,29.000,29.116,1758.0,1728.0,1182,5257,
24.4.2026,14:23:37.113,51.0,53.0,29.000,29.447,1757.0,1730.0,1182,5257,
24.4.2026,14:23:37.321,51.0,52.0,29.000,29.532,1757.0,1730.0,1182,5257,
24.4.2026,14:23:37.525,51.0,52.0,29.000,29.443,1757.0,1728.0,1182,5257,
24.4.2026,14:23:37.730,51.0,53.0,29.000,29.331,1757.0,1730.0,1182,5257,
24.4.2026,14:23:37.937,51.0,53.0,29.000,29.455,1757.0,1728.0,1182,5257,
24.4.2026,14:23:38.141,51.0,53.0,29.000,29.546,1757.0,1730.0,1182,5257,
24.4.2026,14:23:38.347,51.0,53.0,28.000,29.357,287.0,1730.0,1182,5257,
24.4.2026,14:23:38.536,51.0,53.0,28.000,28.971,300.0,1730.0,1182,5257,
24.4.2026,14:23:38.741,51.0,52.0,28.000,29.004,282.0,1730.0,1182,5257,
24.4.2026,14:23:38.949,51.0,53.0,28.000,28.789,273.0,1728.0,1182,5257,
24.4.2026,14:23:39.146,51.0,53.0,28.000,28.896,285.0,1730.0,1182,5257,
24.4.2026,14:23:39.351,51.0,52.0,28.000,29.150,293.0,1730.0,1182,5257,
24.4.2026,14:23:39.554,51.0,53.0,29.000,28.827,1757.0,1728.0,1182,5257,
24.4.2026,14:23:39.760,51.0,53.0,28.000,28.987,271.0,1730.0,1182,5257,
24.4.2026,14:23:39.974,51.0,52.0,29.000,28.872,1757.0,1730.0,1182,5257,
24.4.2026,14:23:40.193,51.0,52.0,28.000,28.992,288.0,1730.0,1182,5257,
24.4.2026,14:23:40.403,51.0,52.0,28.000,29.216,254.0,1730.0,1182,5257,
24.4.2026,14:23:40.601,51.0,53.0,29.000,29.228,1753.0,1728.0,1182,5257,
24.4.2026,14:23:40.811,51.0,52.0,29.000,29.580,1756.0,1728.0,1182,5257,
24.4.2026,14:23:41.015,51.0,53.0,29.000,29.361,1756.0,1730.0,1182,5257,
24.4.2026,14:23:41.219,50.0,52.0,29.000,29.276,1757.0,1730.0,1182,5257,
24.4.2026,14:23:41.424,50.0,53.0,28.000,29.561,286.0,1730.0,1182,5257,
24.4.2026,14:23:41.628,51.0,53.0,29.000,29.344,294.0,1730.0,1182,5257,
24.4.2026,14:23:41.820,51.0,52.0,29.000,29.362,1756.0,1730.0,1182,5257,
24.4.2026,14:23:42.020,51.0,52.0,29.000,29.342,1758.0,1730.0,1182,5257,
24.4.2026,14:23:42.225,51.0,53.0,29.000,29.305,297.0,1730.0,1182,5257,
24.4.2026,14:23:42.433,51.0,53.0,29.000,29.275,1757.0,1730.0,1182,5257,
24.4.2026,14:23:42.637,51.0,52.0,28.000,29.326,276.0,1728.0,1182,5257,
24.4.2026,14:23:42.841,51.0,52.0,28.000,29.238,275.0,1730.0,1182,5257,
24.4.2026,14:23:43.043,51.0,52.0,29.000,29.093,1707.0,1730.0,1182,5257,
24.4.2026,14:23:43.250,51.0,53.0,29.000,29.249,299.0,1730.0,1182,5257,
24.4.2026,14:23:43.451,51.0,53.0,29.000,29.408,1740.0,1730.0,1182,5257,
24.4.2026,14:23:43.656,50.0,52.0,29.000,29.335,1755.0,1730.0,1182,5257,
24.4.2026,14:23:43.856,51.0,53.0,28.000,29.285,293.0,1730.0,1182,5257,
24.4.2026,14:23:44.064,51.0,52.0,30.000,29.545,1757.0,1728.0,1182,5257,
24.4.2026,14:23:44.264,51.0,53.0,29.000,29.547,297.0,1730.0,1182,5257,
24.4.2026,14:23:44.473,51.0,52.0,29.000,29.401,1754.0,1730.0,1182,5257,
24.4.2026,14:23:44.667,51.0,53.0,29.000,29.393,1756.0,1730.0,1182,5257,
24.4.2026,14:23:44.870,50.0,52.0,29.000,29.416,298.0,1728.0,1182,5257,
24.4.2026,14:23:45.073,51.0,53.0,29.000,29.259,1757.0,1728.0,1182,5257,
24.4.2026,14:23:45.275,51.0,53.0,29.000,29.358,1757.0,1730.0,1182,5257,
24.4.2026,14:23:45.502,50.0,52.0,28.000,29.063,288.0,1728.0,1182,5257,
24.4.2026,14:23:45.683,51.0,53.0,28.000,29.308,248.0,1730.0,1182,5257,
24.4.2026,14:23:45.885,50.0,52.0,28.000,29.132,267.0,1730.0,1182,5257,
24.4.2026,14:23:46.089,51.0,52.0,29.000,29.165,1753.0,1730.0,1182,5257,
24.4.2026,14:23:46.295,51.0,53.0,29.000,29.331,1756.0,1730.0,1182,5257,
24.4.2026,14:23:46.505,51.0,53.0,29.000,29.147,1757.0,1730.0,1182,5257,
24.4.2026,14:23:46.700,51.0,53.0,28.000,29.187,291.0,1728.0,1182,5257,
24.4.2026,14:23:46.900,51.0,53.0,29.000,29.109,1756.0,1728.0,1182,5257,
24.4.2026,14:23:47.107,51.0,53.0,28.000,28.992,1701.0,1730.0,1182,5257,
24.4.2026,14:23:47.309,51.0,53.0,29.000,28.977,1738.0,1730.0,1182,5257,
24.4.2026,14:23:47.532,51.0,52.0,29.000,29.107,1755.0,1728.0,1182,5257,
24.4.2026,14:23:47.714,51.0,52.0,29.000,29.107,1755.0,1728.0,1182,5257,
24.4.2026,14:23:47.919,51.0,53.0,29.000,29.235,1757.0,1730.0,1182,5257,
24.4.2026,14:23:48.119,51.0,52.0,29.000,28.986,1757.0,1730.0,1182,5257,
24.4.2026,14:23:48.325,51.0,52.0,29.000,29.195,1747.0,1730.0,1182,5257,
24.4.2026,14:23:48.529,51.0,53.0,29.000,29.165,1757.0,1728.0,1182,5257,
24.4.2026,14:23:48.735,51.0,52.0,29.000,29.086,1756.0,1730.0,1182,5257,
24.4.2026,14:23:48.938,51.0,53.0,29.000,29.114,303.0,1728.0,1182,5257,
24.4.2026,14:23:49.141,51.0,53.0,29.000,29.109,1757.0,1730.0,1182,5257,
24.4.2026,14:23:49.340,51.0,53.0,29.000,29.624,1757.0,1728.0,1182,5257,
24.4.2026,14:23:49.543,51.0,53.0,30.000,29.746,1756.0,1730.0,1182,5257,
24.4.2026,14:23:49.745,51.0,53.0,29.000,29.498,1757.0,1730.0,1182,5257,
24.4.2026,14:23:49.948,51.0,53.0,29.000,29.322,1757.0,1730.0,1182,5257,
24.4.2026,14:23:50.155,51.0,53.0,29.000,29.425,1757.0,1728.0,1182,5257,
24.4.2026,14:23:50.359,51.0,53.0,29.000,29.359,1757.0,1730.0,1182,5257,
24.4.2026,14:23:50.563,52.0,53.0,29.000,29.525,1757.0,1730.0,1182,5257,
24.4.2026,14:23:50.769,51.0,52.0,28.000,29.244,262.0,1730.0,1182,5257,
24.4.2026,14:23:50.974,51.0,53.0,29.000,29.304,1757.0,1730.0,1182,5257,
24.4.2026,14:23:51.190,51.0,53.0,29.000,29.344,1758.0,1728.0,1182,5257,
24.4.2026,14:23:51.393,51.0,52.0,29.000,28.931,1756.0,1730.0,1182,5257,
24.4.2026,14:23:51.591,51.0,53.0,29.000,29.212,296.0,1730.0,1182,5257,
24.4.2026,14:23:51.791,51.0,52.0,29.000,29.107,1710.0,1730.0,1182,5257,
24.4.2026,14:23:51.994,51.0,53.0,29.000,29.307,295.0,1730.0,1182,5257,
24.4.2026,14:23:52.197,51.0,53.0,29.000,29.314,309.0,1728.0,1182,5257,
24.4.2026,14:23:52.401,51.0,53.0,29.000,29.325,1755.0,1728.0,1182,5257,
24.4.2026,14:23:52.602,51.0,53.0,29.000,29.336,291.0,1730.0,1182,5257,
24.4.2026,14:23:52.809,51.0,52.0,28.000,29.038,287.0,1730.0,1182,5257,
24.4.2026,14:23:53.020,51.0,53.0,29.000,28.836,1754.0,1728.0,1182,5257,
24.4.2026,14:23:53.207,51.0,53.0,29.000,29.220,305.0,1730.0,1182,5257,
24.4.2026,14:23:53.416,51.0,53.0,29.000,28.822,1757.0,1730.0,1182,5257,
24.4.2026,14:23:53.619,51.0,53.0,29.000,29.171,308.0,1728.0,1182,5257,
24.4.2026,14:23:53.824,51.0,53.0,29.000,29.157,1757.0,1730.0,1182,5257,
24.4.2026,14:23:54.031,50.0,52.0,29.000,29.204,1757.0,1730.0,1182,5257,
24.4.2026,14:23:54.231,51.0,53.0,28.000,29.261,298.0,1730.0,1182,5257,
24.4.2026,14:23:54.437,51.0,53.0,29.000,29.177,289.0,1730.0,1182,5257,
24.4.2026,14:23:54.643,51.0,52.0,28.000,29.115,264.0,1730.0,1182,5257,
24.4.2026,14:23:54.832,52.0,53.0,29.000,29.077,276.0,1730.0,1182,5257,
24.4.2026,14:23:55.038,51.0,52.0,29.000,29.274,309.0,1728.0,1182,5257,
24.4.2026,14:23:55.246,51.0,53.0,29.000,29.361,1757.0,1728.0,1182,5257,
24.4.2026,14:23:55.451,51.0,53.0,29.000,29.101,1757.0,1730.0,1182,5257,
24.4.2026,14:23:55.654,51.0,53.0,29.000,29.144,1757.0,1728.0,1182,5257,
24.4.2026,14:23:55.858,51.0,53.0,29.000,29.161,276.0,1730.0,1182,5257,
24.4.2026,14:23:56.066,51.0,53.0,28.000,29.234,276.0,1730.0,1182,5257,
24.4.2026,14:23:56.255,51.0,53.0,29.000,29.293,297.0,1728.0,1182,5257,
24.4.2026,14:23:56.462,52.0,53.0,28.000,29.378,273.0,1728.0,1182,5257,
24.4.2026,14:23:56.666,51.0,53.0,29.000,29.420,1756.0,1730.0,1182,5257,
24.4.2026,14:23:56.868,51.0,53.0,28.000,29.208,276.0,1730.0,1182,5257,
24.4.2026,14:23:57.072,51.0,53.0,29.000,29.118,1756.0,1730.0,1182,5257,
24.4.2026,14:23:57.273,51.0,53.0,29.000,29.309,1757.0,1730.0,1182,5257,
24.4.2026,14:23:57.477,51.0,53.0,29.000,29.159,1742.0,1728.0,1182,5257,
24.4.2026,14:23:57.695,51.0,53.0,29.000,29.166,288.0,1730.0,1182,5257,
24.4.2026,14:23:57.900,51.0,53.0,28.000,29.074,1746.0,1730.0,1182,5257,
24.4.2026,14:23:58.102,51.0,53.0,29.000,29.192,1756.0,1730.0,1182,5257,
24.4.2026,14:23:58.304,51.0,53.0,29.000,29.157,1756.0,1730.0,1182,5257,
24.4.2026,14:23:58.519,52.0,53.0,29.000,28.938,1757.0,1730.0,1182,5257,
24.4.2026,14:23:58.737,51.0,53.0,28.000,29.018,274.0,1728.0,1182,5257,
24.4.2026,14:23:58.941,51.0,53.0,28.000,28.837,274.0,1728.0,1182,5257,
24.4.2026,14:23:59.139,51.0,53.0,29.000,28.775,1757.0,1730.0,1182,5257,
24.4.2026,14:23:59.346,51.0,53.0,28.000,28.886,1681.0,1728.0,1182,5257,
24.4.2026,14:23:59.549,51.0,53.0,29.000,29.243,1752.0,1730.0,1182,5257,
24.4.2026,14:23:59.751,51.0,53.0,29.000,29.166,1755.0,1730.0,1182,5257,
24.4.2026,14:23:59.956,51.0,53.0,28.000,29.106,1756.0,1730.0,1182,5257,
24.4.2026,14:24:0.156,51.0,53.0,28.000,28.945,287.0,1730.0,1182,5257,
24.4.2026,14:24:0.360,51.0,52.0,29.000,28.998,1756.0,1730.0,1182,5257,
24.4.2026,14:24:0.555,51.0,53.0,29.000,29.052,305.0,1730.0,1182,5257,
24.4.2026,14:24:0.759,51.0,53.0,28.000,28.998,272.0,1728.0,1182,5257,
24.4.2026,14:24:0.961,51.0,53.0,29.000,29.027,269.0,1730.0,1182,5257,
24.4.2026,14:24:1.162,51.0,53.0,29.000,29.279,1755.0,1730.0,1182,5257,
24.4.2026,14:24:1.364,51.0,53.0,29.000,29.441,1757.0,1730.0,1182,5257,
24.4.2026,14:24:1.570,51.0,53.0,29.000,29.522,1756.0,1730.0,1182,5257,
24.4.2026,14:24:1.775,51.0,53.0,29.000,29.464,1757.0,1730.0,1182,5257,
24.4.2026,14:24:1.981,52.0,53.0,29.000,29.509,1757.0,1730.0,1182,5257,
24.4.2026,14:24:2.187,51.0,53.0,29.000,29.512,1757.0,1730.0,1182,5257,
24.4.2026,14:24:2.394,51.0,53.0,29.000,29.506,1757.0,1728.0,1182,5257,
24.4.2026,14:24:2.582,51.0,53.0,29.000,29.580,1757.0,1728.0,1182,5257,
24.4.2026,14:24:2.789,52.0,53.0,29.000,29.391,1757.0,1730.0,1182,5257,
24.4.2026,14:24:2.992,52.0,53.0,29.000,29.405,1758.0,1728.0,1182,5257,
24.4.2026,14:24:3.197,51.0,53.0,29.000,29.124,1757.0,1730.0,1182,5257,
24.4.2026,14:24:3.403,51.0,53.0,28.000,29.113,281.0,1728.0,1182,5257,
24.4.2026,14:24:3.610,51.0,53.0,29.000,29.083,1750.0,1730.0,1182,5257,
24.4.2026,14:24:3.801,52.0,53.0,29.000,29.208,297.0,1730.0,1182,5257,
24.4.2026,14:24:4.019,51.0,53.0,29.000,29.350,1757.0,1730.0,1182,5257,
24.4.2026,14:24:4.228,51.0,53.0,29.000,29.611,294.0,1730.0,1182,5257,
24.4.2026,14:24:4.428,51.0,53.0,29.000,29.394,299.0,1730.0,1182,5257,
24.4.2026,14:24:4.632,51.0,53.0,28.000,29.212,282.0,1730.0,1182,5257,
24.4.2026,14:24:4.839,51.0,53.0,29.000,29.252,1754.0,1730.0,1182,5257,
24.4.2026,14:24:5.043,51.0,53.0,29.000,29.300,1756.0,1730.0,1182,5257,
24.4.2026,14:24:5.245,51.0,53.0,29.000,29.312,1756.0,1730.0,1182,5257,
24.4.2026,14:24:5.450,51.0,53.0,29.000,29.274,1757.0,1730.0,1182,5257,
24.4.2026,14:24:5.656,51.0,52.0,28.000,29.203,286.0,1730.0,1182,5257,
24.4.2026,14:24:5.861,51.0,53.0,27.000,28.919,191.0,1730.0,1182,5257,
24.4.2026,14:24:6.050,51.0,53.0,28.000,29.013,262.0,1730.0,1182,5257,
24.4.2026,14:24:6.258,51.0,53.0,29.000,29.389,270.0,1730.0,1182,5257,
24.4.2026,14:24:6.463,51.0,53.0,29.000,29.362,1756.0,1730.0,1182,5257,
24.4.2026,14:24:6.666,51.0,53.0,29.000,29.380,1756.0,1730.0,1182,5257,
24.4.2026,14:24:6.874,51.0,53.0,29.000,29.276,1757.0,1730.0,1182,5257,
24.4.2026,14:24:7.074,51.0,53.0,29.000,29.225,1756.0,1730.0,1182,5257,
24.4.2026,14:24:7.278,52.0,53.0,28.000,29.254,283.0,1730.0,1182,5257,
24.4.2026,14:24:7.482,52.0,53.0,29.000,29.312,1752.0,1728.0,1182,5257,
24.4.2026,14:24:7.685,51.0,53.0,29.000,28.982,289.0,1728.0,1182,5257,
24.4.2026,14:24:7.893,51.0,53.0,29.000,29.206,280.0,1730.0,1182,5257,
24.4.2026,14:24:8.093,51.0,53.0,29.000,29.264,1756.0,1728.0,1182,5257,
24.4.2026,14:24:8.297,52.0,53.0,29.000,29.582,1757.0,1730.0,1182,5257,
24.4.2026,14:24:8.501,51.0,53.0,29.000,29.495,1756.0,1730.0,1182,5257,
24.4.2026,14:24:8.694,51.0,52.0,29.000,29.337,279.0,1730.0,1182,5257,
24.4.2026,14:24:8.900,51.0,53.0,29.000,29.086,284.0,1730.0,1182,5257,
24.4.2026,14:24:9.102,51.0,53.0,29.000,29.237,1757.0,1730.0,1182,5257,
24.4.2026,14:24:9.309,52.0,53.0,28.000,29.113,299.0,1728.0,1182,5257,
24.4.2026,14:24:9.515,51.0,53.0,29.000,28.912,1741.0,1730.0,1182,5257,
24.4.2026,14:24:9.717,51.0,53.0,29.000,29.373,1755.0,1728.0,1182,5257,
24.4.2026,14:24:9.921,51.0,53.0,29.000,28.932,304.0,1728.0,1182,5257,
24.4.2026,14:24:10.127,51.0,53.0,28.000,29.094,1756.0,1730.0,1182,5257,
24.4.2026,14:24:10.317,51.0,53.0,28.000,28.841,286.0,1728.0,1182,5257,
24.4.2026,14:24:10.537,51.0,53.0,28.000,28.984,296.0,1728.0,1182,5257,
24.4.2026,14:24:10.724,51.0,53.0,29.000,29.090,1756.0,1730.0,1182,5257,
24.4.2026,14:24:10.930,51.0,53.0,29.000,29.323,283.0,1728.0,1182,5257,
24.4.2026,14:24:11.137,52.0,53.0,29.000,29.012,1757.0,1728.0,1182,5257,
24.4.2026,14:24:11.345,51.0,53.0,29.000,29.223,1756.0,1730.0,1182,5257,
24.4.2026,14:24:11.549,51.0,53.0,30.000,29.213,1756.0,1730.0,1182,5257,
24.4.2026,14:24:11.741,52.0,53.0,28.000,29.228,272.0,1730.0,1182,5257,
24.4.2026,14:24:11.945,51.0,53.0,29.000,29.085,296.0,1730.0,1182,5257,
24.4.2026,14:24:12.151,51.0,53.0,29.000,29.189,1756.0,1728.0,1182,5257,
24.4.2026,14:24:12.351,51.0,53.0,29.000,29.052,1756.0,1730.0,1182,5257,
24.4.2026,14:24:12.557,51.0,53.0,29.000,29.240,297.0,1730.0,1182,5257,
24.4.2026,14:24:12.762,51.0,53.0,28.000,28.987,287.0,1730.0,1182,5257,
24.4.2026,14:24:12.961,51.0,53.0,29.000,28.969,1754.0,1730.0,1182,5257,
24.4.2026,14:24:13.162,51.0,53.0,29.000,29.119,1757.0,1730.0,1182,5257,
24.4.2026,14:24:13.366,51.0,53.0,29.000,28.803,1756.0,1728.0,1182,5257,
24.4.2026,14:24:13.571,51.0,53.0,29.000,28.891,1757.0,1728.0,1182,5257,
24.4.2026,14:24:13.780,51.0,53.0,29.000,29.415,1757.0,1730.0,1182,5257,
24.4.2026,14:24:13.985,51.0,53.0,29.000,29.642,1757.0,1728.0,1182,5257,
24.4.2026,14:24:14.190,52.0,53.0,29.000,29.697,1757.0,1728.0,1182,5257,
24.4.2026,14:24:14.391,51.0,53.0,30.000,29.862,1757.0,1730.0,1182,5257,
24.4.2026,14:24:14.618,51.0,53.0,29.000,29.894,1756.0,1728.0,1182,5257,
24.4.2026,14:24:14.800,52.0,53.0,29.000,29.875,1757.0,1730.0,1182,5257,
24.4.2026,14:24:15.005,51.0,54.0,29.000,29.865,1757.0,1728.0,1182,5257,
24.4.2026,14:24:15.233,51.0,53.0,29.000,29.513,1756.0,1728.0,1182,5257,
24.4.2026,14:24:15.413,52.0,53.0,29.000,29.339,1756.0,1728.0,1182,5257,
24.4.2026,14:24:15.619,52.0,53.0,29.000,29.224,1757.0,1730.0,1182,5257,
24.4.2026,14:24:15.850,51.0,53.0,28.000,29.182,277.0,1728.0,1182,5257,
24.4.2026,14:24:16.025,51.0,53.0,29.000,29.295,1752.0,1728.0,1182,5257,
24.4.2026,14:24:16.228,52.0,53.0,29.000,29.463,1755.0,1730.0,1182,5257,
24.4.2026,14:24:16.433,52.0,53.0,29.000,29.302,1755.0,1730.0,1182,5257,
24.4.2026,14:24:16.636,51.0,53.0,29.000,29.329,1757.0,1730.0,1182,5257,
24.4.2026,14:24:16.835,52.0,53.0,29.000,29.423,1757.0,1728.0,1182,5257,
24.4.2026,14:24:17.036,51.0,53.0,29.000,29.349,1757.0,1728.0,1182,5257,
24.4.2026,14:24:17.239,51.0,53.0,29.000,29.292,1756.0,1728.0,1182,5257,
24.4.2026,14:24:17.444,51.0,53.0,29.000,29.465,290.0,1728.0,1182,5257,
24.4.2026,14:24:17.649,52.0,53.0,29.000,29.383,282.0,1730.0,1182,5257,
24.4.2026,14:24:17.856,52.0,53.0,29.000,29.314,1757.0,1730.0,1182,5257,
24.4.2026,14:24:18.058,52.0,53.0,29.000,29.380,1757.0,1728.0,1182,5257,
24.4.2026,14:24:18.261,51.0,53.0,29.000,29.419,1757.0,1730.0,1182,5257,
24.4.2026,14:24:18.464,52.0,53.0,29.000,29.469,304.0,1730.0,1182,5257,
24.4.2026,14:24:18.675,52.0,53.0,28.000,29.195,284.0,1730.0,1182,5257,
24.4.2026,14:24:18.876,51.0,54.0,29.000,29.359,303.0,1730.0,1182,5257,
24.4.2026,14:24:19.081,51.0,53.0,29.000,29.260,1755.0,1730.0,1182,5257,
24.4.2026,14:24:19.286,52.0,53.0,29.000,29.271,1756.0,1730.0,1182,5257,
24.4.2026,14:24:19.504,51.0,53.0,29.000,29.192,1757.0,1728.0,1182,5257,
24.4.2026,14:24:19.709,52.0,53.0,29.000,29.331,1757.0,1730.0,1182,5257,
24.4.2026,14:24:19.939,52.0,53.0,28.000,29.311,1707.0,1730.0,1182,5257,
24.4.2026,14:24:20.121,51.0,53.0,28.000,28.994,268.0,1730.0,1182,5257,
24.4.2026,14:24:20.328,52.0,53.0,29.000,29.244,294.0,1728.0,1182,5257,
24.4.2026,14:24:20.532,51.0,53.0,29.000,29.402,1753.0,1730.0,1182,5257,
24.4.2026,14:24:20.724,52.0,53.0,29.000,29.168,1756.0,1728.0,1182,5257,
24.4.2026,14:24:20.931,52.0,53.0,29.000,29.290,1756.0,1730.0,1182,5257,
24.4.2026,14:24:21.135,51.0,53.0,29.000,29.220,1757.0,1730.0,1182,5257,
24.4.2026,14:24:21.345,52.0,53.0,28.000,29.228,270.0,1730.0,1182,5257,
24.4.2026,14:24:21.545,52.0,53.0,29.000,29.302,295.0,1730.0,1182,5257,
24.4.2026,14:24:21.751,51.0,53.0,29.000,29.438,1755.0,1730.0,1182,5257,
24.4.2026,14:24:21.959,51.0,53.0,29.000,29.207,1757.0,1728.0,1182,5257,
24.4.2026,14:24:22.176,51.0,53.0,29.000,29.103,1757.0,1728.0,1182,5257,
24.4.2026,14:24:22.380,52.0,53.0,29.000,29.371,1757.0,1728.0,1182,5257,
24.4.2026,14:24:22.586,51.0,53.0,29.000,29.286,1723.0,1730.0,1182,5257,
24.4.2026,14:24:22.794,51.0,53.0,29.000,29.326,1751.0,1728.0,1182,5257,
24.4.2026,14:24:22.996,51.0,53.0,29.000,29.315,1756.0,1728.0,1182,5257,
24.4.2026,14:24:23.203,51.0,53.0,28.000,29.230,303.0,1730.0,1182,5257,
24.4.2026,14:24:23.407,51.0,53.0,28.000,28.922,300.0,1730.0,1182,5257,
24.4.2026,14:24:23.611,52.0,53.0,28.000,28.850,294.0,1730.0,1182,5257,
24.4.2026,14:24:23.817,52.0,53.0,28.000,28.874,299.0,1728.0,1182,5257,
24.4.2026,14:24:24.024,52.0,53.0,29.000,28.895,298.0,1730.0,1182,5257,
24.4.2026,14:24:24.230,52.0,53.0,28.000,28.693,300.0,1728.0,1182,5257,
24.4.2026,14:24:24.442,51.0,53.0,29.000,28.751,1752.0,1730.0,1182,5257,
24.4.2026,14:24:24.649,51.0,54.0,29.000,28.918,1757.0,1728.0,1182,5257,
24.4.2026,14:24:24.854,52.0,53.0,29.000,28.853,1756.0,1730.0,1182,5257,
24.4.2026,14:24:25.059,51.0,53.0,29.000,28.954,1757.0,1730.0,1182,5257,
24.4.2026,14:24:25.266,51.0,53.0,28.000,28.876,1757.0,1730.0,1182,5257,
24.4.2026,14:24:25.498,51.0,53.0,28.000,28.922,266.0,1730.0,1182,5257,
24.4.2026,14:24:25.673,52.0,53.0,28.000,28.951,1757.0,1730.0,1182,5257,
24.4.2026,14:24:25.866,52.0,53.0,29.000,29.266,1757.0,1730.0,1182,5257,
24.4.2026,14:24:26.067,52.0,54.0,29.000,29.518,1756.0,1728.0,1182,5257,
24.4.2026,14:24:26.271,52.0,53.0,29.000,29.588,1756.0,1730.0,1182,5257,
24.4.2026,14:24:26.475,52.0,53.0,29.000,29.291,1757.0,1728.0,1182,5257,
24.4.2026,14:24:26.682,51.0,53.0,29.000,29.300,1757.0,1730.0,1182,5257,
24.4.2026,14:24:26.890,52.0,53.0,29.000,29.435,1757.0,1728.0,1182,5257,
24.4.2026,14:24:27.097,52.0,53.0,29.000,29.146,1757.0,1730.0,1182,5257,
24.4.2026,14:24:27.305,52.0,53.0,29.000,29.205,1757.0,1728.0,1182,5257,
24.4.2026,14:24:27.510,52.0,53.0,28.000,29.037,305.0,1730.0,1182,5257,
24.4.2026,14:24:27.710,52.0,53.0,28.000,28.767,295.0,1730.0,1182,5257,
24.4.2026,14:24:27.913,51.0,53.0,28.000,28.841,278.0,1730.0,1182,5257,
24.4.2026,14:24:28.115,51.0,53.0,29.000,28.942,1756.0,1730.0,1182,5257,
24.4.2026,14:24:28.319,51.0,53.0,28.000,28.800,292.0,1730.0,1182,5257,
24.4.2026,14:24:28.528,52.0,53.0,29.000,28.972,1757.0,1730.0,1182,5257,
24.4.2026,14:24:28.729,52.0,53.0,28.000,28.896,281.0,1730.0,1182,5257,
24.4.2026,14:24:28.936,51.0,53.0,28.000,28.768,1757.0,1730.0,1182,5257,
24.4.2026,14:24:29.140,51.0,53.0,29.000,28.956,1757.0,1730.0,1182,5257,
24.4.2026,14:24:29.343,52.0,53.0,28.000,28.979,1700.0,1728.0,1182,5257,
24.4.2026,14:24:29.547,52.0,53.0,28.000,29.090,267.0,1730.0,1182,5257,
24.4.2026,14:24:29.751,52.0,53.0,28.000,28.935,299.0,1730.0,1182,5257,
24.4.2026,14:24:29.945,52.0,53.0,28.000,28.935,299.0,1730.0,1182,5257,
24.4.2026,14:24:30.146,52.0,54.0,29.000,28.772,1757.0,1730.0,1182,5257,
24.4.2026,14:24:30.352,51.0,53.0,29.000,29.099,1756.0,1730.0,1182,5257,
24.4.2026,14:24:30.556,52.0,53.0,29.000,29.019,1756.0,1730.0,1182,5257,
24.4.2026,14:24:30.755,52.0,53.0,28.000,28.989,299.0,1728.0,1182,5257,
24.4.2026,14:24:30.961,52.0,53.0,28.000,29.126,274.0,1730.0,1182,5257,
24.4.2026,14:24:31.167,52.0,53.0,29.000,28.890,1743.0,1730.0,1182,5257,
24.4.2026,14:24:31.372,51.0,53.0,29.000,29.048,1754.0,1728.0,1182,5257,
24.4.2026,14:24:31.574,52.0,53.0,28.000,29.180,1757.0,1730.0,1182,5257,
24.4.2026,14:24:31.778,52.0,53.0,29.000,29.053,1757.0,1728.0,1182,5257,
24.4.2026,14:24:31.983,52.0,53.0,29.000,29.271,296.0,1728.0,1182,5257,
24.4.2026,14:24:32.188,52.0,53.0,29.000,29.448,1730.0,1728.0,1182,5257,
24.4.2026,14:24:32.386,51.0,53.0,28.000,29.237,297.0,1730.0,1182,5257,
24.4.2026,14:24:32.592,52.0,53.0,29.000,29.357,1757.0,1730.0,1182,5257,
24.4.2026,14:24:32.797,52.0,53.0,29.000,29.258,300.0,1728.0,1182,5257,
24.4.2026,14:24:33.002,52.0,53.0,28.000,28.991,266.0,1730.0,1182,5257,
24.4.2026,14:24:33.207,52.0,53.0,28.000,28.900,279.0,1728.0,1182,5257,
24.4.2026,14:24:33.395,52.0,53.0,28.000,29.024,244.0,1730.0,1182,5257,
24.4.2026,14:24:33.599,52.0,54.0,28.000,28.941,252.0,1728.0,1182,5257,
24.4.2026,14:24:33.806,52.0,54.0,29.000,28.984,1756.0,1730.0,1182,5257,
24.4.2026,14:24:34.008,52.0,53.0,28.000,28.894,270.0,1730.0,1182,5257,
24.4.2026,14:24:34.212,52.0,53.0,29.000,29.043,1757.0,1730.0,1182,5257,
24.4.2026,14:24:34.414,51.0,53.0,29.000,29.162,1714.0,1730.0,1182,5257,
24.4.2026,14:24:34.621,52.0,53.0,28.000,29.219,296.0,1730.0,1182,5257,
24.4.2026,14:24:34.827,51.0,53.0,29.000,29.033,1755.0,1730.0,1182,5257,
24.4.2026,14:24:35.036,52.0,53.0,29.000,28.947,1756.0,1730.0,1182,5257,
24.4.2026,14:24:35.252,51.0,53.0,28.000,29.157,300.0,1728.0,1182,5257,
24.4.2026,14:24:35.445,52.0,54.0,29.000,29.073,304.0,1730.0,1182,5257,
24.4.2026,14:24:35.646,52.0,53.0,29.000,29.226,285.0,1728.0,1182,5257,
24.4.2026,14:24:35.851,51.0,54.0,29.000,29.117,1741.0,1730.0,1182,5257,
24.4.2026,14:24:36.054,52.0,53.0,29.000,29.111,1753.0,1730.0,1182,5257,
24.4.2026,14:24:36.261,52.0,53.0,29.000,29.031,1756.0,1730.0,1182,5257,
24.4.2026,14:24:36.464,51.0,53.0,29.000,29.004,1756.0,1728.0,1182,5257,
24.4.2026,14:24:36.665,52.0,53.0,29.000,29.018,1756.0,1730.0,1182,5257,
24.4.2026,14:24:36.871,52.0,53.0,29.000,29.054,1757.0,1730.0,1182,5257,
24.4.2026,14:24:37.073,52.0,53.0,28.000,29.246,1689.0,1728.0,1182,5257,
24.4.2026,14:24:37.277,52.0,53.0,29.000,29.134,1745.0,1728.0,1182,5257,
24.4.2026,14:24:37.484,52.0,53.0,29.000,29.272,1753.0,1728.0,1182,5257,
24.4.2026,14:24:37.690,51.0,53.0,29.000,29.235,1756.0,1728.0,1182,5257,
24.4.2026,14:24:37.890,51.0,53.0,29.000,29.257,1757.0,1730.0,1182,5257,
24.4.2026,14:24:38.094,52.0,53.0,29.000,29.054,1757.0,1728.0,1182,5257,
24.4.2026,14:24:38.298,52.0,53.0,29.000,29.354,1757.0,1730.0,1182,5257,
24.4.2026,14:24:38.501,51.0,54.0,29.000,29.687,1756.0,1730.0,1182,5257,
24.4.2026,14:24:38.708,52.0,54.0,30.000,29.810,1756.0,1730.0,1182,5257,
24.4.2026,14:24:38.911,52.0,53.0,29.000,29.811,1756.0,1730.0,1182,5257,
24.4.2026,14:24:39.118,52.0,53.0,29.000,29.638,1756.0,1728.0,1182,5257,
24.4.2026,14:24:39.328,51.0,54.0,29.000,29.845,1757.0,1728.0,1182,5257,
24.4.2026,14:24:39.529,52.0,53.0,30.000,29.940,1756.0,1730.0,1182,5257,
24.4.2026,14:24:39.731,51.0,53.0,29.000,29.576,1756.0,1730.0,1182,5257,
24.4.2026,14:24:39.934,52.0,53.0,29.000,29.073,1735.0,1730.0,1182,5257,
24.4.2026,14:24:40.136,52.0,53.0,29.000,29.084,1757.0,1730.0,1182,5257,
24.4.2026,14:24:40.342,51.0,54.0,29.000,29.036,1754.0,1728.0,1182,5257,
24.4.2026,14:24:40.546,52.0,53.0,29.000,29.032,1757.0,1728.0,1182,5257,
24.4.2026,14:24:40.753,52.0,53.0,29.000,28.837,1756.0,1730.0,1182,5257,
24.4.2026,14:24:40.955,52.0,53.0,28.000,28.906,269.0,1728.0,1182,5257,
24.4.2026,14:24:41.148,52.0,53.0,29.000,28.862,1757.0,1730.0,1182,5257,
24.4.2026,14:24:41.355,52.0,53.0,29.000,29.265,1756.0,1730.0,1182,5257,
24.4.2026,14:24:41.557,51.0,53.0,28.000,29.132,283.0,1730.0,1182,5257,
24.4.2026,14:24:41.765,52.0,53.0,29.000,29.184,280.0,1730.0,1182,5257,
24.4.2026,14:24:41.971,52.0,53.0,29.000,29.257,268.0,1730.0,1182,5257,
24.4.2026,14:24:42.173,52.0,53.0,28.000,29.438,236.0,1730.0,1182,5257,
24.4.2026,14:24:42.379,52.0,53.0,29.000,29.199,1747.0,1730.0,1182,5257,
24.4.2026,14:24:42.582,51.0,53.0,29.000,29.340,1755.0,1730.0,1182,5257,
24.4.2026,14:24:42.770,51.0,53.0,29.000,29.583,289.0,1730.0,1182,5257,
24.4.2026,14:24:42.979,52.0,53.0,29.000,29.006,292.0,1730.0,1182,5257,
24.4.2026,14:24:43.181,52.0,53.0,29.000,28.936,307.0,1730.0,1182,5257,
24.4.2026,14:24:43.387,51.0,53.0,29.000,28.973,295.0,1730.0,1182,5257,
24.4.2026,14:24:43.587,51.0,54.0,29.000,29.218,284.0,1730.0,1182,5257,
24.4.2026,14:24:43.794,52.0,54.0,29.000,29.054,284.0,1730.0,1182,5257,
24.4.2026,14:24:43.995,52.0,53.0,29.000,29.280,1757.0,1730.0,1182,5257,
24.4.2026,14:24:44.199,51.0,53.0,29.000,29.339,293.0,1730.0,1182,5257,
24.4.2026,14:24:44.402,52.0,54.0,29.000,29.519,294.0,1730.0,1182,5257,
24.4.2026,14:24:44.606,52.0,54.0,29.000,29.430,293.0,1730.0,1182,5257,
24.4.2026,14:24:44.813,52.0,53.0,29.000,29.467,1753.0,1730.0,1182,5257,
24.4.2026,14:24:45.005,52.0,53.0,29.000,29.689,298.0,1728.0,1182,5257,
24.4.2026,14:24:45.210,52.0,53.0,29.000,29.379,1757.0,1730.0,1182,5257,
24.4.2026,14:24:45.413,52.0,53.0,29.000,29.218,1757.0,1730.0,1182,5257,
24.4.2026,14:24:45.617,51.0,54.0,29.000,29.652,1756.0,1730.0,1182,5257,
24.4.2026,14:24:45.822,52.0,53.0,29.000,29.587,1748.0,1730.0,1182,5257,
24.4.2026,14:24:46.027,52.0,54.0,30.000,29.367,1755.0,1730.0,1182,5257,
24.4.2026,14:24:46.234,52.0,54.0,29.000,29.375,1757.0,1728.0,1182,5257,
24.4.2026,14:24:46.440,52.0,54.0,29.000,29.250,1757.0,1730.0,1182,5257,
24.4.2026,14:24:46.631,52.0,54.0,29.000,29.353,1756.0,1730.0,1182,5257,
24.4.2026,14:24:46.848,51.0,53.0,29.000,29.278,1757.0,1730.0,1182,5257,
24.4.2026,14:24:47.051,51.0,53.0,28.000,29.181,274.0,1730.0,1182,5257,
24.4.2026,14:24:47.260,52.0,54.0,29.000,29.215,1744.0,1728.0,1182,5257,
24.4.2026,14:24:47.462,52.0,54.0,28.000,29.225,1757.0,1728.0,1182,5257,
24.4.2026,14:24:47.666,52.0,54.0,28.000,28.883,305.0,1730.0,1182,5257,
24.4.2026,14:24:47.871,52.0,53.0,28.000,28.883,1757.0,1730.0,1182,5257,
24.4.2026,14:24:48.075,52.0,53.0,29.000,28.851,306.0,1730.0,1182,5257,
24.4.2026,14:24:48.279,52.0,54.0,28.000,29.000,281.0,1728.0,1182,5257,
24.4.2026,14:24:48.478,52.0,53.0,29.000,28.965,1738.0,1730.0,1182,5257,
24.4.2026,14:24:48.677,51.0,54.0,29.000,29.050,307.0,1730.0,1182,5257,
24.4.2026,14:24:48.886,52.0,54.0,28.000,28.950,1756.0,1730.0,1182,5257,
24.4.2026,14:24:49.085,51.0,53.0,29.000,28.964,1756.0,1730.0,1182,5257,
24.4.2026,14:24:49.288,51.0,53.0,29.000,29.192,1756.0,1730.0,1182,5257,
24.4.2026,14:24:49.494,52.0,54.0,28.000,29.062,1721.0,1728.0,1182,5257,
24.4.2026,14:24:49.694,52.0,53.0,28.000,28.955,274.0,1730.0,1182,5257,
24.4.2026,14:24:49.903,52.0,53.0,28.000,28.980,289.0,1730.0,1182,5257,
24.4.2026,14:24:50.105,52.0,54.0,29.000,29.138,1756.0,1728.0,1182,5257,
24.4.2026,14:24:50.310,52.0,53.0,29.000,29.217,1757.0,1730.0,1182,5257,
24.4.2026,14:24:50.517,52.0,54.0,29.000,29.647,1756.0,1730.0,1182,5257,
24.4.2026,14:24:50.720,52.0,54.0,29.000,29.624,1756.0,1728.0,1182,5257,
24.4.2026,14:24:50.912,52.0,54.0,29.000,29.571,1756.0,1730.0,1182,5257,
24.4.2026,14:24:51.117,52.0,54.0,29.000,29.612,1756.0,1728.0,1182,5257,
24.4.2026,14:24:51.317,52.0,54.0,29.000,29.685,1757.0,1730.0,1182,5257,
24.4.2026,14:24:51.525,52.0,54.0,30.000,29.778,1756.0,1730.0,1182,5257,
24.4.2026,14:24:51.724,52.0,54.0,29.000,29.857,1756.0,1728.0,1182,5257,
24.4.2026,14:24:51.929,52.0,54.0,29.000,29.246,1757.0,1728.0,1182,5257,
24.4.2026,14:24:52.137,52.0,54.0,29.000,29.377,1756.0,1730.0,1182,5257,
24.4.2026,14:24:52.339,52.0,54.0,29.000,29.223,1757.0,1730.0,1182,5257,
24.4.2026,14:24:52.542,52.0,54.0,29.000,29.138,290.0,1730.0,1182,5257,
24.4.2026,14:24:52.749,52.0,54.0,28.000,29.412,247.0,1728.0,1182,5257,
24.4.2026,14:24:52.956,52.0,54.0,29.000,29.075,288.0,1730.0,1182,5257,
24.4.2026,14:24:53.148,52.0,53.0,29.000,29.265,1756.0,1730.0,1182,5257,
24.4.2026,14:24:53.351,52.0,54.0,29.000,29.382,1757.0,1730.0,1182,5257,
24.4.2026,14:24:53.559,52.0,54.0,28.000,29.291,292.0,1730.0,1182,5257,
24.4.2026,14:24:53.764,52.0,54.0,28.000,29.073,292.0,1730.0,1182,5257,
24.4.2026,14:24:53.966,52.0,54.0,29.000,28.942,1756.0,1730.0,1182,5257,
24.4.2026,14:24:54.171,52.0,53.0,29.000,29.112,1715.0,1728.0,1182,5257,
24.4.2026,14:24:54.375,52.0,53.0,28.000,28.978,237.0,1730.0,1182,5257,
24.4.2026,14:24:54.578,52.0,54.0,28.000,28.997,258.0,1728.0,1182,5257,
24.4.2026,14:24:54.785,52.0,54.0,29.000,28.894,1754.0,1728.0,1182,5257,
24.4.2026,14:24:54.987,52.0,54.0,29.000,29.074,279.0,1728.0,1182,5257,
24.4.2026,14:24:55.192,52.0,53.0,28.000,29.072,281.0,1730.0,1182,5257,
24.4.2026,14:24:55.395,52.0,54.0,29.000,29.205,294.0,1730.0,1182,5257,
24.4.2026,14:24:55.610,52.0,54.0,29.000,29.294,1757.0,1728.0,1182,5257,
24.4.2026,14:24:55.807,52.0,53.0,29.000,29.521,1756.0,1730.0,1182,5257,
24.4.2026,14:24:56.013,52.0,54.0,29.000,29.325,1706.0,1728.0,1182,5257,
24.4.2026,14:24:56.223,52.0,54.0,29.000,29.229,299.0,1730.0,1182,5257,
24.4.2026,14:24:56.420,52.0,53.0,29.000,29.418,1749.0,1730.0,1182,5257,
24.4.2026,14:24:56.628,52.0,54.0,29.000,29.339,1755.0,1728.0,1182,5257,
24.4.2026,14:24:56.818,52.0,54.0,29.000,29.185,1756.0,1728.0,1182,5257,
24.4.2026,14:24:57.024,52.0,54.0,29.000,29.392,1756.0,1730.0,1182,5257,
24.4.2026,14:24:57.227,52.0,54.0,29.000,29.340,1756.0,1728.0,1182,5257,
24.4.2026,14:24:57.431,52.0,53.0,29.000,29.236,295.0,1730.0,1182,5257,
24.4.2026,14:24:57.636,52.0,54.0,29.000,29.346,253.0,1730.0,1182,5257,
24.4.2026,14:24:57.845,52.0,54.0,29.000,29.327,277.0,1730.0,1182,5257,
24.4.2026,14:24:58.048,52.0,53.0,29.000,29.233,1757.0,1730.0,1182,5257,
24.4.2026,14:24:58.251,52.0,54.0,29.000,29.125,1755.0,1728.0,1182,5257,
24.4.2026,14:24:58.455,52.0,54.0,29.000,29.044,296.0,1730.0,1182,5257,
24.4.2026,14:24:58.658,52.0,53.0,28.000,29.145,279.0,1730.0,1182,5257,
24.4.2026,14:24:58.852,52.0,54.0,28.000,28.891,282.0,1728.0,1182,5257,
24.4.2026,14:24:59.054,53.0,54.0,28.000,29.254,282.0,1728.0,1182,5257,
24.4.2026,14:24:59.261,52.0,53.0,29.000,29.399,1756.0,1728.0,1182,5257,
24.4.2026,14:24:59.468,52.0,54.0,29.000,29.334,283.0,1728.0,1182,5257,
24.4.2026,14:24:59.676,51.0,54.0,29.000,29.274,296.0,1730.0,1182,5257,
24.4.2026,14:24:59.871,52.0,54.0,29.000,29.294,1756.0,1728.0,1182,5257,
24.4.2026,14:25:0.072,52.0,54.0,29.000,29.267,299.0,1728.0,1182,5257,
24.4.2026,14:25:0.278,52.0,54.0,28.000,29.307,289.0,1730.0,1182,5257,
24.4.2026,14:25:0.481,53.0,54.0,28.000,29.232,286.0,1728.0,1182,5257,
24.4.2026,14:25:0.685,52.0,54.0,29.000,29.216,292.0,1728.0,1182,5257,
24.4.2026,14:25:0.890,52.0,54.0,29.000,29.181,1719.0,1730.0,1182,5257,
24.4.2026,14:25:1.091,52.0,53.0,28.000,29.336,256.0,1728.0,1182,5257,
24.4.2026,14:25:1.298,52.0,54.0,28.000,29.085,302.0,1730.0,1182,5257,
24.4.2026,14:25:1.501,52.0,53.0,29.000,29.141,1757.0,1728.0,1182,5257,
24.4.2026,14:25:1.706,52.0,53.0,28.000,29.161,297.0,1730.0,1182,5257,
24.4.2026,14:25:1.903,52.0,53.0,28.000,29.161,297.0,1730.0,1182,5257,
24.4.2026,14:25:2.101,53.0,54.0,29.000,29.019,303.0,1730.0,1182,5257,
24.4.2026,14:25:2.306,53.0,54.0,29.000,29.242,1713.0,1728.0,1182,5257,
24.4.2026,14:25:2.507,52.0,54.0,29.000,29.259,304.0,1728.0,1182,5257,
24.4.2026,14:25:2.711,52.0,53.0,29.000,29.625,1757.0,1730.0,1182,5257,
24.4.2026,14:25:2.921,52.0,54.0,29.000,30.023,1757.0,1730.0,1182,5257,
24.4.2026,14:25:3.127,52.0,54.0,29.000,29.555,1756.0,1730.0,1182,5257,
24.4.2026,14:25:3.329,52.0,53.0,29.000,29.680,1756.0,1730.0,1182,5257,
24.4.2026,14:25:3.519,52.0,54.0,29.000,29.809,1756.0,1730.0,1182,5257,
24.4.2026,14:25:3.734,52.0,54.0,29.000,29.694,1757.0,1730.0,1182,5257,
24.4.2026,14:25:3.938,52.0,54.0,29.000,29.770,1757.0,1730.0,1182,5257,
24.4.2026,14:25:4.145,52.0,54.0,29.000,29.663,289.0,1730.0,1182,5257,
24.4.2026,14:25:4.351,52.0,54.0,29.000,29.321,309.0,1728.0,1182,5257,
24.4.2026,14:25:4.554,52.0,54.0,29.000,29.198,1756.0,1728.0,1182,5257,
24.4.2026,14:25:4.760,52.0,54.0,28.000,29.342,268.0,1730.0,1182,5257,
24.4.2026,14:25:4.964,52.0,54.0,28.000,29.163,295.0,1730.0,1182,5257,
24.4.2026,14:25:5.167,52.0,54.0,28.000,29.269,283.0,1728.0,1182,5257,
24.4.2026,14:25:5.373,52.0,54.0,29.000,29.220,1732.0,1730.0,1182,5257,
24.4.2026,14:25:5.572,52.0,54.0,28.000,29.323,251.0,1728.0,1182,5257,
24.4.2026,14:25:5.777,52.0,54.0,29.000,29.252,1756.0,1730.0,1182,5257,
24.4.2026,14:25:5.983,52.0,54.0,29.000,29.320,1757.0,1730.0,1182,5257,
24.4.2026,14:25:6.184,52.0,54.0,29.000,29.505,294.0,1728.0,1182,5257,
24.4.2026,14:25:6.383,52.0,54.0,29.000,29.483,1757.0,1730.0,1182,5257,
24.4.2026,14:25:6.584,52.0,54.0,29.000,29.393,1746.0,1730.0,1182,5257,
24.4.2026,14:25:6.789,52.0,54.0,29.000,29.489,278.0,1730.0,1182,5257,
24.4.2026,14:25:6.995,52.0,53.0,29.000,29.377,295.0,1730.0,1182,5257,
24.4.2026,14:25:7.204,53.0,54.0,29.000,29.217,1757.0,1730.0,1182,5257,
24.4.2026,14:25:7.408,52.0,53.0,29.000,29.251,286.0,1730.0,1182,5257,
24.4.2026,14:25:7.599,52.0,53.0,29.000,29.282,292.0,1728.0,1182,5257,
24.4.2026,14:25:7.807,52.0,54.0,28.000,29.255,251.0,1728.0,1182,5257,
24.4.2026,14:25:8.013,52.0,53.0,30.000,28.958,1755.0,1728.0,1182,5257,
24.4.2026,14:25:8.217,52.0,54.0,29.000,29.464,1756.0,1730.0,1182,5257,
24.4.2026,14:25:8.421,52.0,54.0,29.000,29.464,1756.0,1730.0,1182,5257,
24.4.2026,14:25:8.623,52.0,54.0,29.000,29.108,1757.0,1730.0,1182,5257,
24.4.2026,14:25:8.829,52.0,54.0,29.000,29.215,1735.0,1728.0,1182,5257,
24.4.2026,14:25:9.035,52.0,54.0,29.000,29.187,1754.0,1730.0,1182,5257,
24.4.2026,14:25:9.232,52.0,54.0,29.000,29.153,1756.0,1728.0,1182,5257,
24.4.2026,14:25:9.433,52.0,54.0,29.000,29.088,276.0,1730.0,1182,5257,
24.4.2026,14:25:9.641,52.0,54.0,29.000,29.279,1756.0,1730.0,1182,5257,
24.4.2026,14:25:9.843,52.0,54.0,29.000,29.481,1756.0,1728.0,1182,5257,
24.4.2026,14:25:10.049,52.0,54.0,29.000,29.305,271.0,1730.0,1182,5257,
24.4.2026,14:25:10.252,52.0,54.0,29.000,29.483,272.0,1728.0,1182,5257,
24.4.2026,14:25:10.443,52.0,54.0,28.000,29.483,274.0,1730.0,1182,5257,
24.4.2026,14:25:10.646,52.0,54.0,28.000,29.376,241.0,1730.0,1182,5257,
24.4.2026,14:25:10.860,52.0,54.0,29.000,28.986,1744.0,1730.0,1182,5257,
24.4.2026,14:25:11.065,52.0,53.0,28.000,28.923,284.0,1728.0,1182,5257,
24.4.2026,14:25:11.266,52.0,53.0,29.000,29.276,1754.0,1730.0,1182,5257,
24.4.2026,14:25:11.471,52.0,54.0,29.000,29.136,1753.0,1728.0,1182,5257,
24.4.2026,14:25:11.676,52.0,54.0,29.000,29.183,288.0,1728.0,1182,5257,
24.4.2026,14:25:11.864,52.0,54.0,29.000,29.153,269.0,1730.0,1182,5257,
24.4.2026,14:25:12.068,52.0,54.0,28.000,29.015,276.0,1730.0,1182,5257,
24.4.2026,14:25:12.276,52.0,54.0,29.000,29.207,294.0,1730.0,1182,5257,
24.4.2026,14:25:12.479,52.0,54.0,29.000,29.435,1757.0,1728.0,1182,5257,
24.4.2026,14:25:12.684,52.0,54.0,29.000,29.325,299.0,1730.0,1182,5257,
24.4.2026,14:25:12.891,52.0,53.0,28.000,29.090,259.0,1728.0,1182,5257,
24.4.2026,14:25:13.096,52.0,53.0,29.000,29.523,301.0,1730.0,1182,5257,
24.4.2026,14:25:13.300,52.0,54.0,29.000,29.400,1756.0,1728.0,1182,5257,
24.4.2026,14:25:13.518,52.0,54.0,29.000,29.251,280.0,1730.0,1182,5257,
24.4.2026,14:25:13.720,52.0,54.0,28.000,29.415,282.0,1730.0,1182,5257,
24.4.2026,14:25:13.920,52.0,54.0,29.000,29.369,1757.0,1730.0,1182,5257,
24.4.2026,14:25:14.121,52.0,54.0,29.000,29.228,1747.0,1730.0,1182,5257,
24.4.2026,14:25:14.323,53.0,54.0,29.000,28.962,1754.0,1728.0,1182,5257,
24.4.2026,14:25:14.527,52.0,54.0,29.000,29.190,1756.0,1728.0,1182,5257,
24.4.2026,14:25:14.734,52.0,54.0,29.000,29.336,1756.0,1728.0,1182,5257,
24.4.2026,14:25:14.933,52.0,54.0,29.000,29.752,1757.0,1730.0,1182,5257,
24.4.2026,14:25:15.133,52.0,54.0,29.000,29.766,1756.0,1728.0,1182,5257,
24.4.2026,14:25:15.338,52.0,54.0,29.000,29.695,1757.0,1728.0,1182,5257,
24.4.2026,14:25:15.544,53.0,54.0,29.000,29.741,1757.0,1730.0,1182,5257,
24.4.2026,14:25:15.750,52.0,54.0,29.000,29.651,1756.0,1730.0,1182,5257,
24.4.2026,14:25:15.951,52.0,54.0,29.000,29.775,1757.0,1730.0,1182,5257,
24.4.2026,14:25:16.157,52.0,54.0,29.000,29.898,1757.0,1730.0,1182,5257,
24.4.2026,14:25:16.359,52.0,54.0,29.000,29.439,1756.0,1730.0,1182,5257,
24.4.2026,14:25:16.566,52.0,54.0,29.000,29.469,1756.0,1730.0,1182,5257,
24.4.2026,14:25:16.769,53.0,54.0,28.000,29.262,280.0,1730.0,1182,5257,
24.4.2026,14:25:16.974,52.0,54.0,29.000,29.046,1742.0,1730.0,1182,5257,
24.4.2026,14:25:17.178,53.0,54.0,29.000,29.201,252.0,1730.0,1182,5257,
24.4.2026,14:25:17.385,52.0,54.0,28.000,29.207,267.0,1730.0,1182,5257,
24.4.2026,14:25:17.586,52.0,54.0,28.000,28.537,237.0,1730.0,1182,5257,
24.4.2026,14:25:17.791,52.0,54.0,29.000,28.616,1756.0,1728.0,1182,5257,
24.4.2026,14:25:17.994,52.0,54.0,28.000,28.894,262.0,1730.0,1182,5257,
24.4.2026,14:25:18.196,52.0,54.0,29.000,28.997,1757.0,1728.0,1182,5257,
24.4.2026,14:25:18.398,53.0,53.0,28.000,29.161,288.0,1728.0,1182,5257,
24.4.2026,14:25:18.601,52.0,54.0,29.000,29.212,293.0,1730.0,1182,5257,
24.4.2026,14:25:18.809,52.0,54.0,29.000,29.165,1756.0,1730.0,1182,5257,
24.4.2026,14:25:19.012,52.0,54.0,29.000,29.121,1756.0,1730.0,1182,5257,
24.4.2026,14:25:19.215,52.0,54.0,29.000,29.187,1756.0,1728.0,1182,5257,
24.4.2026,14:25:19.418,52.0,54.0,29.000,29.001,1757.0,1730.0,1182,5257,
24.4.2026,14:25:19.627,52.0,54.0,28.000,29.046,1756.0,1730.0,1182,5257,
24.4.2026,14:25:19.832,52.0,54.0,29.000,29.121,300.0,1730.0,1182,5257,
24.4.2026,14:25:20.037,52.0,54.0,29.000,29.195,1754.0,1728.0,1182,5257,
24.4.2026,14:25:20.237,52.0,54.0,29.000,29.355,1757.0,1730.0,1182,5257,
24.4.2026,14:25:20.428,52.0,54.0,30.000,29.762,1756.0,1730.0,1182,5257,
24.4.2026,14:25:20.639,52.0,54.0,29.000,29.400,1756.0,1730.0,1182,5257,
24.4.2026,14:25:20.843,53.0,54.0,29.000,29.431,1742.0,1728.0,1182,5257,
24.4.2026,14:25:21.049,53.0,54.0,29.000,29.285,1753.0,1728.0,1182,5257,
24.4.2026,14:25:21.250,52.0,54.0,29.000,29.507,1757.0,1730.0,1182,5257,
24.4.2026,14:25:21.456,52.0,54.0,29.000,29.396,1757.0,1728.0,1182,5257,
24.4.2026,14:25:21.661,52.0,54.0,29.000,29.508,1756.0,1730.0,1182,5257,
24.4.2026,14:25:21.866,52.0,54.0,29.000,29.258,298.0,1728.0,1182,5257,
24.4.2026,14:25:22.072,52.0,54.0,29.000,29.277,281.0,1730.0,1182,5257,
24.4.2026,14:25:22.279,52.0,54.0,29.000,29.464,1751.0,1730.0,1182,5257,
24.4.2026,14:25:22.487,52.0,54.0,29.000,29.387,1757.0,1728.0,1182,5257,
24.4.2026,14:25:22.677,52.0,54.0,28.000,29.102,291.0,1730.0,1182,5257,
24.4.2026,14:25:22.881,52.0,54.0,29.000,28.908,1756.0,1730.0,1182,5257,
24.4.2026,14:25:23.085,52.0,54.0,29.000,29.341,1757.0,1728.0,1182,5257,
24.4.2026,14:25:23.289,52.0,54.0,29.000,29.367,1756.0,1730.0,1182,5257,
24.4.2026,14:25:23.492,53.0,54.0,29.000,29.629,279.0,1730.0,1182,5257,
24.4.2026,14:25:23.695,52.0,54.0,28.000,29.496,266.0,1730.0,1182,5257,
24.4.2026,14:25:23.903,52.0,54.0,29.000,29.412,1757.0,1728.0,1182,5257,
24.4.2026,14:25:24.110,53.0,54.0,29.000,29.238,1757.0,1728.0,1182,5257,
24.4.2026,14:25:24.313,53.0,54.0,29.000,29.236,1756.0,1730.0,1182,5257,
24.4.2026,14:25:24.514,52.0,54.0,29.000,29.181,307.0,1730.0,1182,5257,
24.4.2026,14:25:24.723,52.0,54.0,28.000,29.141,271.0,1730.0,1182,5257,
24.4.2026,14:25:24.939,52.0,54.0,28.000,29.171,247.0,1730.0,1182,5257,
24.4.2026,14:25:25.142,52.0,54.0,29.000,29.152,1737.0,1730.0,1182,5257,
24.4.2026,14:25:25.343,53.0,54.0,29.000,29.156,284.0,1728.0,1182,5257,
24.4.2026,14:25:25.545,52.0,54.0,28.000,29.049,290.0,1730.0,1182,5257,
24.4.2026,14:25:25.747,53.0,54.0,28.000,29.106,255.0,1728.0,1182,5257,
24.4.2026,14:25:25.950,52.0,54.0,29.000,28.905,291.0,1730.0,1182,5257,
24.4.2026,14:25:26.155,52.0,54.0,29.000,29.208,300.0,1730.0,1182,5257,
24.4.2026,14:25:26.360,53.0,54.0,29.000,29.025,1756.0,1728.0,1182,5257,
24.4.2026,14:25:26.551,52.0,54.0,28.000,29.343,306.0,1730.0,1182,5257,
24.4.2026,14:25:26.753,53.0,54.0,28.000,29.076,303.0,1730.0,1182,5257,
24.4.2026,14:25:26.969,52.0,54.0,29.000,29.092,1757.0,1730.0,1182,5257,
24.4.2026,14:25:27.169,52.0,54.0,29.000,29.737,1757.0,1730.0,1182,5257,
24.4.2026,14:25:27.373,52.0,54.0,29.000,29.856,1757.0,1730.0,1182,5257,
24.4.2026,14:25:27.574,53.0,54.0,29.000,29.708,1757.0,1730.0,1182,5257,
24.4.2026,14:25:27.781,52.0,54.0,29.000,29.547,1757.0,1730.0,1182,5257,
24.4.2026,14:25:27.989,52.0,54.0,29.000,29.537,1756.0,1728.0,1182,5257,
24.4.2026,14:25:28.196,52.0,54.0,29.000,29.597,1757.0,1730.0,1182,5257,
24.4.2026,14:25:28.403,52.0,54.0,29.000,29.788,1757.0,1728.0,1182,5257,
24.4.2026,14:25:28.607,52.0,54.0,28.000,29.037,268.0,1728.0,1182,5257,
24.4.2026,14:25:28.815,52.0,54.0,28.000,28.984,282.0,1728.0,1182,5257,
24.4.2026,14:25:29.015,52.0,54.0,29.000,29.172,298.0,1730.0,1182,5257,
24.4.2026,14:25:29.220,52.0,54.0,29.000,29.383,287.0,1730.0,1182,5257,
24.4.2026,14:25:29.421,52.0,53.0,29.000,29.203,278.0,1730.0,1182,5257,
24.4.2026,14:25:29.623,52.0,54.0,29.000,29.144,1749.0,1728.0,1182,5257,
24.4.2026,14:25:29.828,52.0,54.0,29.000,29.299,1756.0,1730.0,1182,5257,
24.4.2026,14:25:30.032,52.0,54.0,28.000,29.314,291.0,1730.0,1182,5257,
24.4.2026,14:25:30.237,53.0,54.0,29.000,29.081,1757.0,1730.0,1182,5257,
24.4.2026,14:25:30.442,52.0,54.0,29.000,29.248,284.0,1728.0,1182,5257,
24.4.2026,14:25:30.646,52.0,54.0,29.000,29.224,1757.0,1730.0,1182,5257,
24.4.2026,14:25:30.852,52.0,54.0,29.000,29.450,269.0,1730.0,1182,5257,
24.4.2026,14:25:31.056,52.0,54.0,29.000,29.463,1746.0,1730.0,1182,5257,
24.4.2026,14:25:31.259,52.0,54.0,29.000,29.555,280.0,1728.0,1182,5257,
24.4.2026,14:25:31.462,52.0,54.0,29.000,29.666,294.0,1730.0,1182,5257,
24.4.2026,14:25:31.665,52.0,54.0,29.000,29.439,1757.0,1730.0,1182,5257,
24.4.2026,14:25:31.872,52.0,54.0,29.000,29.290,1757.0,1728.0,1182,5257,
24.4.2026,14:25:32.077,52.0,54.0,29.000,29.472,302.0,1730.0,1182,5257,
24.4.2026,14:25:32.285,53.0,54.0,29.000,29.195,277.0,1730.0,1182,5257,
24.4.2026,14:25:32.478,53.0,54.0,29.000,29.252,1753.0,1728.0,1182,5257,
24.4.2026,14:25:32.678,53.0,54.0,29.000,29.176,1755.0,1730.0,1182,5257,
24.4.2026,14:25:32.883,53.0,54.0,29.000,29.400,1757.0,1730.0,1182,5257,
24.4.2026,14:25:33.088,52.0,54.0,29.000,29.357,289.0,1730.0,1182,5257,
24.4.2026,14:25:33.288,52.0,54.0,29.000,29.357,289.0,1730.0,1182,5257,
24.4.2026,14:25:33.514,53.0,54.0,29.000,29.354,1751.0,1730.0,1182,5257,
24.4.2026,14:25:33.697,53.0,54.0,29.000,29.354,1751.0,1730.0,1182,5257,
24.4.2026,14:25:33.898,52.0,54.0,29.000,29.546,293.0,1730.0,1182,5257,
24.4.2026,14:25:34.101,53.0,54.0,29.000,29.591,301.0,1730.0,1182,5257,
24.4.2026,14:25:34.306,53.0,54.0,29.000,29.387,1757.0,1730.0,1182,5257,
24.4.2026,14:25:34.512,52.0,54.0,29.000,29.309,1757.0,1728.0,1182,5257,
24.4.2026,14:25:34.718,52.0,54.0,29.000,29.611,1747.0,1730.0,1182,5257,
24.4.2026,14:25:34.923,53.0,54.0,29.000,29.581,1756.0,1728.0,1182,5257,
24.4.2026,14:25:35.124,53.0,54.0,29.000,29.377,1757.0,1728.0,1182,5257,
24.4.2026,14:25:35.357,53.0,54.0,28.000,29.188,1757.0,1728.0,1182,5257,
24.4.2026,14:25:35.532,53.0,54.0,28.000,29.188,1757.0,1728.0,1182,5257,
24.4.2026,14:25:35.738,52.0,54.0,29.000,29.364,1757.0,1730.0,1182,5257,
24.4.2026,14:25:35.930,52.0,54.0,29.000,29.500,299.0,1730.0,1182,5257,
24.4.2026,14:25:36.133,53.0,54.0,29.000,29.455,286.0,1730.0,1182,5257,
24.4.2026,14:25:36.333,53.0,54.0,29.000,29.432,298.0,1730.0,1182,5257,
24.4.2026,14:25:36.552,52.0,54.0,29.000,29.444,1757.0,1730.0,1182,5257,
24.4.2026,14:25:36.755,52.0,54.0,29.000,29.189,300.0,1728.0,1182,5257,
24.4.2026,14:25:36.961,52.0,54.0,29.000,29.291,286.0,1730.0,1182,5257,
24.4.2026,14:25:37.167,52.0,54.0,29.000,29.284,1746.0,1728.0,1182,5257,
24.4.2026,14:25:37.369,53.0,54.0,29.000,29.459,1756.0,1730.0,1182,5257,
24.4.2026,14:25:37.597,53.0,54.0,29.000,29.592,1757.0,1728.0,1182,5257,
24.4.2026,14:25:37.778,53.0,54.0,29.000,29.592,1757.0,1728.0,1182,5257,
24.4.2026,14:25:37.984,52.0,54.0,29.000,29.354,1757.0,1728.0,1182,5257,
24.4.2026,14:25:38.188,53.0,54.0,29.000,29.344,1741.0,1728.0,1182,5257,
24.4.2026,14:25:38.388,52.0,54.0,29.000,29.502,303.0,1730.0,1182,5257,
24.4.2026,14:25:38.599,53.0,54.0,29.000,29.283,1756.0,1728.0,1182,5257,
24.4.2026,14:25:38.801,53.0,54.0,29.000,29.679,1757.0,1728.0,1182,5257,
24.4.2026,14:25:39.006,52.0,54.0,29.000,29.342,298.0,1728.0,1182,5257,
24.4.2026,14:25:39.211,52.0,55.0,29.000,29.614,1758.0,1728.0,1182,5257,
24.4.2026,14:25:39.420,52.0,54.0,30.000,30.073,1757.0,1730.0,1182,5257,
24.4.2026,14:25:39.623,53.0,54.0,30.000,30.167,1757.0,1730.0,1182,5257,
24.4.2026,14:25:39.826,53.0,54.0,30.000,29.949,1757.0,1728.0,1182,5257,
24.4.2026,14:25:40.034,53.0,54.0,30.000,29.966,1757.0,1730.0,1182,5257,
24.4.2026,14:25:40.235,52.0,54.0,29.000,30.185,1757.0,1728.0,1182,5257,
24.4.2026,14:25:40.427,53.0,54.0,30.000,30.107,1757.0,1730.0,1182,5257,
24.4.2026,14:25:40.631,52.0,54.0,29.000,30.127,270.0,1730.0,1182,5257,
24.4.2026,14:25:40.834,52.0,54.0,29.000,29.458,1757.0,1730.0,1182,5257,
24.4.2026,14:25:41.036,53.0,54.0,29.000,29.368,296.0,1728.0,1182,5257,
24.4.2026,14:25:41.241,53.0,54.0,28.000,29.432,1696.0,1728.0,1182,5257,
24.4.2026,14:25:41.448,52.0,54.0,29.000,29.207,1741.0,1730.0,1182,5257,
24.4.2026,14:25:41.652,53.0,54.0,29.000,29.348,301.0,1730.0,1182,5257,
24.4.2026,14:25:41.856,53.0,54.0,29.000,29.429,1756.0,1728.0,1182,5257,
24.4.2026,14:25:42.055,53.0,54.0,29.000,29.682,1756.0,1730.0,1182,5257,
24.4.2026,14:25:42.263,53.0,54.0,29.000,29.549,287.0,1728.0,1182,5257,
24.4.2026,14:25:42.465,53.0,54.0,28.000,29.298,289.0,1730.0,1182,5257,
24.4.2026,14:25:42.671,53.0,54.0,29.000,29.038,294.0,1730.0,1182,5257,
24.4.2026,14:25:42.877,53.0,54.0,29.000,29.020,1746.0,1728.0,1182,5257,
24.4.2026,14:25:43.077,53.0,54.0,29.000,29.081,317.0,1728.0,1182,5257,
24.4.2026,14:25:43.283,52.0,54.0,29.000,29.471,1756.0,1730.0,1182,5257,
24.4.2026,14:25:43.489,53.0,54.0,29.000,29.232,281.0,1730.0,1182,5257,
24.4.2026,14:25:43.692,52.0,54.0,28.000,29.160,1757.0,1730.0,1182,5257,
24.4.2026,14:25:43.897,53.0,54.0,29.000,29.156,1756.0,1730.0,1182,5257,
24.4.2026,14:25:44.103,52.0,54.0,29.000,29.196,295.0,1730.0,1182,5257,
24.4.2026,14:25:44.301,52.0,54.0,28.000,29.372,284.0,1728.0,1182,5257,
24.4.2026,14:25:44.506,53.0,54.0,29.000,29.220,1753.0,1730.0,1182,5257,
24.4.2026,14:25:44.715,53.0,54.0,29.000,29.154,295.0,1728.0,1182,5257,
24.4.2026,14:25:44.925,52.0,54.0,29.000,29.244,1756.0,1730.0,1182,5257,
24.4.2026,14:25:45.121,53.0,54.0,29.000,29.354,255.0,1730.0,1182,5257,
24.4.2026,14:25:45.327,53.0,54.0,29.000,29.304,296.0,1730.0,1182,5257,
24.4.2026,14:25:45.528,53.0,54.0,29.000,29.313,1757.0,1730.0,1182,5257,
24.4.2026,14:25:45.736,52.0,54.0,29.000,29.623,267.0,1728.0,1182,5257,
24.4.2026,14:25:45.947,52.0,54.0,29.000,29.602,288.0,1730.0,1182,5257,
24.4.2026,14:25:46.151,53.0,54.0,29.000,29.422,1755.0,1730.0,1182,5257,
24.4.2026,14:25:46.360,53.0,54.0,29.000,29.530,1757.0,1730.0,1182,5257,
24.4.2026,14:25:46.560,53.0,54.0,30.000,29.552,1757.0,1730.0,1182,5257,
24.4.2026,14:25:46.768,52.0,54.0,29.000,29.718,276.0,1730.0,1182,5257,
24.4.2026,14:25:46.963,53.0,54.0,29.000,29.499,296.0,1728.0,1182,5257,
24.4.2026,14:25:47.165,52.0,54.0,29.000,29.531,277.0,1730.0,1182,5257,
24.4.2026,14:25:47.368,53.0,54.0,29.000,29.834,297.0,1730.0,1182,5257,
24.4.2026,14:25:47.569,53.0,54.0,29.000,29.680,1754.0,1730.0,1182,5257,
24.4.2026,14:25:47.770,52.0,54.0,29.000,29.786,1756.0,1730.0,1182,5257,
24.4.2026,14:25:47.979,53.0,54.0,29.000,29.720,1757.0,1730.0,1182,5257,
24.4.2026,14:25:48.182,53.0,54.0,29.000,29.575,1756.0,1730.0,1182,5257,
24.4.2026,14:25:48.388,53.0,55.0,29.000,29.834,277.0,1730.0,1182,5257,
24.4.2026,14:25:48.587,53.0,54.0,29.000,29.653,290.0,1730.0,1182,5257,
24.4.2026,14:25:48.794,54.0,54.0,28.000,29.588,258.0,1728.0,1182,5257,
24.4.2026,14:25:48.999,52.0,54.0,29.000,29.234,1755.0,1730.0,1182,5257,
24.4.2026,14:25:49.203,52.0,54.0,29.000,29.468,301.0,1728.0,1182,5257,
24.4.2026,14:25:49.407,53.0,54.0,30.000,29.776,1756.0,1730.0,1182,5257,
24.4.2026,14:25:49.611,52.0,54.0,29.000,29.608,295.0,1728.0,1182,5257,
24.4.2026,14:25:49.802,53.0,54.0,29.000,29.534,291.0,1730.0,1182,5257,
24.4.2026,14:25:50.009,53.0,54.0,29.000,29.377,1750.0,1730.0,1182,5257,
24.4.2026,14:25:50.213,52.0,54.0,29.000,29.538,1755.0,1728.0,1182,5257,
24.4.2026,14:25:50.416,52.0,54.0,29.000,29.604,1756.0,1728.0,1182,5257,
24.4.2026,14:25:50.619,52.0,54.0,29.000,29.292,1756.0,1730.0,1182,5257,
24.4.2026,14:25:50.824,52.0,54.0,29.000,29.270,1757.0,1728.0,1182,5257,
24.4.2026,14:25:51.032,52.0,54.0,29.000,29.488,1756.0,1730.0,1182,5257,
24.4.2026,14:25:51.231,52.0,54.0,29.000,29.571,1757.0,1728.0,1182,5257,
24.4.2026,14:25:51.437,52.0,54.0,29.000,29.659,1757.0,1730.0,1182,5257,
24.4.2026,14:25:51.646,52.0,54.0,29.000,29.736,1757.0,1728.0,1182,5257,
24.4.2026,14:25:51.850,52.0,54.0,29.000,29.762,1757.0,1730.0,1182,5257,
24.4.2026,14:25:52.051,52.0,54.0,29.000,29.999,1757.0,1730.0,1182,5257,
24.4.2026,14:25:52.257,52.0,54.0,29.000,29.862,1757.0,1730.0,1182,5257,
24.4.2026,14:25:52.464,52.0,54.0,29.000,29.918,1758.0,1730.0,1182,5257,
24.4.2026,14:25:52.671,52.0,54.0,30.000,30.020,1757.0,1728.0,1182,5257,
24.4.2026,14:25:52.877,52.0,53.0,29.000,29.754,266.0,1728.0,1182,5257,
24.4.2026,14:25:53.083,52.0,54.0,30.000,29.628,1753.0,1730.0,1182,5257,
24.4.2026,14:25:53.286,52.0,53.0,29.000,30.012,1757.0,1728.0,1182,5257,
24.4.2026,14:25:53.491,52.0,54.0,30.000,29.848,1757.0,1730.0,1182,5257,
24.4.2026,14:25:53.697,52.0,53.0,29.000,29.991,295.0,1730.0,1182,5257,
24.4.2026,14:25:53.901,52.0,53.0,29.000,29.594,294.0,1730.0,1182,5257,
24.4.2026,14:25:54.106,51.0,53.0,29.000,29.576,1740.0,1730.0,1182,5257,
24.4.2026,14:25:54.311,51.0,53.0,28.000,29.325,242.0,1730.0,1182,5257,
24.4.2026,14:25:54.517,51.0,53.0,29.000,29.307,295.0,1730.0,1182,5257,
24.4.2026,14:25:54.720,51.0,53.0,30.000,29.419,1754.0,1730.0,1182,5257,
24.4.2026,14:25:54.911,52.0,53.0,29.000,29.336,1757.0,1730.0,1182,5257,
24.4.2026,14:25:55.114,51.0,53.0,28.000,29.421,278.0,1730.0,1182,5257,
24.4.2026,14:25:55.319,51.0,53.0,29.000,29.236,308.0,1730.0,1182,5257,
24.4.2026,14:25:55.522,51.0,53.0,29.000,29.291,299.0,1728.0,1182,5257,
24.4.2026,14:25:55.727,51.0,53.0,29.000,29.347,1739.0,1730.0,1182,5257,
24.4.2026,14:25:55.931,51.0,53.0,28.000,29.284,243.0,1728.0,1182,5257,
24.4.2026,14:25:56.134,51.0,53.0,29.000,29.335,1756.0,1730.0,1182,5257,
24.4.2026,14:25:56.342,51.0,52.0,29.000,29.517,1756.0,1728.0,1182,5257,
24.4.2026,14:25:56.549,51.0,52.0,29.000,29.545,280.0,1728.0,1182,5257,
24.4.2026,14:25:56.750,51.0,52.0,29.000,29.483,275.0,1730.0,1182,5257,
24.4.2026,14:25:56.952,51.0,52.0,28.000,29.543,281.0,1730.0,1182,5257,
24.4.2026,14:25:57.155,50.0,52.0,28.000,29.335,265.0,1728.0,1182,5257,
24.4.2026,14:25:57.362,51.0,52.0,29.000,29.388,290.0,1728.0,1182,5257,
24.4.2026,14:25:57.570,50.0,52.0,29.000,29.490,1757.0,1728.0,1182,5257,
24.4.2026,14:25:57.755,51.0,52.0,29.000,29.543,275.0,1730.0,1182,5257,
24.4.2026,14:25:57.962,51.0,52.0,29.000,29.294,1757.0,1730.0,1182,5257,
24.4.2026,14:25:58.165,50.0,52.0,29.000,29.683,296.0,1730.0,1182,5257,
24.4.2026,14:25:58.371,51.0,52.0,29.000,29.412,1748.0,1730.0,1182,5257,
24.4.2026,14:25:58.578,50.0,52.0,29.000,29.304,1755.0,1730.0,1182,5257,
24.4.2026,14:25:58.775,50.0,52.0,28.000,29.213,281.0,1730.0,1182,5257,
24.4.2026,14:25:58.975,50.0,52.0,29.000,29.137,1757.0,1728.0,1182,5257,
24.4.2026,14:25:59.181,50.0,52.0,29.000,29.075,1756.0,1730.0,1182,5257,
24.4.2026,14:25:59.385,50.0,52.0,29.000,29.445,1758.0,1730.0,1182,5257,
24.4.2026,14:25:59.595,50.0,52.0,28.000,29.232,274.0,1730.0,1182,5257,
24.4.2026,14:25:59.797,50.0,51.0,29.000,29.214,1751.0,1730.0,1182,5257,
24.4.2026,14:26:0.002,50.0,51.0,29.000,28.792,282.0,1730.0,1182,5257,
24.4.2026,14:26:0.200,50.0,51.0,29.000,29.199,298.0,1730.0,1182,5257,
24.4.2026,14:26:0.412,50.0,52.0,28.000,29.247,274.0,1730.0,1182,5257,
24.4.2026,14:26:0.614,50.0,51.0,29.000,29.036,1753.0,1728.0,1182,5257,
24.4.2026,14:26:0.814,49.0,51.0,29.000,29.336,299.0,1730.0,1182,5257,
24.4.2026,14:26:1.019,49.0,52.0,30.000,29.422,1756.0,1730.0,1182,5257,
24.4.2026,14:26:1.208,50.0,52.0,29.000,29.299,306.0,1728.0,1182,5257,
24.4.2026,14:26:1.412,50.0,51.0,29.000,29.147,294.0,1728.0,1182,5257,
24.4.2026,14:26:1.621,50.0,51.0,29.000,29.112,298.0,1730.0,1182,5257,
24.4.2026,14:26:1.821,49.0,51.0,28.000,29.039,296.0,1730.0,1182,5257,
24.4.2026,14:26:2.027,50.0,51.0,29.000,28.800,1757.0,1730.0,1182,5257,
24.4.2026,14:26:2.229,50.0,51.0,29.000,29.511,1756.0,1730.0,1182,5257,
24.4.2026,14:26:2.435,49.0,51.0,29.000,29.354,299.0,1730.0,1182,5257,
24.4.2026,14:26:2.645,49.0,51.0,29.000,28.994,284.0,1728.0,1182,5257,
24.4.2026,14:26:2.845,49.0,51.0,28.000,29.120,269.0,1730.0,1182,5257,
24.4.2026,14:26:3.048,49.0,51.0,28.000,29.060,270.0,1728.0,1182,5257,
24.4.2026,14:26:3.240,49.0,51.0,29.000,29.322,1733.0,1730.0,1182,5257,
24.4.2026,14:26:3.441,49.0,51.0,29.000,29.642,1756.0,1728.0,1182,5257,
24.4.2026,14:26:3.659,49.0,51.0,30.000,29.951,1756.0,1728.0,1182,5257,
24.4.2026,14:26:3.865,49.0,51.0,29.000,30.018,1756.0,1730.0,1182,5257,
24.4.2026,14:26:4.069,50.0,51.0,29.000,30.010,1756.0,1728.0,1182,5257,
24.4.2026,14:26:4.277,49.0,51.0,30.000,30.055,1757.0,1730.0,1182,5257,
24.4.2026,14:26:4.485,49.0,50.0,29.000,30.119,1756.0,1730.0,1182,5257,
24.4.2026,14:26:4.687,49.0,51.0,29.000,30.153,1756.0,1730.0,1182,5257,
24.4.2026,14:26:4.892,49.0,51.0,29.000,30.118,1756.0,1728.0,1182,5257,
24.4.2026,14:26:5.096,49.0,51.0,30.000,29.808,1754.0,1728.0,1182,5257,
24.4.2026,14:26:5.299,49.0,50.0,29.000,29.560,285.0,1730.0,1182,5257,
24.4.2026,14:26:5.488,48.0,50.0,29.000,29.331,306.0,1730.0,1182,5257,
24.4.2026,14:26:5.694,49.0,50.0,29.000,29.308,1757.0,1730.0,1182,5257,
24.4.2026,14:26:5.897,49.0,50.0,29.000,29.372,296.0,1730.0,1182,5257,
24.4.2026,14:26:6.105,48.0,50.0,29.000,29.174,1741.0,1730.0,1182,5257,
24.4.2026,14:26:6.309,49.0,50.0,28.000,29.135,267.0,1730.0,1182,5257,
24.4.2026,14:26:6.513,49.0,50.0,29.000,29.253,1755.0,1730.0,1182,5257,
24.4.2026,14:26:6.718,49.0,50.0,29.000,29.330,1756.0,1730.0,1182,5257,
24.4.2026,14:26:6.916,49.0,50.0,29.000,29.111,1757.0,1730.0,1182,5257,
24.4.2026,14:26:7.118,49.0,50.0,29.000,29.190,1756.0,1730.0,1182,5257,
24.4.2026,14:26:7.323,48.0,50.0,29.000,29.160,1757.0,1730.0,1182,5257,
24.4.2026,14:26:7.527,48.0,50.0,29.000,29.683,1756.0,1730.0,1182,5257,
24.4.2026,14:26:7.730,48.0,50.0,28.000,29.476,276.0,1730.0,1182,5257,
24.4.2026,14:26:7.943,49.0,50.0,29.000,29.142,1751.0,1728.0,1182,5257,
24.4.2026,14:26:8.141,48.0,50.0,28.000,29.255,309.0,1730.0,1182,5257,
24.4.2026,14:26:8.340,48.0,50.0,29.000,29.023,1756.0,1728.0,1182,5257,
24.4.2026,14:26:8.552,48.0,49.0,28.000,28.880,298.0,1728.0,1182,5257,
24.4.2026,14:26:8.748,48.0,50.0,28.000,28.875,1757.0,1730.0,1182,5257,
24.4.2026,14:26:8.953,48.0,50.0,29.000,28.709,1757.0,1730.0,1182,5257,
24.4.2026,14:26:9.159,48.0,50.0,28.000,28.943,1757.0,1728.0,1182,5257,
24.4.2026,14:26:9.361,48.0,49.0,29.000,28.969,1734.0,1730.0,1182,5257,
24.4.2026,14:26:9.564,48.0,50.0,29.000,29.076,1745.0,1728.0,1182,5257,
24.4.2026,14:26:9.770,48.0,50.0,29.000,28.944,1757.0,1730.0,1182,5257,
24.4.2026,14:26:9.971,48.0,49.0,28.000,28.984,290.0,1730.0,1182,5257,
24.4.2026,14:26:10.175,48.0,49.0,29.000,29.110,1757.0,1728.0,1182,5257,
24.4.2026,14:26:10.377,47.0,50.0,28.000,29.018,289.0,1730.0,1182,5257,
24.4.2026,14:26:10.570,47.0,50.0,28.000,29.018,289.0,1730.0,1182,5257,
24.4.2026,14:26:10.783,48.0,49.0,29.000,29.053,301.0,1730.0,1182,5257,
24.4.2026,14:26:10.988,48.0,49.0,28.000,29.027,1712.0,1730.0,1182,5257,
24.4.2026,14:26:11.191,48.0,50.0,28.000,28.968,267.0,1728.0,1182,5257,
24.4.2026,14:26:11.383,48.0,50.0,28.000,28.985,286.0,1730.0,1182,5257,
24.4.2026,14:26:11.600,47.0,49.0,29.000,28.999,1702.0,1730.0,1182,5257,
24.4.2026,14:26:11.815,48.0,49.0,29.000,29.006,1752.0,1730.0,1182,5257,
24.4.2026,14:26:12.028,48.0,50.0,29.000,29.103,1757.0,1730.0,1182,5257,
24.4.2026,14:26:12.227,48.0,50.0,28.000,29.111,296.0,1730.0,1182,5257,
24.4.2026,14:26:12.436,48.0,49.0,29.000,29.139,280.0,1730.0,1182,5257,
24.4.2026,14:26:12.634,48.0,49.0,29.000,29.139,280.0,1730.0,1182,5257,
24.4.2026,14:26:12.839,48.0,49.0,28.000,29.061,248.0,1730.0,1182,5257,
24.4.2026,14:26:13.042,48.0,49.0,29.000,29.089,1753.0,1730.0,1182,5257,
24.4.2026,14:26:13.247,48.0,50.0,29.000,29.275,298.0,1730.0,1182,5257,
24.4.2026,14:26:13.453,48.0,50.0,29.000,29.136,1757.0,1730.0,1182,5257,
24.4.2026,14:26:13.657,48.0,50.0,28.000,29.028,305.0,1728.0,1182,5257,
24.4.2026,14:26:13.862,48.0,49.0,28.000,28.812,1756.0,1730.0,1182,5257,
24.4.2026,14:26:14.064,48.0,50.0,28.000,28.627,261.0,1728.0,1182,5257,
24.4.2026,14:26:14.304,48.0,50.0,28.000,28.914,297.0,1730.0,1182,5257,
24.4.2026,14:26:14.469,48.0,50.0,28.000,28.914,297.0,1730.0,1182,5257,
24.4.2026,14:26:14.676,48.0,49.0,28.000,28.332,283.0,1730.0,1182,5257,
24.4.2026,14:26:14.879,48.0,49.0,29.000,28.986,302.0,1728.0,1182,5257,
24.4.2026,14:26:15.095,48.0,49.0,29.000,29.137,291.0,1730.0,1182,5257,
24.4.2026,14:26:15.310,48.0,50.0,28.000,29.297,275.0,1730.0,1182,5257,
24.4.2026,14:26:15.512,48.0,50.0,29.000,28.760,1756.0,1730.0,1182,5257,
24.4.2026,14:26:15.694,48.0,50.0,29.000,28.760,1756.0,1730.0,1182,5257,
24.4.2026,14:26:15.897,48.0,49.0,29.000,29.264,1756.0,1728.0,1182,5257,
24.4.2026,14:26:16.105,49.0,50.0,29.000,29.753,1757.0,1730.0,1182,5257,
24.4.2026,14:26:16.309,48.0,50.0,29.000,29.668,1757.0,1730.0,1182,5257,
24.4.2026,14:26:16.514,48.0,50.0,30.000,29.916,1756.0,1730.0,1182,5257,
24.4.2026,14:26:16.714,48.0,49.0,30.000,29.985,1757.0,1730.0,1182,5257,
24.4.2026,14:26:16.922,48.0,50.0,29.000,29.907,1757.0,1730.0,1182,5257,
24.4.2026,14:26:17.129,48.0,50.0,29.000,29.694,1757.0,1730.0,1182,5257,
24.4.2026,14:26:17.317,49.0,50.0,29.000,29.892,1757.0,1728.0,1182,5257,
24.4.2026,14:26:17.523,48.0,50.0,28.000,29.294,288.0,1730.0,1182,5257,
24.4.2026,14:26:17.726,48.0,50.0,28.000,29.009,1757.0,1730.0,1182,5257,
24.4.2026,14:26:17.932,48.0,50.0,28.000,29.147,292.0,1730.0,1182,5257,
24.4.2026,14:26:18.135,48.0,50.0,28.000,29.040,294.0,1730.0,1182,5257,
24.4.2026,14:26:18.340,48.0,49.0,28.000,29.087,282.0,1730.0,1182,5257,
24.4.2026,14:26:18.548,48.0,50.0,29.000,28.991,1756.0,1730.0,1182,5257,
24.4.2026,14:26:18.749,49.0,50.0,28.000,29.082,295.0,1730.0,1182,5257,
24.4.2026,14:26:18.943,48.0,50.0,28.000,29.223,291.0,1728.0,1182,5257,
24.4.2026,14:26:19.145,48.0,50.0,28.000,28.933,1757.0,1730.0,1182,5257,
24.4.2026,14:26:19.352,48.0,49.0,28.000,29.030,254.0,1728.0,1182,5257,
24.4.2026,14:26:19.555,49.0,50.0,28.000,29.028,289.0,1728.0,1182,5257,
24.4.2026,14:26:19.761,48.0,50.0,27.000,28.891,219.0,1730.0,1182,5257,
24.4.2026,14:26:19.964,48.0,49.0,28.000,28.691,254.0,1728.0,1182,5257,
24.4.2026,14:26:20.169,48.0,50.0,28.000,28.922,268.0,1730.0,1182,5257,
24.4.2026,14:26:20.375,49.0,50.0,28.000,28.739,296.0,1728.0,1182,5257,
24.4.2026,14:26:20.576,48.0,50.0,28.000,28.741,293.0,1728.0,1182,5257,
24.4.2026,14:26:20.781,48.0,49.0,29.000,29.060,1757.0,1730.0,1182,5257,
24.4.2026,14:26:20.985,48.0,50.0,29.000,28.845,1757.0,1730.0,1182,5257,
24.4.2026,14:26:21.188,48.0,50.0,28.000,28.772,1757.0,1730.0,1182,5257,
24.4.2026,14:26:21.382,48.0,49.0,28.000,28.771,294.0,1730.0,1182,5257,
24.4.2026,14:26:21.586,48.0,50.0,29.000,28.986,1751.0,1730.0,1182,5257,
24.4.2026,14:26:21.788,49.0,50.0,29.000,28.946,1756.0,1730.0,1182,5257,
24.4.2026,14:26:21.990,48.0,49.0,28.000,28.767,295.0,1730.0,1182,5257,
24.4.2026,14:26:22.198,48.0,50.0,29.000,28.822,1757.0,1730.0,1182,5257,
24.4.2026,14:26:22.406,48.0,50.0,29.000,29.067,1757.0,1730.0,1182,5257,
24.4.2026,14:26:22.614,49.0,50.0,29.000,29.101,1757.0,1730.0,1182,5257,
24.4.2026,14:26:22.820,48.0,50.0,28.000,28.953,287.0,1730.0,1182,5257,
24.4.2026,14:26:23.024,49.0,50.0,28.000,28.882,262.0,1730.0,1182,5257,
24.4.2026,14:26:23.226,48.0,50.0,28.000,28.741,257.0,1730.0,1182,5257,
24.4.2026,14:26:23.432,48.0,50.0,29.000,28.907,1755.0,1728.0,1182,5257,
24.4.2026,14:26:23.642,49.0,50.0,29.000,29.103,1757.0,1728.0,1182,5257,
24.4.2026,14:26:23.845,49.0,51.0,28.000,28.910,287.0,1728.0,1182,5257,
24.4.2026,14:26:24.051,48.0,50.0,29.000,28.986,1756.0,1730.0,1182,5257,
24.4.2026,14:26:24.269,49.0,50.0,29.000,28.899,1750.0,1730.0,1182,5257,
24.4.2026,14:26:24.458,48.0,50.0,29.000,28.926,1751.0,1730.0,1182,5257,
24.4.2026,14:26:24.665,49.0,49.0,28.000,28.849,1754.0,1730.0,1182,5257,
24.4.2026,14:26:24.870,49.0,50.0,29.000,28.861,1757.0,1730.0,1182,5257,
24.4.2026,14:26:25.068,49.0,50.0,29.000,28.783,1757.0,1728.0,1182,5257,
24.4.2026,14:26:25.275,48.0,50.0,29.000,28.918,1757.0,1730.0,1182,5257,
24.4.2026,14:26:25.478,49.0,50.0,29.000,29.014,1757.0,1730.0,1182,5257,
24.4.2026,14:26:25.684,49.0,50.0,29.000,28.788,309.0,1730.0,1182,5257,
24.4.2026,14:26:25.885,49.0,50.0,29.000,28.807,1739.0,1728.0,1182,5257,
24.4.2026,14:26:26.087,48.0,50.0,28.000,28.744,288.0,1730.0,1182,5257,
24.4.2026,14:26:26.293,49.0,51.0,28.000,28.796,251.0,1730.0,1182,5257,
24.4.2026,14:26:26.494,49.0,50.0,29.000,28.909,1755.0,1730.0,1182,5257,
24.4.2026,14:26:26.703,48.0,50.0,29.000,28.934,1757.0,1728.0,1182,5257,
24.4.2026,14:26:26.905,49.0,50.0,28.000,28.711,292.0,1730.0,1182,5257,
24.4.2026,14:26:27.111,49.0,50.0,29.000,28.689,1757.0,1730.0,1182,5257,
24.4.2026,14:26:27.315,49.0,50.0,28.000,28.932,298.0,1728.0,1182,5257,
24.4.2026,14:26:27.517,49.0,50.0,29.000,28.624,1757.0,1730.0,1182,5257,
24.4.2026,14:26:27.709,48.0,50.0,29.000,28.641,1757.0,1730.0,1182,5257,
24.4.2026,14:26:27.911,48.0,50.0,28.000,28.725,1757.0,1728.0,1182,5257,
24.4.2026,14:26:28.115,49.0,50.0,29.000,28.771,1757.0,1730.0,1182,5257,
24.4.2026,14:26:28.317,49.0,50.0,29.000,29.407,1757.0,1730.0,1182,5257,
24.4.2026,14:26:28.522,49.0,50.0,29.000,29.651,1757.0,1730.0,1182,5257,
24.4.2026,14:26:28.726,49.0,50.0,29.000,29.547,1757.0,1728.0,1182,5257,
24.4.2026,14:26:28.929,49.0,50.0,29.000,29.549,1757.0,1730.0,1182,5257,
24.4.2026,14:26:29.135,48.0,50.0,29.000,29.671,1757.0,1728.0,1182,5257,
24.4.2026,14:26:29.339,49.0,50.0,29.000,29.523,1757.0,1728.0,1182,5257,
24.4.2026,14:26:29.543,48.0,50.0,29.000,29.794,1756.0,1730.0,1182,5257,
24.4.2026,14:26:29.750,48.0,50.0,29.000,29.081,283.0,1730.0,1182,5257,
24.4.2026,14:26:29.954,48.0,50.0,29.000,28.986,1726.0,1730.0,1182,5257,
24.4.2026,14:26:30.155,49.0,50.0,29.000,29.166,1754.0,1728.0,1182,5257,
24.4.2026,14:26:30.359,49.0,51.0,29.000,29.277,1756.0,1730.0,1182,5257,
24.4.2026,14:26:30.564,49.0,50.0,29.000,29.287,1755.0,1728.0,1182,5257,
24.4.2026,14:26:30.767,49.0,50.0,28.000,29.152,277.0,1730.0,1182,5257,
24.4.2026,14:26:30.972,49.0,50.0,29.000,28.729,1758.0,1730.0,1182,5257,
24.4.2026,14:26:31.178,48.0,50.0,28.000,28.955,1757.0,1730.0,1182,5257,
24.4.2026,14:26:31.386,48.0,51.0,29.000,29.053,1758.0,1728.0,1182,5257,
24.4.2026,14:26:31.592,49.0,50.0,28.000,29.041,296.0,1728.0,1182,5257,
24.4.2026,14:26:31.797,49.0,50.0,28.000,29.085,258.0,1730.0,1182,5257,
24.4.2026,14:26:32.002,49.0,50.0,28.000,28.915,256.0,1728.0,1182,5257,
24.4.2026,14:26:32.209,48.0,50.0,28.000,29.126,260.0,1730.0,1182,5257,
24.4.2026,14:26:32.412,48.0,50.0,29.000,29.152,1752.0,1728.0,1182,5257,
24.4.2026,14:26:32.615,49.0,50.0,29.000,29.132,1755.0,1728.0,1182,5257,
24.4.2026,14:26:32.821,49.0,51.0,28.000,29.094,290.0,1730.0,1182,5257,
24.4.2026,14:26:33.027,49.0,50.0,28.000,29.107,306.0,1730.0,1182,5257,
24.4.2026,14:26:33.227,49.0,50.0,29.000,29.086,1756.0,1730.0,1182,5257,
24.4.2026,14:26:33.429,49.0,50.0,29.000,29.054,300.0,1730.0,1182,5257,
24.4.2026,14:26:33.636,49.0,50.0,29.000,29.221,1749.0,1730.0,1182,5257,
24.4.2026,14:26:33.839,49.0,50.0,29.000,29.280,1756.0,1730.0,1182,5257,
24.4.2026,14:26:34.045,48.0,51.0,29.000,29.269,1757.0,1730.0,1182,5257,
24.4.2026,14:26:34.248,49.0,51.0,28.000,29.106,286.0,1730.0,1182,5257,
24.4.2026,14:26:34.455,49.0,51.0,29.000,29.146,1757.0,1730.0,1182,5257,
24.4.2026,14:26:34.660,49.0,51.0,29.000,29.153,1758.0,1730.0,1182,5257,
24.4.2026,14:26:34.861,49.0,50.0,28.000,29.382,251.0,1728.0,1182,5257,
24.4.2026,14:26:35.052,49.0,50.0,29.000,29.448,1753.0,1728.0,1182,5257,
24.4.2026,14:26:35.258,50.0,50.0,29.000,29.330,285.0,1730.0,1182,5257,
24.4.2026,14:26:35.460,49.0,51.0,29.000,29.266,291.0,1728.0,1182,5257,
24.4.2026,14:26:35.665,49.0,51.0,29.000,29.294,1756.0,1730.0,1182,5257,
24.4.2026,14:26:35.871,49.0,51.0,29.000,29.149,291.0,1730.0,1182,5257,
24.4.2026,14:26:36.073,49.0,51.0,28.000,29.276,268.0,1728.0,1182,5257,
24.4.2026,14:26:36.279,49.0,50.0,29.000,29.174,1730.0,1728.0,1182,5257,
24.4.2026,14:26:36.490,49.0,51.0,29.000,29.697,1754.0,1728.0,1182,5257,
24.4.2026,14:26:36.692,49.0,51.0,29.000,29.438,1757.0,1730.0,1182,5257,
24.4.2026,14:26:36.894,49.0,50.0,28.000,29.231,290.0,1728.0,1182,5257,
24.4.2026,14:26:37.100,49.0,51.0,29.000,29.319,1757.0,1730.0,1182,5257,
24.4.2026,14:26:37.302,49.0,51.0,28.000,29.238,272.0,1730.0,1182,5257,
24.4.2026,14:26:37.509,49.0,51.0,29.000,29.383,1741.0,1730.0,1182,5257,
24.4.2026,14:26:37.713,49.0,51.0,29.000,29.617,1755.0,1730.0,1182,5257,
24.4.2026,14:26:37.917,49.0,51.0,29.000,29.379,1756.0,1730.0,1182,5257,
24.4.2026,14:26:38.121,49.0,50.0,29.000,29.736,1757.0,1728.0,1182,5257,
24.4.2026,14:26:38.329,49.0,51.0,29.000,29.815,297.0,1730.0,1182,5257,
24.4.2026,14:26:38.529,49.0,51.0,29.000,29.430,295.0,1730.0,1182,5257,
24.4.2026,14:26:38.734,50.0,51.0,29.000,29.481,1754.0,1730.0,1182,5257,
24.4.2026,14:26:38.939,49.0,51.0,29.000,29.493,1757.0,1728.0,1182,5257,
24.4.2026,14:26:39.131,49.0,51.0,29.000,29.473,1757.0,1730.0,1182,5257,
24.4.2026,14:26:39.333,49.0,51.0,29.000,29.207,1757.0,1730.0,1182,5257,
24.4.2026,14:26:39.540,49.0,51.0,28.000,29.431,273.0,1730.0,1182,5257,
24.4.2026,14:26:39.744,49.0,50.0,28.000,29.497,257.0,1730.0,1182,5257,
24.4.2026,14:26:39.952,49.0,51.0,29.000,29.026,1757.0,1730.0,1182,5257,
24.4.2026,14:26:40.155,49.0,51.0,29.000,29.192,1757.0,1730.0,1182,5257,
24.4.2026,14:26:40.356,49.0,51.0,30.000,29.922,1758.0,1730.0,1182,5257,
24.4.2026,14:26:40.562,49.0,51.0,29.000,30.031,1757.0,1728.0,1182,5257,
24.4.2026,14:26:40.768,49.0,51.0,29.000,29.717,1757.0,1730.0,1182,5257,
24.4.2026,14:26:40.973,49.0,50.0,30.000,29.666,1757.0,1730.0,1182,5257,
24.4.2026,14:26:41.180,49.0,51.0,29.000,29.885,1757.0,1730.0,1182,5257,
24.4.2026,14:26:41.384,49.0,51.0,29.000,30.059,1757.0,1728.0,1182,5257,
24.4.2026,14:26:41.590,49.0,51.0,29.000,29.799,1757.0,1730.0,1182,5257,
24.4.2026,14:26:41.798,49.0,50.0,29.000,29.276,1757.0,1730.0,1182,5257,
24.4.2026,14:26:41.998,49.0,51.0,29.000,29.254,286.0,1728.0,1182,5257,
24.4.2026,14:26:42.204,49.0,51.0,29.000,29.171,1757.0,1730.0,1182,5257,
24.4.2026,14:26:42.407,49.0,51.0,29.000,29.260,277.0,1730.0,1182,5257,
24.4.2026,14:26:42.601,49.0,51.0,28.000,29.291,292.0,1728.0,1182,5257,
24.4.2026,14:26:42.808,49.0,51.0,30.000,29.176,1758.0,1730.0,1182,5257,
24.4.2026,14:26:43.011,49.0,50.0,29.000,29.290,274.0,1728.0,1182,5257,
24.4.2026,14:26:43.211,49.0,51.0,29.000,29.433,1705.0,1730.0,1182,5257,
24.4.2026,14:26:43.419,49.0,51.0,30.000,29.806,1750.0,1728.0,1182,5257,
24.4.2026,14:26:43.622,49.0,51.0,29.000,29.911,282.0,1730.0,1182,5257,
24.4.2026,14:26:43.827,50.0,51.0,29.000,29.677,1757.0,1730.0,1182,5257,
24.4.2026,14:26:44.031,49.0,51.0,29.000,29.629,1757.0,1730.0,1182,5257,
24.4.2026,14:26:44.235,49.0,51.0,29.000,29.435,1757.0,1730.0,1182,5257,
24.4.2026,14:26:44.441,49.0,51.0,29.000,29.688,1737.0,1730.0,1182,5257,
24.4.2026,14:26:44.629,49.0,51.0,29.000,29.467,1753.0,1730.0,1182,5257,
24.4.2026,14:26:44.850,49.0,51.0,29.000,29.269,283.0,1730.0,1182,5257,
24.4.2026,14:26:45.055,49.0,51.0,29.000,29.204,1757.0,1730.0,1182,5257,
24.4.2026,14:26:45.257,49.0,51.0,29.000,29.251,1757.0,1730.0,1182,5257,
24.4.2026,14:26:45.463,49.0,51.0,29.000,29.155,1757.0,1730.0,1182,5257,
24.4.2026,14:26:45.667,49.0,51.0,29.000,29.291,285.0,1730.0,1182,5257,
24.4.2026,14:26:45.870,49.0,50.0,29.000,29.344,280.0,1728.0,1182,5257,
24.4.2026,14:26:46.075,50.0,51.0,29.000,29.326,1757.0,1730.0,1182,5257,
24.4.2026,14:26:46.277,49.0,51.0,29.000,29.407,292.0,1730.0,1182,5257,
24.4.2026,14:26:46.482,49.0,51.0,29.000,29.172,289.0,1730.0,1182,5257,
24.4.2026,14:26:46.683,49.0,51.0,29.000,29.355,1738.0,1730.0,1182,5257,
24.4.2026,14:26:46.889,50.0,51.0,30.000,29.475,1751.0,1728.0,1182,5257,
24.4.2026,14:26:47.090,50.0,51.0,29.000,29.544,1756.0,1728.0,1182,5257,
24.4.2026,14:26:47.295,49.0,51.0,29.000,29.695,293.0,1728.0,1182,5257,
24.4.2026,14:26:47.501,50.0,51.0,29.000,29.522,1758.0,1728.0,1182,5257,
24.4.2026,14:26:47.705,50.0,51.0,29.000,29.614,285.0,1730.0,1182,5257,
24.4.2026,14:26:47.899,49.0,51.0,29.000,29.136,277.0,1728.0,1182,5257,
24.4.2026,14:26:48.100,49.0,51.0,29.000,29.216,1757.0,1728.0,1182,5257,
24.4.2026,14:26:48.305,49.0,51.0,29.000,29.332,1758.0,1728.0,1182,5257,
24.4.2026,14:26:48.508,49.0,51.0,29.000,29.644,259.0,1730.0,1182,5257,
24.4.2026,14:26:48.711,49.0,51.0,29.000,29.451,1753.0,1730.0,1182,5257,
24.4.2026,14:26:48.916,49.0,51.0,29.000,29.190,301.0,1730.0,1182,5257,
24.4.2026,14:26:49.123,50.0,51.0,29.000,29.097,1758.0,1730.0,1182,5257,
24.4.2026,14:26:49.328,50.0,51.0,29.000,29.155,304.0,1730.0,1182,5257,
24.4.2026,14:26:49.534,49.0,51.0,29.000,29.339,1758.0,1728.0,1182,5257,
24.4.2026,14:26:49.737,49.0,51.0,29.000,29.335,262.0,1730.0,1182,5257,
24.4.2026,14:26:49.928,50.0,51.0,29.000,29.255,1752.0,1728.0,1182,5257,
24.4.2026,14:26:50.134,49.0,51.0,29.000,29.515,1758.0,1728.0,1182,5257,
24.4.2026,14:26:50.339,49.0,51.0,29.000,29.493,1757.0,1730.0,1182,5257,
24.4.2026,14:26:50.543,50.0,51.0,30.000,29.569,1756.0,1730.0,1182,5257,
24.4.2026,14:26:50.743,50.0,51.0,29.000,29.754,251.0,1728.0,1182,5257,
24.4.2026,14:26:50.947,49.0,51.0,29.000,29.392,1749.0,1730.0,1182,5257,
24.4.2026,14:26:51.152,50.0,51.0,29.000,29.343,1756.0,1730.0,1182,5257,
24.4.2026,14:26:51.357,49.0,51.0,28.000,29.187,295.0,1728.0,1182,5257,
24.4.2026,14:26:51.561,49.0,51.0,29.000,29.045,298.0,1730.0,1182,5257,
24.4.2026,14:26:51.765,49.0,51.0,28.000,29.104,289.0,1730.0,1182,5257,
24.4.2026,14:26:51.967,49.0,51.0,28.000,29.088,281.0,1730.0,1182,5257,
24.4.2026,14:26:52.170,50.0,51.0,29.000,29.348,1757.0,1730.0,1182,5257,
24.4.2026,14:26:52.375,49.0,51.0,29.000,29.436,1757.0,1730.0,1182,5257,
24.4.2026,14:26:52.578,49.0,51.0,29.000,29.747,1758.0,1728.0,1182,5257,
24.4.2026,14:26:52.783,50.0,51.0,29.000,29.793,1757.0,1728.0,1182,5257,
24.4.2026,14:26:52.987,49.0,51.0,30.000,29.746,1758.0,1730.0,1182,5257,
24.4.2026,14:26:53.189,50.0,51.0,30.000,30.123,1757.0,1730.0,1182,5257,
24.4.2026,14:26:53.392,49.0,51.0,29.000,30.020,1757.0,1730.0,1182,5257,
24.4.2026,14:26:53.598,49.0,51.0,30.000,29.828,1757.0,1728.0,1182,5257,
24.4.2026,14:26:53.800,49.0,51.0,29.000,29.915,259.0,1728.0,1182,5257,
24.4.2026,14:26:54.017,49.0,51.0,29.000,29.565,267.0,1728.0,1182,5257,
24.4.2026,14:26:54.219,50.0,51.0,29.000,29.659,1754.0,1730.0,1182,5257,
24.4.2026,14:26:54.427,49.0,51.0,29.000,29.620,1757.0,1730.0,1182,5257,
24.4.2026,14:26:54.618,49.0,51.0,30.000,29.578,1757.0,1730.0,1182,5257,
24.4.2026,14:26:54.825,50.0,52.0,29.000,29.874,279.0,1728.0,1182,5257,
24.4.2026,14:26:55.029,50.0,51.0,29.000,29.618,1756.0,1730.0,1182,5257,
24.4.2026,14:26:55.238,49.0,51.0,29.000,29.534,301.0,1728.0,1182,5257,
24.4.2026,14:26:55.441,49.0,51.0,29.000,29.606,1756.0,1730.0,1182,5257,
24.4.2026,14:26:55.646,50.0,52.0,29.000,29.734,306.0,1730.0,1182,5257,
24.4.2026,14:26:55.855,49.0,51.0,29.000,29.696,271.0,1728.0,1182,5257,
24.4.2026,14:26:56.057,50.0,51.0,30.000,29.781,1750.0,1730.0,1182,5257,
24.4.2026,14:26:56.261,50.0,51.0,29.000,29.785,1756.0,1730.0,1182,5257,
24.4.2026,14:26:56.464,50.0,51.0,29.000,29.707,1757.0,1728.0,1182,5257,
24.4.2026,14:26:56.671,49.0,51.0,29.000,29.566,1757.0,1730.0,1182,5257,
24.4.2026,14:26:56.878,50.0,51.0,29.000,29.383,275.0,1730.0,1182,5257,
24.4.2026,14:26:57.080,50.0,51.0,29.000,28.932,1757.0,1730.0,1182,5257,
24.4.2026,14:26:57.282,50.0,52.0,29.000,29.729,1757.0,1730.0,1182,5257,
24.4.2026,14:26:57.484,49.0,51.0,29.000,29.585,301.0,1728.0,1182,5257,
24.4.2026,14:26:57.684,50.0,51.0,29.000,29.778,286.0,1730.0,1182,5257,
24.4.2026,14:26:57.887,50.0,51.0,29.000,29.904,285.0,1730.0,1182,5257,
24.4.2026,14:26:58.093,50.0,51.0,30.000,29.877,1753.0,1730.0,1182,5257,
24.4.2026,14:26:58.296,50.0,51.0,29.000,29.851,1757.0,1730.0,1182,5257,
24.4.2026,14:26:58.496,49.0,51.0,29.000,29.952,280.0,1730.0,1182,5257,
24.4.2026,14:26:58.701,50.0,52.0,30.000,29.699,1757.0,1730.0,1182,5257,
24.4.2026,14:26:58.908,50.0,51.0,29.000,29.579,1715.0,1730.0,1182,5257,
24.4.2026,14:26:59.111,50.0,51.0,29.000,29.645,290.0,1730.0,1182,5257,
24.4.2026,14:26:59.324,49.0,51.0,29.000,29.492,294.0,1728.0,1182,5257,
24.4.2026,14:26:59.520,49.0,51.0,29.000,29.745,304.0,1730.0,1182,5257,
24.4.2026,14:26:59.732,49.0,51.0,29.000,29.839,1757.0,1730.0,1182,5257,
24.4.2026,14:26:59.935,49.0,51.0,29.000,29.597,281.0,1730.0,1182,5257,
24.4.2026,14:27:0.133,49.0,51.0,30.000,29.941,1756.0,1730.0,1182,5257,
24.4.2026,14:27:0.335,50.0,52.0,29.000,29.776,1757.0,1730.0,1182,5257,
24.4.2026,14:27:0.536,50.0,52.0,29.000,29.776,1757.0,1730.0,1182,5257,
24.4.2026,14:27:0.752,50.0,51.0,29.000,29.630,260.0,1730.0,1182,5257,
24.4.2026,14:27:0.956,50.0,51.0,29.000,29.634,281.0,1730.0,1182,5257,
24.4.2026,14:27:1.160,50.0,51.0,30.000,30.101,1755.0,1730.0,1182,5257,
24.4.2026,14:27:1.367,50.0,51.0,29.000,29.919,271.0,1728.0,1182,5257,
24.4.2026,14:27:1.571,50.0,52.0,30.000,29.641,1757.0,1730.0,1182,5257,
24.4.2026,14:27:1.774,50.0,51.0,29.000,29.731,272.0,1728.0,1182,5257,
24.4.2026,14:27:1.978,50.0,51.0,29.000,29.464,273.0,1730.0,1182,5257,
24.4.2026,14:27:2.175,50.0,51.0,28.000,29.443,271.0,1730.0,1182,5257,
24.4.2026,14:27:2.392,50.0,52.0,29.000,29.329,295.0,1728.0,1182,5257,
24.4.2026,14:27:2.583,49.0,51.0,29.000,29.472,296.0,1730.0,1182,5257,
24.4.2026,14:27:2.790,50.0,51.0,29.000,29.574,290.0,1728.0,1182,5257,
24.4.2026,14:27:2.993,50.0,51.0,30.000,29.665,1755.0,1730.0,1182,5257,
24.4.2026,14:27:3.201,50.0,51.0,30.000,29.946,1757.0,1728.0,1182,5257,
24.4.2026,14:27:3.399,50.0,51.0,29.000,29.926,263.0,1730.0,1182,5257,
24.4.2026,14:27:3.605,50.0,51.0,29.000,29.800,1758.0,1728.0,1182,5257,
24.4.2026,14:27:3.810,50.0,51.0,28.000,29.766,197.0,1728.0,1182,5257,
24.4.2026,14:27:4.016,50.0,51.0,28.000,29.226,250.0,1730.0,1182,5257,
24.4.2026,14:27:4.220,50.0,51.0,29.000,29.286,315.0,1728.0,1182,5257,
24.4.2026,14:27:4.419,50.0,51.0,29.000,29.743,271.0,1730.0,1182,5257,
24.4.2026,14:27:4.627,50.0,51.0,30.000,30.037,1757.0,1730.0,1182,5257,
24.4.2026,14:27:4.816,49.0,51.0,30.000,30.304,1757.0,1730.0,1182,5257,
24.4.2026,14:27:5.025,50.0,52.0,30.000,30.271,1758.0,1730.0,1182,5257,
24.4.2026,14:27:5.231,50.0,52.0,30.000,30.159,1757.0,1730.0,1182,5257,
24.4.2026,14:27:5.438,50.0,51.0,30.000,30.291,1757.0,1728.0,1182,5257,
24.4.2026,14:27:5.644,49.0,51.0,30.000,30.252,1757.0,1730.0,1182,5257,
24.4.2026,14:27:5.850,50.0,52.0,30.000,30.333,1757.0,1728.0,1182,5257,
24.4.2026,14:27:6.052,50.0,52.0,30.000,30.233,1757.0,1728.0,1182,5257,
24.4.2026,14:27:6.269,50.0,52.0,30.000,30.246,1757.0,1730.0,1182,5257,
24.4.2026,14:27:6.470,50.0,51.0,29.000,29.741,292.0,1728.0,1182,5257,
24.4.2026,14:27:6.674,50.0,52.0,29.000,29.646,1756.0,1730.0,1182,5257,
24.4.2026,14:27:6.866,50.0,51.0,30.000,29.810,1757.0,1730.0,1182,5257,
24.4.2026,14:27:7.071,50.0,51.0,29.000,29.994,285.0,1730.0,1182,5257,
24.4.2026,14:27:7.273,50.0,52.0,29.000,29.786,1753.0,1728.0,1182,5257,
24.4.2026,14:27:7.477,50.0,52.0,30.000,29.824,1755.0,1730.0,1182,5257,
24.4.2026,14:27:7.685,50.0,52.0,30.000,29.859,1756.0,1730.0,1182,5257,
24.4.2026,14:27:7.889,50.0,51.0,30.000,30.015,1756.0,1730.0,1182,5257,
24.4.2026,14:27:8.092,50.0,52.0,30.000,29.941,1757.0,1730.0,1182,5257,
24.4.2026,14:27:8.295,49.0,52.0,30.000,29.655,1708.0,1730.0,1182,5257,
24.4.2026,14:27:8.494,50.0,52.0,29.000,29.748,290.0,1730.0,1182,5257,
24.4.2026,14:27:8.704,50.0,52.0,30.000,29.635,1741.0,1730.0,1182,5257,
24.4.2026,14:27:8.908,49.0,51.0,30.000,29.943,1756.0,1728.0,1182,5257,
24.4.2026,14:27:9.113,50.0,51.0,29.000,29.822,1757.0,1730.0,1182,5257,
24.4.2026,14:27:9.319,50.0,51.0,30.000,29.838,1757.0,1730.0,1182,5257,
24.4.2026,14:27:9.525,50.0,51.0,30.000,29.710,1757.0,1728.0,1182,5257,
24.4.2026,14:27:9.730,50.0,52.0,29.000,29.566,260.0,1728.0,1182,5257,
24.4.2026,14:27:9.935,50.0,52.0,30.000,29.667,1749.0,1730.0,1182,5257,
24.4.2026,14:27:10.143,50.0,52.0,29.000,29.496,1753.0,1728.0,1182,5257,
24.4.2026,14:27:10.343,50.0,52.0,29.000,29.657,1757.0,1730.0,1182,5257,
24.4.2026,14:27:10.545,50.0,52.0,29.000,29.748,296.0,1730.0,1182,5257,
24.4.2026,14:27:10.753,49.0,51.0,30.000,29.783,1757.0,1730.0,1182,5257,
24.4.2026,14:27:10.942,50.0,51.0,29.000,29.789,1757.0,1730.0,1182,5257,
24.4.2026,14:27:11.146,50.0,52.0,29.000,29.856,1727.0,1730.0,1182,5257,
24.4.2026,14:27:11.352,49.0,51.0,30.000,29.779,1754.0,1730.0,1182,5257,
24.4.2026,14:27:11.557,50.0,51.0,29.000,29.706,1756.0,1730.0,1182,5257,
24.4.2026,14:27:11.757,50.0,52.0,30.000,29.618,1755.0,1730.0,1182,5257,
24.4.2026,14:27:11.962,50.0,52.0,29.000,29.700,278.0,1728.0,1182,5257,
24.4.2026,14:27:12.166,50.0,51.0,30.000,29.887,1757.0,1730.0,1182,5257,
24.4.2026,14:27:12.375,50.0,51.0,29.000,29.587,308.0,1728.0,1182,5257,
24.4.2026,14:27:12.578,50.0,52.0,29.000,29.624,270.0,1730.0,1182,5257,
24.4.2026,14:27:12.779,50.0,52.0,29.000,29.824,288.0,1730.0,1182,5257,
24.4.2026,14:27:12.982,50.0,52.0,29.000,29.622,1757.0,1728.0,1182,5257,
24.4.2026,14:27:13.191,50.0,51.0,29.000,29.543,271.0,1728.0,1182,5257,
24.4.2026,14:27:13.395,50.0,52.0,29.000,29.495,1730.0,1728.0,1182,5257,
24.4.2026,14:27:13.581,50.0,52.0,29.000,29.626,1751.0,1730.0,1182,5257,
24.4.2026,14:27:13.800,50.0,51.0,29.000,29.770,303.0,1730.0,1182,5257,
24.4.2026,14:27:13.989,50.0,52.0,29.000,29.740,280.0,1730.0,1182,5257,
24.4.2026,14:27:14.206,50.0,52.0,29.000,29.647,284.0,1730.0,1182,5257,
24.4.2026,14:27:14.411,50.0,51.0,30.000,29.714,1757.0,1728.0,1182,5257,
24.4.2026,14:27:14.615,50.0,52.0,30.000,29.688,1757.0,1730.0,1182,5257,
24.4.2026,14:27:14.821,50.0,52.0,29.000,29.634,298.0,1728.0,1182,5257,
24.4.2026,14:27:15.030,50.0,52.0,29.000,29.462,284.0,1730.0,1182,5257,
24.4.2026,14:27:15.235,50.0,52.0,29.000,29.429,1753.0,1730.0,1182,5257,
24.4.2026,14:27:15.436,50.0,52.0,29.000,29.391,282.0,1730.0,1182,5257,
24.4.2026,14:27:15.639,50.0,51.0,29.000,29.513,1755.0,1728.0,1182,5257,
24.4.2026,14:27:15.844,50.0,52.0,29.000,29.456,293.0,1730.0,1182,5257,
24.4.2026,14:27:16.047,50.0,52.0,29.000,29.413,1757.0,1728.0,1182,5257,
24.4.2026,14:27:16.252,50.0,52.0,29.000,29.712,1757.0,1730.0,1182,5257,
24.4.2026,14:27:16.453,50.0,52.0,29.000,29.555,276.0,1730.0,1182,5257,
24.4.2026,14:27:16.658,50.0,51.0,29.000,29.562,1731.0,1730.0,1182,5257,
24.4.2026,14:27:16.850,50.0,52.0,30.000,29.676,1756.0,1730.0,1182,5257,
24.4.2026,14:27:17.055,50.0,52.0,30.000,30.148,1757.0,1730.0,1182,5257,
24.4.2026,14:27:17.259,50.0,52.0,29.000,30.143,302.0,1730.0,1182,5257,
24.4.2026,14:27:17.464,50.0,52.0,30.000,29.911,1757.0,1730.0,1182,5257,
24.4.2026,14:27:17.666,50.0,52.0,29.000,29.832,1756.0,1728.0,1182,5257,
24.4.2026,14:27:17.874,51.0,52.0,29.000,29.874,1757.0,1730.0,1182,5257,
24.4.2026,14:27:18.080,50.0,52.0,29.000,29.990,1757.0,1730.0,1182,5257,
24.4.2026,14:27:18.283,50.0,52.0,29.000,29.947,1757.0,1728.0,1182,5257,
24.4.2026,14:27:18.485,50.0,52.0,29.000,29.875,1757.0,1728.0,1182,5257,
24.4.2026,14:27:18.685,50.0,52.0,29.000,29.936,266.0,1730.0,1182,5257,
24.4.2026,14:27:18.887,50.0,52.0,29.000,29.693,1744.0,1730.0,1182,5257,
24.4.2026,14:27:19.093,50.0,51.0,29.000,29.672,288.0,1730.0,1182,5257,
24.4.2026,14:27:19.296,50.0,52.0,29.000,29.743,247.0,1730.0,1182,5257,
24.4.2026,14:27:19.502,51.0,52.0,29.000,29.798,1756.0,1730.0,1182,5257,
24.4.2026,14:27:19.709,50.0,52.0,29.000,29.554,306.0,1730.0,1182,5257,
24.4.2026,14:27:19.931,50.0,51.0,29.000,29.337,1756.0,1730.0,1182,5257,
24.4.2026,14:27:20.145,50.0,52.0,30.000,29.507,1757.0,1730.0,1182,5257,
24.4.2026,14:27:20.363,50.0,52.0,29.000,29.668,1756.0,1730.0,1182,5257,
24.4.2026,14:27:20.573,50.0,52.0,29.000,29.733,293.0,1728.0,1182,5257,
24.4.2026,14:27:20.773,51.0,52.0,27.000,29.431,184.0,1728.0,1182,5257,
24.4.2026,14:27:20.977,50.0,52.0,29.000,29.179,299.0,1728.0,1182,5257,
24.4.2026,14:27:21.194,50.0,52.0,28.000,29.581,243.0,1728.0,1182,5257,
24.4.2026,14:27:21.393,50.0,52.0,29.000,29.385,302.0,1730.0,1182,5257,
24.4.2026,14:27:21.601,51.0,52.0,29.000,29.347,1756.0,1728.0,1182,5257,
24.4.2026,14:27:21.810,50.0,52.0,29.000,29.382,1757.0,1728.0,1182,5257,
24.4.2026,14:27:22.015,50.0,52.0,29.000,29.364,275.0,1728.0,1182,5257,
24.4.2026,14:27:22.219,51.0,52.0,29.000,29.709,258.0,1730.0,1182,5257,
24.4.2026,14:27:22.424,50.0,52.0,29.000,29.704,291.0,1728.0,1182,5257,
24.4.2026,14:27:22.629,50.0,52.0,29.000,29.669,274.0,1730.0,1182,5257,
24.4.2026,14:27:22.842,50.0,52.0,29.000,29.610,1756.0,1730.0,1182,5257,
24.4.2026,14:27:23.042,50.0,52.0,29.000,29.550,295.0,1728.0,1182,5257,
24.4.2026,14:27:23.247,50.0,52.0,29.000,29.405,1757.0,1730.0,1182,5257,
24.4.2026,14:27:23.450,50.0,52.0,28.000,29.488,273.0,1730.0,1182,5257,
24.4.2026,14:27:23.656,50.0,52.0,28.000,29.422,283.0,1728.0,1182,5257,
24.4.2026,14:27:23.862,50.0,52.0,29.000,29.405,282.0,1730.0,1182,5257,
24.4.2026,14:27:24.052,50.0,52.0,29.000,29.545,1757.0,1728.0,1182,5257,
24.4.2026,14:27:24.268,50.0,52.0,29.000,29.442,1756.0,1728.0,1182,5257,
24.4.2026,14:27:24.474,51.0,52.0,28.000,28.998,283.0,1730.0,1182,5257,
24.4.2026,14:27:24.679,50.0,52.0,29.000,29.183,296.0,1730.0,1182,5257,
24.4.2026,14:27:24.885,50.0,52.0,29.000,29.558,288.0,1730.0,1182,5257,
24.4.2026,14:27:25.090,50.0,52.0,29.000,29.594,283.0,1730.0,1182,5257,
24.4.2026,14:27:25.297,51.0,52.0,29.000,29.467,1754.0,1728.0,1182,5257,
24.4.2026,14:27:25.503,50.0,52.0,29.000,29.460,284.0,1728.0,1182,5257,
24.4.2026,14:27:25.705,50.0,52.0,29.000,29.364,296.0,1730.0,1182,5257,
24.4.2026,14:27:25.897,50.0,52.0,28.000,29.242,320.0,1730.0,1182,5257,
24.4.2026,14:27:26.113,51.0,52.0,29.000,29.300,1757.0,1730.0,1182,5257,
24.4.2026,14:27:26.303,51.0,52.0,29.000,29.479,288.0,1730.0,1182,5257,
24.4.2026,14:27:26.519,51.0,52.0,29.000,29.831,1757.0,1730.0,1182,5257,
24.4.2026,14:27:26.728,50.0,52.0,29.000,29.522,295.0,1728.0,1182,5257,
24.4.2026,14:27:26.929,50.0,52.0,29.000,29.747,1757.0,1730.0,1182,5257,
24.4.2026,14:27:27.135,50.0,52.0,29.000,29.565,1756.0,1730.0,1182,5257,
24.4.2026,14:27:27.337,50.0,52.0,29.000,29.388,1756.0,1730.0,1182,5257,
24.4.2026,14:27:27.546,50.0,52.0,29.000,29.336,300.0,1730.0,1182,5257,
24.4.2026,14:27:27.750,50.0,52.0,28.000,29.462,255.0,1728.0,1182,5257,
24.4.2026,14:27:27.957,50.0,52.0,28.000,29.092,253.0,1728.0,1182,5257,
24.4.2026,14:27:28.161,50.0,52.0,29.000,29.249,1756.0,1730.0,1182,5257,
24.4.2026,14:27:28.367,50.0,52.0,29.000,29.495,305.0,1730.0,1182,5257,
24.4.2026,14:27:28.573,50.0,52.0,29.000,29.427,1756.0,1730.0,1182,5257,
24.4.2026,14:27:28.779,50.0,52.0,29.000,29.423,314.0,1728.0,1182,5257,
24.4.2026,14:27:28.986,51.0,52.0,29.000,29.291,301.0,1728.0,1182,5257,
24.4.2026,14:27:29.177,51.0,52.0,29.000,29.670,301.0,1728.0,1182,5257,
24.4.2026,14:27:29.385,50.0,52.0,30.000,29.879,1756.0,1730.0,1182,5257,
24.4.2026,14:27:29.589,50.0,52.0,30.000,29.889,1757.0,1728.0,1182,5257,
24.4.2026,14:27:29.793,51.0,52.0,30.000,29.959,1757.0,1728.0,1182,5257,
24.4.2026,14:27:29.999,51.0,52.0,30.000,30.032,1756.0,1728.0,1182,5257,
24.4.2026,14:27:30.206,51.0,52.0,29.000,29.786,1757.0,1730.0,1182,5257,
24.4.2026,14:27:30.398,51.0,52.0,29.000,29.681,1756.0,1730.0,1182,5257,
24.4.2026,14:27:30.604,50.0,52.0,30.000,29.761,1756.0,1730.0,1182,5257,
24.4.2026,14:27:30.810,51.0,52.0,29.000,29.702,302.0,1728.0,1182,5257,
24.4.2026,14:27:31.014,50.0,52.0,29.000,29.444,290.0,1730.0,1182,5257,
24.4.2026,14:27:31.217,50.0,52.0,29.000,29.319,272.0,1730.0,1182,5257,
24.4.2026,14:27:31.420,51.0,52.0,29.000,29.233,1736.0,1730.0,1182,5257,
24.4.2026,14:27:31.623,50.0,52.0,29.000,29.125,300.0,1730.0,1182,5257,
24.4.2026,14:27:31.829,50.0,52.0,29.000,29.373,281.0,1730.0,1182,5257,
24.4.2026,14:27:32.034,50.0,52.0,29.000,29.013,1755.0,1730.0,1182,5257,
24.4.2026,14:27:32.236,51.0,52.0,29.000,29.103,288.0,1730.0,1182,5257,
24.4.2026,14:27:32.442,50.0,52.0,29.000,28.942,283.0,1730.0,1182,5257,
24.4.2026,14:27:32.631,50.0,52.0,29.000,29.148,1756.0,1728.0,1182,5257,
24.4.2026,14:27:32.840,51.0,53.0,29.000,29.455,1757.0,1730.0,1182,5257,
24.4.2026,14:27:33.048,50.0,52.0,29.000,29.463,1757.0,1730.0,1182,5257,
24.4.2026,14:27:33.249,51.0,52.0,29.000,29.576,1716.0,1730.0,1182,5257,
24.4.2026,14:27:33.455,51.0,52.0,29.000,29.756,284.0,1730.0,1182,5257,
24.4.2026,14:27:33.659,51.0,52.0,29.000,29.693,1753.0,1730.0,1182,5257,
24.4.2026,14:27:33.860,51.0,53.0,29.000,29.338,300.0,1730.0,1182,5257,
24.4.2026,14:27:34.070,51.0,52.0,29.000,29.507,1755.0,1730.0,1182,5257,
24.4.2026,14:27:34.273,50.0,52.0,29.000,29.310,1757.0,1728.0,1182,5257,
24.4.2026,14:27:34.479,51.0,52.0,29.000,29.134,1757.0,1730.0,1182,5257,
24.4.2026,14:27:34.685,51.0,52.0,29.000,29.410,1757.0,1730.0,1182,5257,
24.4.2026,14:27:34.884,50.0,52.0,28.000,29.203,274.0,1730.0,1182,5257,
24.4.2026,14:27:35.085,50.0,52.0,29.000,29.239,1754.0,1730.0,1182,5257,
24.4.2026,14:27:35.292,50.0,52.0,29.000,29.484,1756.0,1728.0,1182,5257,
24.4.2026,14:27:35.492,51.0,52.0,29.000,29.260,300.0,1728.0,1182,5257,
24.4.2026,14:27:35.700,50.0,52.0,29.000,29.347,1757.0,1730.0,1182,5257,
24.4.2026,14:27:35.909,51.0,53.0,29.000,29.511,294.0,1730.0,1182,5257,
24.4.2026,14:27:36.100,50.0,52.0,29.000,29.256,299.0,1730.0,1182,5257,
24.4.2026,14:27:36.316,50.0,52.0,28.000,29.047,292.0,1730.0,1182,5257,
24.4.2026,14:27:36.522,51.0,52.0,29.000,29.168,306.0,1730.0,1182,5257,
24.4.2026,14:27:36.727,50.0,52.0,29.000,29.221,1756.0,1728.0,1182,5257,
24.4.2026,14:27:36.932,50.0,52.0,28.000,29.176,299.0,1728.0,1182,5257,
24.4.2026,14:27:37.143,50.0,52.0,28.000,29.176,274.0,1728.0,1182,5257,
24.4.2026,14:27:37.343,51.0,52.0,28.000,29.121,277.0,1730.0,1182,5257,
24.4.2026,14:27:37.536,51.0,52.0,29.000,29.167,1755.0,1730.0,1182,5257,
24.4.2026,14:27:37.742,51.0,52.0,28.000,29.127,302.0,1730.0,1182,5257,
24.4.2026,14:27:37.944,51.0,52.0,29.000,29.138,1757.0,1730.0,1182,5257,
24.4.2026,14:27:38.158,50.0,52.0,28.000,29.205,295.0,1728.0,1182,5257,
24.4.2026,14:27:38.358,51.0,52.0,28.000,29.201,1757.0,1730.0,1182,5257,
24.4.2026,14:27:38.557,51.0,52.0,29.000,29.478,278.0,1730.0,1182,5257,
24.4.2026,14:27:38.766,50.0,52.0,29.000,29.492,1754.0,1730.0,1182,5257,
24.4.2026,14:27:38.968,50.0,52.0,29.000,29.354,297.0,1730.0,1182,5257,
24.4.2026,14:27:39.172,51.0,52.0,29.000,29.275,1758.0,1728.0,1182,5257,
24.4.2026,14:27:39.372,50.0,53.0,29.000,29.334,1756.0,1728.0,1182,5257,
24.4.2026,14:27:39.574,50.0,52.0,29.000,29.477,301.0,1730.0,1182,5257,
24.4.2026,14:27:39.780,50.0,52.0,29.000,29.453,283.0,1730.0,1182,5257,
24.4.2026,14:27:39.989,50.0,52.0,29.000,29.518,1751.0,1730.0,1182,5257,
24.4.2026,14:27:40.197,51.0,53.0,29.000,29.623,1755.0,1730.0,1182,5257,
24.4.2026,14:27:40.398,50.0,52.0,29.000,29.672,1757.0,1730.0,1182,5257,
24.4.2026,14:27:40.597,50.0,52.0,29.000,29.575,1756.0,1728.0,1182,5257,
24.4.2026,14:27:40.817,50.0,52.0,29.000,29.421,1757.0,1730.0,1182,5257,
24.4.2026,14:27:41.023,51.0,52.0,29.000,29.283,1756.0,1728.0,1182,5257,
24.4.2026,14:27:41.230,51.0,53.0,29.000,29.452,301.0,1728.0,1182,5257,
24.4.2026,14:27:41.435,50.0,52.0,29.000,29.597,1757.0,1730.0,1182,5257,
24.4.2026,14:27:41.640,50.0,52.0,29.000,29.762,1757.0,1730.0,1182,5257,
24.4.2026,14:27:41.844,51.0,52.0,29.000,29.832,1757.0,1730.0,1182,5257,
24.4.2026,14:27:42.036,51.0,53.0,29.000,29.804,1756.0,1730.0,1182,5257,
24.4.2026,14:27:42.253,51.0,53.0,29.000,29.788,1757.0,1730.0,1182,5257,
24.4.2026,14:27:42.441,51.0,53.0,29.000,29.880,1757.0,1728.0,1182,5257,
24.4.2026,14:27:42.644,51.0,53.0,29.000,29.647,1757.0,1730.0,1182,5257,
24.4.2026,14:27:42.850,51.0,52.0,29.000,29.481,1757.0,1730.0,1182,5257,
24.4.2026,14:27:43.057,51.0,52.0,28.000,29.307,1755.0,1728.0,1182,5257,
24.4.2026,14:27:43.261,51.0,52.0,29.000,29.367,1756.0,1730.0,1182,5257,
24.4.2026,14:27:43.465,51.0,52.0,28.000,29.518,278.0,1730.0,1182,5257,
24.4.2026,14:27:43.667,51.0,52.0,29.000,29.292,1757.0,1730.0,1182,5257,
24.4.2026,14:27:43.873,50.0,52.0,29.000,29.392,1757.0,1730.0,1182,5257,
24.4.2026,14:27:44.080,50.0,52.0,29.000,29.420,1748.0,1730.0,1182,5257,
24.4.2026,14:27:44.269,50.0,53.0,29.000,29.101,293.0,1730.0,1182,5257,
24.4.2026,14:27:44.473,50.0,52.0,29.000,29.297,1753.0,1730.0,1182,5257,
24.4.2026,14:27:44.679,51.0,53.0,29.000,29.634,292.0,1730.0,1182,5257,
24.4.2026,14:27:44.879,51.0,52.0,29.000,29.791,1757.0,1728.0,1182,5257,
24.4.2026,14:27:45.085,50.0,52.0,29.000,29.520,1757.0,1730.0,1182,5257,
24.4.2026,14:27:45.288,51.0,52.0,28.000,29.352,275.0,1728.0,1182,5257,
24.4.2026,14:27:45.489,51.0,52.0,28.000,29.036,279.0,1728.0,1182,5257,
24.4.2026,14:27:45.697,51.0,53.0,29.000,29.081,1748.0,1730.0,1182,5257,
24.4.2026,14:27:45.901,51.0,52.0,29.000,29.248,1756.0,1730.0,1182,5257,
24.4.2026,14:27:46.108,51.0,53.0,28.000,29.224,283.0,1730.0,1182,5257,
24.4.2026,14:27:46.315,50.0,53.0,29.000,29.023,1757.0,1730.0,1182,5257,
24.4.2026,14:27:46.519,50.0,52.0,28.000,29.169,269.0,1730.0,1182,5257,
24.4.2026,14:27:46.721,51.0,53.0,29.000,29.247,1757.0,1728.0,1182,5257,
24.4.2026,14:27:46.913,51.0,52.0,29.000,29.276,1747.0,1730.0,1182,5257,
24.4.2026,14:27:47.119,51.0,53.0,29.000,29.263,1748.0,1730.0,1182,5257,
24.4.2026,14:27:47.324,51.0,52.0,29.000,29.370,290.0,1730.0,1182,5257,
24.4.2026,14:27:47.532,50.0,53.0,29.000,29.254,1758.0,1730.0,1182,5257,
24.4.2026,14:27:47.730,51.0,52.0,29.000,29.333,280.0,1728.0,1182,5257,
24.4.2026,14:27:47.930,51.0,52.0,29.000,29.352,1757.0,1730.0,1182,5257,
24.4.2026,14:27:48.131,51.0,53.0,29.000,29.392,1757.0,1730.0,1182,5257,
24.4.2026,14:27:48.333,50.0,53.0,29.000,29.412,1757.0,1730.0,1182,5257,
24.4.2026,14:27:48.551,51.0,52.0,28.000,29.462,280.0,1728.0,1182,5257,
24.4.2026,14:27:48.742,51.0,53.0,29.000,29.169,292.0,1730.0,1182,5257,
24.4.2026,14:27:48.948,51.0,53.0,29.000,29.124,1751.0,1730.0,1182,5257,
24.4.2026,14:27:49.153,51.0,52.0,29.000,29.356,1755.0,1730.0,1182,5257,
24.4.2026,14:27:49.353,51.0,53.0,29.000,29.215,1755.0,1728.0,1182,5257,
24.4.2026,14:27:49.555,51.0,52.0,29.000,29.340,282.0,1728.0,1182,5257,
24.4.2026,14:27:49.770,51.0,53.0,29.000,29.332,1756.0,1730.0,1182,5257,
24.4.2026,14:27:49.967,51.0,52.0,29.000,29.246,1756.0,1728.0,1182,5257,
24.4.2026,14:27:50.169,51.0,53.0,29.000,29.513,1757.0,1730.0,1182,5257,
24.4.2026,14:27:50.375,51.0,53.0,29.000,29.537,283.0,1730.0,1182,5257,
24.4.2026,14:27:50.582,51.0,52.0,30.000,29.589,1751.0,1730.0,1182,5257,
24.4.2026,14:27:50.796,51.0,52.0,29.000,29.367,301.0,1730.0,1182,5257,
24.4.2026,14:27:50.997,51.0,52.0,29.000,29.261,297.0,1730.0,1182,5257,
24.4.2026,14:27:51.196,51.0,53.0,29.000,29.759,1757.0,1730.0,1182,5257,
24.4.2026,14:27:51.402,51.0,52.0,29.000,29.672,1757.0,1728.0,1182,5257,
24.4.2026,14:27:51.613,51.0,52.0,29.000,29.452,294.0,1728.0,1182,5257,
24.4.2026,14:27:51.819,51.0,53.0,29.000,29.509,302.0,1728.0,1182,5257,
24.4.2026,14:27:52.023,51.0,53.0,29.000,28.935,258.0,1730.0,1182,5257,
24.4.2026,14:27:52.235,51.0,53.0,29.000,29.440,1752.0,1728.0,1182,5257,
24.4.2026,14:27:52.432,51.0,53.0,29.000,29.536,1755.0,1730.0,1182,5257,
24.4.2026,14:27:52.637,51.0,52.0,29.000,29.408,278.0,1730.0,1182,5257,
24.4.2026,14:27:52.836,51.0,52.0,29.000,29.545,1755.0,1730.0,1182,5257,
24.4.2026,14:27:53.041,51.0,52.0,29.000,29.571,1756.0,1728.0,1182,5257,
24.4.2026,14:27:53.241,50.0,52.0,29.000,29.687,1756.0,1728.0,1182,5257,
24.4.2026,14:27:53.443,51.0,52.0,29.000,29.611,1757.0,1730.0,1182,5257,
24.4.2026,14:27:53.651,50.0,53.0,29.000,29.541,1756.0,1728.0,1182,5257,
24.4.2026,14:27:53.854,50.0,53.0,29.000,29.850,1756.0,1730.0,1182,5257,
24.4.2026,14:27:54.062,50.0,52.0,29.000,29.848,1756.0,1728.0,1182,5257,
24.4.2026,14:27:54.265,50.0,52.0,29.000,30.073,1756.0,1728.0,1182,5257,
24.4.2026,14:27:54.470,51.0,53.0,30.000,30.074,1757.0,1730.0,1182,5257,
24.4.2026,14:27:54.660,51.0,53.0,30.000,30.074,1757.0,1730.0,1182,5257,
24.4.2026,14:27:54.866,51.0,53.0,29.000,29.954,1757.0,1728.0,1182,5257,
24.4.2026,14:27:55.072,51.0,52.0,29.000,29.934,1756.0,1730.0,1182,5257,
24.4.2026,14:27:55.279,51.0,53.0,30.000,29.887,1756.0,1730.0,1182,5257,
24.4.2026,14:27:55.487,51.0,53.0,30.000,30.073,1757.0,1730.0,1182,5257,
24.4.2026,14:27:55.693,51.0,53.0,29.000,29.796,1756.0,1730.0,1182,5257,
24.4.2026,14:27:55.898,51.0,52.0,29.000,29.660,1757.0,1730.0,1182,5257,
24.4.2026,14:27:56.103,51.0,53.0,29.000,29.535,304.0,1730.0,1182,5257,
24.4.2026,14:27:56.312,51.0,53.0,29.000,29.489,273.0,1730.0,1182,5257,
24.4.2026,14:27:56.518,50.0,52.0,29.000,29.395,1736.0,1730.0,1182,5257,
24.4.2026,14:27:56.721,51.0,53.0,29.000,29.609,1755.0,1730.0,1182,5257,
24.4.2026,14:27:56.915,51.0,52.0,29.000,29.783,304.0,1730.0,1182,5257,
24.4.2026,14:27:57.119,51.0,52.0,29.000,29.823,294.0,1730.0,1182,5257,
24.4.2026,14:27:57.324,51.0,53.0,29.000,29.712,294.0,1730.0,1182,5257,
24.4.2026,14:27:57.529,51.0,53.0,29.000,29.575,286.0,1728.0,1182,5257,
24.4.2026,14:27:57.735,51.0,52.0,29.000,29.664,293.0,1730.0,1182,5257,
24.4.2026,14:27:57.937,51.0,53.0,29.000,29.409,238.0,1730.0,1182,5257,
24.4.2026,14:27:58.143,51.0,53.0,29.000,29.538,297.0,1730.0,1182,5257,
24.4.2026,14:27:58.349,51.0,52.0,29.000,29.522,246.0,1730.0,1182,5257,
24.4.2026,14:27:58.553,51.0,53.0,29.000,29.647,300.0,1730.0,1182,5257,
24.4.2026,14:27:58.758,51.0,53.0,29.000,29.572,296.0,1730.0,1182,5257,
24.4.2026,14:27:58.963,51.0,53.0,29.000,29.379,1758.0,1730.0,1182,5257,
24.4.2026,14:27:59.163,51.0,52.0,29.000,29.282,288.0,1730.0,1182,5257,
24.4.2026,14:27:59.368,51.0,53.0,29.000,29.224,286.0,1730.0,1182,5257,
24.4.2026,14:27:59.571,51.0,53.0,29.000,29.574,280.0,1730.0,1182,5257,
24.4.2026,14:27:59.774,51.0,53.0,28.000,29.541,277.0,1728.0,1182,5257,
24.4.2026,14:27:59.981,51.0,53.0,29.000,29.522,1746.0,1730.0,1182,5257,
24.4.2026,14:28:0.188,51.0,53.0,29.000,29.786,260.0,1730.0,1182,5257,
24.4.2026,14:28:0.390,51.0,53.0,29.000,29.417,293.0,1730.0,1182,5257,
24.4.2026,14:28:0.591,51.0,53.0,29.000,29.354,294.0,1730.0,1182,5257,
24.4.2026,14:28:0.787,51.0,53.0,29.000,29.482,1757.0,1730.0,1182,5257,
24.4.2026,14:28:0.995,51.0,53.0,29.000,29.577,281.0,1730.0,1182,5257,
24.4.2026,14:28:1.198,51.0,53.0,29.000,29.718,1757.0,1730.0,1182,5257,
24.4.2026,14:28:1.409,51.0,53.0,29.000,29.547,275.0,1730.0,1182,5257,
24.4.2026,14:28:1.608,51.0,53.0,29.000,29.747,263.0,1730.0,1182,5257,
24.4.2026,14:28:1.813,51.0,53.0,29.000,29.553,1676.0,1728.0,1182,5257,
24.4.2026,14:28:2.018,51.0,53.0,29.000,29.337,303.0,1730.0,1182,5257,
24.4.2026,14:28:2.208,51.0,53.0,30.000,29.568,1756.0,1730.0,1182,5257,
24.4.2026,14:28:2.422,51.0,53.0,30.000,29.679,1756.0,1730.0,1182,5257,
24.4.2026,14:28:2.621,51.0,53.0,29.000,29.422,1756.0,1730.0,1182,5257,
24.4.2026,14:28:2.830,51.0,52.0,28.000,29.465,275.0,1730.0,1182,5257,
24.4.2026,14:28:3.030,51.0,53.0,29.000,29.144,299.0,1730.0,1182,5257,
24.4.2026,14:28:3.238,51.0,53.0,29.000,29.747,289.0,1730.0,1182,5257,
24.4.2026,14:28:3.446,51.0,53.0,29.000,29.813,1756.0,1730.0,1182,5257,
24.4.2026,14:28:3.648,51.0,53.0,29.000,29.860,269.0,1728.0,1182,5257,
24.4.2026,14:28:3.851,51.0,52.0,29.000,29.818,278.0,1730.0,1182,5257,
24.4.2026,14:28:4.055,51.0,53.0,29.000,29.624,1750.0,1730.0,1182,5257,
24.4.2026,14:28:4.261,51.0,53.0,29.000,29.616,1756.0,1730.0,1182,5257,
24.4.2026,14:28:4.469,51.0,53.0,30.000,29.545,1757.0,1730.0,1182,5257,
24.4.2026,14:28:4.673,51.0,53.0,29.000,29.729,283.0,1730.0,1182,5257,
24.4.2026,14:28:4.877,51.0,53.0,29.000,29.939,267.0,1728.0,1182,5257,
24.4.2026,14:28:5.083,51.0,53.0,29.000,29.725,1729.0,1728.0,1182,5257,
24.4.2026,14:28:5.290,51.0,53.0,30.000,29.620,1753.0,1730.0,1182,5257,
24.4.2026,14:28:5.495,51.0,53.0,29.000,29.693,282.0,1728.0,1182,5257,
24.4.2026,14:28:5.699,51.0,53.0,29.000,29.573,1756.0,1730.0,1182,5257,
24.4.2026,14:28:5.900,51.0,53.0,29.000,29.846,300.0,1730.0,1182,5257,
24.4.2026,14:28:6.105,51.0,53.0,29.000,29.837,291.0,1730.0,1182,5257,
24.4.2026,14:28:6.309,51.0,53.0,30.000,29.877,1757.0,1730.0,1182,5257,
24.4.2026,14:28:6.514,51.0,53.0,30.000,30.037,1757.0,1730.0,1182,5257,
24.4.2026,14:28:6.720,51.0,53.0,30.000,30.089,1757.0,1730.0,1182,5257,
24.4.2026,14:28:6.925,51.0,53.0,29.000,30.066,1757.0,1730.0,1182,5257,
24.4.2026,14:28:7.126,51.0,53.0,29.000,29.963,1758.0,1730.0,1182,5257,
24.4.2026,14:28:7.318,51.0,53.0,30.000,29.956,1757.0,1728.0,1182,5257,
24.4.2026,14:28:7.524,51.0,53.0,30.000,30.073,1757.0,1728.0,1182,5257,
24.4.2026,14:28:7.730,51.0,53.0,29.000,30.154,1701.0,1730.0,1182,5257,
24.4.2026,14:28:7.933,51.0,53.0,29.000,29.702,271.0,1730.0,1182,5257,
24.4.2026,14:28:8.139,51.0,53.0,30.000,29.791,1755.0,1730.0,1182,5257,
24.4.2026,14:28:8.345,51.0,53.0,30.000,29.807,1756.0,1728.0,1182,5257,
24.4.2026,14:28:8.536,51.0,53.0,29.000,29.598,308.0,1730.0,1182,5257,
24.4.2026,14:28:8.743,51.0,53.0,29.000,29.581,302.0,1730.0,1182,5257,
24.4.2026,14:28:8.950,51.0,53.0,29.000,29.430,1757.0,1730.0,1182,5257,
24.4.2026,14:28:9.155,51.0,53.0,29.000,29.523,1727.0,1730.0,1182,5257,
24.4.2026,14:28:9.364,51.0,53.0,30.000,29.638,1751.0,1730.0,1182,5257,
24.4.2026,14:28:9.565,51.0,52.0,29.000,29.467,1757.0,1728.0,1182,5257,
24.4.2026,14:28:9.757,51.0,53.0,29.000,29.453,1757.0,1730.0,1182,5257,
24.4.2026,14:28:9.963,51.0,53.0,29.000,29.408,1756.0,1730.0,1182,5257,
24.4.2026,14:28:10.167,51.0,53.0,29.000,29.316,301.0,1730.0,1182,5257,
24.4.2026,14:28:10.372,51.0,53.0,29.000,29.304,1748.0,1728.0,1182,5257,
24.4.2026,14:28:10.576,51.0,53.0,29.000,29.400,291.0,1730.0,1182,5257,
24.4.2026,14:28:10.783,51.0,53.0,29.000,29.135,298.0,1730.0,1182,5257,
24.4.2026,14:28:10.986,51.0,53.0,29.000,29.249,1757.0,1730.0,1182,5257,
24.4.2026,14:28:11.193,51.0,53.0,29.000,29.227,1757.0,1728.0,1182,5257,
24.4.2026,14:28:11.395,51.0,53.0,29.000,29.274,300.0,1730.0,1182,5257,
24.4.2026,14:28:11.602,51.0,53.0,29.000,29.413,286.0,1728.0,1182,5257,
24.4.2026,14:28:11.806,51.0,53.0,29.000,29.378,1754.0,1730.0,1182,5257,
24.4.2026,14:28:12.013,51.0,53.0,29.000,29.334,1756.0,1730.0,1182,5257,
24.4.2026,14:28:12.215,51.0,53.0,29.000,29.530,1757.0,1730.0,1182,5257,
24.4.2026,14:28:12.417,51.0,53.0,28.000,29.607,281.0,1730.0,1182,5257,
24.4.2026,14:28:12.621,51.0,52.0,29.000,29.310,300.0,1728.0,1182,5257,
24.4.2026,14:28:12.828,52.0,53.0,29.000,29.606,252.0,1728.0,1182,5257,
24.4.2026,14:28:13.033,51.0,53.0,29.000,29.347,1757.0,1730.0,1182,5257,
24.4.2026,14:28:13.238,51.0,53.0,29.000,29.164,1756.0,1730.0,1182,5257,
24.4.2026,14:28:13.435,51.0,53.0,28.000,29.238,290.0,1730.0,1182,5257,
24.4.2026,14:28:13.643,52.0,53.0,29.000,29.437,1757.0,1728.0,1182,5257,
24.4.2026,14:28:13.847,51.0,53.0,28.000,29.374,261.0,1730.0,1182,5257,
24.4.2026,14:28:14.049,51.0,52.0,29.000,29.175,1757.0,1730.0,1182,5257,
24.4.2026,14:28:14.241,51.0,53.0,29.000,29.417,298.0,1730.0,1182,5257,
24.4.2026,14:28:14.443,51.0,53.0,29.000,29.225,286.0,1730.0,1182,5257,
24.4.2026,14:28:14.659,51.0,53.0,29.000,29.175,1727.0,1730.0,1182,5257,
24.4.2026,14:28:14.863,51.0,53.0,28.000,29.022,292.0,1730.0,1182,5257,
24.4.2026,14:28:15.054,51.0,53.0,29.000,29.165,1756.0,1730.0,1182,5257,
24.4.2026,14:28:15.255,51.0,52.0,29.000,29.430,1756.0,1728.0,1182,5257,
24.4.2026,14:28:15.459,51.0,53.0,29.000,29.271,1756.0,1730.0,1182,5257,
24.4.2026,14:28:15.662,51.0,53.0,28.000,29.485,256.0,1730.0,1182,5257,
24.4.2026,14:28:15.869,51.0,53.0,28.000,29.200,270.0,1730.0,1182,5257,
24.4.2026,14:28:16.073,51.0,53.0,29.000,29.263,276.0,1728.0,1182,5257,
24.4.2026,14:28:16.275,52.0,53.0,29.000,29.246,295.0,1728.0,1182,5257,
24.4.2026,14:28:16.480,51.0,53.0,29.000,29.548,1753.0,1728.0,1182,5257,
24.4.2026,14:28:16.684,51.0,53.0,29.000,29.515,300.0,1730.0,1182,5257,
24.4.2026,14:28:16.890,51.0,53.0,29.000,29.354,277.0,1730.0,1182,5257,
24.4.2026,14:28:17.094,51.0,53.0,29.000,29.408,1757.0,1728.0,1182,5257,
24.4.2026,14:28:17.286,52.0,53.0,28.000,29.412,279.0,1730.0,1182,5257,
24.4.2026,14:28:17.502,51.0,53.0,29.000,29.204,289.0,1730.0,1182,5257,
24.4.2026,14:28:17.693,51.0,53.0,28.000,29.144,279.0,1728.0,1182,5257,
24.4.2026,14:28:17.898,52.0,53.0,28.000,29.113,269.0,1728.0,1182,5257,
24.4.2026,14:28:18.099,51.0,53.0,28.000,28.638,1748.0,1730.0,1182,5257,
24.4.2026,14:28:18.304,51.0,53.0,28.000,28.995,289.0,1730.0,1182,5257,
24.4.2026,14:28:18.508,51.0,53.0,29.000,29.165,1757.0,1730.0,1182,5257,
24.4.2026,14:28:18.714,51.0,53.0,29.000,29.436,1758.0,1730.0,1182,5257,
24.4.2026,14:28:18.915,51.0,53.0,29.000,29.387,1756.0,1728.0,1182,5257,
24.4.2026,14:28:19.122,51.0,53.0,29.000,29.483,1757.0,1730.0,1182,5257,
24.4.2026,14:28:19.324,51.0,53.0,29.000,29.436,1758.0,1728.0,1182,5257,
24.4.2026,14:28:19.528,52.0,53.0,29.000,29.407,1758.0,1730.0,1182,5257,
24.4.2026,14:28:19.732,51.0,53.0,29.000,29.503,1757.0,1730.0,1182,5257,
24.4.2026,14:28:19.938,51.0,53.0,29.000,29.409,300.0,1730.0,1182,5257,
24.4.2026,14:28:20.144,51.0,53.0,29.000,28.958,1756.0,1728.0,1182,5257,
24.4.2026,14:28:20.333,51.0,52.0,29.000,29.006,1757.0,1730.0,1182,5257,
24.4.2026,14:28:20.535,52.0,53.0,29.000,29.135,1757.0,1728.0,1182,5257,
24.4.2026,14:28:20.739,51.0,53.0,29.000,29.243,1741.0,1728.0,1182,5257,
24.4.2026,14:28:20.945,51.0,53.0,29.000,29.169,303.0,1730.0,1182,5257,
24.4.2026,14:28:21.151,51.0,53.0,29.000,29.188,1756.0,1730.0,1182,5257,
24.4.2026,14:28:21.352,51.0,53.0,29.000,29.036,1757.0,1730.0,1182,5257,
24.4.2026,14:28:21.558,51.0,53.0,29.000,29.031,1757.0,1730.0,1182,5257,
24.4.2026,14:28:21.761,51.0,53.0,29.000,28.964,1757.0,1730.0,1182,5257,
24.4.2026,14:28:21.968,51.0,53.0,28.000,29.132,293.0,1728.0,1182,5257,
24.4.2026,14:28:22.171,51.0,53.0,29.000,29.280,298.0,1730.0,1182,5257,
24.4.2026,14:28:22.370,51.0,53.0,29.000,29.239,1752.0,1730.0,1182,5257,
24.4.2026,14:28:22.572,51.0,53.0,29.000,29.431,303.0,1730.0,1182,5257,
24.4.2026,14:28:22.775,51.0,53.0,29.000,29.419,1757.0,1730.0,1182,5257,
24.4.2026,14:28:22.981,52.0,53.0,29.000,29.405,1757.0,1730.0,1182,5257,
24.4.2026,14:28:23.189,51.0,53.0,29.000,29.434,299.0,1730.0,1182,5257,
24.4.2026,14:28:23.385,51.0,53.0,29.000,29.172,278.0,1728.0,1182,5257,
24.4.2026,14:28:23.591,51.0,53.0,29.000,29.562,1748.0,1730.0,1182,5257,
24.4.2026,14:28:23.795,51.0,53.0,29.000,29.671,1756.0,1728.0,1182,5257,
24.4.2026,14:28:24.000,51.0,53.0,29.000,29.370,290.0,1728.0,1182,5257,
24.4.2026,14:28:24.215,51.0,53.0,29.000,29.410,1757.0,1728.0,1182,5257,
24.4.2026,14:28:24.408,51.0,53.0,29.000,29.317,1757.0,1728.0,1182,5257,
24.4.2026,14:28:24.613,52.0,53.0,29.000,29.404,1757.0,1728.0,1182,5257,
24.4.2026,14:28:24.810,52.0,53.0,29.000,29.404,1757.0,1728.0,1182,5257,
24.4.2026,14:28:25.015,51.0,53.0,28.000,29.131,299.0,1730.0,1182,5257,
24.4.2026,14:28:25.245,52.0,53.0,29.000,29.378,1756.0,1730.0,1182,5257,
24.4.2026,14:28:25.422,52.0,53.0,29.000,29.378,1756.0,1730.0,1182,5257,
24.4.2026,14:28:25.623,51.0,53.0,29.000,29.177,1756.0,1730.0,1182,5257,
24.4.2026,14:28:25.827,51.0,53.0,29.000,29.240,1756.0,1728.0,1182,5257,
24.4.2026,14:28:26.027,51.0,53.0,29.000,29.114,305.0,1728.0,1182,5257,
24.4.2026,14:28:26.231,51.0,53.0,29.000,29.192,256.0,1728.0,1182,5257,
24.4.2026,14:28:26.433,52.0,53.0,29.000,28.837,312.0,1728.0,1182,5257,
24.4.2026,14:28:26.640,51.0,53.0,29.000,29.636,303.0,1728.0,1182,5257,
24.4.2026,14:28:26.842,51.0,53.0,28.000,29.523,225.0,1730.0,1182,5257,
24.4.2026,14:28:27.050,51.0,53.0,29.000,29.229,285.0,1730.0,1182,5257,
24.4.2026,14:28:27.282,52.0,53.0,29.000,29.625,299.0,1730.0,1182,5257,
24.4.2026,14:28:27.442,52.0,53.0,29.000,29.625,299.0,1730.0,1182,5257,
24.4.2026,14:28:27.648,51.0,53.0,29.000,29.538,1757.0,1730.0,1182,5257,
24.4.2026,14:28:27.855,51.0,53.0,28.000,29.510,254.0,1730.0,1182,5257,
24.4.2026,14:28:28.063,52.0,53.0,29.000,29.438,290.0,1728.0,1182,5257,
24.4.2026,14:28:28.271,51.0,53.0,28.000,29.528,219.0,1730.0,1182,5257,
24.4.2026,14:28:28.472,51.0,53.0,29.000,29.428,1755.0,1728.0,1182,5257,
24.4.2026,14:28:28.688,51.0,53.0,29.000,29.501,296.0,1730.0,1182,5257,
24.4.2026,14:28:28.894,52.0,53.0,29.000,29.438,306.0,1728.0,1182,5257,
24.4.2026,14:28:29.102,52.0,53.0,29.000,29.268,291.0,1730.0,1182,5257,
24.4.2026,14:28:29.311,51.0,53.0,29.000,29.048,1757.0,1730.0,1182,5257,
24.4.2026,14:28:29.516,51.0,53.0,28.000,29.212,225.0,1728.0,1182,5257,
24.4.2026,14:28:29.718,51.0,53.0,29.000,29.316,301.0,1730.0,1182,5257,
24.4.2026,14:28:29.921,51.0,53.0,28.000,29.299,273.0,1730.0,1182,5257,
24.4.2026,14:28:30.127,52.0,53.0,29.000,29.158,285.0,1728.0,1182,5257,
24.4.2026,14:28:30.316,51.0,53.0,29.000,29.425,291.0,1730.0,1182,5257,
24.4.2026,14:28:30.525,52.0,53.0,28.000,29.455,249.0,1730.0,1182,5257,
24.4.2026,14:28:30.729,51.0,53.0,28.000,29.155,290.0,1730.0,1182,5257,
24.4.2026,14:28:30.933,51.0,53.0,29.000,29.417,1757.0,1730.0,1182,5257,
24.4.2026,14:28:31.135,51.0,53.0,29.000,29.581,1757.0,1730.0,1182,5257,
24.4.2026,14:28:31.340,51.0,53.0,29.000,29.719,1756.0,1728.0,1182,5257,
24.4.2026,14:28:31.543,51.0,53.0,29.000,29.683,1757.0,1730.0,1182,5257,
24.4.2026,14:28:31.744,51.0,53.0,29.000,29.645,1757.0,1730.0,1182,5257,
24.4.2026,14:28:31.948,52.0,53.0,29.000,29.760,1757.0,1728.0,1182,5257,
24.4.2026,14:28:32.151,51.0,53.0,29.000,29.753,1757.0,1730.0,1182,5257,
24.4.2026,14:28:32.359,51.0,53.0,29.000,29.792,1756.0,1730.0,1182,5257,
24.4.2026,14:28:32.564,51.0,53.0,29.000,29.557,1756.0,1728.0,1182,5257,
24.4.2026,14:28:32.770,51.0,53.0,29.000,29.502,1713.0,1730.0,1182,5257,
24.4.2026,14:28:32.960,51.0,53.0,28.000,29.064,279.0,1728.0,1182,5257,
24.4.2026,14:28:33.166,51.0,53.0,29.000,29.093,1747.0,1730.0,1182,5257,
24.4.2026,14:28:33.372,52.0,53.0,29.000,28.952,286.0,1728.0,1182,5257,
24.4.2026,14:28:33.579,52.0,53.0,28.000,29.063,280.0,1730.0,1182,5257,
24.4.2026,14:28:33.781,51.0,53.0,29.000,29.187,1756.0,1730.0,1182,5257,
24.4.2026,14:28:33.987,51.0,53.0,29.000,29.525,279.0,1730.0,1182,5257,
24.4.2026,14:28:34.178,51.0,53.0,29.000,29.511,293.0,1730.0,1182,5257,
24.4.2026,14:28:34.384,51.0,53.0,29.000,29.092,1756.0,1728.0,1182,5257,
24.4.2026,14:28:34.588,51.0,53.0,28.000,29.317,260.0,1730.0,1182,5257,
24.4.2026,14:28:34.792,52.0,54.0,29.000,29.170,1747.0,1730.0,1182,5257,
24.4.2026,14:28:34.988,52.0,53.0,29.000,29.272,1756.0,1730.0,1182,5257,
24.4.2026,14:28:35.195,52.0,53.0,29.000,29.258,1757.0,1730.0,1182,5257,
24.4.2026,14:28:35.399,52.0,53.0,28.000,29.052,292.0,1730.0,1182,5257,
24.4.2026,14:28:35.602,52.0,53.0,28.000,29.087,1718.0,1730.0,1182,5257,
24.4.2026,14:28:35.805,52.0,53.0,28.000,29.092,268.0,1730.0,1182,5257,
24.4.2026,14:28:36.014,52.0,53.0,28.000,28.919,292.0,1730.0,1182,5257,
24.4.2026,14:28:36.217,52.0,53.0,29.000,29.012,1747.0,1730.0,1182,5257,
24.4.2026,14:28:36.423,52.0,53.0,29.000,29.160,302.0,1730.0,1182,5257,
24.4.2026,14:28:36.635,51.0,53.0,29.000,29.062,296.0,1730.0,1182,5257,
24.4.2026,14:28:36.836,52.0,53.0,29.000,29.130,1757.0,1728.0,1182,5257,
24.4.2026,14:28:37.041,52.0,53.0,29.000,29.182,296.0,1730.0,1182,5257,
24.4.2026,14:28:37.240,51.0,53.0,29.000,29.149,277.0,1730.0,1182,5257,
24.4.2026,14:28:37.442,51.0,53.0,29.000,29.501,1756.0,1730.0,1182,5257,
24.4.2026,14:28:37.650,51.0,53.0,29.000,29.561,1757.0,1730.0,1182,5257,
24.4.2026,14:28:37.850,51.0,53.0,29.000,29.677,1755.0,1730.0,1182,5257,
24.4.2026,14:28:38.053,52.0,53.0,29.000,29.626,1757.0,1730.0,1182,5257,
24.4.2026,14:28:38.258,51.0,53.0,29.000,29.522,270.0,1730.0,1182,5257,
24.4.2026,14:28:38.466,52.0,53.0,29.000,29.457,266.0,1728.0,1182,5257,
24.4.2026,14:28:38.670,52.0,53.0,29.000,29.464,1754.0,1730.0,1182,5257,
24.4.2026,14:28:38.875,52.0,54.0,29.000,29.301,1756.0,1730.0,1182,5257,
24.4.2026,14:28:39.077,52.0,53.0,27.000,29.225,216.0,1728.0,1182,5257,
24.4.2026,14:28:39.285,51.0,53.0,29.000,29.030,287.0,1730.0,1182,5257,
24.4.2026,14:28:39.488,52.0,53.0,29.000,29.473,1757.0,1730.0,1182,5257,
24.4.2026,14:28:39.680,52.0,53.0,29.000,29.274,1756.0,1730.0,1182,5257,
24.4.2026,14:28:39.885,51.0,53.0,29.000,29.559,1757.0,1730.0,1182,5257,
24.4.2026,14:28:40.089,51.0,53.0,29.000,29.515,290.0,1728.0,1182,5257,
24.4.2026,14:28:40.293,51.0,53.0,29.000,29.587,1753.0,1730.0,1182,5257,
24.4.2026,14:28:40.497,51.0,53.0,29.000,29.393,1756.0,1728.0,1182,5257,
24.4.2026,14:28:40.702,51.0,53.0,29.000,29.487,1757.0,1728.0,1182,5257,
24.4.2026,14:28:40.905,51.0,53.0,29.000,29.390,300.0,1730.0,1182,5257,
24.4.2026,14:28:41.108,52.0,54.0,29.000,29.251,282.0,1728.0,1182,5257,
24.4.2026,14:28:41.318,52.0,53.0,28.000,29.317,258.0,1730.0,1182,5257,
24.4.2026,14:28:41.524,52.0,53.0,29.000,29.683,1756.0,1728.0,1182,5257,
24.4.2026,14:28:41.728,51.0,53.0,29.000,29.495,1756.0,1730.0,1182,5257,
24.4.2026,14:28:41.935,52.0,53.0,29.000,29.406,1756.0,1730.0,1182,5257,
24.4.2026,14:28:42.134,52.0,53.0,29.000,29.353,1757.0,1730.0,1182,5257,
24.4.2026,14:28:42.340,52.0,53.0,29.000,29.283,1725.0,1730.0,1182,5257,
24.4.2026,14:28:42.542,51.0,53.0,29.000,29.190,302.0,1730.0,1182,5257,
24.4.2026,14:28:42.748,52.0,53.0,29.000,29.043,1751.0,1730.0,1182,5257,
24.4.2026,14:28:42.951,52.0,53.0,29.000,29.195,1756.0,1728.0,1182,5257,
24.4.2026,14:28:43.152,52.0,53.0,29.000,29.542,1757.0,1730.0,1182,5257,
24.4.2026,14:28:43.356,51.0,53.0,29.000,29.675,1756.0,1730.0,1182,5257,
24.4.2026,14:28:43.561,52.0,54.0,29.000,29.708,1757.0,1730.0,1182,5257,
24.4.2026,14:28:43.767,52.0,53.0,29.000,29.812,1757.0,1730.0,1182,5257,
24.4.2026,14:28:43.967,52.0,53.0,29.000,29.734,1757.0,1730.0,1182,5257,
24.4.2026,14:28:44.170,52.0,53.0,29.000,29.610,1757.0,1730.0,1182,5257,
24.4.2026,14:28:44.377,51.0,54.0,29.000,29.834,1757.0,1728.0,1182,5257,
24.4.2026,14:28:44.580,52.0,53.0,29.000,29.447,281.0,1730.0,1182,5257,
24.4.2026,14:28:44.782,51.0,54.0,29.000,29.183,1756.0,1730.0,1182,5257,
24.4.2026,14:28:44.986,52.0,53.0,28.000,28.911,282.0,1728.0,1182,5257,
24.4.2026,14:28:45.190,51.0,53.0,29.000,29.229,306.0,1728.0,1182,5257,
24.4.2026,14:28:45.395,52.0,53.0,28.000,29.432,282.0,1728.0,1182,5257,
24.4.2026,14:28:45.582,51.0,53.0,29.000,29.355,1756.0,1730.0,1182,5257,
24.4.2026,14:28:45.790,51.0,53.0,28.000,29.325,269.0,1730.0,1182,5257,
24.4.2026,14:28:45.993,52.0,54.0,29.000,29.353,242.0,1730.0,1182,5257,
24.4.2026,14:28:46.198,51.0,53.0,29.000,29.677,279.0,1728.0,1182,5257,
24.4.2026,14:28:46.400,51.0,53.0,28.000,29.139,258.0,1730.0,1182,5257,
24.4.2026,14:28:46.606,51.0,53.0,29.000,28.986,1749.0,1730.0,1182,5257,
24.4.2026,14:28:46.811,52.0,52.0,29.000,29.187,279.0,1730.0,1182,5257,
24.4.2026,14:28:47.011,51.0,53.0,29.000,29.188,1755.0,1728.0,1182,5257,
24.4.2026,14:28:47.213,52.0,53.0,29.000,29.315,1756.0,1730.0,1182,5257,
24.4.2026,14:28:47.418,52.0,54.0,29.000,29.122,1757.0,1730.0,1182,5257,
24.4.2026,14:28:47.623,51.0,53.0,29.000,29.094,275.0,1730.0,1182,5257,
24.4.2026,14:28:47.828,51.0,53.0,29.000,29.146,1757.0,1728.0,1182,5257,
24.4.2026,14:28:48.031,51.0,54.0,29.000,29.213,1756.0,1730.0,1182,5257,
24.4.2026,14:28:48.235,52.0,54.0,29.000,29.465,296.0,1730.0,1182,5257,
24.4.2026,14:28:48.442,52.0,53.0,29.000,29.288,278.0,1728.0,1182,5257,
24.4.2026,14:28:48.645,52.0,53.0,29.000,29.389,256.0,1728.0,1182,5257,
24.4.2026,14:28:48.849,52.0,53.0,29.000,29.209,1745.0,1728.0,1182,5257,
24.4.2026,14:28:49.056,52.0,53.0,29.000,29.417,281.0,1730.0,1182,5257,
24.4.2026,14:28:49.259,52.0,53.0,29.000,29.541,1755.0,1730.0,1182,5257,
24.4.2026,14:28:49.462,52.0,53.0,29.000,29.433,297.0,1730.0,1182,5257,
24.4.2026,14:28:49.666,52.0,53.0,29.000,29.436,1756.0,1730.0,1182,5257,
24.4.2026,14:28:49.871,51.0,53.0,28.000,29.143,268.0,1730.0,1182,5257,
24.4.2026,14:28:50.074,52.0,53.0,29.000,29.218,290.0,1730.0,1182,5257,
24.4.2026,14:28:50.275,51.0,53.0,29.000,29.463,292.0,1730.0,1182,5257,
24.4.2026,14:28:50.478,52.0,53.0,29.000,29.657,1709.0,1728.0,1182,5257,
24.4.2026,14:28:50.685,52.0,54.0,29.000,29.663,280.0,1728.0,1182,5257,
24.4.2026,14:28:50.887,52.0,53.0,29.000,29.376,1753.0,1730.0,1182,5257,
24.4.2026,14:28:51.090,52.0,53.0,29.000,29.381,285.0,1730.0,1182,5257,
24.4.2026,14:28:51.297,52.0,53.0,29.000,29.400,1756.0,1730.0,1182,5257,
24.4.2026,14:28:51.501,51.0,53.0,29.000,29.571,271.0,1730.0,1182,5257,
24.4.2026,14:28:51.692,52.0,54.0,29.000,29.018,1757.0,1730.0,1182,5257,
24.4.2026,14:28:51.893,52.0,53.0,29.000,29.088,300.0,1728.0,1182,5257,
24.4.2026,14:28:52.112,52.0,53.0,29.000,29.341,1757.0,1728.0,1182,5257,
24.4.2026,14:28:52.303,52.0,54.0,29.000,29.374,1757.0,1730.0,1182,5257,
24.4.2026,14:28:52.505,51.0,53.0,28.000,29.267,284.0,1730.0,1182,5257,
24.4.2026,14:28:52.709,52.0,54.0,28.000,29.431,269.0,1730.0,1182,5257,
24.4.2026,14:28:52.914,52.0,53.0,29.000,29.366,308.0,1730.0,1182,5257,
24.4.2026,14:28:53.116,52.0,53.0,28.000,29.333,270.0,1730.0,1182,5257,
24.4.2026,14:28:53.316,51.0,53.0,29.000,29.300,1757.0,1730.0,1182,5257,
24.4.2026,14:28:53.531,52.0,53.0,29.000,29.718,1757.0,1730.0,1182,5257,
24.4.2026,14:28:53.734,51.0,53.0,29.000,29.672,299.0,1730.0,1182,5257,
24.4.2026,14:28:53.940,52.0,54.0,29.000,29.584,1744.0,1730.0,1182,5257,
24.4.2026,14:28:54.132,52.0,54.0,29.000,29.584,1744.0,1730.0,1182,5257,
24.4.2026,14:28:54.336,52.0,54.0,29.000,29.693,1755.0,1730.0,1182,5257,
24.4.2026,14:28:54.568,52.0,53.0,29.000,29.443,1757.0,1728.0,1182,5257,
24.4.2026,14:28:54.748,52.0,53.0,29.000,29.443,1757.0,1728.0,1182,5257,
24.4.2026,14:28:54.953,52.0,53.0,29.000,29.373,1730.0,1730.0,1182,5257,
24.4.2026,14:28:55.151,52.0,54.0,29.000,29.380,297.0,1730.0,1182,5257,
24.4.2026,14:28:55.357,52.0,53.0,29.000,29.694,1757.0,1730.0,1182,5257,
24.4.2026,14:28:55.560,51.0,53.0,29.000,29.756,1758.0,1730.0,1182,5257,
24.4.2026,14:28:55.767,52.0,54.0,29.000,29.820,1757.0,1730.0,1182,5257,
24.4.2026,14:28:55.957,52.0,54.0,30.000,29.909,1757.0,1728.0,1182,5257,
24.4.2026,14:28:56.161,52.0,54.0,29.000,29.929,1757.0,1730.0,1182,5257,
24.4.2026,14:28:56.366,52.0,54.0,29.000,29.972,1757.0,1730.0,1182,5257,
24.4.2026,14:28:56.571,52.0,54.0,29.000,30.109,1756.0,1728.0,1182,5257,
24.4.2026,14:28:56.779,52.0,53.0,30.000,30.126,1757.0,1730.0,1182,5257,
24.4.2026,14:28:56.986,52.0,53.0,29.000,29.909,282.0,1730.0,1182,5257,
24.4.2026,14:28:57.187,52.0,54.0,29.000,29.531,1757.0,1730.0,1182,5257,
24.4.2026,14:28:57.393,52.0,53.0,29.000,29.716,260.0,1728.0,1182,5257,
24.4.2026,14:28:57.582,52.0,54.0,30.000,29.696,1756.0,1728.0,1182,5257,
24.4.2026,14:28:57.785,52.0,53.0,30.000,29.632,1756.0,1728.0,1182,5257,
24.4.2026,14:28:58.003,52.0,53.0,29.000,29.688,1756.0,1728.0,1182,5257,
24.4.2026,14:28:58.207,52.0,53.0,29.000,29.429,1757.0,1730.0,1182,5257,
24.4.2026,14:28:58.399,52.0,54.0,30.000,29.566,1746.0,1730.0,1182,5257,
24.4.2026,14:28:58.598,52.0,54.0,30.000,29.687,1751.0,1728.0,1182,5257,
24.4.2026,14:28:58.804,52.0,53.0,29.000,29.609,1756.0,1730.0,1182,5257,
24.4.2026,14:28:59.011,52.0,53.0,29.000,29.263,1757.0,1728.0,1182,5257,
24.4.2026,14:28:59.218,52.0,54.0,30.000,29.456,1757.0,1730.0,1182,5257,
24.4.2026,14:28:59.422,52.0,54.0,29.000,29.457,286.0,1728.0,1182,5257,
24.4.2026,14:28:59.624,52.0,54.0,29.000,29.480,1736.0,1728.0,1182,5257,
24.4.2026,14:28:59.832,51.0,53.0,29.000,29.328,303.0,1730.0,1182,5257,
24.4.2026,14:29:0.024,52.0,53.0,29.000,29.257,1756.0,1728.0,1182,5257,
24.4.2026,14:29:0.227,52.0,53.0,28.000,29.245,294.0,1728.0,1182,5257,
24.4.2026,14:29:0.432,52.0,53.0,29.000,29.133,1757.0,1728.0,1182,5257,
24.4.2026,14:29:0.636,52.0,54.0,29.000,29.395,1756.0,1730.0,1182,5257,
24.4.2026,14:29:0.840,52.0,54.0,29.000,29.609,1757.0,1730.0,1182,5257,
24.4.2026,14:29:1.047,52.0,53.0,29.000,29.639,1736.0,1730.0,1182,5257,
24.4.2026,14:29:1.252,52.0,54.0,29.000,29.199,294.0,1730.0,1182,5257,
24.4.2026,14:29:1.458,52.0,53.0,29.000,29.578,1756.0,1730.0,1182,5257,
24.4.2026,14:29:1.644,51.0,53.0,29.000,29.518,1757.0,1730.0,1182,5257,
24.4.2026,14:29:1.847,52.0,53.0,29.000,29.130,1757.0,1730.0,1182,5257,
24.4.2026,14:29:2.056,52.0,53.0,29.000,29.155,1756.0,1730.0,1182,5257,
24.4.2026,14:29:2.267,52.0,54.0,28.000,29.302,303.0,1730.0,1182,5257,
24.4.2026,14:29:2.459,52.0,53.0,29.000,29.166,301.0,1730.0,1182,5257,
24.4.2026,14:29:2.663,52.0,53.0,29.000,29.047,1753.0,1730.0,1182,5257,
24.4.2026,14:29:2.871,52.0,54.0,29.000,29.074,1755.0,1728.0,1182,5257,
24.4.2026,14:29:3.070,52.0,54.0,29.000,28.934,273.0,1728.0,1182,5257,
24.4.2026,14:29:3.276,52.0,54.0,29.000,29.117,1754.0,1730.0,1182,5257,
24.4.2026,14:29:3.477,52.0,54.0,29.000,29.635,1756.0,1730.0,1182,5257,
24.4.2026,14:29:3.681,52.0,54.0,29.000,29.355,295.0,1730.0,1182,5257,
24.4.2026,14:29:3.887,52.0,54.0,28.000,29.091,277.0,1730.0,1182,5257,
24.4.2026,14:29:4.095,52.0,53.0,29.000,29.250,1757.0,1730.0,1182,5257,
24.4.2026,14:29:4.295,52.0,54.0,28.000,29.116,276.0,1728.0,1182,5257,
24.4.2026,14:29:4.498,51.0,54.0,29.000,29.259,304.0,1730.0,1182,5257,
24.4.2026,14:29:4.698,52.0,53.0,28.000,29.427,252.0,1730.0,1182,5257,
24.4.2026,14:29:4.904,51.0,53.0,29.000,29.302,293.0,1730.0,1182,5257,
24.4.2026,14:29:5.107,51.0,54.0,29.000,29.492,1755.0,1728.0,1182,5257,
24.4.2026,14:29:5.308,52.0,54.0,28.000,29.431,276.0,1730.0,1182,5257,
24.4.2026,14:29:5.511,52.0,53.0,29.000,28.969,1757.0,1730.0,1182,5257,
24.4.2026,14:29:5.717,52.0,53.0,28.000,29.020,283.0,1730.0,1182,5257,
24.4.2026,14:29:5.919,52.0,54.0,29.000,29.077,1757.0,1728.0,1182,5257,
24.4.2026,14:29:6.124,52.0,54.0,29.000,29.134,1757.0,1728.0,1182,5257,
24.4.2026,14:29:6.330,52.0,54.0,29.000,29.169,306.0,1730.0,1182,5257,
24.4.2026,14:29:6.534,52.0,54.0,28.000,28.976,281.0,1730.0,1182,5257,
24.4.2026,14:29:6.722,52.0,53.0,28.000,28.869,296.0,1730.0,1182,5257,
24.4.2026,14:29:6.928,52.0,54.0,28.000,29.043,297.0,1730.0,1182,5257,
24.4.2026,14:29:7.133,53.0,53.0,28.000,29.108,284.0,1730.0,1182,5257,
24.4.2026,14:29:7.338,51.0,53.0,29.000,29.099,1756.0,1730.0,1182,5257,
24.4.2026,14:29:7.542,52.0,53.0,29.000,29.031,1757.0,1728.0,1182,5257,
24.4.2026,14:29:7.748,52.0,54.0,29.000,29.343,1756.0,1728.0,1182,5257,
24.4.2026,14:29:7.958,52.0,54.0,29.000,29.530,1757.0,1728.0,1182,5257,
24.4.2026,14:29:8.159,52.0,54.0,29.000,29.699,1757.0,1730.0,1182,5257,
24.4.2026,14:29:8.361,52.0,54.0,29.000,29.651,1757.0,1730.0,1182,5257,
24.4.2026,14:29:8.568,52.0,54.0,29.000,29.628,1757.0,1730.0,1182,5257,
24.4.2026,14:29:8.772,52.0,54.0,29.000,29.619,1757.0,1730.0,1182,5257,
24.4.2026,14:29:8.974,52.0,54.0,29.000,29.624,1757.0,1730.0,1182,5257,
24.4.2026,14:29:9.183,52.0,54.0,29.000,29.807,1757.0,1730.0,1182,5257,
24.4.2026,14:29:9.386,52.0,54.0,29.000,29.436,1723.0,1728.0,1182,5257,
24.4.2026,14:29:9.589,52.0,53.0,29.000,29.345,1743.0,1730.0,1182,5257,
24.4.2026,14:29:9.795,52.0,54.0,29.000,29.456,280.0,1730.0,1182,5257,
24.4.2026,14:29:9.999,52.0,54.0,29.000,29.477,290.0,1730.0,1182,5257,
24.4.2026,14:29:10.210,53.0,54.0,29.000,29.412,1756.0,1730.0,1182,5257,
24.4.2026,14:29:10.407,52.0,53.0,29.000,29.583,1757.0,1728.0,1182,5257,
24.4.2026,14:29:10.607,52.0,54.0,29.000,29.731,1757.0,1730.0,1182,5257,
24.4.2026,14:29:10.814,52.0,54.0,29.000,29.659,1714.0,1728.0,1182,5257,
24.4.2026,14:29:11.013,52.0,54.0,29.000,29.532,257.0,1730.0,1182,5257,
24.4.2026,14:29:11.215,52.0,53.0,29.000,29.598,284.0,1730.0,1182,5257,
24.4.2026,14:29:11.416,52.0,53.0,29.000,29.538,1755.0,1730.0,1182,5257,
24.4.2026,14:29:11.617,52.0,54.0,29.000,29.403,1757.0,1730.0,1182,5257,
24.4.2026,14:29:11.824,52.0,54.0,29.000,29.536,301.0,1730.0,1182,5257,
24.4.2026,14:29:12.028,52.0,53.0,30.000,29.806,299.0,1730.0,1182,5257,
24.4.2026,14:29:12.234,52.0,53.0,29.000,29.817,1756.0,1730.0,1182,5257,
24.4.2026,14:29:12.439,52.0,54.0,29.000,29.660,299.0,1728.0,1182,5257,
24.4.2026,14:29:12.643,52.0,54.0,29.000,29.584,1757.0,1730.0,1182,5257,
24.4.2026,14:29:12.843,52.0,53.0,30.000,29.602,1751.0,1730.0,1182,5257,
24.4.2026,14:29:13.048,52.0,53.0,29.000,29.745,1756.0,1728.0,1182,5257,
24.4.2026,14:29:13.250,52.0,54.0,29.000,29.707,1756.0,1730.0,1182,5257,
24.4.2026,14:29:13.456,52.0,54.0,29.000,29.869,1757.0,1730.0,1182,5257,
24.4.2026,14:29:13.648,52.0,54.0,29.000,29.782,279.0,1728.0,1182,5257,
24.4.2026,14:29:13.850,52.0,54.0,29.000,29.652,1748.0,1728.0,1182,5257,
24.4.2026,14:29:14.057,52.0,54.0,29.000,29.356,1756.0,1728.0,1182,5257,
24.4.2026,14:29:14.261,53.0,54.0,29.000,29.462,1757.0,1728.0,1182,5257,
24.4.2026,14:29:14.467,52.0,54.0,29.000,29.657,1757.0,1730.0,1182,5257,
24.4.2026,14:29:14.673,52.0,54.0,29.000,29.601,285.0,1728.0,1182,5257,
24.4.2026,14:29:14.878,52.0,53.0,29.000,29.418,299.0,1728.0,1182,5257,
24.4.2026,14:29:15.081,52.0,53.0,28.000,29.430,232.0,1730.0,1182,5257,
24.4.2026,14:29:15.274,52.0,54.0,29.000,29.571,1755.0,1728.0,1182,5257,
24.4.2026,14:29:15.479,52.0,54.0,29.000,29.195,1756.0,1728.0,1182,5257,
24.4.2026,14:29:15.684,52.0,54.0,29.000,29.218,296.0,1730.0,1182,5257,
24.4.2026,14:29:15.887,52.0,53.0,29.000,29.210,1757.0,1730.0,1182,5257,
24.4.2026,14:29:16.093,52.0,54.0,29.000,29.532,293.0,1730.0,1182,5257,
24.4.2026,14:29:16.304,52.0,54.0,29.000,29.392,273.0,1730.0,1182,5257,
24.4.2026,14:29:16.505,52.0,54.0,29.000,29.460,1743.0,1728.0,1182,5257,
24.4.2026,14:29:16.714,52.0,54.0,29.000,29.228,281.0,1730.0,1182,5257,
24.4.2026,14:29:16.913,52.0,54.0,29.000,29.358,1754.0,1730.0,1182,5257,
24.4.2026,14:29:17.114,52.0,54.0,29.000,29.497,285.0,1728.0,1182,5257,
24.4.2026,14:29:17.321,53.0,54.0,29.000,29.220,295.0,1728.0,1182,5257,
24.4.2026,14:29:17.525,52.0,54.0,29.000,29.235,1756.0,1730.0,1182,5257,
24.4.2026,14:29:17.734,52.0,54.0,29.000,29.087,1757.0,1730.0,1182,5257,
24.4.2026,14:29:17.937,52.0,54.0,28.000,29.073,281.0,1730.0,1182,5257,
24.4.2026,14:29:18.142,52.0,53.0,29.000,29.313,1716.0,1730.0,1182,5257,
24.4.2026,14:29:18.344,52.0,54.0,28.000,29.269,277.0,1730.0,1182,5257,
24.4.2026,14:29:18.541,52.0,54.0,28.000,29.269,277.0,1730.0,1182,5257,
24.4.2026,14:29:18.749,52.0,54.0,29.000,29.323,285.0,1728.0,1182,5257,
24.4.2026,14:29:18.953,52.0,54.0,29.000,29.519,1756.0,1730.0,1182,5257,
24.4.2026,14:29:19.154,52.0,54.0,29.000,29.479,303.0,1730.0,1182,5257,
24.4.2026,14:29:19.369,52.0,54.0,29.000,29.396,1756.0,1728.0,1182,5257,
24.4.2026,14:29:19.558,52.0,54.0,29.000,29.396,1756.0,1728.0,1182,5257,
24.4.2026,14:29:19.764,52.0,54.0,29.000,29.301,285.0,1730.0,1182,5257,
24.4.2026,14:29:19.971,52.0,54.0,29.000,29.149,287.0,1728.0,1182,5257,
24.4.2026,14:29:20.183,53.0,54.0,29.000,29.745,1757.0,1730.0,1182,5257,
24.4.2026,14:29:20.388,53.0,54.0,29.000,29.745,1757.0,1730.0,1182,5257,
24.4.2026,14:29:20.581,53.0,54.0,29.000,29.798,1757.0,1730.0,1182,5257,
24.4.2026,14:29:20.775,52.0,54.0,29.000,29.807,1756.0,1730.0,1182,5257,
24.4.2026,14:29:20.976,53.0,54.0,29.000,29.615,1757.0,1730.0,1182,5257,
24.4.2026,14:29:21.179,52.0,54.0,29.000,29.733,1757.0,1728.0,1182,5257,
24.4.2026,14:29:21.386,52.0,54.0,29.000,29.468,1757.0,1730.0,1182,5257,
24.4.2026,14:29:21.592,52.0,54.0,29.000,29.248,1757.0,1728.0,1182,5257,
24.4.2026,14:29:21.792,52.0,54.0,28.000,29.237,305.0,1730.0,1182,5257,
24.4.2026,14:29:21.994,52.0,54.0,28.000,29.162,274.0,1728.0,1182,5257,
24.4.2026,14:29:22.200,52.0,54.0,29.000,29.061,1756.0,1730.0,1182,5257,
24.4.2026,14:29:22.408,53.0,54.0,28.000,29.305,263.0,1728.0,1182,5257,
24.4.2026,14:29:22.613,52.0,54.0,28.000,29.455,244.0,1730.0,1182,5257,
24.4.2026,14:29:22.801,52.0,54.0,29.000,29.284,289.0,1728.0,1182,5257,
24.4.2026,14:29:23.009,52.0,54.0,29.000,29.388,299.0,1728.0,1182,5257,
24.4.2026,14:29:23.212,52.0,54.0,29.000,29.133,290.0,1730.0,1182,5257,
24.4.2026,14:29:23.415,52.0,54.0,29.000,29.359,283.0,1730.0,1182,5257,
24.4.2026,14:29:23.622,52.0,54.0,29.000,29.347,302.0,1728.0,1182,5257,
24.4.2026,14:29:23.827,52.0,54.0,29.000,29.444,290.0,1730.0,1182,5257,
24.4.2026,14:29:24.033,52.0,54.0,28.000,29.145,256.0,1730.0,1182,5257,
24.4.2026,14:29:24.238,52.0,54.0,29.000,29.405,280.0,1728.0,1182,5257,
24.4.2026,14:29:24.427,52.0,54.0,29.000,29.395,1756.0,1728.0,1182,5257,
24.4.2026,14:29:24.633,52.0,54.0,29.000,29.462,1756.0,1730.0,1182,5257,
24.4.2026,14:29:24.840,52.0,54.0,29.000,29.586,1756.0,1728.0,1182,5257,
24.4.2026,14:29:25.046,52.0,54.0,29.000,29.539,1722.0,1728.0,1182,5257,
24.4.2026,14:29:25.249,52.0,54.0,28.000,29.347,253.0,1730.0,1182,5257,
24.4.2026,14:29:25.455,52.0,54.0,29.000,29.189,297.0,1730.0,1182,5257,
24.4.2026,14:29:25.661,52.0,54.0,29.000,29.252,1756.0,1730.0,1182,5257,
24.4.2026,14:29:25.864,52.0,54.0,29.000,29.069,1756.0,1730.0,1182,5257,
24.4.2026,14:29:26.069,52.0,54.0,29.000,29.074,1756.0,1730.0,1182,5257,
24.4.2026,14:29:26.272,52.0,54.0,29.000,28.723,1756.0,1730.0,1182,5257,
24.4.2026,14:29:26.477,52.0,54.0,29.000,29.139,1757.0,1728.0,1182,5257,
24.4.2026,14:29:26.681,52.0,54.0,29.000,29.198,1757.0,1728.0,1182,5257,
24.4.2026,14:29:26.887,52.0,54.0,29.000,29.117,1756.0,1728.0,1182,5257,
24.4.2026,14:29:27.092,53.0,54.0,29.000,29.152,1757.0,1730.0,1182,5257,
24.4.2026,14:29:27.296,52.0,54.0,29.000,29.271,286.0,1730.0,1182,5257,
24.4.2026,14:29:27.499,52.0,54.0,29.000,29.524,1732.0,1730.0,1182,5257,
24.4.2026,14:29:27.704,52.0,53.0,30.000,29.592,1754.0,1728.0,1182,5257,
24.4.2026,14:29:27.907,52.0,54.0,29.000,29.393,283.0,1730.0,1182,5257,
24.4.2026,14:29:28.107,52.0,54.0,28.000,29.042,271.0,1730.0,1182,5257,
24.4.2026,14:29:28.311,52.0,54.0,29.000,29.099,1755.0,1730.0,1182,5257,
24.4.2026,14:29:28.515,53.0,54.0,29.000,29.337,1756.0,1730.0,1182,5257,
24.4.2026,14:29:28.722,52.0,54.0,29.000,29.320,1757.0,1730.0,1182,5257,
24.4.2026,14:29:28.924,52.0,54.0,29.000,29.322,1757.0,1728.0,1182,5257,
24.4.2026,14:29:29.128,52.0,54.0,29.000,29.258,1757.0,1730.0,1182,5257,
24.4.2026,14:29:29.316,52.0,54.0,29.000,29.788,1749.0,1728.0,1182,5257,
24.4.2026,14:29:29.533,53.0,54.0,29.000,29.670,1755.0,1730.0,1182,5257,
24.4.2026,14:29:29.734,53.0,54.0,29.000,29.305,1756.0,1730.0,1182,5257,
24.4.2026,14:29:29.939,52.0,54.0,29.000,29.331,1757.0,1730.0,1182,5257,
24.4.2026,14:29:30.132,53.0,54.0,30.000,29.651,1756.0,1730.0,1182,5257,
24.4.2026,14:29:30.332,52.0,53.0,29.000,29.475,282.0,1730.0,1182,5257,
24.4.2026,14:29:30.538,53.0,54.0,29.000,29.446,287.0,1728.0,1182,5257,
24.4.2026,14:29:30.744,52.0,54.0,29.000,29.475,1706.0,1728.0,1182,5257,
24.4.2026,14:29:30.949,52.0,54.0,29.000,29.475,254.0,1730.0,1182,5257,
24.4.2026,14:29:31.152,52.0,54.0,29.000,29.442,1755.0,1728.0,1182,5257,
24.4.2026,14:29:31.357,52.0,54.0,29.000,29.323,299.0,1728.0,1182,5257,
24.4.2026,14:29:31.573,53.0,54.0,29.000,29.360,1756.0,1730.0,1182,5257,
24.4.2026,14:29:31.780,52.0,54.0,29.000,29.177,1756.0,1728.0,1182,5257,
24.4.2026,14:29:31.983,52.0,54.0,29.000,28.879,296.0,1730.0,1182,5257,
24.4.2026,14:29:32.188,53.0,53.0,30.000,29.310,1756.0,1728.0,1182,5257,
24.4.2026,14:29:32.388,53.0,54.0,30.000,29.607,1757.0,1730.0,1182,5257,
24.4.2026,14:29:32.593,52.0,54.0,30.000,29.871,1756.0,1730.0,1182,5257,
24.4.2026,14:29:32.798,52.0,54.0,29.000,30.018,1756.0,1730.0,1182,5257,
24.4.2026,14:29:32.991,52.0,54.0,30.000,29.604,1756.0,1730.0,1182,5257,
24.4.2026,14:29:33.194,53.0,54.0,29.000,29.896,1756.0,1728.0,1182,5257,
24.4.2026,14:29:33.397,53.0,54.0,29.000,29.816,1757.0,1730.0,1182,5257,
24.4.2026,14:29:33.603,52.0,54.0,30.000,29.975,1756.0,1730.0,1182,5257,
24.4.2026,14:29:33.810,52.0,54.0,29.000,29.882,1756.0,1730.0,1182,5257,
24.4.2026,14:29:34.012,52.0,54.0,29.000,29.415,1756.0,1730.0,1182,5257,
24.4.2026,14:29:34.220,53.0,54.0,29.000,29.485,1756.0,1730.0,1182,5257,
24.4.2026,14:29:34.422,52.0,54.0,29.000,29.218,1757.0,1730.0,1182,5257,
24.4.2026,14:29:34.626,53.0,54.0,29.000,29.139,294.0,1728.0,1182,5257,
24.4.2026,14:29:34.818,52.0,54.0,29.000,29.355,1756.0,1730.0,1182,5257,
24.4.2026,14:29:35.021,52.0,54.0,29.000,29.055,1757.0,1730.0,1182,5257,
24.4.2026,14:29:35.224,52.0,54.0,28.000,29.247,282.0,1728.0,1182,5257,
24.4.2026,14:29:35.430,52.0,54.0,29.000,29.119,301.0,1728.0,1182,5257,
24.4.2026,14:29:35.634,53.0,54.0,29.000,29.292,1705.0,1730.0,1182,5257,
24.4.2026,14:29:35.838,53.0,54.0,28.000,29.270,276.0,1730.0,1182,5257,
24.4.2026,14:29:36.047,52.0,54.0,28.000,29.065,262.0,1728.0,1182,5257,
24.4.2026,14:29:36.250,52.0,54.0,29.000,29.279,293.0,1730.0,1182,5257,
24.4.2026,14:29:36.455,52.0,54.0,29.000,29.481,277.0,1728.0,1182,5257,
24.4.2026,14:29:36.647,52.0,54.0,29.000,29.388,271.0,1730.0,1182,5257,
24.4.2026,14:29:36.851,52.0,54.0,28.000,29.190,275.0,1730.0,1182,5257,
24.4.2026,14:29:37.056,53.0,54.0,29.000,29.033,1756.0,1728.0,1182,5257,
24.4.2026,14:29:37.254,53.0,54.0,28.000,29.018,266.0,1730.0,1182,5257,
24.4.2026,14:29:37.461,52.0,54.0,29.000,28.983,1757.0,1730.0,1182,5257,
24.4.2026,14:29:37.666,52.0,54.0,28.000,28.898,1756.0,1730.0,1182,5257,
24.4.2026,14:29:37.873,52.0,54.0,28.000,28.801,296.0,1730.0,1182,5257,
24.4.2026,14:29:38.075,53.0,54.0,28.000,29.068,293.0,1730.0,1182,5257,
24.4.2026,14:29:38.282,52.0,54.0,29.000,29.120,1753.0,1728.0,1182,5257,
24.4.2026,14:29:38.488,53.0,54.0,28.000,28.968,1756.0,1730.0,1182,5257,
24.4.2026,14:29:38.705,52.0,54.0,29.000,29.192,1757.0,1728.0,1182,5257,
24.4.2026,14:29:38.896,52.0,54.0,28.000,29.001,292.0,1730.0,1182,5257,
24.4.2026,14:29:39.101,52.0,54.0,29.000,29.170,288.0,1730.0,1182,5257,
24.4.2026,14:29:39.304,52.0,54.0,29.000,29.163,1753.0,1728.0,1182,5257,
24.4.2026,14:29:39.508,52.0,54.0,29.000,29.413,1756.0,1728.0,1182,5257,
24.4.2026,14:29:39.708,53.0,54.0,28.000,29.227,298.0,1728.0,1182,5257,
24.4.2026,14:29:39.911,53.0,54.0,29.000,29.051,1757.0,1730.0,1182,5257,
24.4.2026,14:29:40.118,53.0,54.0,28.000,28.843,302.0,1730.0,1182,5257,
24.4.2026,14:29:40.324,53.0,54.0,29.000,29.004,1757.0,1730.0,1182,5257,
24.4.2026,14:29:40.530,52.0,54.0,29.000,29.136,296.0,1730.0,1182,5257,
24.4.2026,14:29:40.736,52.0,54.0,29.000,29.018,1750.0,1730.0,1182,5257,
24.4.2026,14:29:40.938,53.0,54.0,29.000,29.124,1755.0,1728.0,1182,5257,
24.4.2026,14:29:41.145,53.0,54.0,29.000,29.174,1756.0,1728.0,1182,5257,
24.4.2026,14:29:41.350,53.0,54.0,29.000,29.087,306.0,1730.0,1182,5257,
24.4.2026,14:29:41.554,52.0,54.0,29.000,29.281,1757.0,1730.0,1182,5257,
24.4.2026,14:29:41.762,53.0,54.0,29.000,29.182,1711.0,1730.0,1182,5257,
24.4.2026,14:29:41.963,53.0,54.0,28.000,29.044,289.0,1730.0,1182,5257,
24.4.2026,14:29:42.168,53.0,54.0,29.000,28.941,1754.0,1730.0,1182,5257,
24.4.2026,14:29:42.373,53.0,54.0,29.000,29.299,1757.0,1730.0,1182,5257,
24.4.2026,14:29:42.575,53.0,54.0,29.000,29.216,307.0,1730.0,1182,5257,
24.4.2026,14:29:42.775,52.0,54.0,29.000,29.173,299.0,1728.0,1182,5257,
24.4.2026,14:29:42.973,52.0,54.0,29.000,29.111,285.0,1730.0,1182,5257,
24.4.2026,14:29:43.180,52.0,54.0,28.000,29.181,258.0,1728.0,1182,5257,
24.4.2026,14:29:43.386,52.0,54.0,29.000,29.098,298.0,1730.0,1182,5257,
24.4.2026,14:29:43.591,53.0,54.0,29.000,29.036,305.0,1730.0,1182,5257,
24.4.2026,14:29:43.799,52.0,54.0,29.000,29.261,1756.0,1728.0,1182,5257,
24.4.2026,14:29:44.002,52.0,54.0,29.000,29.420,1757.0,1730.0,1182,5257,
24.4.2026,14:29:44.201,52.0,54.0,29.000,29.344,306.0,1730.0,1182,5257,
24.4.2026,14:29:44.404,52.0,54.0,29.000,29.399,1756.0,1730.0,1182,5257,
24.4.2026,14:29:44.609,52.0,54.0,29.000,29.934,1757.0,1728.0,1182,5257,
24.4.2026,14:29:44.812,52.0,54.0,29.000,29.872,1756.0,1728.0,1182,5257,
24.4.2026,14:29:45.016,53.0,54.0,29.000,29.978,1756.0,1730.0,1182,5257,
24.4.2026,14:29:45.223,53.0,54.0,29.000,29.762,1757.0,1728.0,1182,5257,
24.4.2026,14:29:45.427,53.0,54.0,29.000,29.631,1756.0,1728.0,1182,5257,
24.4.2026,14:29:45.635,53.0,54.0,29.000,29.494,1757.0,1730.0,1182,5257,
24.4.2026,14:29:45.838,53.0,54.0,29.000,29.530,1757.0,1728.0,1182,5257,
24.4.2026,14:29:46.041,53.0,54.0,28.000,29.189,1732.0,1728.0,1182,5257,
24.4.2026,14:29:46.246,53.0,54.0,29.000,28.866,1726.0,1728.0,1182,5257,
24.4.2026,14:29:46.455,52.0,54.0,28.000,29.024,259.0,1728.0,1182,5257,
24.4.2026,14:29:46.658,52.0,54.0,29.000,29.105,295.0,1728.0,1182,5257,
24.4.2026,14:29:46.863,52.0,54.0,29.000,29.250,1757.0,1730.0,1182,5257,
24.4.2026,14:29:47.075,53.0,54.0,29.000,29.245,307.0,1730.0,1182,5257,
24.4.2026,14:29:47.280,53.0,54.0,29.000,29.089,1757.0,1728.0,1182,5257,
24.4.2026,14:29:47.483,53.0,54.0,28.000,29.115,1707.0,1728.0,1182,5257,
24.4.2026,14:29:47.690,53.0,54.0,29.000,29.082,303.0,1730.0,1182,5257,
24.4.2026,14:29:47.881,52.0,54.0,29.000,29.032,1757.0,1728.0,1182,5257,
24.4.2026,14:29:48.097,53.0,54.0,29.000,28.845,1756.0,1730.0,1182,5257,
24.4.2026,14:29:48.300,52.0,54.0,28.000,29.138,277.0,1728.0,1182,5257,
24.4.2026,14:29:48.512,52.0,54.0,28.000,28.755,270.0,1728.0,1182,5257,
24.4.2026,14:29:48.717,53.0,54.0,28.000,28.818,1757.0,1728.0,1182,5257,
24.4.2026,14:29:48.921,53.0,54.0,28.000,28.623,246.0,1730.0,1182,5257,
24.4.2026,14:29:49.122,53.0,54.0,28.000,28.938,290.0,1730.0,1182,5257,
24.4.2026,14:29:49.326,53.0,54.0,28.000,28.813,302.0,1730.0,1182,5257,
24.4.2026,14:29:49.530,52.0,54.0,28.000,28.743,297.0,1730.0,1182,5257,
24.4.2026,14:29:49.731,53.0,54.0,29.000,28.881,1755.0,1730.0,1182,5257,
24.4.2026,14:29:49.936,53.0,54.0,28.000,28.900,1757.0,1730.0,1182,5257,
24.4.2026,14:29:50.143,53.0,54.0,28.000,28.965,1757.0,1728.0,1182,5257,
24.4.2026,14:29:50.332,53.0,54.0,28.000,28.673,302.0,1730.0,1182,5257,
24.4.2026,14:29:50.537,53.0,55.0,29.000,28.945,1757.0,1728.0,1182,5257,
24.4.2026,14:29:50.741,53.0,54.0,28.000,29.154,290.0,1730.0,1182,5257,
24.4.2026,14:29:50.946,53.0,54.0,29.000,28.989,1757.0,1730.0,1182,5257,
24.4.2026,14:29:51.150,52.0,54.0,28.000,28.943,268.0,1730.0,1182,5257,
24.4.2026,14:29:51.352,52.0,54.0,28.000,28.796,265.0,1730.0,1182,5257,
24.4.2026,14:29:51.553,52.0,54.0,30.000,28.929,1753.0,1730.0,1182,5257,
24.4.2026,14:29:51.756,53.0,54.0,29.000,29.184,289.0,1728.0,1182,5257,
24.4.2026,14:29:51.960,52.0,54.0,28.000,29.044,269.0,1730.0,1182,5257,
24.4.2026,14:29:52.166,53.0,54.0,28.000,28.891,1757.0,1730.0,1182,5257,
24.4.2026,14:29:52.370,53.0,54.0,28.000,28.977,1756.0,1728.0,1182,5257,
24.4.2026,14:29:52.573,53.0,54.0,28.000,28.900,1757.0,1730.0,1182,5257,
24.4.2026,14:29:52.781,53.0,54.0,28.000,28.621,297.0,1730.0,1182,5257,
24.4.2026,14:29:52.982,53.0,54.0,28.000,28.736,1756.0,1728.0,1182,5257,
24.4.2026,14:29:53.190,52.0,54.0,28.000,28.762,281.0,1728.0,1182,5257,
24.4.2026,14:29:53.381,52.0,54.0,28.000,28.870,1751.0,1730.0,1182,5257,
24.4.2026,14:29:53.585,52.0,54.0,28.000,28.938,1756.0,1730.0,1182,5257,
24.4.2026,14:29:53.789,52.0,54.0,29.000,28.903,1756.0,1730.0,1182,5257,
24.4.2026,14:29:53.995,52.0,54.0,28.000,29.193,1757.0,1730.0,1182,5257,
24.4.2026,14:29:54.197,52.0,54.0,28.000,28.883,299.0,1730.0,1182,5257,
24.4.2026,14:29:54.401,52.0,54.0,29.000,28.875,293.0,1728.0,1182,5257,
24.4.2026,14:29:54.604,52.0,53.0,29.000,29.138,1753.0,1730.0,1182,5257,
24.4.2026,14:29:54.812,51.0,53.0,28.000,29.112,303.0,1730.0,1182,5257,
24.4.2026,14:29:55.017,51.0,54.0,28.000,28.943,300.0,1730.0,1182,5257,
24.4.2026,14:29:55.233,51.0,53.0,28.000,28.660,1757.0,1728.0,1182,5257,
24.4.2026,14:29:55.433,52.0,53.0,28.000,28.571,1756.0,1730.0,1182,5257,
24.4.2026,14:29:55.641,51.0,53.0,28.000,28.646,245.0,1730.0,1182,5257,
24.4.2026,14:29:55.845,51.0,53.0,28.000,28.498,1755.0,1730.0,1182,5257,
24.4.2026,14:29:56.037,51.0,53.0,28.000,28.701,1757.0,1730.0,1182,5257,
24.4.2026,14:29:56.240,51.0,53.0,28.000,28.732,1757.0,1728.0,1182,5257,
24.4.2026,14:29:56.457,51.0,53.0,28.000,28.632,1757.0,1730.0,1182,5257,
24.4.2026,14:29:56.645,51.0,53.0,29.000,28.858,1757.0,1728.0,1182,5257,
24.4.2026,14:29:56.851,51.0,53.0,29.000,29.390,1757.0,1728.0,1182,5257,
24.4.2026,14:29:57.051,51.0,53.0,29.000,29.449,1756.0,1730.0,1182,5257,
24.4.2026,14:29:57.273,51.0,52.0,29.000,29.587,1757.0,1730.0,1182,5257,
24.4.2026,14:29:57.472,51.0,53.0,29.000,29.402,1757.0,1728.0,1182,5257,
24.4.2026,14:29:57.678,51.0,53.0,29.000,29.389,1757.0,1728.0,1182,5257,
24.4.2026,14:29:57.880,51.0,52.0,29.000,29.252,1757.0,1730.0,1182,5257,
24.4.2026,14:29:58.084,50.0,53.0,28.000,29.224,1756.0,1730.0,1182,5257,
24.4.2026,14:29:58.292,51.0,52.0,28.000,28.709,301.0,1730.0,1182,5257,
24.4.2026,14:29:58.498,51.0,52.0,28.000,28.761,279.0,1730.0,1182,5257,
24.4.2026,14:29:58.696,51.0,53.0,28.000,28.623,291.0,1730.0,1182,5257,
24.4.2026,14:29:58.902,50.0,53.0,28.000,28.717,1755.0,1730.0,1182,5257,
24.4.2026,14:29:59.106,51.0,52.0,28.000,28.565,1757.0,1730.0,1182,5257,
24.4.2026,14:29:59.315,51.0,53.0,28.000,28.877,1757.0,1730.0,1182,5257,
24.4.2026,14:29:59.506,50.0,52.0,28.000,28.890,1756.0,1730.0,1182,5257,
24.4.2026,14:29:59.712,50.0,52.0,28.000,28.780,1757.0,1728.0,1182,5257,
24.4.2026,14:29:59.924,50.0,52.0,28.000,28.795,1729.0,1730.0,1182,5257,
24.4.2026,14:30:0.123,50.0,52.0,29.000,28.918,1753.0,1730.0,1182,5257,
24.4.2026,14:30:0.326,50.0,52.0,29.000,29.000,1756.0,1730.0,1182,5257,
24.4.2026,14:30:0.530,50.0,52.0,29.000,28.746,1756.0,1730.0,1182,5257,
24.4.2026,14:30:0.740,50.0,52.0,29.000,28.997,1756.0,1728.0,1182,5257,
24.4.2026,14:30:0.947,50.0,52.0,28.000,29.235,292.0,1730.0,1182,5257,
24.4.2026,14:30:1.148,50.0,52.0,28.000,29.226,254.0,1730.0,1182,5257,
24.4.2026,14:30:1.350,50.0,52.0,28.000,29.083,290.0,1728.0,1182,5257,
24.4.2026,14:30:1.555,50.0,51.0,28.000,28.809,266.0,1730.0,1182,5257,
24.4.2026,14:30:1.764,50.0,51.0,28.000,28.705,297.0,1730.0,1182,5257,
24.4.2026,14:30:1.966,50.0,52.0,28.000,28.748,274.0,1728.0,1182,5257,
24.4.2026,14:30:2.169,50.0,51.0,28.000,28.771,1755.0,1730.0,1182,5257,
24.4.2026,14:30:2.373,50.0,51.0,29.000,28.609,1753.0,1730.0,1182,5257,
24.4.2026,14:30:2.580,50.0,51.0,29.000,28.837,1755.0,1728.0,1182,5257,
24.4.2026,14:30:2.769,50.0,51.0,28.000,28.958,280.0,1730.0,1182,5257,
24.4.2026,14:30:2.973,50.0,51.0,28.000,28.829,1757.0,1730.0,1182,5257,
24.4.2026,14:30:3.178,50.0,51.0,28.000,28.957,1756.0,1730.0,1182,5257,
24.4.2026,14:30:3.381,50.0,51.0,28.000,28.779,1757.0,1728.0,1182,5257,
24.4.2026,14:30:3.582,49.0,51.0,28.000,28.731,301.0,1730.0,1182,5257,
24.4.2026,14:30:3.788,50.0,51.0,28.000,28.586,269.0,1730.0,1182,5257,
24.4.2026,14:30:4.019,50.0,51.0,28.000,28.698,293.0,1730.0,1182,5257,
24.4.2026,14:30:4.198,50.0,51.0,28.000,28.962,1731.0,1730.0,1182,5257,
24.4.2026,14:30:4.404,50.0,51.0,28.000,29.020,1757.0,1730.0,1182,5257,
24.4.2026,14:30:4.607,49.0,51.0,28.000,28.751,1756.0,1728.0,1182,5257,
24.4.2026,14:30:4.808,49.0,51.0,28.000,28.744,277.0,1728.0,1182,5257,
24.4.2026,14:30:5.007,49.0,51.0,28.000,28.744,277.0,1728.0,1182,5257,
24.4.2026,14:30:5.208,49.0,51.0,28.000,28.672,288.0,1728.0,1182,5257,
24.4.2026,14:30:5.424,49.0,51.0,28.000,28.739,293.0,1730.0,1182,5257,
24.4.2026,14:30:5.627,49.0,51.0,28.000,28.904,283.0,1728.0,1182,5257,
24.4.2026,14:30:5.828,49.0,51.0,28.000,28.965,1721.0,1728.0,1182,5257,
24.4.2026,14:30:6.036,49.0,51.0,28.000,29.089,298.0,1730.0,1182,5257,
24.4.2026,14:30:6.252,49.0,51.0,28.000,28.676,275.0,1728.0,1182,5257,
24.4.2026,14:30:6.455,49.0,51.0,28.000,28.934,296.0,1730.0,1182,5257,
24.4.2026,14:30:6.660,49.0,50.0,28.000,28.559,290.0,1728.0,1182,5257,
24.4.2026,14:30:6.863,49.0,51.0,28.000,28.560,1757.0,1730.0,1182,5257,
24.4.2026,14:30:7.053,49.0,50.0,28.000,28.649,1757.0,1730.0,1182,5257,
24.4.2026,14:30:7.256,49.0,50.0,28.000,28.652,269.0,1730.0,1182,5257,
24.4.2026,14:30:7.473,49.0,50.0,28.000,28.455,1757.0,1728.0,1182,5257,
24.4.2026,14:30:7.660,48.0,50.0,28.000,28.552,275.0,1730.0,1182,5257,
24.4.2026,14:30:7.870,49.0,50.0,28.000,28.891,280.0,1730.0,1182,5257,
24.4.2026,14:30:8.085,49.0,50.0,28.000,28.896,1757.0,1730.0,1182,5257,
24.4.2026,14:30:8.288,49.0,50.0,29.000,29.129,297.0,1730.0,1182,5257,
24.4.2026,14:30:8.493,48.0,50.0,29.000,29.209,1756.0,1730.0,1182,5257,
24.4.2026,14:30:8.694,48.0,50.0,29.000,29.008,1756.0,1728.0,1182,5257,
24.4.2026,14:30:8.902,48.0,50.0,29.000,29.125,1757.0,1730.0,1182,5257,
24.4.2026,14:30:9.109,49.0,50.0,29.000,29.592,1757.0,1730.0,1182,5257,
24.4.2026,14:30:9.317,48.0,50.0,29.000,29.484,1757.0,1728.0,1182,5257,
24.4.2026,14:30:9.518,48.0,50.0,29.000,29.632,1757.0,1730.0,1182,5257,
24.4.2026,14:30:9.722,49.0,51.0,29.000,29.507,1757.0,1730.0,1182,5257,
24.4.2026,14:30:9.935,48.0,50.0,29.000,29.382,1756.0,1730.0,1182,5257,
24.4.2026,14:30:10.131,48.0,50.0,29.000,29.534,1757.0,1730.0,1182,5257,
24.4.2026,14:30:10.336,48.0,50.0,28.000,29.591,1757.0,1730.0,1182,5257,
24.4.2026,14:30:10.539,48.0,50.0,28.000,28.813,1757.0,1730.0,1182,5257,
24.4.2026,14:30:10.741,48.0,50.0,28.000,28.784,294.0,1730.0,1182,5257,
24.4.2026,14:30:10.948,48.0,50.0,28.000,28.722,1756.0,1730.0,1182,5257,
24.4.2026,14:30:11.146,48.0,50.0,28.000,28.727,1704.0,1730.0,1182,5257,
24.4.2026,14:30:11.350,48.0,49.0,28.000,28.952,234.0,1730.0,1182,5257,
24.4.2026,14:30:11.558,48.0,49.0,28.000,28.814,286.0,1730.0,1182,5257,
24.4.2026,14:30:11.761,48.0,49.0,29.000,29.043,1753.0,1730.0,1182,5257,
24.4.2026,14:30:11.967,48.0,49.0,28.000,28.931,1757.0,1730.0,1182,5257,
24.4.2026,14:30:12.169,48.0,49.0,29.000,28.908,1757.0,1730.0,1182,5257,
24.4.2026,14:30:12.376,48.0,49.0,28.000,28.980,303.0,1730.0,1182,5257,
24.4.2026,14:30:12.579,48.0,49.0,29.000,28.711,1757.0,1730.0,1182,5257,
24.4.2026,14:30:12.784,47.0,49.0,28.000,28.863,254.0,1730.0,1182,5257,
24.4.2026,14:30:12.986,47.0,49.0,27.000,28.750,245.0,1730.0,1182,5257,
24.4.2026,14:30:13.178,47.0,49.0,27.000,28.750,245.0,1730.0,1182,5257,
24.4.2026,14:30:13.381,48.0,49.0,28.000,28.319,279.0,1728.0,1182,5257,
24.4.2026,14:30:13.585,48.0,49.0,28.000,28.860,266.0,1730.0,1182,5257,
24.4.2026,14:30:13.787,47.0,49.0,28.000,28.938,1751.0,1728.0,1182,5257,
24.4.2026,14:30:13.992,48.0,50.0,28.000,29.011,1756.0,1728.0,1182,5257,
24.4.2026,14:30:14.194,48.0,49.0,29.000,28.715,1757.0,1730.0,1182,5257,
24.4.2026,14:30:14.413,48.0,49.0,29.000,28.978,1757.0,1730.0,1182,5257,
24.4.2026,14:30:14.617,48.0,50.0,29.000,28.852,1757.0,1730.0,1182,5257,
24.4.2026,14:30:14.821,48.0,49.0,28.000,28.998,1747.0,1728.0,1182,5257,
24.4.2026,14:30:15.026,48.0,50.0,28.000,28.843,1755.0,1728.0,1182,5257,
24.4.2026,14:30:15.226,48.0,50.0,29.000,28.906,1756.0,1730.0,1182,5257,
24.4.2026,14:30:15.429,48.0,49.0,28.000,29.088,1757.0,1730.0,1182,5257,
24.4.2026,14:30:15.632,48.0,49.0,28.000,28.963,302.0,1730.0,1182,5257,
24.4.2026,14:30:15.837,48.0,50.0,28.000,29.019,302.0,1730.0,1182,5257,
24.4.2026,14:30:16.042,48.0,49.0,28.000,28.906,292.0,1730.0,1182,5257,
24.4.2026,14:30:16.245,48.0,49.0,29.000,28.837,1755.0,1728.0,1182,5257,
24.4.2026,14:30:16.446,48.0,49.0,28.000,28.909,286.0,1730.0,1182,5257,
24.4.2026,14:30:16.652,48.0,50.0,29.000,28.835,1757.0,1730.0,1182,5257,
24.4.2026,14:30:16.854,48.0,49.0,29.000,28.904,1756.0,1728.0,1182,5257,
24.4.2026,14:30:17.058,48.0,50.0,29.000,28.787,1756.0,1730.0,1182,5257,
24.4.2026,14:30:17.263,48.0,49.0,28.000,28.745,302.0,1730.0,1182,5257,
24.4.2026,14:30:17.468,48.0,49.0,28.000,28.725,1757.0,1730.0,1182,5257,
24.4.2026,14:30:17.670,48.0,49.0,28.000,28.859,303.0,1730.0,1182,5257,
24.4.2026,14:30:17.875,48.0,49.0,28.000,28.594,1751.0,1730.0,1182,5257,
24.4.2026,14:30:18.074,48.0,49.0,28.000,28.482,1749.0,1728.0,1182,5257,
24.4.2026,14:30:18.282,48.0,50.0,28.000,28.665,304.0,1728.0,1182,5257,
24.4.2026,14:30:18.485,48.0,50.0,29.000,28.775,1756.0,1728.0,1182,5257,
24.4.2026,14:30:18.693,48.0,49.0,28.000,28.403,1757.0,1728.0,1182,5257,
24.4.2026,14:30:18.881,48.0,49.0,28.000,28.403,1757.0,1728.0,1182,5257,
24.4.2026,14:30:19.084,48.0,50.0,28.000,28.463,301.0,1728.0,1182,5257,
24.4.2026,14:30:19.288,48.0,49.0,28.000,28.658,1757.0,1728.0,1182,5257,
24.4.2026,14:30:19.490,48.0,49.0,28.000,28.700,273.0,1728.0,1182,5257,
24.4.2026,14:30:19.694,48.0,50.0,28.000,28.789,1724.0,1728.0,1182,5257,
24.4.2026,14:30:19.898,48.0,49.0,28.000,28.873,1746.0,1728.0,1182,5257,
24.4.2026,14:30:20.101,48.0,49.0,28.000,28.536,293.0,1728.0,1182,5257,
24.4.2026,14:30:20.306,48.0,49.0,28.000,28.713,1755.0,1730.0,1182,5257,
24.4.2026,14:30:20.506,48.0,49.0,28.000,28.816,293.0,1728.0,1182,5257,
24.4.2026,14:30:20.714,48.0,49.0,28.000,28.663,312.0,1730.0,1182,5257,
24.4.2026,14:30:20.920,47.0,50.0,29.000,28.791,1757.0,1730.0,1182,5257,
24.4.2026,14:30:21.126,48.0,49.0,28.000,28.899,1757.0,1728.0,1182,5257,
24.4.2026,14:30:21.318,48.0,49.0,29.000,29.202,1756.0,1728.0,1182,5257,
24.4.2026,14:30:21.524,48.0,49.0,29.000,29.329,1756.0,1730.0,1182,5257,
24.4.2026,14:30:21.729,48.0,50.0,29.000,29.455,1756.0,1730.0,1182,5257,
24.4.2026,14:30:21.930,48.0,50.0,29.000,29.382,1757.0,1730.0,1182,5257,
24.4.2026,14:30:22.139,48.0,49.0,29.000,29.547,1756.0,1730.0,1182,5257,
24.4.2026,14:30:22.343,48.0,49.0,29.000,29.575,1757.0,1730.0,1182,5257,
24.4.2026,14:30:22.549,49.0,50.0,29.000,29.438,1757.0,1728.0,1182,5257,
24.4.2026,14:30:22.751,48.0,49.0,29.000,29.484,294.0,1730.0,1182,5257,
24.4.2026,14:30:22.953,48.0,49.0,28.000,29.032,270.0,1730.0,1182,5257,
24.4.2026,14:30:23.156,48.0,49.0,29.000,28.992,1757.0,1730.0,1182,5257,
24.4.2026,14:30:23.357,48.0,49.0,28.000,29.059,300.0,1730.0,1182,5257,
24.4.2026,14:30:23.562,48.0,49.0,28.000,29.080,269.0,1730.0,1182,5257,
24.4.2026,14:30:23.769,48.0,50.0,28.000,28.934,294.0,1730.0,1182,5257,
24.4.2026,14:30:23.974,48.0,50.0,29.000,29.116,1757.0,1730.0,1182,5257,
24.4.2026,14:30:24.180,48.0,50.0,28.000,29.060,223.0,1730.0,1182,5257,
24.4.2026,14:30:24.382,48.0,50.0,29.000,28.884,1757.0,1730.0,1182,5257,
24.4.2026,14:30:24.584,48.0,50.0,28.000,29.067,269.0,1730.0,1182,5257,
24.4.2026,14:30:24.789,48.0,50.0,28.000,28.911,1756.0,1730.0,1182,5257,
24.4.2026,14:30:24.994,48.0,49.0,29.000,29.024,1756.0,1730.0,1182,5257,
24.4.2026,14:30:25.196,48.0,50.0,28.000,29.046,295.0,1730.0,1182,5257,
24.4.2026,14:30:25.401,48.0,49.0,29.000,28.725,1757.0,1730.0,1182,5257,
24.4.2026,14:30:25.607,48.0,50.0,28.000,29.044,292.0,1730.0,1182,5257,
24.4.2026,14:30:25.811,48.0,49.0,28.000,29.084,269.0,1730.0,1182,5257,
24.4.2026,14:30:26.009,48.0,49.0,29.000,29.043,295.0,1728.0,1182,5257,
24.4.2026,14:30:26.212,48.0,50.0,28.000,29.164,265.0,1730.0,1182,5257,
24.4.2026,14:30:26.416,48.0,49.0,29.000,29.103,1756.0,1730.0,1182,5257,
24.4.2026,14:30:26.621,48.0,49.0,29.000,28.995,1756.0,1730.0,1182,5257,
24.4.2026,14:30:26.827,48.0,49.0,28.000,29.136,297.0,1730.0,1182,5257,
24.4.2026,14:30:27.034,48.0,50.0,28.000,29.038,271.0,1728.0,1182,5257,
24.4.2026,14:30:27.223,49.0,50.0,29.000,28.961,297.0,1728.0,1182,5257,
24.4.2026,14:30:27.428,48.0,50.0,29.000,29.285,1755.0,1728.0,1182,5257,
24.4.2026,14:30:27.633,49.0,50.0,29.000,29.011,1756.0,1730.0,1182,5257,
24.4.2026,14:30:27.842,48.0,50.0,29.000,28.997,1757.0,1730.0,1182,5257,
24.4.2026,14:30:28.045,48.0,50.0,28.000,28.937,1757.0,1730.0,1182,5257,
24.4.2026,14:30:28.249,48.0,50.0,28.000,29.007,277.0,1730.0,1182,5257,
24.4.2026,14:30:28.454,49.0,50.0,29.000,29.032,1746.0,1730.0,1182,5257,
24.4.2026,14:30:28.659,48.0,50.0,29.000,29.153,1755.0,1730.0,1182,5257,
24.4.2026,14:30:28.868,48.0,50.0,29.000,29.130,1757.0,1730.0,1182,5257,
24.4.2026,14:30:29.076,48.0,50.0,29.000,29.115,1756.0,1730.0,1182,5257,
24.4.2026,14:30:29.282,49.0,50.0,28.000,29.210,286.0,1730.0,1182,5257,
24.4.2026,14:30:29.484,49.0,50.0,29.000,29.101,1750.0,1728.0,1182,5257,
24.4.2026,14:30:29.694,49.0,50.0,28.000,29.018,305.0,1728.0,1182,5257,
24.4.2026,14:30:29.894,48.0,50.0,29.000,29.058,1756.0,1730.0,1182,5257,
24.4.2026,14:30:30.093,48.0,50.0,29.000,28.788,1757.0,1730.0,1182,5257,
24.4.2026,14:30:30.298,48.0,50.0,29.000,28.931,1758.0,1730.0,1182,5257,
24.4.2026,14:30:30.503,49.0,50.0,29.000,29.010,1756.0,1728.0,1182,5257,
24.4.2026,14:30:30.707,48.0,50.0,29.000,28.920,1743.0,1730.0,1182,5257,
24.4.2026,14:30:30.909,48.0,50.0,29.000,28.995,284.0,1730.0,1182,5257,
24.4.2026,14:30:31.114,48.0,50.0,29.000,28.944,1757.0,1730.0,1182,5257,
24.4.2026,14:30:31.317,49.0,50.0,29.000,28.970,1757.0,1728.0,1182,5257,
24.4.2026,14:30:31.520,49.0,50.0,29.000,29.173,1757.0,1730.0,1182,5257,
24.4.2026,14:30:31.727,48.0,50.0,28.000,28.986,278.0,1728.0,1182,5257,
24.4.2026,14:30:31.930,48.0,49.0,29.000,28.951,1727.0,1728.0,1182,5257,
24.4.2026,14:30:32.138,49.0,50.0,29.000,29.009,1756.0,1730.0,1182,5257,
24.4.2026,14:30:32.341,48.0,50.0,29.000,29.306,1756.0,1730.0,1182,5257,
24.4.2026,14:30:32.539,48.0,50.0,28.000,29.377,273.0,1728.0,1182,5257,
24.4.2026,14:30:32.743,48.0,50.0,29.000,29.063,1757.0,1730.0,1182,5257,
24.4.2026,14:30:32.944,49.0,50.0,29.000,29.264,1757.0,1730.0,1182,5257,
24.4.2026,14:30:33.150,48.0,50.0,28.000,29.036,1757.0,1728.0,1182,5257,
24.4.2026,14:30:33.353,49.0,50.0,29.000,29.139,1757.0,1728.0,1182,5257,
24.4.2026,14:30:33.560,49.0,50.0,29.000,29.623,1757.0,1728.0,1182,5257,
24.4.2026,14:30:33.765,48.0,50.0,29.000,29.532,1757.0,1730.0,1182,5257,
24.4.2026,14:30:33.971,49.0,50.0,29.000,29.300,1758.0,1730.0,1182,5257,
24.4.2026,14:30:34.173,48.0,50.0,29.000,29.356,1757.0,1730.0,1182,5257,
24.4.2026,14:30:34.374,49.0,50.0,29.000,29.695,1756.0,1728.0,1182,5257,
24.4.2026,14:30:34.582,48.0,50.0,29.000,29.757,1757.0,1730.0,1182,5257,
24.4.2026,14:30:34.800,49.0,50.0,29.000,29.579,301.0,1730.0,1182,5257,
24.4.2026,14:30:35.019,48.0,50.0,28.000,28.888,285.0,1730.0,1182,5257,
24.4.2026,14:30:35.219,48.0,50.0,28.000,28.884,212.0,1730.0,1182,5257,
24.4.2026,14:30:35.420,49.0,50.0,28.000,28.782,269.0,1730.0,1182,5257,
24.4.2026,14:30:35.625,49.0,50.0,28.000,28.784,250.0,1730.0,1182,5257,
24.4.2026,14:30:35.834,49.0,50.0,29.000,28.952,289.0,1730.0,1182,5257,
24.4.2026,14:30:36.039,49.0,50.0,29.000,29.108,294.0,1728.0,1182,5257,
24.4.2026,14:30:36.242,49.0,51.0,29.000,29.194,1756.0,1730.0,1182,5257,
24.4.2026,14:30:36.446,49.0,50.0,29.000,29.338,290.0,1730.0,1182,5257,
24.4.2026,14:30:36.653,49.0,50.0,28.000,29.149,286.0,1728.0,1182,5257,
24.4.2026,14:30:36.859,49.0,50.0,28.000,29.146,264.0,1728.0,1182,5257,
24.4.2026,14:30:37.055,49.0,50.0,29.000,28.830,1729.0,1730.0,1182,5257,
24.4.2026,14:30:37.260,49.0,50.0,29.000,28.940,1751.0,1730.0,1182,5257,
24.4.2026,14:30:37.462,49.0,50.0,29.000,28.959,1753.0,1730.0,1182,5257,
24.4.2026,14:30:37.667,48.0,50.0,28.000,28.921,1756.0,1730.0,1182,5257,
24.4.2026,14:30:37.871,49.0,51.0,29.000,29.155,1757.0,1730.0,1182,5257,
24.4.2026,14:30:38.077,49.0,51.0,28.000,28.890,276.0,1730.0,1182,5257,
24.4.2026,14:30:38.286,49.0,50.0,28.000,28.682,1757.0,1728.0,1182,5257,
24.4.2026,14:30:38.482,49.0,50.0,28.000,28.784,296.0,1728.0,1182,5257,
24.4.2026,14:30:38.689,49.0,51.0,29.000,29.173,1753.0,1730.0,1182,5257,
24.4.2026,14:30:38.893,48.0,50.0,28.000,29.223,282.0,1730.0,1182,5257,
24.4.2026,14:30:39.098,49.0,50.0,29.000,29.175,1756.0,1728.0,1182,5257,
24.4.2026,14:30:39.304,49.0,50.0,29.000,29.193,296.0,1730.0,1182,5257,
24.4.2026,14:30:39.506,49.0,50.0,28.000,29.150,303.0,1730.0,1182,5257,
24.4.2026,14:30:39.713,48.0,50.0,29.000,28.923,300.0,1730.0,1182,5257,
24.4.2026,14:30:39.915,49.0,50.0,29.000,29.195,1757.0,1730.0,1182,5257,
24.4.2026,14:30:40.124,49.0,51.0,29.000,28.973,1732.0,1728.0,1182,5257,
24.4.2026,14:30:40.323,49.0,50.0,29.000,29.234,1754.0,1728.0,1182,5257,
24.4.2026,14:30:40.530,49.0,50.0,29.000,29.251,1757.0,1730.0,1182,5257,
24.4.2026,14:30:40.734,48.0,50.0,29.000,29.053,1757.0,1728.0,1182,5257,
24.4.2026,14:30:40.941,49.0,51.0,28.000,28.828,295.0,1730.0,1182,5257,
24.4.2026,14:30:41.139,49.0,51.0,28.000,28.943,1756.0,1728.0,1182,5257,
24.4.2026,14:30:41.342,49.0,50.0,28.000,29.032,1749.0,1730.0,1182,5257,
24.4.2026,14:30:41.550,49.0,50.0,28.000,28.943,297.0,1730.0,1182,5257,
24.4.2026,14:30:41.742,49.0,51.0,28.000,28.759,1756.0,1730.0,1182,5257,
24.4.2026,14:30:41.946,50.0,51.0,28.000,28.623,1757.0,1730.0,1182,5257,
24.4.2026,14:30:42.153,49.0,51.0,28.000,28.479,282.0,1730.0,1182,5257,
24.4.2026,14:30:42.356,48.0,51.0,28.000,28.369,282.0,1730.0,1182,5257,
24.4.2026,14:30:42.561,48.0,50.0,28.000,28.563,1757.0,1728.0,1182,5257,
24.4.2026,14:30:42.765,49.0,50.0,28.000,28.665,294.0,1728.0,1182,5257,
24.4.2026,14:30:42.971,49.0,51.0,28.000,28.708,295.0,1728.0,1182,5257,
24.4.2026,14:30:43.174,49.0,50.0,29.000,28.967,1752.0,1730.0,1182,5257,
24.4.2026,14:30:43.379,49.0,51.0,29.000,28.943,301.0,1728.0,1182,5257,
24.4.2026,14:30:43.567,49.0,50.0,29.000,29.138,1756.0,1728.0,1182,5257,
24.4.2026,14:30:43.774,49.0,51.0,28.000,28.764,301.0,1728.0,1182,5257,
24.4.2026,14:30:43.975,49.0,50.0,29.000,28.675,1757.0,1730.0,1182,5257,
24.4.2026,14:30:44.181,48.0,50.0,28.000,29.085,1757.0,1730.0,1182,5257,
24.4.2026,14:30:44.386,49.0,50.0,28.000,29.069,298.0,1730.0,1182,5257,
24.4.2026,14:30:44.591,49.0,50.0,29.000,29.071,1753.0,1730.0,1182,5257,
24.4.2026,14:30:44.797,49.0,50.0,29.000,29.035,1757.0,1728.0,1182,5257,
24.4.2026,14:30:45.004,49.0,51.0,29.000,29.090,1758.0,1728.0,1182,5257,
24.4.2026,14:30:45.205,49.0,50.0,29.000,29.346,1757.0,1728.0,1182,5257,
24.4.2026,14:30:45.408,49.0,50.0,29.000,29.393,1757.0,1730.0,1182,5257,
24.4.2026,14:30:45.614,49.0,51.0,29.000,29.494,1757.0,1730.0,1182,5257,
24.4.2026,14:30:45.800,49.0,51.0,29.000,29.731,1757.0,1728.0,1182,5257,
24.4.2026,14:30:46.005,49.0,50.0,29.000,29.539,1757.0,1730.0,1182,5257,
24.4.2026,14:30:46.208,49.0,51.0,29.000,29.618,1757.0,1730.0,1182,5257,
24.4.2026,14:30:46.424,49.0,51.0,29.000,29.665,1757.0,1728.0,1182,5257,
24.4.2026,14:30:46.615,49.0,51.0,29.000,29.599,1757.0,1730.0,1182,5257,
24.4.2026,14:30:46.819,49.0,51.0,29.000,29.646,1756.0,1728.0,1182,5257,
24.4.2026,14:30:47.021,49.0,51.0,29.000,29.406,1757.0,1728.0,1182,5257,
24.4.2026,14:30:47.227,49.0,51.0,28.000,28.973,296.0,1730.0,1182,5257,
24.4.2026,14:30:47.430,50.0,51.0,28.000,29.079,1715.0,1728.0,1182,5257,
24.4.2026,14:30:47.632,49.0,51.0,28.000,29.085,295.0,1730.0,1182,5257,
24.4.2026,14:30:47.839,49.0,51.0,29.000,29.058,274.0,1730.0,1182,5257,
24.4.2026,14:30:48.049,49.0,51.0,29.000,29.193,1752.0,1730.0,1182,5257,
24.4.2026,14:30:48.249,49.0,51.0,29.000,29.440,280.0,1730.0,1182,5257,
24.4.2026,14:30:48.463,49.0,51.0,29.000,29.498,1757.0,1730.0,1182,5257,
24.4.2026,14:30:48.659,49.0,51.0,29.000,29.480,1757.0,1730.0,1182,5257,
24.4.2026,14:30:48.848,49.0,51.0,28.000,29.174,277.0,1728.0,1182,5257,
24.4.2026,14:30:49.053,49.0,51.0,29.000,28.770,1757.0,1730.0,1182,5257,
24.4.2026,14:30:49.269,49.0,51.0,29.000,29.173,1757.0,1730.0,1182,5257,
24.4.2026,14:30:49.479,49.0,51.0,30.000,29.395,1742.0,1730.0,1182,5257,
24.4.2026,14:30:49.681,48.0,50.0,29.000,29.240,1750.0,1728.0,1182,5257,
24.4.2026,14:30:49.895,49.0,51.0,29.000,29.275,1756.0,1728.0,1182,5257,
24.4.2026,14:30:50.086,49.0,51.0,30.000,29.227,1756.0,1730.0,1182,5257,
24.4.2026,14:30:50.291,49.0,51.0,29.000,29.219,1757.0,1730.0,1182,5257,
24.4.2026,14:30:50.497,49.0,51.0,30.000,29.595,1757.0,1728.0,1182,5257,
24.4.2026,14:30:50.704,49.0,51.0,29.000,29.481,1757.0,1730.0,1182,5257,
24.4.2026,14:30:50.909,49.0,51.0,28.000,29.100,277.0,1730.0,1182,5257,
24.4.2026,14:30:51.111,49.0,51.0,29.000,29.405,292.0,1730.0,1182,5257,
24.4.2026,14:30:51.302,49.0,50.0,28.000,29.451,252.0,1730.0,1182,5257,
24.4.2026,14:30:51.507,49.0,51.0,29.000,29.341,1756.0,1728.0,1182,5257,
24.4.2026,14:30:51.710,49.0,51.0,28.000,29.289,275.0,1730.0,1182,5257,
24.4.2026,14:30:51.918,49.0,50.0,29.000,29.284,290.0,1730.0,1182,5257,
24.4.2026,14:30:52.116,49.0,51.0,29.000,29.292,1758.0,1730.0,1182,5257,
24.4.2026,14:30:52.319,49.0,51.0,29.000,29.160,284.0,1730.0,1182,5257,
24.4.2026,14:30:52.523,50.0,51.0,29.000,29.546,282.0,1730.0,1182,5257,
24.4.2026,14:30:52.723,49.0,50.0,29.000,29.222,1757.0,1730.0,1182,5257,
24.4.2026,14:30:52.933,49.0,51.0,29.000,29.216,1757.0,1730.0,1182,5257,
24.4.2026,14:30:53.132,49.0,51.0,28.000,28.876,273.0,1728.0,1182,5257,
24.4.2026,14:30:53.339,49.0,51.0,28.000,28.747,280.0,1730.0,1182,5257,
24.4.2026,14:30:53.542,49.0,51.0,29.000,29.042,290.0,1730.0,1182,5257,
24.4.2026,14:30:53.746,49.0,51.0,29.000,29.242,1757.0,1730.0,1182,5257,
24.4.2026,14:30:53.952,50.0,51.0,29.000,29.180,281.0,1730.0,1182,5257,
24.4.2026,14:30:54.160,50.0,52.0,29.000,29.289,1744.0,1730.0,1182,5257,
24.4.2026,14:30:54.358,49.0,51.0,29.000,29.398,304.0,1728.0,1182,5257,
24.4.2026,14:30:54.560,49.0,51.0,29.000,29.446,1757.0,1728.0,1182,5257,
24.4.2026,14:30:54.767,49.0,51.0,29.000,29.068,1758.0,1728.0,1182,5257,
24.4.2026,14:30:54.971,50.0,51.0,29.000,29.335,1757.0,1728.0,1182,5257,
24.4.2026,14:30:55.162,49.0,51.0,28.000,29.438,266.0,1730.0,1182,5257,
24.4.2026,14:30:55.369,49.0,51.0,29.000,29.119,1757.0,1730.0,1182,5257,
24.4.2026,14:30:55.575,49.0,51.0,28.000,28.932,295.0,1728.0,1182,5257,
24.4.2026,14:30:55.778,49.0,51.0,29.000,29.053,292.0,1730.0,1182,5257,
24.4.2026,14:30:55.982,49.0,51.0,28.000,29.225,1756.0,1730.0,1182,5257,
24.4.2026,14:30:56.187,49.0,51.0,29.000,29.238,290.0,1728.0,1182,5257,
24.4.2026,14:30:56.394,50.0,51.0,29.000,29.477,292.0,1730.0,1182,5257,
24.4.2026,14:30:56.586,50.0,51.0,29.000,29.477,292.0,1730.0,1182,5257,
24.4.2026,14:30:56.789,50.0,51.0,29.000,29.498,278.0,1728.0,1182,5257,
24.4.2026,14:30:56.994,50.0,51.0,29.000,29.037,1756.0,1730.0,1182,5257,
24.4.2026,14:30:57.201,49.0,51.0,29.000,29.478,1757.0,1730.0,1182,5257,
24.4.2026,14:30:57.403,50.0,51.0,29.000,29.342,305.0,1730.0,1182,5257,
24.4.2026,14:30:57.602,49.0,51.0,29.000,29.704,285.0,1728.0,1182,5257,
24.4.2026,14:30:57.807,49.0,51.0,29.000,29.755,1757.0,1730.0,1182,5257,
24.4.2026,14:30:58.011,49.0,51.0,29.000,29.759,1757.0,1730.0,1182,5257,
24.4.2026,14:30:58.215,49.0,51.0,30.000,29.787,1757.0,1728.0,1182,5257,
24.4.2026,14:30:58.417,50.0,52.0,29.000,29.865,1757.0,1730.0,1182,5257,
24.4.2026,14:30:58.622,49.0,51.0,29.000,29.678,1756.0,1730.0,1182,5257,
24.4.2026,14:30:58.829,49.0,51.0,29.000,29.755,1757.0,1730.0,1182,5257,
24.4.2026,14:30:59.021,49.0,51.0,30.000,29.934,1756.0,1730.0,1182,5257,
24.4.2026,14:30:59.225,50.0,51.0,29.000,30.004,1757.0,1728.0,1182,5257,
24.4.2026,14:30:59.429,49.0,51.0,29.000,29.747,1749.0,1730.0,1182,5257,
24.4.2026,14:30:59.635,49.0,51.0,29.000,29.165,294.0,1728.0,1182,5257,
24.4.2026,14:30:59.840,50.0,51.0,29.000,29.379,292.0,1730.0,1182,5257,
24.4.2026,14:31:0.038,49.0,51.0,29.000,29.412,305.0,1728.0,1182,5257,
24.4.2026,14:31:0.241,49.0,51.0,29.000,29.570,1757.0,1730.0,1182,5257,
24.4.2026,14:31:0.447,50.0,51.0,29.000,28.909,307.0,1730.0,1182,5257,
24.4.2026,14:31:0.659,50.0,51.0,28.000,29.553,246.0,1730.0,1182,5257,
24.4.2026,14:31:0.862,50.0,51.0,29.000,29.172,1757.0,1730.0,1182,5257,
24.4.2026,14:31:1.066,49.0,51.0,29.000,29.547,299.0,1730.0,1182,5257,
24.4.2026,14:31:1.257,49.0,51.0,29.000,29.602,288.0,1730.0,1182,5257,
24.4.2026,14:31:1.460,50.0,51.0,29.000,29.494,1756.0,1730.0,1182,5257,
24.4.2026,14:31:1.667,50.0,51.0,29.000,29.672,291.0,1728.0,1182,5257,
24.4.2026,14:31:1.874,50.0,51.0,29.000,29.638,297.0,1730.0,1182,5257,
24.4.2026,14:31:2.078,50.0,51.0,29.000,29.446,278.0,1730.0,1182,5257,
24.4.2026,14:31:2.285,50.0,51.0,28.000,29.471,225.0,1730.0,1182,5257,
24.4.2026,14:31:2.492,50.0,51.0,28.000,29.100,198.0,1730.0,1182,5257,
24.4.2026,14:31:2.696,49.0,51.0,29.000,29.187,264.0,1730.0,1182,5257,
24.4.2026,14:31:2.898,50.0,51.0,29.000,29.245,278.0,1728.0,1182,5257,
24.4.2026,14:31:3.101,50.0,51.0,29.000,29.643,1754.0,1730.0,1182,5257,
24.4.2026,14:31:3.305,49.0,51.0,30.000,29.520,1755.0,1728.0,1182,5257,
24.4.2026,14:31:3.509,49.0,52.0,29.000,29.492,277.0,1730.0,1182,5257,
24.4.2026,14:31:3.715,50.0,51.0,29.000,29.676,1756.0,1730.0,1182,5257,
24.4.2026,14:31:3.920,49.0,51.0,28.000,29.602,281.0,1730.0,1182,5257,
24.4.2026,14:31:4.127,50.0,51.0,29.000,29.500,299.0,1730.0,1182,5257,
24.4.2026,14:31:4.330,49.0,51.0,29.000,29.445,269.0,1728.0,1182,5257,
24.4.2026,14:31:4.532,50.0,51.0,29.000,29.362,277.0,1730.0,1182,5257,
24.4.2026,14:31:4.738,49.0,51.0,28.000,29.517,249.0,1728.0,1182,5257,
24.4.2026,14:31:4.930,50.0,51.0,28.000,29.222,254.0,1728.0,1182,5257,
24.4.2026,14:31:5.136,50.0,51.0,30.000,29.185,1753.0,1730.0,1182,5257,
24.4.2026,14:31:5.345,50.0,51.0,29.000,29.492,303.0,1730.0,1182,5257,
24.4.2026,14:31:5.547,50.0,51.0,29.000,29.290,1757.0,1730.0,1182,5257,
24.4.2026,14:31:5.751,49.0,51.0,29.000,29.439,1757.0,1730.0,1182,5257,
24.4.2026,14:31:5.943,49.0,51.0,29.000,29.364,1757.0,1730.0,1182,5257,
24.4.2026,14:31:6.146,50.0,51.0,29.000,29.203,295.0,1730.0,1182,5257,
24.4.2026,14:31:6.361,50.0,51.0,29.000,28.951,298.0,1728.0,1182,5257,
24.4.2026,14:31:6.563,50.0,51.0,29.000,29.226,1755.0,1728.0,1182,5257,
24.4.2026,14:31:6.754,50.0,52.0,29.000,29.173,1757.0,1730.0,1182,5257,
24.4.2026,14:31:6.961,50.0,52.0,29.000,29.095,1756.0,1730.0,1182,5257,
24.4.2026,14:31:7.164,50.0,51.0,29.000,29.280,1757.0,1728.0,1182,5257,
24.4.2026,14:31:7.379,50.0,51.0,29.000,29.329,1758.0,1730.0,1182,5257,
24.4.2026,14:31:7.597,50.0,51.0,29.000,29.608,1745.0,1730.0,1182,5257,
24.4.2026,14:31:7.800,50.0,52.0,29.000,29.058,1745.0,1728.0,1182,5257,
24.4.2026,14:31:8.001,50.0,52.0,30.000,29.088,1752.0,1730.0,1182,5257,
24.4.2026,14:31:8.202,50.0,51.0,29.000,29.294,1756.0,1730.0,1182,5257,
24.4.2026,14:31:8.408,50.0,52.0,28.000,29.409,276.0,1728.0,1182,5257,
24.4.2026,14:31:8.615,49.0,51.0,29.000,29.250,291.0,1728.0,1182,5257,
24.4.2026,14:31:8.819,50.0,51.0,28.000,29.373,277.0,1728.0,1182,5257,
24.4.2026,14:31:9.025,49.0,51.0,29.000,29.321,286.0,1730.0,1182,5257,
24.4.2026,14:31:9.227,50.0,51.0,29.000,29.237,305.0,1730.0,1182,5257,
24.4.2026,14:31:9.429,50.0,52.0,29.000,29.399,1755.0,1728.0,1182,5257,
24.4.2026,14:31:9.632,50.0,51.0,29.000,29.498,1758.0,1730.0,1182,5257,
24.4.2026,14:31:9.840,50.0,51.0,29.000,29.536,1756.0,1730.0,1182,5257,
24.4.2026,14:31:10.044,49.0,51.0,29.000,29.468,1758.0,1730.0,1182,5257,
24.4.2026,14:31:10.249,49.0,51.0,30.000,29.781,1757.0,1730.0,1182,5257,
24.4.2026,14:31:10.451,50.0,51.0,30.000,30.024,1757.0,1730.0,1182,5257,
24.4.2026,14:31:10.663,50.0,52.0,30.000,30.130,1756.0,1730.0,1182,5257,
24.4.2026,14:31:10.863,50.0,52.0,30.000,30.256,1757.0,1730.0,1182,5257,
24.4.2026,14:31:11.070,50.0,52.0,30.000,30.070,1756.0,1730.0,1182,5257,
24.4.2026,14:31:11.276,50.0,51.0,30.000,30.086,1757.0,1728.0,1182,5257,
24.4.2026,14:31:11.481,50.0,51.0,30.000,30.012,1756.0,1730.0,1182,5257,
24.4.2026,14:31:11.687,50.0,52.0,29.000,29.634,1757.0,1730.0,1182,5257,
24.4.2026,14:31:11.892,49.0,51.0,28.000,29.290,258.0,1730.0,1182,5257,
24.4.2026,14:31:12.099,50.0,51.0,29.000,29.347,1755.0,1730.0,1182,5257,
24.4.2026,14:31:12.305,50.0,51.0,29.000,29.398,1757.0,1728.0,1182,5257,
24.4.2026,14:31:12.506,50.0,51.0,29.000,29.582,1757.0,1730.0,1182,5257,
24.4.2026,14:31:12.709,50.0,51.0,29.000,29.330,1757.0,1728.0,1182,5257,
24.4.2026,14:31:12.911,50.0,52.0,29.000,29.147,300.0,1730.0,1182,5257,
24.4.2026,14:31:13.117,50.0,51.0,29.000,29.340,1667.0,1728.0,1182,5257,
24.4.2026,14:31:13.322,50.0,51.0,29.000,29.406,1736.0,1730.0,1182,5257,
24.4.2026,14:31:13.529,50.0,52.0,29.000,29.214,1754.0,1730.0,1182,5257,
24.4.2026,14:31:13.731,50.0,51.0,29.000,29.421,1756.0,1728.0,1182,5257,
24.4.2026,14:31:13.932,50.0,52.0,29.000,29.383,1756.0,1730.0,1182,5257,
24.4.2026,14:31:14.137,50.0,52.0,29.000,29.238,1757.0,1730.0,1182,5257,
24.4.2026,14:31:14.338,50.0,51.0,29.000,29.365,294.0,1730.0,1182,5257,
24.4.2026,14:31:14.538,49.0,51.0,29.000,29.238,296.0,1730.0,1182,5257,
24.4.2026,14:31:14.743,50.0,51.0,29.000,29.392,1753.0,1730.0,1182,5257,
24.4.2026,14:31:14.946,50.0,52.0,29.000,29.392,300.0,1730.0,1182,5257,
24.4.2026,14:31:15.149,50.0,52.0,29.000,29.255,1757.0,1730.0,1182,5257,
24.4.2026,14:31:15.354,49.0,51.0,29.000,29.098,1757.0,1730.0,1182,5257,
24.4.2026,14:31:15.555,50.0,52.0,28.000,28.996,299.0,1730.0,1182,5257,
24.4.2026,14:31:15.761,49.0,52.0,28.000,28.939,288.0,1728.0,1182,5257,
24.4.2026,14:31:15.969,50.0,51.0,29.000,29.265,290.0,1730.0,1182,5257,
24.4.2026,14:31:16.167,50.0,52.0,29.000,29.190,1752.0,1730.0,1182,5257,
24.4.2026,14:31:16.370,50.0,51.0,29.000,29.350,1757.0,1728.0,1182,5257,
24.4.2026,14:31:16.570,50.0,52.0,29.000,29.486,1757.0,1730.0,1182,5257,
24.4.2026,14:31:16.775,50.0,51.0,29.000,29.406,286.0,1728.0,1182,5257,
24.4.2026,14:31:16.979,50.0,51.0,29.000,29.258,299.0,1730.0,1182,5257,
24.4.2026,14:31:17.178,50.0,51.0,29.000,29.571,1752.0,1730.0,1182,5257,
24.4.2026,14:31:17.672,50.0,52.0,28.000,29.100,296.0,1730.0,1182,5257,
24.4.2026,14:31:17.707,48.0,49.0,17.000,21.322,303.0,196.0,1182,5257,
24.4.2026,14:31:17.857,48.0,49.0,17.000,21.322,303.0,196.0,1182,5257,
24.4.2026,14:31:18.062,48.0,49.0,17.000,20.727,1724.0,200.0,1182,5257,
24.4.2026,14:31:18.260,48.0,49.0,17.000,17.859,1727.0,198.0,1182,5257,
24.4.2026,14:31:18.464,48.0,49.0,17.000,17.653,1757.0,198.0,1182,5257,
24.4.2026,14:31:18.671,48.0,49.0,17.000,21.133,302.0,198.0,1182,5257,
24.4.2026,14:31:18.877,49.0,50.0,17.000,21.073,1756.0,198.0,1182,5257,
24.4.2026,14:31:19.080,49.0,50.0,17.000,21.278,1703.0,198.0,1182,5257,
24.4.2026,14:31:19.286,49.0,50.0,17.000,21.442,1725.0,198.0,1182,5257,
24.4.2026,14:31:19.485,49.0,49.0,18.000,21.210,1756.0,198.0,1182,5257,
24.4.2026,14:31:19.687,49.0,49.0,18.000,21.463,1748.0,198.0,1182,5257,
24.4.2026,14:31:19.890,49.0,49.0,18.000,21.187,1751.0,198.0,1182,5257,
24.4.2026,14:31:20.099,48.0,49.0,17.000,21.455,1754.0,198.0,1182,5257,
24.4.2026,14:31:20.290,48.0,49.0,17.000,17.723,1754.0,198.0,1182,5257,
24.4.2026,14:31:20.492,48.0,49.0,17.000,21.023,1752.0,198.0,1182,5257,
24.4.2026,14:31:20.697,48.0,50.0,17.000,21.208,1754.0,198.0,1182,5257,
24.4.2026,14:31:20.897,48.0,50.0,17.000,21.062,1755.0,198.0,1182,5257,
24.4.2026,14:31:21.100,48.0,49.0,17.000,17.753,1755.0,198.0,1182,5257,
24.4.2026,14:31:21.310,49.0,50.0,24.000,18.206,1757.0,954.0,1182,5257,
24.4.2026,14:31:21.507,49.0,50.0,22.000,20.732,1757.0,782.0,1182,5257,
24.4.2026,14:31:21.714,49.0,49.0,17.000,21.080,1756.0,198.0,1182,5257,
24.4.2026,14:31:21.914,48.0,49.0,18.000,17.803,1732.0,198.0,1182,5257,
24.4.2026,14:31:22.128,48.0,49.0,22.000,17.696,1743.0,782.0,1182,5257,
24.4.2026,14:31:22.332,49.0,50.0,22.000,20.869,1754.0,804.0,1182,5257,
24.4.2026,14:31:22.531,49.0,49.0,17.000,21.030,1756.0,198.0,1182,5257,
24.4.2026,14:31:22.732,49.0,51.0,23.000,24.109,1757.0,870.0,1179,5256,
24.4.2026,14:31:22.933,49.0,50.0,23.000,22.185,1756.0,822.0,1179,5256,
24.4.2026,14:31:23.140,49.0,50.0,18.000,21.641,1756.0,198.0,1179,5256,
24.4.2026,14:31:23.346,48.0,49.0,23.000,18.301,1757.0,802.0,1179,5256,
24.4.2026,14:31:23.535,49.0,49.0,23.000,21.863,1756.0,822.0,1179,5256,
24.4.2026,14:31:23.739,48.0,49.0,18.000,21.431,1756.0,198.0,1179,5256,
24.4.2026,14:31:23.946,48.0,50.0,24.000,18.445,1757.0,958.0,1179,5256,
24.4.2026,14:31:24.156,49.0,50.0,24.000,21.632,1758.0,966.0,1179,5256,
24.4.2026,14:31:24.357,49.0,49.0,17.000,20.610,1757.0,198.0,1179,5256,
24.4.2026,14:31:24.562,48.0,49.0,17.000,17.456,1756.0,198.0,1179,5256,
24.4.2026,14:31:24.769,49.0,50.0,24.000,18.084,1752.0,954.0,1179,5256,
24.4.2026,14:31:24.966,49.0,50.0,24.000,21.196,1755.0,958.0,1179,5256,
24.4.2026,14:31:25.173,49.0,50.0,17.000,20.797,1755.0,198.0,1179,5256,
24.4.2026,14:31:25.395,48.0,49.0,17.000,17.714,1755.0,198.0,1179,5256,
24.4.2026,14:31:25.580,48.0,49.0,17.000,17.753,1725.0,198.0,1179,5256,
24.4.2026,14:31:25.786,48.0,49.0,17.000,17.619,1737.0,198.0,1179,5256,
24.4.2026,14:31:25.986,48.0,49.0,17.000,17.551,1745.0,198.0,1179,5256,
24.4.2026,14:31:26.176,48.0,49.0,17.000,17.706,1752.0,198.0,1179,5256,
24.4.2026,14:31:26.391,49.0,50.0,24.000,19.023,1757.0,988.0,1179,5256,
24.4.2026,14:31:26.585,49.0,50.0,24.000,20.959,306.0,982.0,1179,5256,
24.4.2026,14:31:26.789,50.0,50.0,24.000,21.864,299.0,986.0,1179,5256,
24.4.2026,14:31:26.995,49.0,50.0,25.000,21.275,1758.0,988.0,1179,5256,
24.4.2026,14:31:27.201,49.0,50.0,24.000,21.145,284.0,988.0,1179,5256,
24.4.2026,14:31:27.402,48.0,49.0,17.000,19.892,1742.0,198.0,1179,5256,
24.4.2026,14:31:27.610,48.0,49.0,18.000,17.777,1747.0,198.0,1179,5256,
24.4.2026,14:31:27.815,49.0,49.0,17.000,18.206,1754.0,198.0,1179,5256,
24.4.2026,14:31:28.016,49.0,50.0,24.000,19.054,1757.0,986.0,1179,5256,
24.4.2026,14:31:28.221,49.0,50.0,24.000,21.411,1757.0,988.0,1179,5256,
24.4.2026,14:31:28.426,49.0,50.0,24.000,21.882,301.0,988.0,1179,5256,
24.4.2026,14:31:28.624,48.0,49.0,17.000,19.531,1718.0,198.0,1179,5256,
24.4.2026,14:31:28.826,48.0,50.0,25.000,19.111,1753.0,986.0,1179,5256,
24.4.2026,14:31:29.031,49.0,50.0,24.000,21.957,1757.0,988.0,1179,5256,
24.4.2026,14:31:29.258,49.0,50.0,24.000,21.359,296.0,988.0,1179,5256,
24.4.2026,14:31:29.439,49.0,50.0,24.000,20.534,1757.0,982.0,1179,5256,
24.4.2026,14:31:29.632,49.0,50.0,24.000,21.512,1757.0,988.0,1179,5256,
24.4.2026,14:31:29.836,48.0,49.0,17.000,19.612,1707.0,198.0,1179,5256,
24.4.2026,14:31:30.045,49.0,50.0,24.000,20.072,1749.0,988.0,1179,5256,
24.4.2026,14:31:30.250,48.0,50.0,24.000,20.989,1756.0,988.0,1179,5256,
24.4.2026,14:31:30.452,49.0,50.0,24.000,21.189,1757.0,988.0,1179,5256,
24.4.2026,14:31:30.656,48.0,49.0,17.000,19.044,1756.0,198.0,1179,5256,
24.4.2026,14:31:30.849,49.0,50.0,24.000,19.536,300.0,988.0,1179,5256,
24.4.2026,14:31:31.054,48.0,49.0,18.000,19.018,1746.0,198.0,1179,5256,
24.4.2026,14:31:31.262,49.0,50.0,21.000,20.545,1755.0,512.0,1179,5256,
24.4.2026,14:31:31.467,48.0,50.0,21.000,20.860,1756.0,512.0,1179,5256,
24.4.2026,14:31:31.670,49.0,50.0,23.000,21.201,1756.0,586.0,1179,5256,
24.4.2026,14:31:31.877,48.0,49.0,17.000,18.378,1725.0,198.0,1179,5256,
24.4.2026,14:31:32.083,49.0,50.0,17.000,17.479,1749.0,198.0,1179,5256,
24.4.2026,14:31:32.272,48.0,49.0,18.000,17.567,1753.0,198.0,1179,5256,
24.4.2026,14:31:32.472,48.0,49.0,17.000,17.693,1754.0,198.0,1179,5256,
24.4.2026,14:31:32.679,48.0,49.0,18.000,20.787,1756.0,250.0,1179,5256,
24.4.2026,14:31:32.882,47.0,49.0,17.000,17.917,1756.0,198.0,1179,5256,
24.4.2026,14:31:33.091,48.0,49.0,17.000,17.764,1756.0,198.0,1179,5256,
24.4.2026,14:31:33.293,48.0,49.0,17.000,17.661,1733.0,198.0,1179,5256,
24.4.2026,14:31:33.499,49.0,50.0,19.000,20.749,1749.0,278.0,1179,5256,
24.4.2026,14:31:33.701,49.0,49.0,18.000,21.158,1754.0,278.0,1179,5256,
24.4.2026,14:31:33.907,48.0,49.0,18.000,21.120,1755.0,256.0,1179,5256,
24.4.2026,14:31:34.112,48.0,49.0,17.000,21.090,1757.0,256.0,1179,5256,
24.4.2026,14:31:34.302,48.0,49.0,17.000,21.044,1756.0,210.0,1179,5256,
24.4.2026,14:31:34.510,48.0,48.0,17.000,17.779,1755.0,198.0,1179,5256,
24.4.2026,14:31:34.715,49.0,49.0,18.000,20.803,1756.0,256.0,1179,5256,
24.4.2026,14:31:34.916,48.0,49.0,18.000,21.749,1756.0,212.0,1179,5256,
24.4.2026,14:31:35.118,48.0,50.0,18.000,21.664,1755.0,216.0,1179,5256,
24.4.2026,14:31:35.326,48.0,49.0,18.000,21.443,1756.0,208.0,1179,5256,
24.4.2026,14:31:35.533,48.0,49.0,18.000,18.016,1756.0,198.0,1179,5256,
24.4.2026,14:31:35.735,48.0,49.0,18.000,21.545,1756.0,212.0,1179,5256,
24.4.2026,14:31:35.941,48.0,50.0,18.000,18.582,1756.0,198.0,1179,5256,
24.4.2026,14:31:36.147,49.0,50.0,24.000,18.650,289.0,962.0,1179,5256,
24.4.2026,14:31:36.351,48.0,49.0,17.000,23.891,1756.0,212.0,1179,5256,
24.4.2026,14:31:36.558,48.0,49.0,17.000,17.710,1756.0,198.0,1179,5256,
24.4.2026,14:31:36.766,48.0,49.0,17.000,17.472,1756.0,198.0,1179,5256,
24.4.2026,14:31:36.972,48.0,49.0,17.000,17.664,1756.0,198.0,1179,5256,
24.4.2026,14:31:37.171,48.0,49.0,18.000,21.217,1755.0,212.0,1179,5256,
24.4.2026,14:31:37.376,48.0,49.0,17.000,18.002,1755.0,198.0,1179,5256,
24.4.2026,14:31:37.566,48.0,49.0,17.000,18.002,1755.0,198.0,1179,5256,
24.4.2026,14:31:37.769,48.0,49.0,17.000,21.153,1756.0,212.0,1179,5256,
24.4.2026,14:31:37.979,48.0,49.0,16.000,21.368,1756.0,198.0,1179,5256,
24.4.2026,14:31:38.180,48.0,49.0,17.000,20.863,1756.0,200.0,1179,5256,
24.4.2026,14:31:38.382,48.0,49.0,18.000,21.356,1743.0,200.0,1179,5256,
24.4.2026,14:31:38.586,48.0,49.0,18.000,17.972,1749.0,198.0,1179,5256,
24.4.2026,14:31:38.789,48.0,49.0,17.000,17.983,1755.0,198.0,1179,5256,
24.4.2026,14:31:39.001,48.0,49.0,17.000,21.458,1755.0,198.0,1179,5256,
24.4.2026,14:31:39.201,48.0,49.0,17.000,21.253,1756.0,200.0,1179,5256,
24.4.2026,14:31:39.404,48.0,50.0,18.000,21.079,1755.0,210.0,1179,5256,
24.4.2026,14:31:39.611,48.0,49.0,17.000,21.379,1755.0,210.0,1179,5256,
24.4.2026,14:31:39.817,48.0,49.0,18.000,18.116,1733.0,198.0,1179,5256,
24.4.2026,14:31:40.018,48.0,49.0,18.000,21.594,1755.0,200.0,1179,5256,
24.4.2026,14:31:40.228,48.0,49.0,17.000,17.760,1755.0,198.0,1179,5256,
24.4.2026,14:31:40.434,48.0,49.0,17.000,21.137,1755.0,200.0,1179,5256,
24.4.2026,14:31:40.640,48.0,49.0,17.000,21.153,1756.0,200.0,1179,5256,
24.4.2026,14:31:40.848,48.0,49.0,17.000,21.123,1756.0,200.0,1179,5256,
24.4.2026,14:31:41.050,48.0,49.0,18.000,21.358,1727.0,200.0,1179,5256,
24.4.2026,14:31:41.240,48.0,49.0,18.000,21.387,1744.0,212.0,1179,5256,
24.4.2026,14:31:41.447,48.0,49.0,18.000,18.044,1750.0,198.0,1179,5256,
24.4.2026,14:31:41.653,48.0,49.0,17.000,21.082,1753.0,198.0,1179,5256,
24.4.2026,14:31:41.862,48.0,49.0,17.000,21.145,1755.0,198.0,1179,5256,
24.4.2026,14:31:42.066,49.0,49.0,17.000,17.649,1756.0,198.0,1179,5256,
24.4.2026,14:31:42.266,48.0,49.0,17.000,21.312,1757.0,198.0,1179,5256,
24.4.2026,14:31:42.468,48.0,49.0,17.000,20.931,1740.0,198.0,1179,5256,
24.4.2026,14:31:42.675,48.0,49.0,18.000,21.135,1747.0,198.0,1179,5256,
24.4.2026,14:31:42.863,48.0,49.0,17.000,17.997,1756.0,198.0,1179,5256,
24.4.2026,14:31:43.070,48.0,49.0,17.000,21.309,1756.0,198.0,1179,5256,
24.4.2026,14:31:43.275,48.0,49.0,17.000,21.055,1756.0,198.0,1179,5256,
24.4.2026,14:31:43.476,48.0,49.0,17.000,17.593,1756.0,198.0,1179,5256,
24.4.2026,14:31:43.681,48.0,49.0,17.000,17.445,1721.0,198.0,1179,5256,
24.4.2026,14:31:43.885,48.0,49.0,18.000,21.281,1744.0,198.0,1179,5256,
24.4.2026,14:31:44.091,48.0,49.0,18.000,21.353,1752.0,198.0,1179,5256,
24.4.2026,14:31:44.292,48.0,49.0,17.000,21.422,1756.0,198.0,1179,5256,
24.4.2026,14:31:44.495,48.0,49.0,18.000,21.319,1756.0,198.0,1179,5256,
24.4.2026,14:31:44.700,48.0,49.0,17.000,17.842,1756.0,198.0,1179,5256,
24.4.2026,14:31:44.909,48.0,49.0,17.000,21.030,1756.0,198.0,1179,5256,
24.4.2026,14:31:45.110,48.0,49.0,18.000,21.284,1741.0,198.0,1179,5256,
24.4.2026,14:31:45.315,49.0,50.0,18.000,21.365,1755.0,198.0,1179,5256,
24.4.2026,14:31:45.520,48.0,50.0,17.000,21.570,1756.0,198.0,1179,5256,
24.4.2026,14:31:45.723,48.0,49.0,17.000,17.829,1757.0,198.0,1179,5256,
24.4.2026,14:31:45.923,48.0,49.0,17.000,21.167,1756.0,198.0,1179,5256,
24.4.2026,14:31:46.126,48.0,49.0,17.000,20.898,1721.0,198.0,1179,5256,
24.4.2026,14:31:46.329,49.0,50.0,24.000,21.612,1750.0,946.0,1179,5256,
24.4.2026,14:31:46.532,48.0,49.0,22.000,21.246,1756.0,802.0,1179,5256,
24.4.2026,14:31:46.737,48.0,49.0,18.000,20.692,1753.0,198.0,1179,5256,
24.4.2026,14:31:46.925,49.0,50.0,22.000,17.781,1757.0,802.0,1179,5256,
24.4.2026,14:31:47.130,48.0,49.0,18.000,21.482,1756.0,198.0,1179,5256,
24.4.2026,14:31:47.338,48.0,50.0,24.000,18.465,1757.0,954.0,1179,5256,
24.4.2026,14:31:47.540,48.0,49.0,18.000,20.985,1756.0,198.0,1179,5256,
24.4.2026,14:31:47.745,48.0,49.0,24.000,18.298,1757.0,950.0,1179,5256,
24.4.2026,14:31:47.946,48.0,50.0,25.000,21.716,1757.0,982.0,1179,5256,
24.4.2026,14:31:48.151,49.0,49.0,25.000,21.259,1757.0,954.0,1179,5256,
24.4.2026,14:31:48.357,49.0,50.0,25.000,21.916,1757.0,954.0,1179,5256,
24.4.2026,14:31:48.559,49.0,50.0,24.000,23.638,295.0,988.0,1179,5256,
24.4.2026,14:31:48.763,49.0,49.0,22.000,18.637,1754.0,782.0,1179,5256,
24.4.2026,14:31:48.968,48.0,49.0,24.000,21.591,1757.0,954.0,1179,5256,
24.4.2026,14:31:49.171,49.0,49.0,24.000,21.163,1757.0,954.0,1179,5256,
24.4.2026,14:31:49.377,48.0,49.0,17.000,20.878,1755.0,198.0,1179,5256,
24.4.2026,14:31:49.579,48.0,49.0,16.000,17.732,1677.0,198.0,1179,5256,
24.4.2026,14:31:49.784,48.0,50.0,24.000,17.979,1743.0,954.0,1179,5256,
24.4.2026,14:31:49.975,48.0,49.0,23.000,20.958,285.0,954.0,1179,5256,
24.4.2026,14:31:50.181,48.0,49.0,18.000,20.439,1749.0,198.0,1179,5256,
24.4.2026,14:31:50.382,49.0,50.0,24.000,18.627,289.0,986.0,1179,5256,
24.4.2026,14:31:50.587,48.0,49.0,18.000,19.897,1755.0,198.0,1179,5256,
24.4.2026,14:31:50.790,49.0,50.0,25.000,18.416,1756.0,982.0,1179,5256,
24.4.2026,14:31:50.993,49.0,50.0,25.000,21.264,1757.0,982.0,1179,5256,
24.4.2026,14:31:51.198,48.0,49.0,17.000,20.347,1756.0,198.0,1179,5256,
24.4.2026,14:31:51.402,49.0,50.0,24.000,18.666,278.0,982.0,1179,5256,
24.4.2026,14:31:51.608,48.0,50.0,24.000,21.169,282.0,982.0,1179,5256,
24.4.2026,14:31:51.812,49.0,50.0,24.000,21.055,1738.0,980.0,1179,5256,
24.4.2026,14:31:52.018,48.0,50.0,25.000,21.383,1755.0,982.0,1179,5256,
24.4.2026,14:31:52.220,48.0,49.0,24.000,21.411,286.0,982.0,1179,5256,
24.4.2026,14:31:52.429,49.0,50.0,24.000,21.408,303.0,982.0,1179,5256,
24.4.2026,14:31:52.631,48.0,49.0,17.000,20.070,1757.0,198.0,1179,5256,
24.4.2026,14:31:52.836,49.0,50.0,25.000,18.817,301.0,988.0,1179,5256,
24.4.2026,14:31:53.045,48.0,49.0,17.000,20.046,1756.0,198.0,1179,5256,
24.4.2026,14:31:53.251,49.0,50.0,24.000,18.709,286.0,982.0,1179,5256,
24.4.2026,14:31:53.443,48.0,49.0,17.000,20.537,1694.0,198.0,1179,5256,
24.4.2026,14:31:53.650,49.0,49.0,24.000,19.184,296.0,988.0,1179,5256,
24.4.2026,14:31:53.854,49.0,50.0,25.000,21.752,1752.0,988.0,1179,5256,
24.4.2026,14:31:54.061,49.0,50.0,24.000,20.666,1755.0,988.0,1179,5256,
24.4.2026,14:31:54.263,48.0,49.0,17.000,19.763,1756.0,198.0,1179,5256,
24.4.2026,14:31:54.470,48.0,49.0,24.000,18.254,299.0,982.0,1179,5256,
24.4.2026,14:31:54.682,49.0,50.0,24.000,21.698,1757.0,986.0,1179,5256,
24.4.2026,14:31:54.879,49.0,50.0,24.000,21.157,1757.0,986.0,1179,5256,
24.4.2026,14:31:55.068,49.0,50.0,24.000,21.040,272.0,988.0,1179,5256,
24.4.2026,14:31:55.272,49.0,49.0,24.000,21.559,285.0,988.0,1179,5256,
24.4.2026,14:31:55.477,48.0,49.0,24.000,21.273,298.0,988.0,1179,5256,
24.4.2026,14:31:55.706,48.0,49.0,18.000,19.143,1753.0,198.0,1179,5256,
24.4.2026,14:31:55.907,48.0,49.0,25.000,18.553,1757.0,982.0,1179,5256,
24.4.2026,14:31:56.098,48.0,49.0,17.000,20.697,1756.0,198.0,1179,5256,
24.4.2026,14:31:56.302,49.0,50.0,25.000,19.384,1757.0,988.0,1179,5256,
24.4.2026,14:31:56.532,48.0,48.0,17.000,19.510,1710.0,198.0,1179,5256,
24.4.2026,14:31:56.715,49.0,50.0,24.000,18.780,270.0,986.0,1179,5256,
24.4.2026,14:31:56.921,49.0,49.0,24.000,21.428,238.0,988.0,1179,5256,
24.4.2026,14:31:57.125,48.0,49.0,17.000,19.132,1727.0,198.0,1179,5256,
24.4.2026,14:31:57.326,49.0,50.0,24.000,19.279,295.0,988.0,1179,5256,
24.4.2026,14:31:57.529,48.0,49.0,17.000,19.309,1751.0,198.0,1179,5256,
24.4.2026,14:31:57.731,48.0,48.0,17.000,17.797,1754.0,198.0,1179,5256,
24.4.2026,14:31:57.933,48.0,49.0,24.000,19.592,307.0,988.0,1179,5256,
24.4.2026,14:31:58.136,48.0,49.0,17.000,19.741,1755.0,198.0,1179,5256,
24.4.2026,14:31:58.340,48.0,49.0,17.000,18.052,1688.0,198.0,1179,5256,
24.4.2026,14:31:58.546,49.0,50.0,24.000,20.128,271.0,988.0,1179,5256,
24.4.2026,14:31:58.751,49.0,50.0,24.000,21.217,1746.0,988.0,1179,5256,
24.4.2026,14:31:58.959,48.0,49.0,17.000,18.921,1754.0,198.0,1179,5256,
24.4.2026,14:31:59.162,48.0,49.0,25.000,20.039,1757.0,988.0,1179,5256,
24.4.2026,14:31:59.367,48.0,49.0,18.000,19.349,1756.0,198.0,1179,5256,
24.4.2026,14:31:59.573,47.0,48.0,18.000,18.450,1756.0,198.0,1179,5256,
24.4.2026,14:31:59.775,48.0,50.0,24.000,21.140,1756.0,676.0,1179,5256,
24.4.2026,14:31:59.980,48.0,49.0,17.000,19.080,1756.0,198.0,1179,5256,
24.4.2026,14:32:0.186,48.0,49.0,25.000,20.613,1757.0,988.0,1179,5256,
24.4.2026,14:32:0.388,48.0,50.0,25.000,21.799,1757.0,988.0,1179,5256,
24.4.2026,14:32:0.595,48.0,50.0,22.000,22.425,1756.0,546.0,1179,5256,
24.4.2026,14:32:0.796,48.0,50.0,25.000,21.244,1751.0,988.0,1179,5256,
24.4.2026,14:32:1.005,48.0,49.0,17.000,19.260,1755.0,198.0,1179,5256,
24.4.2026,14:32:1.208,48.0,50.0,25.000,20.114,1756.0,988.0,1179,5256,
24.4.2026,14:32:1.411,49.0,50.0,24.000,21.421,1757.0,988.0,1179,5256,
24.4.2026,14:32:1.630,48.0,50.0,25.000,21.241,1757.0,988.0,1179,5256,
24.4.2026,14:32:1.841,48.0,50.0,24.000,20.772,1732.0,988.0,1179,5256,
24.4.2026,14:32:2.026,49.0,50.0,24.000,20.675,253.0,988.0,1179,5256,
24.4.2026,14:32:2.227,49.0,50.0,24.000,22.607,1754.0,676.0,1179,5256,
24.4.2026,14:32:2.431,49.0,50.0,24.000,20.601,1757.0,988.0,1179,5256,
24.4.2026,14:32:2.636,49.0,49.0,24.000,20.998,1757.0,988.0,1179,5256,
24.4.2026,14:32:2.841,49.0,50.0,24.000,21.029,309.0,988.0,1179,5256,
24.4.2026,14:32:3.044,49.0,50.0,24.000,20.729,269.0,988.0,1179,5256,
24.4.2026,14:32:3.274,48.0,50.0,24.000,21.502,1744.0,988.0,1179,5256,
24.4.2026,14:32:3.455,49.0,49.0,24.000,20.711,1754.0,988.0,1179,5256,
24.4.2026,14:32:3.660,48.0,50.0,25.000,21.804,1756.0,988.0,1179,5256,
24.4.2026,14:32:3.851,48.0,50.0,22.000,22.134,1756.0,512.0,1179,5256,
24.4.2026,14:32:4.056,48.0,48.0,17.000,18.421,1756.0,198.0,1179,5256,
24.4.2026,14:32:4.267,48.0,49.0,17.000,17.808,1730.0,198.0,1179,5256,
24.4.2026,14:32:4.472,48.0,50.0,22.000,20.350,1748.0,512.0,1179,5256,
24.4.2026,14:32:4.673,48.0,48.0,17.000,18.399,1755.0,198.0,1179,5256,
24.4.2026,14:32:4.867,47.0,49.0,17.000,17.788,1756.0,198.0,1179,5256,
24.4.2026,14:32:5.073,48.0,49.0,18.000,20.799,1755.0,256.0,1179,5256,
24.4.2026,14:32:5.282,48.0,49.0,17.000,17.881,1756.0,198.0,1179,5256,
24.4.2026,14:32:5.478,48.0,48.0,17.000,17.462,1723.0,198.0,1179,5256,
24.4.2026,14:32:5.682,47.0,48.0,18.000,17.552,1734.0,198.0,1179,5256,
24.4.2026,14:32:5.886,47.0,48.0,18.000,17.794,1750.0,198.0,1179,5256,
24.4.2026,14:32:6.086,48.0,48.0,17.000,20.788,1755.0,218.0,1179,5256,
24.4.2026,14:32:6.293,48.0,49.0,17.000,21.137,1755.0,210.0,1179,5256,
24.4.2026,14:32:6.496,48.0,48.0,17.000,17.620,1756.0,198.0,1179,5256,
24.4.2026,14:32:6.701,48.0,49.0,17.000,20.827,1756.0,212.0,1179,5256,
24.4.2026,14:32:6.907,47.0,49.0,16.000,17.790,1756.0,198.0,1179,5256,
24.4.2026,14:32:7.112,48.0,49.0,17.000,17.685,1755.0,198.0,1179,5256,
24.4.2026,14:32:7.309,48.0,49.0,17.000,17.685,1755.0,198.0,1179,5256,
24.4.2026,14:32:7.509,47.0,48.0,18.000,17.908,1750.0,198.0,1179,5256,
24.4.2026,14:32:7.714,48.0,48.0,17.000,17.877,1755.0,198.0,1179,5256,
24.4.2026,14:32:7.914,48.0,49.0,17.000,21.217,1755.0,200.0,1179,5256,
24.4.2026,14:32:8.114,48.0,49.0,18.000,21.378,1755.0,202.0,1179,5256,
24.4.2026,14:32:8.323,48.0,49.0,17.000,21.074,1756.0,200.0,1179,5256,
24.4.2026,14:32:8.525,48.0,49.0,17.000,21.325,1755.0,198.0,1179,5256,
24.4.2026,14:32:8.731,48.0,49.0,17.000,21.535,1706.0,198.0,1179,5256,
24.4.2026,14:32:8.933,47.0,48.0,18.000,17.926,1741.0,198.0,1179,5256,
24.4.2026,14:32:9.133,48.0,49.0,18.000,21.356,1742.0,198.0,1179,5256,
24.4.2026,14:32:9.341,47.0,49.0,17.000,17.663,1735.0,198.0,1179,5256,
24.4.2026,14:32:9.543,47.0,49.0,17.000,17.635,1736.0,198.0,1179,5256,
24.4.2026,14:32:9.747,48.0,49.0,18.000,21.215,1746.0,198.0,1179,5256,
24.4.2026,14:32:9.948,48.0,48.0,17.000,21.094,1751.0,198.0,1179,5256,
24.4.2026,14:32:10.155,47.0,48.0,17.000,17.453,1754.0,198.0,1179,5256,
24.4.2026,14:32:10.359,47.0,49.0,18.000,21.019,1755.0,198.0,1179,5256,
24.4.2026,14:32:10.566,48.0,49.0,17.000,21.294,1755.0,198.0,1179,5256,
24.4.2026,14:32:10.756,48.0,49.0,17.000,17.785,1756.0,198.0,1179,5256,
24.4.2026,14:32:10.959,48.0,49.0,16.000,21.107,295.0,198.0,1179,5256,
24.4.2026,14:32:11.164,48.0,49.0,16.000,21.327,1672.0,198.0,1179,5256,
24.4.2026,14:32:11.369,47.0,49.0,17.000,17.421,1700.0,198.0,1179,5256,
24.4.2026,14:32:11.572,47.0,49.0,17.000,21.169,1755.0,198.0,1179,5256,
24.4.2026,14:32:11.778,48.0,48.0,18.000,21.248,1755.0,198.0,1179,5256,
24.4.2026,14:32:11.977,47.0,49.0,18.000,18.177,1756.0,198.0,1179,5256,
24.4.2026,14:32:12.185,47.0,49.0,18.000,18.110,1756.0,198.0,1179,5256,
24.4.2026,14:32:12.386,48.0,48.0,18.000,17.980,1755.0,198.0,1179,5256,
24.4.2026,14:32:12.590,47.0,48.0,17.000,18.150,1755.0,198.0,1179,5256,
24.4.2026,14:32:12.796,49.0,49.0,17.000,21.366,1756.0,198.0,1179,5256,
24.4.2026,14:32:13.002,48.0,48.0,17.000,21.399,1755.0,198.0,1179,5256,
24.4.2026,14:32:13.192,49.0,50.0,25.000,22.738,1757.0,986.0,1179,5256,
24.4.2026,14:32:13.398,48.0,49.0,18.000,22.653,1756.0,198.0,1179,5256,
24.4.2026,14:32:13.604,48.0,49.0,18.000,18.066,1756.0,198.0,1179,5256,
24.4.2026,14:32:13.807,47.0,48.0,18.000,18.339,1755.0,198.0,1179,5256,
24.4.2026,14:32:14.011,48.0,48.0,16.000,18.184,70.0,890.0,1179,5256,
24.4.2026,14:32:14.212,47.0,48.0,7.000,14.617,9.0,90.0,1179,5256,
24.4.2026,14:32:14.415,47.0,47.0,7.000,6.685,10.0,78.0,1179,5256,
24.4.2026,14:32:14.620,47.0,47.0,10.000,7.348,85.0,158.0,1174,5251,
24.4.2026,14:32:14.820,47.0,48.0,9.000,6.690,24.0,138.0,1174,5251,
24.4.2026,14:32:15.024,47.0,47.0,7.000,5.488,63.0,160.0,1174,5251,
24.4.2026,14:32:15.227,47.0,47.0,4.000,5.445,9.0,42.0,1174,5251,
24.4.2026,14:32:15.435,47.0,47.0,4.000,5.052,6.0,34.0,1174,5251,
24.4.2026,14:32:15.632,47.0,47.0,4.000,5.259,8.0,38.0,1174,5251,
24.4.2026,14:32:15.834,47.0,47.0,4.000,5.525,4.0,40.0,1174,5251,
24.4.2026,14:32:16.050,47.0,47.0,6.000,5.006,18.0,104.0,1174,5251,
24.4.2026,14:32:16.257,47.0,47.0,4.000,5.206,25.0,48.0,1174,5251,
24.4.2026,14:32:16.473,47.0,47.0,7.000,5.032,39.0,148.0,1174,5251,
24.4.2026,14:32:16.689,47.0,47.0,4.000,5.543,4.0,36.0,1174,5251,
24.4.2026,14:32:16.893,47.0,47.0,4.000,5.689,0.0,6.0,1174,5251,
24.4.2026,14:32:17.093,47.0,47.0,4.000,5.018,0.0,6.0,1174,5251,
24.4.2026,14:32:17.296,47.0,47.0,4.000,5.269,0.0,6.0,1174,5251,
24.4.2026,14:32:17.500,48.0,48.0,4.000,5.336,0.0,6.0,1174,5251,
24.4.2026,14:32:17.704,47.0,47.0,4.000,5.204,7.0,30.0,1174,5251,
24.4.2026,14:32:17.908,47.0,47.0,7.000,5.193,35.0,130.0,1174,5251,
24.4.2026,14:32:18.109,47.0,47.0,4.000,5.231,0.0,6.0,1174,5251,
24.4.2026,14:32:18.311,47.0,47.0,4.000,5.293,0.0,6.0,1174,5251,
24.4.2026,14:32:18.511,46.0,47.0,4.000,5.624,0.0,6.0,1174,5251,
24.4.2026,14:32:18.713,47.0,47.0,4.000,5.454,9.0,36.0,1174,5251,
24.4.2026,14:32:18.914,47.0,47.0,4.000,5.166,4.0,6.0,1174,5251,
24.4.2026,14:32:19.119,47.0,47.0,4.000,5.515,4.0,6.0,1174,5251,
24.4.2026,14:32:19.321,47.0,47.0,7.000,5.465,54.0,128.0,1174,5251,
24.4.2026,14:32:19.523,47.0,47.0,4.000,5.581,23.0,10.0,1174,5251,
24.4.2026,14:32:19.728,46.0,47.0,7.000,5.523,26.0,130.0,1174,5251,
24.4.2026,14:32:19.928,47.0,47.0,7.000,5.414,59.0,142.0,1174,5251,
24.4.2026,14:32:20.132,46.0,47.0,4.000,5.735,25.0,4.0,1174,5251,
24.4.2026,14:32:20.335,46.0,46.0,4.000,5.361,25.0,4.0,1174,5251,
24.4.2026,14:32:20.544,46.0,47.0,4.000,5.027,52.0,12.0,1174,5251,
24.4.2026,14:32:20.747,47.0,47.0,7.000,5.205,43.0,126.0,1174,5251,
24.4.2026,14:32:20.951,47.0,47.0,4.000,5.531,52.0,4.0,1174,5251,
24.4.2026,14:32:21.152,47.0,47.0,4.000,5.077,0.0,4.0,1174,5251,
24.4.2026,14:32:21.351,46.0,46.0,4.000,5.378,0.0,4.0,1174,5251,
24.4.2026,14:32:21.553,46.0,47.0,4.000,5.032,0.0,14.0,1174,5251,
24.4.2026,14:32:21.756,47.0,47.0,7.000,5.064,39.0,142.0,1174,5251,
24.4.2026,14:32:21.958,47.0,47.0,4.000,5.211,38.0,6.0,1174,5251,
24.4.2026,14:32:22.162,46.0,46.0,4.000,5.630,1.0,10.0,1174,5251,
24.4.2026,14:32:22.365,46.0,46.0,4.000,5.395,19.0,4.0,1174,5251,
24.4.2026,14:32:22.581,46.0,46.0,4.000,5.006,19.0,4.0,1174,5251,
24.4.2026,14:32:22.770,47.0,47.0,4.000,5.595,19.0,16.0,1174,5251,
24.4.2026,14:32:22.975,46.0,47.0,4.000,5.335,21.0,6.0,1174,5251,
24.4.2026,14:32:23.179,46.0,46.0,4.000,5.413,21.0,4.0,1174,5251,
24.4.2026,14:32:23.383,46.0,46.0,4.000,5.517,1.0,10.0,1174,5251,
24.4.2026,14:32:23.588,46.0,46.0,4.000,5.050,18.0,14.0,1174,5251,
24.4.2026,14:32:23.792,47.0,47.0,7.000,5.654,36.0,138.0,1174,5251,
24.4.2026,14:32:23.999,47.0,47.0,4.000,5.406,5.0,32.0,1174,5251,
24.4.2026,14:32:24.200,46.0,46.0,4.000,5.097,22.0,12.0,1174,5251,
24.4.2026,14:32:24.405,47.0,47.0,4.000,5.297,22.0,6.0,1174,5251,
24.4.2026,14:32:24.607,46.0,46.0,7.000,5.085,64.0,140.0,1174,5251,
24.4.2026,14:32:24.807,46.0,46.0,7.000,5.495,55.0,140.0,1174,5251,
24.4.2026,14:32:25.013,47.0,47.0,4.000,5.563,49.0,4.0,1174,5251,
24.4.2026,14:32:25.212,46.0,46.0,4.000,4.993,49.0,4.0,1174,5251,
24.4.2026,14:32:25.416,46.0,46.0,4.000,5.624,25.0,4.0,1174,5251,
24.4.2026,14:32:25.622,47.0,47.0,4.000,5.302,25.0,12.0,1174,5251,
24.4.2026,14:32:25.820,46.0,46.0,4.000,4.997,25.0,14.0,1174,5251,
24.4.2026,14:32:26.023,47.0,47.0,4.000,5.024,22.0,12.0,1174,5251,
24.4.2026,14:32:26.230,46.0,46.0,4.000,5.282,22.0,6.0,1174,5251,
24.4.2026,14:32:26.432,45.0,46.0,4.000,5.540,22.0,12.0,1174,5251,
24.4.2026,14:32:26.635,46.0,46.0,4.000,5.044,18.0,14.0,1174,5251,
24.4.2026,14:32:26.838,46.0,46.0,7.000,5.330,39.0,130.0,1174,5251,
24.4.2026,14:32:27.041,46.0,46.0,4.000,5.507,18.0,12.0,1174,5251,
24.4.2026,14:32:27.245,46.0,46.0,4.000,5.311,0.0,4.0,1174,5251,
24.4.2026,14:32:27.450,46.0,46.0,4.000,5.729,10.0,34.0,1174,5251,
24.4.2026,14:32:27.655,46.0,46.0,4.000,5.198,0.0,14.0,1174,5251,
24.4.2026,14:32:27.860,46.0,46.0,4.000,5.474,9.0,26.0,1174,5251,
24.4.2026,14:32:28.059,46.0,46.0,4.000,5.576,5.0,36.0,1174,5251,
24.4.2026,14:32:28.263,47.0,47.0,7.000,5.153,45.0,140.0,1174,5251,
24.4.2026,14:32:28.465,47.0,47.0,5.000,5.251,30.0,74.0,1174,5251,
24.4.2026,14:32:28.667,46.0,47.0,8.000,5.274,44.0,152.0,1174,5251,
24.4.2026,14:32:28.870,46.0,46.0,7.000,5.302,49.0,154.0,1174,5251,
24.4.2026,14:32:29.074,46.0,46.0,7.000,5.670,21.0,132.0,1174,5251,
24.4.2026,14:32:29.276,46.0,46.0,7.000,5.060,64.0,140.0,1174,5251,
24.4.2026,14:32:29.480,46.0,47.0,4.000,5.206,24.0,64.0,1174,5251,
24.4.2026,14:32:29.683,46.0,46.0,4.000,5.304,30.0,46.0,1174,5251,
24.4.2026,14:32:29.885,46.0,46.0,8.000,5.232,51.0,170.0,1174,5251,
24.4.2026,14:32:30.087,46.0,46.0,7.000,5.384,52.0,150.0,1174,5251,
24.4.2026,14:32:30.290,45.0,46.0,7.000,5.401,47.0,124.0,1174,5251,
24.4.2026,14:32:30.492,46.0,46.0,7.000,5.060,38.0,126.0,1174,5251,
24.4.2026,14:32:30.696,46.0,46.0,7.000,5.056,38.0,128.0,1174,5251,
24.4.2026,14:32:30.898,46.0,46.0,7.000,5.617,22.0,132.0,1174,5251,
24.4.2026,14:32:31.101,45.0,46.0,4.000,5.001,26.0,50.0,1174,5251,
24.4.2026,14:32:31.304,46.0,46.0,4.000,5.288,11.0,4.0,1174,5251,
24.4.2026,14:32:31.507,46.0,46.0,7.000,5.347,26.0,136.0,1174,5251,
24.4.2026,14:32:31.710,46.0,46.0,7.000,5.286,37.0,128.0,1174,5251,
24.4.2026,14:32:31.912,46.0,46.0,7.000,5.320,34.0,142.0,1174,5251,
24.4.2026,14:32:32.116,46.0,46.0,7.000,5.302,45.0,130.0,1174,5251,
24.4.2026,14:32:32.316,46.0,46.0,4.000,5.291,31.0,48.0,1174,5251,
24.4.2026,14:32:32.521,46.0,46.0,4.000,5.314,26.0,66.0,1174,5251,
24.4.2026,14:32:32.739,46.0,46.0,8.000,5.253,49.0,166.0,1174,5251,
24.4.2026,14:32:32.937,46.0,46.0,7.000,5.050,52.0,140.0,1174,5251,
24.4.2026,14:32:33.143,46.0,46.0,7.000,5.329,30.0,144.0,1174,5251,
24.4.2026,14:32:33.345,45.0,46.0,7.000,5.348,66.0,140.0,1174,5251,
24.4.2026,14:32:33.549,46.0,46.0,7.000,5.412,38.0,128.0,1174,5251,
24.4.2026,14:32:33.755,46.0,46.0,7.000,5.331,45.0,140.0,1174,5251,
24.4.2026,14:32:33.955,46.0,46.0,7.000,5.043,33.0,144.0,1174,5251,
24.4.2026,14:32:34.157,46.0,47.0,7.000,5.081,21.0,132.0,1174,5251,
24.4.2026,14:32:34.359,46.0,46.0,7.000,5.350,43.0,144.0,1174,5251,
24.4.2026,14:32:34.562,45.0,46.0,7.000,5.376,39.0,126.0,1174,5251,
24.4.2026,14:32:34.765,46.0,46.0,7.000,5.084,28.0,132.0,1174,5251,
24.4.2026,14:32:34.965,46.0,46.0,7.000,5.458,40.0,126.0,1174,5251,
24.4.2026,14:32:35.168,46.0,46.0,7.000,5.052,45.0,140.0,1174,5251,
24.4.2026,14:32:35.372,47.0,47.0,7.000,5.363,39.0,130.0,1174,5251,
24.4.2026,14:32:35.574,46.0,46.0,4.000,5.564,31.0,48.0,1174,5251,
24.4.2026,14:32:35.777,46.0,46.0,7.000,5.141,21.0,138.0,1174,5251,
24.4.2026,14:32:35.979,46.0,46.0,7.000,5.700,34.0,136.0,1174,5251,
24.4.2026,14:32:36.183,46.0,46.0,7.000,5.513,39.0,130.0,1174,5251,
24.4.2026,14:32:36.383,45.0,46.0,5.000,4.960,29.0,76.0,1174,5251,
24.4.2026,14:32:36.588,46.0,46.0,7.000,5.953,38.0,130.0,1174,5251,
24.4.2026,14:32:36.792,46.0,46.0,7.000,5.018,60.0,142.0,1174,5251,
24.4.2026,14:32:36.992,45.0,45.0,7.000,5.228,35.0,132.0,1174,5251,
24.4.2026,14:32:37.197,45.0,46.0,7.000,5.668,21.0,132.0,1174,5251,
24.4.2026,14:32:37.399,45.0,46.0,7.000,4.988,46.0,146.0,1174,5251,
24.4.2026,14:32:37.600,46.0,46.0,7.000,5.582,37.0,128.0,1174,5251,
24.4.2026,14:32:37.802,46.0,46.0,7.000,5.016,35.0,142.0,1174,5251,
24.4.2026,14:32:38.019,46.0,46.0,4.000,4.929,25.0,64.0,1174,5251,
24.4.2026,14:32:38.238,46.0,46.0,4.000,5.270,0.0,4.0,1174,5251,
24.4.2026,14:32:38.438,46.0,46.0,4.000,5.008,0.0,6.0,1174,5251,
24.4.2026,14:32:38.641,45.0,46.0,4.000,5.281,0.0,8.0,1174,5251,
24.4.2026,14:32:38.844,46.0,46.0,4.000,5.072,0.0,6.0,1174,5251,
24.4.2026,14:32:39.045,46.0,46.0,4.000,5.040,0.0,6.0,1174,5251,
24.4.2026,14:32:39.249,45.0,45.0,4.000,5.252,0.0,6.0,1174,5251,
24.4.2026,14:32:39.451,45.0,46.0,4.000,5.252,0.0,6.0,1174,5251,
24.4.2026,14:32:39.653,46.0,46.0,4.000,5.155,9.0,36.0,1174,5251,
24.4.2026,14:32:39.855,45.0,46.0,4.000,5.069,0.0,6.0,1174,5251,
24.4.2026,14:32:40.056,45.0,46.0,4.000,5.295,0.0,6.0,1174,5251,
24.4.2026,14:32:40.258,46.0,46.0,7.000,5.659,42.0,146.0,1174,5251,
24.4.2026,14:32:40.460,46.0,46.0,4.000,5.209,0.0,4.0,1174,5251,
24.4.2026,14:32:40.661,46.0,46.0,4.000,5.502,9.0,30.0,1174,5251,
24.4.2026,14:32:40.864,46.0,46.0,7.000,5.203,33.0,146.0,1174,5251,
24.4.2026,14:32:41.067,45.0,45.0,4.000,5.221,3.0,4.0,1174,5251,
24.4.2026,14:32:41.283,45.0,45.0,4.000,5.555,0.0,6.0,1174,5251,
24.4.2026,14:32:41.484,45.0,45.0,4.000,4.957,0.0,4.0,1174,5251,
24.4.2026,14:32:41.689,45.0,45.0,4.000,5.456,7.0,28.0,1174,5251,
24.4.2026,14:32:41.892,46.0,46.0,4.000,5.641,1.0,10.0,1174,5251,
24.4.2026,14:32:42.091,45.0,45.0,4.000,5.000,0.0,8.0,1174,5251,
24.4.2026,14:32:42.297,45.0,46.0,7.000,5.354,39.0,126.0,1174,5251,
24.4.2026,14:32:42.498,45.0,46.0,4.000,5.186,0.0,4.0,1174,5251,
24.4.2026,14:32:42.700,46.0,46.0,4.000,5.142,6.0,32.0,1174,5251,
24.4.2026,14:32:42.901,45.0,45.0,4.000,5.410,0.0,4.0,1174,5251,
24.4.2026,14:32:43.105,45.0,46.0,4.000,4.996,0.0,6.0,1174,5251,
24.4.2026,14:32:43.316,45.0,46.0,4.000,5.196,0.0,6.0,1174,5251,
24.4.2026,14:32:43.518,45.0,45.0,4.000,5.222,0.0,6.0,1174,5251,
24.4.2026,14:32:43.721,45.0,45.0,4.000,5.393,10.0,36.0,1174,5251,
24.4.2026,14:32:43.924,45.0,45.0,4.000,5.147,4.0,6.0,1174,5251,
24.4.2026,14:32:44.125,45.0,45.0,4.000,5.243,1.0,10.0,1174,5251,
24.4.2026,14:32:44.331,46.0,46.0,4.000,5.458,11.0,34.0,1174,5251,
24.4.2026,14:32:44.531,45.0,45.0,4.000,5.429,5.0,6.0,1174,5251,
24.4.2026,14:32:44.734,45.0,45.0,4.000,5.417,8.0,38.0,1174,5251,
24.4.2026,14:32:44.937,45.0,46.0,4.000,5.296,9.0,30.0,1174,5251,
24.4.2026,14:32:45.142,45.0,46.0,4.000,5.103,26.0,14.0,1174,5251,
24.4.2026,14:32:45.343,45.0,45.0,4.000,5.547,26.0,12.0,1174,5251,
24.4.2026,14:32:45.545,45.0,45.0,7.000,5.369,22.0,152.0,1174,5251,
24.4.2026,14:32:45.748,46.0,46.0,7.000,5.305,19.0,120.0,1174,5251,
24.4.2026,14:32:45.952,45.0,45.0,4.000,5.491,32.0,4.0,1174,5251,
24.4.2026,14:32:46.152,45.0,45.0,4.000,4.990,49.0,4.0,1174,5251,
24.4.2026,14:32:46.354,45.0,45.0,4.000,5.281,49.0,4.0,1174,5251,
24.4.2026,14:32:46.555,45.0,45.0,4.000,5.259,49.0,18.0,1174,5251,
24.4.2026,14:32:46.759,45.0,45.0,7.000,5.125,45.0,124.0,1174,5251,
24.4.2026,14:32:46.962,45.0,45.0,4.000,5.235,43.0,12.0,1174,5251,
24.4.2026,14:32:47.167,45.0,45.0,4.000,5.623,43.0,4.0,1174,5251,
24.4.2026,14:32:47.370,45.0,45.0,4.000,5.271,24.0,4.0,1174,5251,
24.4.2026,14:32:47.575,45.0,45.0,7.000,5.116,38.0,128.0,1174,5251,
24.4.2026,14:32:47.775,45.0,45.0,4.000,5.687,7.0,36.0,1174,5251,
24.4.2026,14:32:47.981,45.0,45.0,7.000,5.162,37.0,130.0,1174,5251,
24.4.2026,14:32:48.185,45.0,45.0,4.000,5.187,20.0,14.0,1174,5251,
24.4.2026,14:32:48.384,45.0,45.0,4.000,5.608,32.0,64.0,1174,5251,
24.4.2026,14:32:48.584,45.0,45.0,7.000,5.001,29.0,128.0,1174,5251,
24.4.2026,14:32:48.786,45.0,45.0,4.000,5.644,5.0,32.0,1174,5251,
24.4.2026,14:32:48.989,45.0,45.0,8.000,5.350,59.0,168.0,1174,5251,
24.4.2026,14:32:49.206,45.0,45.0,7.000,5.283,54.0,150.0,1174,5251,
24.4.2026,14:32:49.423,45.0,45.0,7.000,5.503,55.0,164.0,1174,5251,
24.4.2026,14:32:49.626,45.0,45.0,7.000,5.061,47.0,130.0,1174,5251,
24.4.2026,14:32:49.830,45.0,45.0,7.000,5.565,38.0,130.0,1174,5251,
24.4.2026,14:32:50.033,45.0,45.0,7.000,5.314,38.0,128.0,1174,5251,
24.4.2026,14:32:50.233,45.0,45.0,8.000,5.394,52.0,174.0,1174,5251,
24.4.2026,14:32:50.439,45.0,45.0,4.000,5.506,9.0,34.0,1174,5251,
24.4.2026,14:32:50.644,45.0,45.0,7.000,5.352,52.0,150.0,1174,5251,
24.4.2026,14:32:50.843,46.0,46.0,4.000,5.549,8.0,36.0,1174,5251,
24.4.2026,14:32:51.047,45.0,45.0,4.000,5.082,9.0,30.0,1174,5251,
24.4.2026,14:32:51.251,45.0,45.0,6.000,5.246,20.0,86.0,1174,5251,
24.4.2026,14:32:51.455,45.0,45.0,4.000,5.268,7.0,30.0,1174,5251,
24.4.2026,14:32:51.656,45.0,45.0,4.000,4.968,6.0,34.0,1174,5251,
24.4.2026,14:32:51.860,45.0,45.0,4.000,5.539,4.0,28.0,1174,5251,
24.4.2026,14:32:52.063,45.0,45.0,7.000,5.056,54.0,158.0,1174,5251,
24.4.2026,14:32:52.266,45.0,45.0,4.000,5.202,8.0,34.0,1174,5251,
24.4.2026,14:32:52.468,45.0,45.0,4.000,5.285,8.0,40.0,1174,5251,
24.4.2026,14:32:52.669,45.0,45.0,4.000,4.979,9.0,30.0,1174,5251,
24.4.2026,14:32:52.874,45.0,45.0,4.000,5.560,8.0,38.0,1174,5251,
24.4.2026,14:32:53.081,45.0,45.0,7.000,5.368,47.0,152.0,1174,5251,
24.4.2026,14:32:53.300,45.0,45.0,4.000,4.878,8.0,36.0,1174,5251,
24.4.2026,14:32:53.516,45.0,45.0,5.000,5.396,24.0,80.0,1174,5251,
24.4.2026,14:32:53.717,45.0,45.0,4.000,5.208,14.0,18.0,1174,5251,
24.4.2026,14:32:53.920,45.0,45.0,4.000,5.258,1.0,18.0,1174,5251,
24.4.2026,14:32:54.122,45.0,45.0,4.000,5.329,20.0,4.0,1174,5251,
24.4.2026,14:32:54.323,45.0,45.0,4.000,5.137,9.0,40.0,1174,5251,
24.4.2026,14:32:54.525,45.0,45.0,4.000,5.635,20.0,12.0,1174,5251,
24.4.2026,14:32:54.728,45.0,45.0,4.000,5.310,21.0,4.0,1174,5251,
24.4.2026,14:32:54.934,45.0,45.0,7.000,5.263,39.0,144.0,1174,5251,
24.4.2026,14:32:55.137,45.0,45.0,4.000,5.493,21.0,4.0,1174,5251,
24.4.2026,14:32:55.342,45.0,45.0,4.000,5.268,0.0,4.0,1174,5251,
24.4.2026,14:32:55.541,45.0,45.0,4.000,5.432,7.0,30.0,1174,5251,
24.4.2026,14:32:55.743,45.0,45.0,4.000,5.108,0.0,4.0,1174,5251,
24.4.2026,14:32:55.946,45.0,45.0,4.000,5.205,21.0,10.0,1174,5251,
24.4.2026,14:32:56.148,45.0,45.0,4.000,5.329,21.0,12.0,1174,5251,
24.4.2026,14:32:56.351,45.0,45.0,4.000,5.018,21.0,12.0,1174,5251,
24.4.2026,14:32:56.553,45.0,45.0,4.000,5.574,22.0,12.0,1174,5251,
24.4.2026,14:32:56.755,45.0,45.0,4.000,5.184,22.0,6.0,1174,5251,
24.4.2026,14:32:56.972,45.0,45.0,4.000,5.194,9.0,38.0,1174,5251,
24.4.2026,14:32:57.161,45.0,45.0,4.000,5.391,0.0,6.0,1174,5251,
24.4.2026,14:32:57.377,45.0,45.0,4.000,5.030,0.0,12.0,1174,5251,
24.4.2026,14:32:57.582,45.0,45.0,4.000,5.608,0.0,4.0,1174,5251,
24.4.2026,14:32:57.770,45.0,45.0,4.000,5.486,6.0,30.0,1174,5251,
24.4.2026,14:32:57.990,45.0,45.0,4.000,5.292,8.0,38.0,1174,5251,
24.4.2026,14:32:58.193,45.0,45.0,7.000,5.516,38.0,126.0,1174,5251,
24.4.2026,14:32:58.395,45.0,45.0,4.000,5.373,10.0,34.0,1174,5251,
24.4.2026,14:32:58.598,45.0,45.0,4.000,5.395,4.0,4.0,1174,5251,
24.4.2026,14:32:58.815,45.0,45.0,7.000,5.032,34.0,144.0,1174,5251,
24.4.2026,14:32:59.018,45.0,45.0,4.000,5.460,1.0,10.0,1174,5251,
24.4.2026,14:32:59.220,45.0,45.0,4.000,5.268,1.0,10.0,1174,5251,
24.4.2026,14:32:59.422,45.0,45.0,4.000,5.270,7.0,36.0,1174,5251,
24.4.2026,14:32:59.624,45.0,45.0,4.000,5.642,1.0,10.0,1174,5251,
24.4.2026,14:32:59.826,45.0,45.0,4.000,5.282,1.0,10.0,1174,5251,
24.4.2026,14:33:0.033,45.0,45.0,4.000,5.353,0.0,6.0,1174,5251,
24.4.2026,14:33:0.235,45.0,45.0,4.000,5.211,0.0,10.0,1174,5251,
24.4.2026,14:33:0.438,45.0,45.0,4.000,5.282,2.0,10.0,1174,5251,
24.4.2026,14:33:0.638,45.0,45.0,4.000,4.986,20.0,16.0,1174,5251,
24.4.2026,14:33:0.841,45.0,45.0,4.000,5.299,20.0,6.0,1174,5251,
24.4.2026,14:33:1.043,45.0,45.0,4.000,5.467,1.0,12.0,1174,5251,
24.4.2026,14:33:1.246,44.0,45.0,4.000,5.279,0.0,6.0,1174,5251,
24.4.2026,14:33:1.445,44.0,45.0,4.000,5.279,0.0,6.0,1174,5251,
24.4.2026,14:33:1.647,45.0,45.0,4.000,5.244,0.0,4.0,1174,5251,
24.4.2026,14:33:1.858,45.0,45.0,4.000,5.261,1.0,10.0,1174,5251,
24.4.2026,14:33:2.060,44.0,44.0,7.000,5.081,52.0,136.0,1174,5251,
24.4.2026,14:33:2.265,45.0,45.0,4.000,5.495,24.0,4.0,1174,5251,
24.4.2026,14:33:2.467,45.0,45.0,4.000,5.425,5.0,30.0,1174,5251,
24.4.2026,14:33:2.670,45.0,45.0,4.000,5.399,0.0,6.0,1174,5251,
24.4.2026,14:33:2.869,44.0,44.0,4.000,5.340,0.0,4.0,1174,5251,
24.4.2026,14:33:3.074,45.0,45.0,4.000,5.411,13.0,32.0,1174,5251,
24.4.2026,14:33:3.277,44.0,45.0,4.000,5.115,24.0,12.0,1174,5251,
24.4.2026,14:33:3.478,45.0,45.0,7.000,5.376,42.0,148.0,1174,5251,
24.4.2026,14:33:3.682,45.0,45.0,7.000,5.602,30.0,132.0,1174,5251,
24.4.2026,14:33:3.881,44.0,45.0,4.000,5.300,0.0,4.0,1174,5251,
24.4.2026,14:33:4.087,44.0,45.0,4.000,5.362,0.0,10.0,1174,5251,
24.4.2026,14:33:4.289,45.0,45.0,4.000,4.989,0.0,6.0,1174,5251,
24.4.2026,14:33:4.492,44.0,44.0,4.000,5.010,19.0,4.0,1174,5251,
24.4.2026,14:33:4.693,45.0,45.0,4.000,5.313,19.0,4.0,1174,5251,
24.4.2026,14:33:4.909,45.0,45.0,4.000,5.000,19.0,12.0,1174,5251,
24.4.2026,14:33:5.113,45.0,45.0,7.000,5.324,45.0,150.0,1174,5251,
24.4.2026,14:33:5.302,45.0,45.0,4.000,5.288,19.0,6.0,1174,5251,
24.4.2026,14:33:5.505,45.0,45.0,4.000,4.993,19.0,6.0,1174,5251,
24.4.2026,14:33:5.708,45.0,45.0,4.000,5.593,21.0,4.0,1174,5251,
24.4.2026,14:33:5.928,44.0,45.0,4.000,5.268,21.0,12.0,1174,5251,
24.4.2026,14:33:6.143,45.0,45.0,4.000,5.532,0.0,6.0,1174,5251,
24.4.2026,14:33:6.346,45.0,45.0,7.000,5.032,30.0,154.0,1174,5251,
24.4.2026,14:33:6.549,45.0,45.0,4.000,5.774,1.0,10.0,1174,5251,
24.4.2026,14:33:6.751,44.0,44.0,4.000,5.348,0.0,10.0,1174,5251,
24.4.2026,14:33:6.952,45.0,45.0,7.000,5.143,48.0,150.0,1174,5251,
24.4.2026,14:33:7.156,45.0,45.0,4.000,5.699,1.0,10.0,1174,5251,
24.4.2026,14:33:7.356,45.0,45.0,4.000,5.359,1.0,10.0,1174,5251,
24.4.2026,14:33:7.557,44.0,45.0,4.000,5.526,8.0,32.0,1174,5251,
24.4.2026,14:33:7.760,45.0,45.0,4.000,5.416,0.0,6.0,1174,5251,
24.4.2026,14:33:7.962,44.0,45.0,4.000,5.309,0.0,8.0,1174,5251,
24.4.2026,14:33:8.163,45.0,45.0,4.000,5.552,1.0,10.0,1174,5251,
24.4.2026,14:33:8.366,44.0,45.0,4.000,5.317,0.0,6.0,1174,5251,
24.4.2026,14:33:8.569,45.0,45.0,4.000,5.297,0.0,6.0,1174,5251,
24.4.2026,14:33:8.773,44.0,44.0,4.000,5.309,0.0,6.0,1174,5251,
24.4.2026,14:33:8.977,45.0,45.0,4.000,5.007,0.0,6.0,1174,5251,
24.4.2026,14:33:9.180,45.0,45.0,4.000,5.284,2.0,10.0,1174,5251,
24.4.2026,14:33:9.383,44.0,44.0,4.000,5.054,0.0,6.0,1174,5251,
24.4.2026,14:33:9.588,45.0,45.0,4.000,5.296,0.0,6.0,1174,5251,
24.4.2026,14:33:9.789,44.0,44.0,4.000,5.289,1.0,12.0,1174,5251,
24.4.2026,14:33:9.989,44.0,44.0,4.000,5.289,1.0,12.0,1174,5251,
24.4.2026,14:33:10.211,45.0,45.0,4.000,5.536,8.0,34.0,1174,5251,
24.4.2026,14:33:10.412,44.0,44.0,4.000,5.310,1.0,12.0,1174,5251,
24.4.2026,14:33:10.616,44.0,44.0,4.000,5.327,0.0,8.0,1174,5251,
24.4.2026,14:33:10.818,44.0,45.0,4.000,5.316,0.0,6.0,1174,5251,
24.4.2026,14:33:11.021,45.0,45.0,4.000,5.284,7.0,38.0,1174,5251,
24.4.2026,14:33:11.224,45.0,45.0,4.000,5.487,27.0,8.0,1174,5251,
24.4.2026,14:33:11.425,44.0,45.0,4.000,5.662,27.0,6.0,1174,5251,
24.4.2026,14:33:11.630,45.0,45.0,8.000,5.657,33.0,162.0,1174,5251,
24.4.2026,14:33:11.831,44.0,44.0,4.000,5.408,14.0,6.0,1174,5251,
24.4.2026,14:33:12.050,44.0,44.0,4.000,5.330,14.0,8.0,1174,5251,
24.4.2026,14:33:12.254,44.0,44.0,4.000,5.304,1.0,10.0,1174,5251,
24.4.2026,14:33:12.479,44.0,44.0,4.000,5.405,8.0,34.0,1174,5251,
24.4.2026,14:33:12.680,44.0,44.0,4.000,5.246,7.0,28.0,1174,5251,
24.4.2026,14:33:12.889,44.0,45.0,4.000,4.972,7.0,28.0,1174,5251,
24.4.2026,14:33:13.092,44.0,44.0,4.000,5.278,5.0,36.0,1174,5251,
24.4.2026,14:33:13.294,45.0,45.0,4.000,5.599,7.0,30.0,1174,5251,
24.4.2026,14:33:13.495,44.0,44.0,4.000,5.040,9.0,30.0,1174,5251,
24.4.2026,14:33:13.695,44.0,44.0,4.000,5.563,1.0,10.0,1174,5251,
24.4.2026,14:33:13.906,44.0,44.0,4.000,5.300,1.0,10.0,1174,5251,
24.4.2026,14:33:14.105,44.0,44.0,7.000,5.283,38.0,172.0,1174,5251,
24.4.2026,14:33:14.309,44.0,44.0,4.000,5.671,1.0,10.0,1174,5251,
24.4.2026,14:33:14.511,44.0,44.0,4.000,5.563,1.0,12.0,1174,5251,
24.4.2026,14:33:14.717,44.0,44.0,4.000,5.303,1.0,10.0,1174,5251,
24.4.2026,14:33:14.916,44.0,44.0,4.000,4.963,4.0,30.0,1174,5251,
24.4.2026,14:33:15.117,44.0,45.0,7.000,5.164,25.0,132.0,1174,5251,
24.4.2026,14:33:15.320,44.0,44.0,4.000,5.243,1.0,10.0,1174,5251,
24.4.2026,14:33:15.521,44.0,44.0,4.000,5.272,1.0,10.0,1174,5251,
24.4.2026,14:33:15.737,44.0,44.0,4.000,5.526,0.0,8.0,1174,5251,
24.4.2026,14:33:15.940,44.0,45.0,4.000,5.032,1.0,10.0,1174,5251,
24.4.2026,14:33:16.142,45.0,45.0,7.000,5.407,41.0,130.0,1174,5251,
24.4.2026,14:33:16.345,44.0,44.0,5.000,5.404,15.0,38.0,1174,5251,
24.4.2026,14:33:16.547,45.0,45.0,7.000,5.279,40.0,130.0,1174,5251,
24.4.2026,14:33:16.749,44.0,44.0,4.000,5.941,1.0,10.0,1174,5251,
24.4.2026,14:33:16.949,44.0,45.0,8.000,5.223,67.0,146.0,1174,5251,
24.4.2026,14:33:17.148,44.0,45.0,8.000,5.223,67.0,146.0,1174,5251,
24.4.2026,14:33:17.352,44.0,45.0,7.000,5.707,43.0,142.0,1174,5251,
24.4.2026,14:33:17.552,45.0,45.0,4.000,5.612,23.0,4.0,1174,5251,
24.4.2026,14:33:17.755,44.0,44.0,7.000,5.211,39.0,148.0,1174,5251,
24.4.2026,14:33:17.960,44.0,44.0,4.000,5.496,0.0,4.0,1174,5251,
24.4.2026,14:33:18.162,44.0,44.0,4.000,5.360,0.0,8.0,1174,5251,
24.4.2026,14:33:18.369,45.0,45.0,7.000,5.383,30.0,150.0,1174,5251,
24.4.2026,14:33:18.572,44.0,44.0,4.000,5.273,0.0,4.0,1174,5251,
24.4.2026,14:33:18.775,44.0,44.0,4.000,5.364,0.0,4.0,1174,5251,
24.4.2026,14:33:18.975,44.0,44.0,4.000,5.370,0.0,6.0,1174,5251,
24.4.2026,14:33:19.179,44.0,44.0,4.000,5.096,0.0,4.0,1174,5251,
24.4.2026,14:33:19.382,44.0,44.0,4.000,5.080,0.0,4.0,1174,5251,
24.4.2026,14:33:19.584,44.0,44.0,4.000,5.397,0.0,4.0,1174,5251,
24.4.2026,14:33:19.786,44.0,44.0,4.000,5.074,0.0,6.0,1174,5251,
24.4.2026,14:33:19.991,44.0,44.0,4.000,5.645,0.0,6.0,1174,5251,
24.4.2026,14:33:20.191,44.0,44.0,4.000,5.179,0.0,4.0,1174,5251,
24.4.2026,14:33:20.407,44.0,44.0,5.000,5.759,7.0,36.0,1174,5251,
24.4.2026,14:33:20.611,44.0,44.0,4.000,5.171,5.0,28.0,1174,5251,
24.4.2026,14:33:20.813,44.0,44.0,4.000,5.709,1.0,10.0,1174,5251,
24.4.2026,14:33:21.017,44.0,44.0,7.000,5.178,50.0,148.0,1174,5251,
24.4.2026,14:33:21.220,44.0,44.0,4.000,5.268,1.0,10.0,1174,5251,
24.4.2026,14:33:21.421,44.0,44.0,4.000,5.268,1.0,10.0,1174,5251,
24.4.2026,14:33:21.625,44.0,44.0,4.000,5.886,0.0,8.0,1174,5251,
24.4.2026,14:33:21.827,44.0,44.0,8.000,5.331,67.0,168.0,1174,5251,
24.4.2026,14:33:22.028,44.0,44.0,4.000,5.646,0.0,14.0,1174,5251,
24.4.2026,14:33:22.223,44.0,44.0,4.000,5.647,0.0,4.0,1174,5251,
24.4.2026,14:33:22.427,44.0,44.0,7.000,5.118,35.0,150.0,1174,5251,
24.4.2026,14:33:22.632,44.0,44.0,4.000,5.376,0.0,12.0,1174,5251,
24.4.2026,14:33:22.836,44.0,44.0,4.000,5.133,0.0,4.0,1174,5251,
24.4.2026,14:33:23.049,44.0,44.0,4.000,5.357,0.0,4.0,1174,5251,
24.4.2026,14:33:23.253,44.0,44.0,4.000,5.047,0.0,6.0,1174,5251,
24.4.2026,14:33:23.455,44.0,44.0,7.000,5.428,31.0,130.0,1174,5251,
24.4.2026,14:33:23.657,44.0,44.0,4.000,5.531,1.0,10.0,1174,5251,
24.4.2026,14:33:23.861,44.0,44.0,4.000,5.146,13.0,6.0,1174,5251,
24.4.2026,14:33:24.062,44.0,44.0,4.000,5.382,0.0,8.0,1174,5251,
24.4.2026,14:33:24.265,44.0,44.0,4.000,5.340,1.0,10.0,1174,5251,
24.4.2026,14:33:24.470,44.0,44.0,7.000,5.144,51.0,138.0,1174,5251,
24.4.2026,14:33:24.675,44.0,44.0,4.000,5.461,2.0,10.0,1174,5251,
24.4.2026,14:33:24.878,44.0,44.0,4.000,5.320,21.0,6.0,1174,5251,
24.4.2026,14:33:25.078,44.0,44.0,4.000,5.591,21.0,6.0,1174,5251,
24.4.2026,14:33:25.279,44.0,44.0,4.000,5.457,8.0,36.0,1174,5251,
24.4.2026,14:33:25.482,44.0,44.0,7.000,5.240,46.0,124.0,1174,5251,
24.4.2026,14:33:25.683,44.0,44.0,4.000,5.503,3.0,6.0,1174,5251,
24.4.2026,14:33:25.887,44.0,44.0,7.000,5.093,63.0,140.0,1174,5251,
24.4.2026,14:33:26.089,44.0,44.0,4.000,5.493,30.0,4.0,1174,5251,
24.4.2026,14:33:26.290,43.0,44.0,4.000,5.490,4.0,32.0,1174,5251,
24.4.2026,14:33:26.491,44.0,44.0,4.000,5.126,53.0,6.0,1174,5251,
24.4.2026,14:33:26.692,44.0,44.0,4.000,5.242,53.0,12.0,1174,5251,
24.4.2026,14:33:26.907,44.0,44.0,4.000,5.318,53.0,16.0,1174,5251,
24.4.2026,14:33:27.107,43.0,44.0,4.000,5.198,49.0,12.0,1174,5251,
24.4.2026,14:33:27.307,44.0,44.0,4.000,5.049,49.0,12.0,1174,5251,
24.4.2026,14:33:27.513,44.0,44.0,7.000,5.158,46.0,124.0,1174,5251,
24.4.2026,14:33:27.715,44.0,44.0,4.000,5.195,21.0,4.0,1174,5251,
24.4.2026,14:33:27.917,44.0,44.0,4.000,5.250,21.0,4.0,1174,5251,
24.4.2026,14:33:28.116,44.0,44.0,4.000,5.566,21.0,6.0,1174,5251,
24.4.2026,14:33:28.323,44.0,44.0,4.000,5.065,23.0,12.0,1174,5251,
24.4.2026,14:33:28.528,43.0,43.0,4.000,5.278,23.0,4.0,1174,5251,
24.4.2026,14:33:28.730,44.0,44.0,4.000,5.251,23.0,6.0,1174,5251,
24.4.2026,14:33:28.934,44.0,44.0,4.000,5.211,3.0,34.0,1174,5251,
24.4.2026,14:33:29.135,44.0,44.0,4.000,5.697,20.0,4.0,1174,5251,
24.4.2026,14:33:29.338,44.0,44.0,7.000,5.335,44.0,140.0,1174,5251,
24.4.2026,14:33:29.541,44.0,44.0,8.000,5.564,27.0,158.0,1174,5251,
24.4.2026,14:33:29.744,44.0,44.0,4.000,5.392,13.0,14.0,1174,5251,
24.4.2026,14:33:29.944,44.0,44.0,7.000,5.646,17.0,166.0,1174,5251,
24.4.2026,14:33:30.148,44.0,44.0,7.000,5.627,23.0,126.0,1174,5251,
24.4.2026,14:33:30.353,44.0,44.0,7.000,5.298,31.0,128.0,1174,5251,
24.4.2026,14:33:30.557,44.0,44.0,8.000,5.472,30.0,158.0,1174,5251,
24.4.2026,14:33:30.757,44.0,44.0,4.000,5.061,27.0,62.0,1174,5251,
24.4.2026,14:33:30.963,43.0,43.0,5.000,5.361,24.0,88.0,1174,5251,
24.4.2026,14:33:31.164,44.0,44.0,7.000,5.616,45.0,146.0,1174,5251,
24.4.2026,14:33:31.370,43.0,44.0,7.000,5.030,43.0,148.0,1174,5251,
24.4.2026,14:33:31.570,44.0,44.0,8.000,5.577,45.0,170.0,1174,5251,
24.4.2026,14:33:31.772,44.0,44.0,7.000,5.182,23.0,146.0,1174,5251,
24.4.2026,14:33:31.974,43.0,43.0,4.000,5.001,29.0,54.0,1174,5251,
24.4.2026,14:33:32.176,44.0,44.0,7.000,5.529,42.0,142.0,1174,5251,
24.4.2026,14:33:32.380,43.0,44.0,5.000,4.993,29.0,76.0,1174,5251,
24.4.2026,14:33:32.582,44.0,44.0,7.000,5.165,35.0,142.0,1174,5251,
24.4.2026,14:33:32.799,44.0,44.0,7.000,5.444,25.0,134.0,1174,5251,
24.4.2026,14:33:33.003,44.0,44.0,4.000,4.981,16.0,12.0,1174,5251,
24.4.2026,14:33:33.205,44.0,44.0,4.000,6.256,19.0,6.0,1174,5251,
24.4.2026,14:33:33.397,43.0,43.0,4.000,5.301,2.0,10.0,1174,5251,
24.4.2026,14:33:33.599,44.0,44.0,7.000,5.140,42.0,142.0,1174,5251,
24.4.2026,14:33:33.804,43.0,44.0,6.000,5.382,35.0,122.0,1174,5251,
24.4.2026,14:33:34.019,43.0,44.0,7.000,5.222,26.0,152.0,1174,5251,
24.4.2026,14:33:34.222,43.0,44.0,4.000,5.276,5.0,34.0,1174,5251,
24.4.2026,14:33:34.428,44.0,44.0,4.000,5.430,24.0,12.0,1174,5251,
24.4.2026,14:33:34.627,44.0,44.0,4.000,5.087,24.0,12.0,1174,5251,
24.4.2026,14:33:34.830,43.0,44.0,4.000,5.324,24.0,14.0,1174,5251,
24.4.2026,14:33:35.035,44.0,44.0,4.000,5.302,0.0,6.0,1174,5251,
24.4.2026,14:33:35.237,43.0,43.0,4.000,5.026,0.0,4.0,1174,5251,
24.4.2026,14:33:35.439,44.0,44.0,4.000,5.021,0.0,4.0,1174,5251,
24.4.2026,14:33:35.641,43.0,43.0,4.000,5.018,18.0,12.0,1174,5251,
24.4.2026,14:33:35.844,44.0,44.0,4.000,5.243,18.0,6.0,1174,5251,
24.4.2026,14:33:36.047,44.0,44.0,4.000,5.018,18.0,4.0,1174,5251,
24.4.2026,14:33:36.248,44.0,44.0,4.000,5.244,0.0,6.0,1174,5251,
24.4.2026,14:33:36.450,43.0,43.0,4.000,5.338,0.0,6.0,1174,5251,
24.4.2026,14:33:36.652,43.0,44.0,4.000,5.321,0.0,14.0,1174,5251,
24.4.2026,14:33:36.855,44.0,43.0,4.000,5.245,1.0,16.0,1174,5251,
24.4.2026,14:33:37.059,43.0,43.0,4.000,5.034,21.0,14.0,1174,5251,
24.4.2026,14:33:37.263,44.0,44.0,4.000,5.543,21.0,14.0,1174,5251,
24.4.2026,14:33:37.466,43.0,43.0,4.000,5.204,9.0,36.0,1174,5251,
24.4.2026,14:33:37.669,44.0,44.0,4.000,5.104,29.0,16.0,1174,5251,
24.4.2026,14:33:37.874,43.0,43.0,4.000,5.293,29.0,4.0,1174,5251,
24.4.2026,14:33:38.079,43.0,43.0,7.000,5.313,45.0,138.0,1174,5251,
24.4.2026,14:33:38.281,43.0,43.0,4.000,5.409,1.0,16.0,1174,5251,
24.4.2026,14:33:38.485,43.0,43.0,4.000,5.579,44.0,18.0,1174,5251,
24.4.2026,14:33:38.684,43.0,44.0,4.000,5.025,0.0,6.0,1174,5251,
24.4.2026,14:33:38.888,43.0,43.0,4.000,5.008,0.0,4.0,1174,5251,
24.4.2026,14:33:39.091,43.0,43.0,4.000,5.565,0.0,12.0,1174,5251,
24.4.2026,14:33:39.294,44.0,44.0,4.000,5.239,22.0,14.0,1174,5251,
24.4.2026,14:33:39.494,43.0,44.0,4.000,5.018,22.0,14.0,1174,5251,
24.4.2026,14:33:39.697,43.0,43.0,4.000,5.270,22.0,6.0,1174,5251,
24.4.2026,14:33:39.900,44.0,44.0,4.000,5.313,0.0,4.0,1174,5251,
24.4.2026,14:33:40.100,43.0,43.0,4.000,5.256,0.0,4.0,1174,5251,
24.4.2026,14:33:40.316,43.0,43.0,4.000,5.226,1.0,10.0,1174,5251,
24.4.2026,14:33:40.518,43.0,43.0,4.000,4.981,0.0,4.0,1174,5251,
24.4.2026,14:33:40.721,43.0,43.0,4.000,5.289,0.0,4.0,1174,5251,
24.4.2026,14:33:40.925,43.0,43.0,4.000,5.486,1.0,18.0,1174,5251,
24.4.2026,14:33:41.128,44.0,44.0,4.000,5.272,1.0,16.0,1174,5251,
24.4.2026,14:33:41.331,44.0,44.0,4.000,5.545,1.0,18.0,1174,5251,
24.4.2026,14:33:41.534,44.0,44.0,4.000,5.192,5.0,32.0,1174,5251,
24.4.2026,14:33:41.737,43.0,43.0,4.000,5.369,20.0,10.0,1174,5251,
24.4.2026,14:33:41.940,43.0,43.0,4.000,5.558,20.0,4.0,1174,5251,
24.4.2026,14:33:42.145,44.0,44.0,7.000,5.077,47.0,146.0,1174,5251,
24.4.2026,14:33:42.362,43.0,43.0,4.000,5.383,25.0,16.0,1174,5251,
24.4.2026,14:33:42.566,43.0,43.0,4.000,5.339,25.0,4.0,1174,5251,
24.4.2026,14:33:42.768,43.0,43.0,4.000,4.952,25.0,14.0,1174,5251,
24.4.2026,14:33:42.972,43.0,44.0,4.000,5.239,0.0,6.0,1174,5251,
24.4.2026,14:33:43.177,43.0,43.0,4.000,5.250,0.0,6.0,1174,5251,
24.4.2026,14:33:43.379,43.0,43.0,4.000,5.218,1.0,10.0,1174,5251,
24.4.2026,14:33:43.595,43.0,43.0,4.000,5.455,7.0,28.0,1174,5251,
24.4.2026,14:33:43.801,43.0,43.0,4.000,5.038,4.0,30.0,1174,5251,
24.4.2026,14:33:44.003,43.0,43.0,4.000,5.060,1.0,10.0,1174,5251,
24.4.2026,14:33:44.192,43.0,43.0,4.000,5.060,1.0,10.0,1174,5251,
24.4.2026,14:33:44.408,44.0,44.0,4.000,5.082,0.0,6.0,1174,5251,
24.4.2026,14:33:44.617,44.0,44.0,4.000,4.977,0.0,10.0,1174,5251,
24.4.2026,14:33:44.816,43.0,43.0,4.000,5.314,2.0,10.0,1174,5251,
24.4.2026,14:33:45.033,43.0,43.0,4.000,4.940,7.0,30.0,1174,5251,
24.4.2026,14:33:45.235,43.0,43.0,4.000,5.553,10.0,36.0,1174,5251,
24.4.2026,14:33:45.438,43.0,43.0,4.000,5.120,7.0,32.0,1174,5251,
24.4.2026,14:33:45.644,43.0,43.0,4.000,5.036,7.0,30.0,1174,5251,
24.4.2026,14:33:45.846,43.0,43.0,4.000,5.314,5.0,28.0,1174,5251,
24.4.2026,14:33:46.048,43.0,43.0,8.000,5.096,36.0,178.0,1174,5251,
24.4.2026,14:33:46.251,44.0,44.0,7.000,5.369,28.0,150.0,1174,5251,
24.4.2026,14:33:46.454,43.0,43.0,4.000,5.544,7.0,30.0,1174,5251,
24.4.2026,14:33:46.662,43.0,43.0,4.000,5.048,7.0,30.0,1174,5251,
24.4.2026,14:33:46.858,43.0,43.0,4.000,5.677,1.0,10.0,1174,5251,
24.4.2026,14:33:47.060,43.0,43.0,4.000,5.414,0.0,8.0,1174,5251,
24.4.2026,14:33:47.264,43.0,43.0,4.000,5.314,0.0,10.0,1174,5251,
24.4.2026,14:33:47.464,43.0,43.0,4.000,5.696,0.0,6.0,1174,5251,
24.4.2026,14:33:47.666,43.0,43.0,4.000,5.333,0.0,6.0,1174,5251,
24.4.2026,14:33:47.870,43.0,43.0,4.000,5.086,0.0,6.0,1174,5251,
24.4.2026,14:33:48.072,43.0,43.0,4.000,5.320,0.0,6.0,1174,5251,
24.4.2026,14:33:48.275,43.0,43.0,4.000,5.340,0.0,6.0,1174,5251,
24.4.2026,14:33:48.480,43.0,43.0,4.000,5.030,0.0,6.0,1174,5251,
24.4.2026,14:33:48.694,43.0,43.0,4.000,5.083,0.0,6.0,1174,5251,
24.4.2026,14:33:48.897,43.0,43.0,7.000,5.097,37.0,132.0,1174,5251,
24.4.2026,14:33:49.102,43.0,43.0,4.000,5.226,1.0,8.0,1174,5251,
24.4.2026,14:33:49.302,43.0,43.0,4.000,5.019,2.0,10.0,1174,5251,
24.4.2026,14:33:49.504,43.0,43.0,4.000,5.238,4.0,32.0,1174,5251,
24.4.2026,14:33:49.709,43.0,43.0,4.000,5.096,1.0,10.0,1174,5251,
24.4.2026,14:33:49.925,43.0,43.0,4.000,5.035,1.0,10.0,1174,5251,
24.4.2026,14:33:50.126,43.0,43.0,7.000,5.157,38.0,136.0,1174,5251,
24.4.2026,14:33:50.331,43.0,43.0,7.000,5.484,33.0,122.0,1174,5251,
24.4.2026,14:33:50.531,43.0,43.0,7.000,5.616,25.0,132.0,1174,5251,
24.4.2026,14:33:50.736,43.0,43.0,7.000,5.014,25.0,132.0,1174,5251,
24.4.2026,14:33:50.934,43.0,43.0,7.000,5.333,25.0,128.0,1174,5251,
24.4.2026,14:33:51.135,43.0,43.0,4.000,5.419,8.0,28.0,1174,5251,
24.4.2026,14:33:51.340,43.0,43.0,7.000,4.898,24.0,132.0,1174,5251,
24.4.2026,14:33:51.542,43.0,43.0,4.000,5.405,4.0,34.0,1174,5251,
24.4.2026,14:33:51.745,43.0,43.0,4.000,5.517,6.0,28.0,1174,5251,
24.4.2026,14:33:51.948,43.0,43.0,4.000,5.000,7.0,28.0,1174,5251,
24.4.2026,14:33:52.150,43.0,43.0,4.000,5.564,8.0,30.0,1174,5251,
24.4.2026,14:33:52.352,43.0,43.0,8.000,5.082,56.0,170.0,1174,5251,
24.4.2026,14:33:52.555,43.0,43.0,4.000,5.221,7.0,30.0,1174,5251,
24.4.2026,14:33:52.756,42.0,43.0,4.000,5.316,8.0,34.0,1174,5251,
24.4.2026,14:33:52.960,43.0,43.0,7.000,4.897,64.0,140.0,1174,5251,
24.4.2026,14:33:53.163,43.0,43.0,4.000,5.083,7.0,30.0,1174,5251,
24.4.2026,14:33:53.369,43.0,43.0,7.000,5.072,50.0,148.0,1174,5251,
24.4.2026,14:33:53.574,43.0,43.0,7.000,5.067,41.0,148.0,1174,5251,
24.4.2026,14:33:53.779,43.0,43.0,4.000,5.055,9.0,32.0,1174,5251,
24.4.2026,14:33:53.982,43.0,43.0,4.000,4.983,8.0,26.0,1174,5251,
24.4.2026,14:33:54.184,43.0,43.0,4.000,4.978,7.0,30.0,1174,5251,
24.4.2026,14:33:54.388,43.0,43.0,4.000,5.540,4.0,32.0,1174,5251,
24.4.2026,14:33:54.593,43.0,43.0,4.000,5.269,7.0,30.0,1174,5251,
24.4.2026,14:33:54.801,43.0,43.0,7.000,5.150,34.0,128.0,1174,5251,
24.4.2026,14:33:54.998,43.0,43.0,7.000,5.347,45.0,138.0,1174,5251,
24.4.2026,14:33:55.203,43.0,43.0,4.000,5.404,5.0,28.0,1174,5251,
24.4.2026,14:33:55.405,42.0,43.0,7.000,5.268,28.0,130.0,1174,5251,
24.4.2026,14:33:55.609,43.0,43.0,7.000,5.696,43.0,142.0,1174,5251,
24.4.2026,14:33:55.810,43.0,43.0,7.000,5.525,40.0,134.0,1174,5251,
24.4.2026,14:33:56.010,43.0,43.0,7.000,5.126,31.0,128.0,1174,5251,
24.4.2026,14:33:56.214,42.0,43.0,4.000,5.480,6.0,30.0,1174,5251,
24.4.2026,14:33:56.414,43.0,43.0,7.000,5.411,54.0,150.0,1174,5251,
24.4.2026,14:33:56.618,43.0,43.0,4.000,5.240,1.0,10.0,1174,5251,
24.4.2026,14:33:56.831,43.0,43.0,4.000,5.054,1.0,10.0,1174,5251,
24.4.2026,14:33:57.034,43.0,43.0,8.000,5.337,35.0,160.0,1174,5251,
24.4.2026,14:33:57.238,43.0,43.0,7.000,5.134,37.0,126.0,1174,5251,
24.4.2026,14:33:57.439,43.0,43.0,7.000,5.560,28.0,132.0,1174,5251,
24.4.2026,14:33:57.642,43.0,43.0,7.000,5.030,60.0,142.0,1174,5251,
24.4.2026,14:33:57.844,43.0,43.0,7.000,4.972,35.0,142.0,1174,5251,
24.4.2026,14:33:58.048,43.0,43.0,4.000,5.020,19.0,4.0,1174,5251,
24.4.2026,14:33:58.251,43.0,43.0,7.000,5.064,47.0,144.0,1174,5251,
24.4.2026,14:33:58.451,43.0,43.0,7.000,5.054,46.0,140.0,1174,5251,
24.4.2026,14:33:58.657,43.0,43.0,4.000,5.759,7.0,28.0,1174,5251,
24.4.2026,14:33:58.860,43.0,43.0,7.000,4.893,32.0,130.0,1174,5251,
24.4.2026,14:33:59.061,42.0,42.0,7.000,5.606,24.0,130.0,1174,5251,
24.4.2026,14:33:59.264,42.0,43.0,4.000,5.405,9.0,30.0,1174,5251,
24.4.2026,14:33:59.469,43.0,43.0,7.000,4.912,31.0,128.0,1174,5251,
24.4.2026,14:33:59.671,43.0,43.0,7.000,5.889,25.0,130.0,1174,5251,
24.4.2026,14:33:59.873,42.0,43.0,7.000,5.340,21.0,132.0,1174,5251,
24.4.2026,14:34:0.074,42.0,42.0,5.000,5.722,10.0,38.0,1174,5251,
24.4.2026,14:34:0.278,43.0,43.0,4.000,5.437,5.0,28.0,1174,5251,
24.4.2026,14:34:0.478,43.0,43.0,5.000,5.294,10.0,40.0,1174,5251,
24.4.2026,14:34:0.685,43.0,43.0,7.000,5.269,23.0,132.0,1174,5251,
24.4.2026,14:34:0.884,43.0,43.0,4.000,5.199,5.0,30.0,1174,5251,
24.4.2026,14:34:1.087,43.0,43.0,8.000,5.677,39.0,166.0,1174,5251,
24.4.2026,14:34:1.288,42.0,43.0,4.000,5.609,7.0,30.0,1174,5251,
24.4.2026,14:34:1.490,42.0,43.0,4.000,5.084,7.0,30.0,1174,5251,
24.4.2026,14:34:1.694,43.0,43.0,8.000,5.678,67.0,166.0,1174,5251,
24.4.2026,14:34:1.896,43.0,43.0,4.000,5.322,4.0,30.0,1174,5251,
24.4.2026,14:34:2.099,43.0,43.0,4.000,5.564,7.0,30.0,1174,5251,
24.4.2026,14:34:2.303,43.0,43.0,4.000,5.334,8.0,36.0,1174,5251,
24.4.2026,14:34:2.504,42.0,43.0,4.000,5.333,6.0,34.0,1174,5251,
24.4.2026,14:34:2.722,43.0,43.0,4.000,5.612,4.0,30.0,1174,5251,
24.4.2026,14:34:2.926,43.0,43.0,4.000,4.813,19.0,12.0,1174,5251,
24.4.2026,14:34:3.127,42.0,43.0,4.000,5.542,1.0,16.0,1174,5251,
24.4.2026,14:34:3.330,43.0,43.0,4.000,5.653,19.0,6.0,1174,5251,
24.4.2026,14:34:3.533,42.0,43.0,4.000,5.052,20.0,4.0,1174,5251,
24.4.2026,14:34:3.738,42.0,43.0,4.000,5.280,20.0,6.0,1174,5251,
24.4.2026,14:34:3.942,43.0,43.0,4.000,5.243,1.0,18.0,1174,5251,
24.4.2026,14:34:4.159,43.0,43.0,4.000,5.259,1.0,10.0,1174,5251,
24.4.2026,14:34:4.360,42.0,43.0,4.000,5.607,22.0,6.0,1174,5251,
24.4.2026,14:34:4.560,42.0,43.0,4.000,5.481,1.0,20.0,1174,5251,
24.4.2026,14:34:4.762,43.0,43.0,7.000,5.467,36.0,128.0,1174,5251,
24.4.2026,14:34:4.965,43.0,43.0,7.000,5.600,46.0,140.0,1174,5251,
24.4.2026,14:34:5.165,42.0,43.0,4.000,5.264,7.0,36.0,1174,5251,
24.4.2026,14:34:5.370,42.0,43.0,4.000,5.239,8.0,36.0,1174,5251,
24.4.2026,14:34:5.570,43.0,43.0,7.000,4.915,42.0,140.0,1174,5251,
24.4.2026,14:34:5.774,42.0,42.0,4.000,5.340,13.0,36.0,1174,5251,
24.4.2026,14:34:5.977,43.0,43.0,4.000,4.980,8.0,26.0,1174,5251,
24.4.2026,14:34:6.180,43.0,43.0,4.000,5.207,6.0,32.0,1174,5251,
24.4.2026,14:34:6.380,43.0,43.0,7.000,5.069,66.0,156.0,1174,5251,
24.4.2026,14:34:6.586,42.0,42.0,4.000,5.374,4.0,28.0,1174,5251,
24.4.2026,14:34:6.784,43.0,43.0,4.000,4.982,7.0,30.0,1174,5251,
24.4.2026,14:34:7.002,43.0,43.0,7.000,5.147,26.0,130.0,1174,5251,
24.4.2026,14:34:7.203,43.0,43.0,4.000,5.353,7.0,34.0,1174,5251,
24.4.2026,14:34:7.406,42.0,43.0,4.000,5.315,25.0,4.0,1174,5251,
24.4.2026,14:34:7.612,43.0,43.0,4.000,5.227,25.0,4.0,1174,5251,
24.4.2026,14:34:7.810,42.0,42.0,4.000,5.249,19.0,12.0,1174,5251,
24.4.2026,14:34:8.015,43.0,43.0,7.000,5.276,33.0,136.0,1174,5251,
24.4.2026,14:34:8.218,42.0,43.0,7.000,5.449,57.0,166.0,1174,5251,
24.4.2026,14:34:8.421,43.0,43.0,7.000,5.702,38.0,126.0,1174,5251,
24.4.2026,14:34:8.624,42.0,42.0,4.000,5.397,6.0,40.0,1174,5251,
24.4.2026,14:34:8.827,42.0,42.0,4.000,5.439,18.0,10.0,1174,5251,
24.4.2026,14:34:9.023,42.0,42.0,7.000,5.436,21.0,132.0,1174,5251,
24.4.2026,14:34:9.231,43.0,43.0,7.000,5.493,42.0,154.0,1174,5251,
24.4.2026,14:34:9.436,42.0,43.0,7.000,5.127,30.0,144.0,1174,5251,
24.4.2026,14:34:9.633,42.0,42.0,7.000,5.312,44.0,148.0,1174,5251,
24.4.2026,14:34:9.835,42.0,42.0,7.000,5.423,62.0,140.0,1174,5251,
24.4.2026,14:34:10.037,42.0,42.0,7.000,5.054,50.0,136.0,1174,5251,
24.4.2026,14:34:10.239,42.0,42.0,7.000,5.186,52.0,148.0,1174,5251,
24.4.2026,14:34:10.457,42.0,42.0,4.000,5.017,25.0,4.0,1174,5251,
24.4.2026,14:34:10.660,42.0,42.0,4.000,5.242,25.0,6.0,1174,5251,
24.4.2026,14:34:10.861,43.0,43.0,4.000,5.485,0.0,6.0,1174,5251,
24.4.2026,14:34:11.061,42.0,42.0,4.000,5.000,0.0,4.0,1174,5251,
24.4.2026,14:34:11.262,43.0,43.0,4.000,5.387,10.0,32.0,1174,5251,
24.4.2026,14:34:11.463,42.0,42.0,7.000,5.714,36.0,128.0,1174,5251,
24.4.2026,14:34:11.665,42.0,42.0,7.000,4.980,40.0,126.0,1174,5251,
24.4.2026,14:34:11.867,42.0,42.0,6.000,5.543,35.0,128.0,1174,5251,
24.4.2026,14:34:12.068,42.0,42.0,7.000,5.212,48.0,146.0,1174,5251,
24.4.2026,14:34:12.284,43.0,43.0,8.000,5.237,52.0,170.0,1174,5251,
24.4.2026,14:34:12.486,42.0,42.0,4.000,5.631,20.0,4.0,1174,5251,
24.4.2026,14:34:12.690,43.0,43.0,7.000,5.079,29.0,132.0,1174,5251,
24.4.2026,14:34:12.893,42.0,42.0,4.000,5.497,14.0,4.0,1174,5251,
24.4.2026,14:34:13.092,42.0,42.0,4.000,5.008,14.0,4.0,1174,5251,
24.4.2026,14:34:13.292,42.0,42.0,4.000,4.992,49.0,6.0,1174,5251,
24.4.2026,14:34:13.494,42.0,42.0,4.000,5.248,49.0,14.0,1174,5251,
24.4.2026,14:34:13.696,42.0,42.0,4.000,5.005,49.0,4.0,1174,5251,
24.4.2026,14:34:13.902,42.0,42.0,4.000,5.288,23.0,12.0,1174,5251,
24.4.2026,14:34:14.101,42.0,42.0,4.000,5.377,23.0,12.0,1174,5251,
24.4.2026,14:34:14.304,42.0,42.0,4.000,5.033,23.0,6.0,1174,5251,
24.4.2026,14:34:14.508,43.0,43.0,4.000,5.542,21.0,12.0,1174,5251,
24.4.2026,14:34:14.710,42.0,42.0,4.000,5.263,21.0,10.0,1174,5251,
24.4.2026,14:34:14.911,42.0,42.0,4.000,5.204,21.0,6.0,1174,5251,
24.4.2026,14:34:15.128,42.0,42.0,4.000,4.979,0.0,4.0,1174,5251,
24.4.2026,14:34:15.331,42.0,42.0,4.000,5.234,0.0,6.0,1174,5251,
24.4.2026,14:34:15.520,42.0,43.0,4.000,4.931,0.0,6.0,1174,5251,
24.4.2026,14:34:15.739,42.0,42.0,4.000,5.297,0.0,4.0,1174,5251,
24.4.2026,14:34:15.938,42.0,42.0,4.000,4.989,0.0,6.0,1174,5251,
24.4.2026,14:34:16.142,42.0,42.0,4.000,4.967,0.0,6.0,1174,5251,
24.4.2026,14:34:16.345,42.0,42.0,4.000,5.275,0.0,4.0,1174,5251,
24.4.2026,14:34:16.546,42.0,42.0,4.000,5.223,1.0,12.0,1174,5251,
24.4.2026,14:34:16.748,42.0,42.0,4.000,5.049,0.0,6.0,1174,5251,
24.4.2026,14:34:16.950,42.0,42.0,4.000,5.010,0.0,6.0,1174,5251,
24.4.2026,14:34:17.153,42.0,42.0,4.000,5.327,0.0,6.0,1174,5251,
24.4.2026,14:34:17.359,42.0,42.0,4.000,5.007,0.0,6.0,1174,5251,
24.4.2026,14:34:17.561,42.0,42.0,4.000,5.359,17.0,12.0,1174,5251,
24.4.2026,14:34:17.763,42.0,42.0,4.000,5.553,17.0,10.0,1174,5251,
24.4.2026,14:34:17.964,42.0,43.0,4.000,5.305,2.0,10.0,1174,5251,
24.4.2026,14:34:18.169,42.0,42.0,4.000,5.582,0.0,6.0,1174,5251,
24.4.2026,14:34:18.373,42.0,42.0,4.000,5.196,4.0,30.0,1174,5251,
24.4.2026,14:34:18.573,42.0,42.0,4.000,5.446,0.0,6.0,1174,5251,
24.4.2026,14:34:18.774,42.0,42.0,4.000,5.615,0.0,6.0,1174,5251,
24.4.2026,14:34:18.978,42.0,42.0,4.000,5.255,2.0,16.0,1174,5251,
24.4.2026,14:34:19.180,42.0,42.0,4.000,5.551,8.0,30.0,1174,5251,
24.4.2026,14:34:19.384,42.0,42.0,4.000,5.393,0.0,6.0,1174,5251,
24.4.2026,14:34:19.586,42.0,42.0,4.000,5.314,0.0,6.0,1174,5251,
24.4.2026,14:34:19.791,42.0,42.0,4.000,5.628,0.0,6.0,1174,5251,
24.4.2026,14:34:19.992,42.0,42.0,4.000,5.214,11.0,32.0,1174,5251,
24.4.2026,14:34:20.207,42.0,42.0,4.000,5.090,5.0,6.0,1174,5251,
24.4.2026,14:34:20.427,42.0,42.0,4.000,5.000,1.0,10.0,1174,5251,
24.4.2026,14:34:20.627,42.0,42.0,4.000,5.251,9.0,34.0,1174,5251,
24.4.2026,14:34:20.827,42.0,42.0,4.000,4.990,9.0,36.0,1174,5251,
24.4.2026,14:34:21.032,42.0,42.0,4.000,5.390,1.0,16.0,1174,5251,
24.4.2026,14:34:21.232,42.0,42.0,4.000,5.230,11.0,34.0,1174,5251,
24.4.2026,14:34:21.432,42.0,42.0,4.000,5.337,2.0,10.0,1174,5251,
24.4.2026,14:34:21.633,42.0,42.0,4.000,5.543,6.0,6.0,1174,5251,
24.4.2026,14:34:21.848,42.0,42.0,4.000,5.248,1.0,12.0,1174,5251,
24.4.2026,14:34:22.062,42.0,42.0,4.000,5.180,7.0,30.0,1174,5251,
24.4.2026,14:34:22.266,42.0,42.0,4.000,5.329,2.0,10.0,1174,5251,
24.4.2026,14:34:22.468,42.0,42.0,4.000,5.485,10.0,36.0,1174,5251,
24.4.2026,14:34:22.671,42.0,42.0,4.000,5.348,6.0,28.0,1174,5251,
24.4.2026,14:34:22.872,42.0,42.0,4.000,5.001,11.0,34.0,1174,5251,
24.4.2026,14:34:23.074,42.0,42.0,8.000,5.360,55.0,172.0,1174,5251,
24.4.2026,14:34:23.274,42.0,42.0,4.000,5.228,11.0,32.0,1174,5251,
24.4.2026,14:34:23.477,42.0,42.0,4.000,5.474,9.0,32.0,1174,5251,
24.4.2026,14:34:23.680,42.0,42.0,4.000,5.327,9.0,30.0,1174,5251,
24.4.2026,14:34:23.881,42.0,42.0,4.000,5.305,4.0,32.0,1174,5251,
24.4.2026,14:34:24.084,42.0,42.0,4.000,5.669,1.0,10.0,1174,5251,
24.4.2026,14:34:24.285,42.0,42.0,4.000,5.285,8.0,32.0,1174,5251,
24.4.2026,14:34:24.502,42.0,42.0,4.000,5.461,1.0,10.0,1174,5251,
24.4.2026,14:34:24.693,42.0,42.0,4.000,5.802,11.0,34.0,1174,5251,
24.4.2026,14:34:24.895,42.0,42.0,4.000,5.084,7.0,28.0,1174,5251,
24.4.2026,14:34:25.100,41.0,42.0,4.000,5.604,8.0,32.0,1174,5251,
24.4.2026,14:34:25.302,42.0,42.0,4.000,5.335,9.0,28.0,1174,5251,
24.4.2026,14:34:25.508,42.0,42.0,4.000,5.009,7.0,28.0,1174,5251,
24.4.2026,14:34:25.712,42.0,42.0,4.000,5.711,6.0,28.0,1174,5251,
24.4.2026,14:34:25.914,42.0,42.0,4.000,5.004,13.0,36.0,1174,5251,
24.4.2026,14:34:26.118,42.0,42.0,4.000,4.999,8.0,32.0,1174,5251,
24.4.2026,14:34:26.321,42.0,42.0,4.000,5.830,1.0,10.0,1174,5251,
24.4.2026,14:34:26.522,41.0,42.0,4.000,5.029,4.0,32.0,1174,5251,
24.4.2026,14:34:26.724,42.0,42.0,4.000,5.636,9.0,34.0,1174,5251,
24.4.2026,14:34:26.927,42.0,42.0,4.000,5.385,9.0,34.0,1174,5251,
24.4.2026,14:34:27.129,42.0,42.0,8.000,5.115,33.0,162.0,1174,5251,
24.4.2026,14:34:27.347,42.0,42.0,4.000,5.916,10.0,34.0,1174,5251,
24.4.2026,14:34:27.546,42.0,42.0,7.000,5.255,52.0,144.0,1174,5251,
24.4.2026,14:34:27.747,42.0,42.0,7.000,5.254,42.0,148.0,1174,5251,
24.4.2026,14:34:27.949,42.0,42.0,7.000,5.298,29.0,134.0,1174,5251,
24.4.2026,14:34:28.152,42.0,42.0,7.000,5.194,23.0,138.0,1174,5251,
24.4.2026,14:34:28.355,42.0,42.0,7.000,5.343,45.0,150.0,1174,5251,
24.4.2026,14:34:28.559,42.0,42.0,4.000,5.371,10.0,34.0,1174,5251,
24.4.2026,14:34:28.759,42.0,42.0,7.000,5.214,54.0,142.0,1174,5251,
24.4.2026,14:34:28.961,42.0,42.0,7.000,5.076,50.0,158.0,1174,5251,
24.4.2026,14:34:29.163,42.0,42.0,7.000,5.007,53.0,160.0,1174,5251,
24.4.2026,14:34:29.363,42.0,42.0,7.000,5.607,31.0,142.0,1174,5251,
24.4.2026,14:34:29.575,42.0,42.0,7.000,4.930,49.0,142.0,1174,5251,
24.4.2026,14:34:29.778,42.0,42.0,7.000,5.558,38.0,146.0,1174,5251,
24.4.2026,14:34:29.982,42.0,42.0,7.000,5.262,23.0,142.0,1174,5251,
24.4.2026,14:34:30.183,42.0,42.0,7.000,4.955,57.0,158.0,1174,5251,
24.4.2026,14:34:30.387,42.0,42.0,7.000,5.615,45.0,148.0,1174,5251,
24.4.2026,14:34:30.585,42.0,42.0,7.000,5.007,53.0,146.0,1174,5251,
24.4.2026,14:34:30.789,42.0,42.0,7.000,5.557,54.0,136.0,1174,5251,
24.4.2026,14:34:30.991,42.0,42.0,4.000,5.695,12.0,38.0,1174,5251,
24.4.2026,14:34:31.196,42.0,42.0,4.000,5.011,10.0,30.0,1174,5251,
24.4.2026,14:34:31.398,42.0,42.0,7.000,5.461,52.0,128.0,1174,5251,
24.4.2026,14:34:31.597,42.0,42.0,7.000,5.279,32.0,150.0,1174,5251,
24.4.2026,14:34:31.813,41.0,42.0,7.000,5.261,48.0,146.0,1174,5251,
24.4.2026,14:34:32.016,41.0,42.0,4.000,5.736,4.0,34.0,1174,5251,
24.4.2026,14:34:32.218,42.0,42.0,4.000,5.230,8.0,42.0,1174,5251,
24.4.2026,14:34:32.421,42.0,42.0,4.000,5.330,5.0,28.0,1174,5251,
24.4.2026,14:34:32.617,42.0,42.0,6.000,5.433,17.0,78.0,1174,5251,
24.4.2026,14:34:32.817,42.0,42.0,7.000,5.360,35.0,134.0,1174,5251,
24.4.2026,14:34:33.020,42.0,42.0,7.000,4.997,27.0,122.0,1174,5251,
24.4.2026,14:34:33.237,42.0,42.0,7.000,4.942,54.0,154.0,1174,5251,
24.4.2026,14:34:33.427,42.0,42.0,6.000,5.093,30.0,88.0,1174,5251,
24.4.2026,14:34:33.629,42.0,42.0,7.000,5.118,30.0,150.0,1174,5251,
24.4.2026,14:34:33.834,42.0,42.0,7.000,5.499,42.0,146.0,1174,5251,
24.4.2026,14:34:34.037,41.0,42.0,7.000,4.949,40.0,162.0,1174,5251,
24.4.2026,14:34:34.254,41.0,42.0,7.000,5.228,46.0,160.0,1174,5251,
24.4.2026,14:34:34.442,42.0,42.0,4.000,5.409,7.0,28.0,1174,5251,
24.4.2026,14:34:34.645,42.0,42.0,7.000,5.459,39.0,174.0,1174,5251,
24.4.2026,14:34:34.861,41.0,42.0,4.000,5.689,11.0,42.0,1174,5251,
24.4.2026,14:34:35.063,42.0,42.0,7.000,5.133,49.0,152.0,1174,5251,
24.4.2026,14:34:35.264,42.0,42.0,4.000,5.245,7.0,30.0,1174,5251,
24.4.2026,14:34:35.464,41.0,42.0,4.000,5.650,9.0,30.0,1174,5251,
24.4.2026,14:34:35.668,42.0,42.0,6.000,5.396,25.0,80.0,1174,5251,
24.4.2026,14:34:35.868,42.0,42.0,4.000,5.323,9.0,34.0,1174,5251,
24.4.2026,14:34:36.070,42.0,42.0,4.000,5.319,4.0,34.0,1174,5251,
24.4.2026,14:34:36.277,42.0,42.0,4.000,5.458,9.0,36.0,1174,5251,
24.4.2026,14:34:36.479,42.0,42.0,4.000,5.223,6.0,36.0,1174,5251,
24.4.2026,14:34:36.681,42.0,42.0,8.000,5.365,24.0,142.0,1174,5251,
24.4.2026,14:34:36.881,41.0,42.0,8.000,5.626,60.0,172.0,1174,5251,
24.4.2026,14:34:37.084,42.0,42.0,4.000,4.978,9.0,36.0,1174,5251,
24.4.2026,14:34:37.285,41.0,42.0,4.000,5.185,10.0,42.0,1174,5251,
24.4.2026,14:34:37.502,42.0,42.0,4.000,4.983,4.0,36.0,1174,5251,
24.4.2026,14:34:37.705,42.0,42.0,7.000,4.923,38.0,128.0,1174,5251,
24.4.2026,14:34:37.897,42.0,42.0,7.000,5.712,53.0,166.0,1174,5251,
24.4.2026,14:34:38.101,42.0,42.0,8.000,5.265,52.0,168.0,1174,5251,
24.4.2026,14:34:38.302,42.0,42.0,4.000,5.193,9.0,36.0,1174,5251,
24.4.2026,14:34:38.504,42.0,42.0,4.000,5.528,4.0,30.0,1174,5251,
24.4.2026,14:34:38.720,42.0,42.0,6.000,4.877,28.0,102.0,1174,5251,
24.4.2026,14:34:38.924,41.0,42.0,7.000,5.716,54.0,150.0,1174,5251,
24.4.2026,14:34:39.128,42.0,42.0,7.000,5.340,22.0,132.0,1174,5251,
24.4.2026,14:34:39.330,42.0,42.0,4.000,4.852,29.0,36.0,1174,5251,
24.4.2026,14:34:39.531,41.0,42.0,7.000,5.597,42.0,140.0,1174,5251,
24.4.2026,14:34:39.732,42.0,42.0,7.000,5.187,44.0,148.0,1174,5251,
24.4.2026,14:34:39.937,42.0,42.0,7.000,5.192,47.0,148.0,1174,5251,
24.4.2026,14:34:40.139,42.0,42.0,7.000,5.347,46.0,138.0,1174,5251,
24.4.2026,14:34:40.342,42.0,42.0,7.000,5.163,53.0,150.0,1174,5251,
24.4.2026,14:34:40.546,41.0,42.0,5.000,5.235,20.0,90.0,1174,5251,
24.4.2026,14:34:40.749,41.0,42.0,7.000,5.325,45.0,140.0,1174,5251,
24.4.2026,14:34:40.951,41.0,42.0,8.000,5.163,38.0,166.0,1174,5251,
24.4.2026,14:34:41.152,41.0,41.0,7.000,5.401,38.0,134.0,1174,5251,
24.4.2026,14:34:41.354,42.0,42.0,7.000,5.292,48.0,138.0,1174,5251,
24.4.2026,14:34:41.555,41.0,42.0,7.000,5.594,21.0,132.0,1174,5251,
24.4.2026,14:34:41.757,41.0,41.0,7.000,5.030,43.0,140.0,1174,5251,
24.4.2026,14:34:41.962,41.0,41.0,7.000,5.043,42.0,142.0,1174,5251,
24.4.2026,14:34:42.165,42.0,42.0,4.000,5.235,23.0,32.0,1174,5251,
24.4.2026,14:34:42.367,42.0,42.0,7.000,5.136,52.0,138.0,1174,5251,
24.4.2026,14:34:42.570,42.0,42.0,7.000,5.869,24.0,132.0,1174,5251,
24.4.2026,14:34:42.777,41.0,42.0,7.000,5.005,38.0,136.0,1174,5251,
24.4.2026,14:34:42.974,42.0,42.0,7.000,5.612,39.0,128.0,1174,5251,
24.4.2026,14:34:43.191,41.0,42.0,7.000,5.329,31.0,144.0,1174,5251,
24.4.2026,14:34:43.385,42.0,42.0,4.000,5.010,15.0,14.0,1174,5251,
24.4.2026,14:34:43.585,41.0,42.0,7.000,5.575,42.0,142.0,1174,5251,
24.4.2026,14:34:43.787,41.0,42.0,7.000,5.510,43.0,148.0,1174,5251,
24.4.2026,14:34:43.990,41.0,42.0,7.000,5.024,20.0,128.0,1174,5251,
24.4.2026,14:34:44.196,42.0,42.0,7.000,5.542,39.0,134.0,1174,5251,
24.4.2026,14:34:44.402,42.0,42.0,7.000,5.230,31.0,158.0,1174,5251,
24.4.2026,14:34:44.604,42.0,42.0,6.000,5.376,20.0,126.0,1174,5251,
24.4.2026,14:34:44.812,41.0,42.0,7.000,5.568,38.0,134.0,1174,5251,
24.4.2026,14:34:45.009,42.0,42.0,7.000,5.003,24.0,150.0,1174,5251,
24.4.2026,14:34:45.210,41.0,42.0,7.000,5.082,50.0,136.0,1174,5251,
24.4.2026,14:34:45.415,42.0,42.0,7.000,5.061,43.0,144.0,1174,5251,
24.4.2026,14:34:45.616,41.0,42.0,5.000,4.975,24.0,88.0,1174,5251,
24.4.2026,14:34:45.820,41.0,42.0,7.000,5.408,27.0,130.0,1174,5251,
24.4.2026,14:34:46.023,41.0,41.0,7.000,5.304,42.0,148.0,1174,5251,
24.4.2026,14:34:46.223,42.0,42.0,7.000,5.289,42.0,142.0,1174,5251,
24.4.2026,14:34:46.440,41.0,42.0,7.000,5.639,25.0,130.0,1174,5251,
24.4.2026,14:34:46.641,41.0,41.0,4.000,5.227,45.0,14.0,1174,5251,
24.4.2026,14:34:46.846,41.0,42.0,4.000,5.172,4.0,34.0,1174,5251,
24.4.2026,14:34:47.047,42.0,42.0,4.000,5.312,23.0,12.0,1174,5251,
24.4.2026,14:34:47.249,41.0,41.0,4.000,5.159,2.0,20.0,1174,5251,
24.4.2026,14:34:47.453,41.0,41.0,4.000,5.335,24.0,12.0,1174,5251,
24.4.2026,14:34:47.657,41.0,41.0,4.000,5.302,24.0,4.0,1174,5251,
24.4.2026,14:34:47.860,41.0,42.0,4.000,5.165,6.0,34.0,1174,5251,
24.4.2026,14:34:48.061,42.0,42.0,4.000,5.097,22.0,12.0,1174,5251,
24.4.2026,14:34:48.264,42.0,42.0,4.000,5.302,22.0,16.0,1174,5251,
24.4.2026,14:34:48.468,42.0,42.0,7.000,5.059,35.0,142.0,1174,5251,
24.4.2026,14:34:48.670,42.0,42.0,4.000,5.228,22.0,12.0,1174,5251,
24.4.2026,14:34:48.876,41.0,42.0,4.000,5.236,22.0,14.0,1174,5251,
24.4.2026,14:34:49.077,41.0,42.0,4.000,5.187,22.0,4.0,1174,5251,
24.4.2026,14:34:49.279,42.0,42.0,4.000,5.254,24.0,12.0,1174,5251,
24.4.2026,14:34:49.481,41.0,41.0,4.000,5.204,5.0,30.0,1174,5251,
24.4.2026,14:34:49.683,42.0,42.0,4.000,5.040,24.0,12.0,1174,5251,
24.4.2026,14:34:49.887,41.0,41.0,4.000,4.954,0.0,4.0,1174,5251,
24.4.2026,14:34:50.087,42.0,42.0,4.000,5.579,0.0,14.0,1174,5251,
24.4.2026,14:34:50.291,42.0,42.0,4.000,5.291,0.0,4.0,1174,5251,
24.4.2026,14:34:50.493,41.0,41.0,4.000,5.027,18.0,14.0,1174,5251,
24.4.2026,14:34:50.696,41.0,42.0,4.000,5.289,18.0,12.0,1174,5251,
24.4.2026,14:34:50.900,41.0,41.0,4.000,5.030,18.0,12.0,1174,5251,
24.4.2026,14:34:51.104,41.0,41.0,4.000,5.537,21.0,14.0,1174,5251,
24.4.2026,14:34:51.305,41.0,41.0,4.000,5.450,8.0,30.0,1174,5251,
24.4.2026,14:34:51.509,42.0,42.0,4.000,5.060,21.0,4.0,1174,5251,
24.4.2026,14:34:51.710,41.0,41.0,4.000,5.511,21.0,6.0,1174,5251,
24.4.2026,14:34:51.913,42.0,42.0,4.000,5.175,6.0,36.0,1174,5251,
24.4.2026,14:34:52.116,41.0,42.0,7.000,5.135,42.0,140.0,1174,5251,
24.4.2026,14:34:52.319,41.0,41.0,4.000,5.783,22.0,4.0,1174,5251,
24.4.2026,14:34:52.520,41.0,41.0,8.000,5.194,68.0,174.0,1174,5251,
24.4.2026,14:34:52.723,41.0,41.0,4.000,5.804,22.0,16.0,1174,5251,
24.4.2026,14:34:52.927,41.0,42.0,4.000,5.341,0.0,6.0,1174,5251,
24.4.2026,14:34:53.144,41.0,41.0,4.000,4.974,0.0,12.0,1174,5251,
24.4.2026,14:34:53.347,41.0,41.0,4.000,5.287,0.0,4.0,1174,5251,
24.4.2026,14:34:53.546,41.0,41.0,4.000,4.987,0.0,6.0,1174,5251,
24.4.2026,14:34:53.748,41.0,41.0,4.000,5.191,0.0,10.0,1174,5251,
24.4.2026,14:34:53.952,41.0,41.0,4.000,5.371,0.0,14.0,1174,5251,
24.4.2026,14:34:54.153,41.0,41.0,4.000,5.252,21.0,12.0,1174,5251,
24.4.2026,14:34:54.355,41.0,41.0,4.000,5.550,21.0,4.0,1174,5251,
24.4.2026,14:34:54.559,41.0,41.0,4.000,5.245,21.0,4.0,1174,5251,
24.4.2026,14:34:54.761,41.0,41.0,4.000,5.207,1.0,10.0,1174,5251,
24.4.2026,14:34:54.963,42.0,42.0,4.000,4.973,16.0,12.0,1174,5251,
24.4.2026,14:34:55.165,41.0,41.0,4.000,5.220,16.0,12.0,1174,5251,
24.4.2026,14:34:55.371,41.0,41.0,4.000,5.708,5.0,36.0,1174,5251,
24.4.2026,14:34:55.573,41.0,41.0,4.000,5.156,27.0,4.0,1174,5251,
24.4.2026,14:34:55.776,41.0,41.0,4.000,5.557,27.0,16.0,1174,5251,
24.4.2026,14:34:55.979,41.0,41.0,4.000,5.330,44.0,4.0,1174,5251,
24.4.2026,14:34:56.181,41.0,41.0,4.000,4.997,44.0,4.0,1174,5251,
24.4.2026,14:34:56.388,41.0,41.0,4.000,5.731,5.0,36.0,1174,5251,
24.4.2026,14:34:56.588,41.0,41.0,4.000,5.083,45.0,4.0,1174,5251,
24.4.2026,14:34:56.790,41.0,41.0,4.000,5.210,1.0,16.0,1174,5251,
24.4.2026,14:34:56.994,41.0,41.0,4.000,5.341,45.0,4.0,1174,5251,
24.4.2026,14:34:57.197,41.0,41.0,4.000,4.984,0.0,4.0,1174,5251,
24.4.2026,14:34:57.402,41.0,41.0,4.000,5.274,0.0,14.0,1174,5251,
24.4.2026,14:34:57.606,41.0,41.0,4.000,5.264,0.0,12.0,1174,5251,
24.4.2026,14:34:57.808,41.0,42.0,4.000,5.213,1.0,16.0,1174,5251,
24.4.2026,14:34:58.010,41.0,41.0,4.000,5.300,23.0,6.0,1174,5251,
24.4.2026,14:34:58.214,41.0,41.0,4.000,5.260,23.0,6.0,1174,5251,
24.4.2026,14:34:58.418,41.0,41.0,4.000,5.342,24.0,12.0,1174,5251,
24.4.2026,14:34:58.620,41.0,41.0,4.000,5.252,24.0,14.0,1174,5251,
24.4.2026,14:34:58.823,41.0,41.0,4.000,5.181,1.0,10.0,1174,5251,
24.4.2026,14:34:59.025,41.0,41.0,4.000,5.173,7.0,36.0,1174,5251,
24.4.2026,14:34:59.224,41.0,41.0,4.000,5.507,24.0,4.0,1174,5251,
24.4.2026,14:34:59.429,41.0,41.0,4.000,5.540,11.0,36.0,1174,5251,
24.4.2026,14:34:59.630,40.0,40.0,4.000,5.394,0.0,4.0,1174,5251,
24.4.2026,14:34:59.833,41.0,41.0,4.000,5.524,9.0,36.0,1174,5251,
24.4.2026,14:35:0.048,41.0,41.0,7.000,5.157,25.0,150.0,1174,5251,
24.4.2026,14:35:0.252,41.0,41.0,4.000,5.546,0.0,6.0,1174,5251,
24.4.2026,14:35:0.457,41.0,42.0,4.000,5.583,0.0,6.0,1174,5251,
24.4.2026,14:35:0.659,41.0,41.0,4.000,5.054,0.0,6.0,1174,5251,
24.4.2026,14:35:0.860,40.0,41.0,4.000,5.212,6.0,28.0,1174,5251,
24.4.2026,14:35:1.064,41.0,41.0,4.000,5.170,2.0,6.0,1174,5251,
24.4.2026,14:35:1.266,41.0,41.0,4.000,5.558,2.0,6.0,1174,5251,
24.4.2026,14:35:1.467,41.0,41.0,4.000,5.355,0.0,6.0,1174,5251,
24.4.2026,14:35:1.667,41.0,41.0,4.000,5.055,0.0,14.0,1174,5251,
24.4.2026,14:35:1.868,41.0,41.0,4.000,5.426,4.0,30.0,1174,5251,
24.4.2026,14:35:2.070,41.0,41.0,4.000,5.197,18.0,14.0,1174,5251,
24.4.2026,14:35:2.272,41.0,41.0,4.000,5.315,18.0,14.0,1174,5251,
24.4.2026,14:35:2.474,41.0,42.0,4.000,5.311,18.0,12.0,1174,5251,
24.4.2026,14:35:2.676,41.0,41.0,4.000,5.302,20.0,4.0,1174,5251,
24.4.2026,14:35:2.894,41.0,41.0,7.000,5.360,29.0,144.0,1174,5251,
24.4.2026,14:35:3.095,41.0,41.0,4.000,5.269,20.0,4.0,1174,5251,
24.4.2026,14:35:3.298,41.0,41.0,4.000,5.267,1.0,10.0,1174,5251,
24.4.2026,14:35:3.500,41.0,41.0,7.000,5.399,40.0,132.0,1174,5251,
24.4.2026,14:35:3.704,41.0,41.0,4.000,5.250,0.0,6.0,1174,5251,
24.4.2026,14:35:3.908,41.0,41.0,7.000,5.672,35.0,128.0,1174,5251,
24.4.2026,14:35:4.109,40.0,41.0,7.000,5.295,25.0,146.0,1174,5251,
24.4.2026,14:35:4.310,41.0,41.0,4.000,5.492,16.0,16.0,1174,5251,
24.4.2026,14:35:4.514,41.0,41.0,4.000,5.526,0.0,6.0,1174,5251,
24.4.2026,14:35:4.713,41.0,41.0,4.000,5.012,0.0,4.0,1174,5251,
24.4.2026,14:35:4.918,42.0,43.0,20.000,11.962,53.0,1730.0,1165,5242,
24.4.2026,14:35:5.122,42.0,43.0,21.000,21.370,16.0,1730.0,1174,5251,
24.4.2026,14:35:5.326,43.0,43.0,21.000,21.037,23.0,1730.0,1174,5251,
24.4.2026,14:35:5.525,43.0,44.0,20.000,20.997,22.0,1728.0,1174,5251,
24.4.2026,14:35:5.733,42.0,43.0,21.000,21.024,132.0,1730.0,1174,5251,
24.4.2026,14:35:5.936,43.0,43.0,21.000,21.017,26.0,1730.0,1174,5252,
24.4.2026,14:35:6.136,42.0,44.0,21.000,20.990,30.0,1730.0,1174,5252,
24.4.2026,14:35:6.339,43.0,43.0,21.000,21.188,43.0,1728.0,1174,5252,
24.4.2026,14:35:6.556,43.0,43.0,21.000,21.145,33.0,1730.0,1174,5252,
24.4.2026,14:35:6.740,43.0,43.0,21.000,21.013,39.0,1730.0,1174,5252,
24.4.2026,14:35:6.944,43.0,44.0,21.000,21.180,28.0,1730.0,1178,5255,
24.4.2026,14:35:7.148,43.0,43.0,21.000,21.080,41.0,1726.0,1170,5247,
24.4.2026,14:35:7.353,43.0,43.0,20.000,21.117,50.0,1726.0,1170,5247,
24.4.2026,14:35:7.557,43.0,44.0,21.000,21.086,48.0,1730.0,1170,5247,
24.4.2026,14:35:7.759,43.0,43.0,21.000,21.089,40.0,1730.0,1170,5247,
24.4.2026,14:35:7.960,43.0,43.0,21.000,21.048,28.0,1730.0,1169,5246,
24.4.2026,14:35:8.161,43.0,44.0,21.000,21.052,26.0,1730.0,1169,5246,
24.4.2026,14:35:8.365,43.0,44.0,21.000,21.167,44.0,1730.0,1170,5247,
24.4.2026,14:35:8.582,43.0,44.0,20.000,21.037,26.0,1728.0,1170,5247,
24.4.2026,14:35:8.780,43.0,44.0,20.000,21.011,37.0,1726.0,1170,5247,
24.4.2026,14:35:8.983,43.0,43.0,21.000,20.784,33.0,1730.0,1170,5247,
24.4.2026,14:35:9.185,42.0,43.0,20.000,21.168,46.0,1726.0,1170,5247,
24.4.2026,14:35:9.385,44.0,44.0,20.000,21.013,103.0,1726.0,1169,5246,
24.4.2026,14:35:9.587,43.0,44.0,21.000,21.077,71.0,1730.0,1169,5246,
24.4.2026,14:35:9.790,43.0,44.0,21.000,21.057,38.0,1724.0,1169,5246,
24.4.2026,14:35:9.990,43.0,43.0,21.000,20.714,30.0,1730.0,1169,5246,
24.4.2026,14:35:10.193,43.0,43.0,21.000,21.064,44.0,1730.0,1169,5246,
24.4.2026,14:35:10.396,43.0,44.0,21.000,21.194,31.0,1730.0,1169,5246,
24.4.2026,14:35:10.600,43.0,44.0,21.000,21.178,26.0,1730.0,1169,5246,
24.4.2026,14:35:10.837,43.0,44.0,21.000,21.355,31.0,1730.0,1171,5248,
24.4.2026,14:35:11.014,43.0,44.0,21.000,20.944,28.0,1730.0,1171,5248,
24.4.2026,14:35:11.221,44.0,44.0,21.000,21.382,33.0,1730.0,1171,5248,
24.4.2026,14:35:11.417,43.0,44.0,21.000,21.301,59.0,1730.0,1171,5248,
24.4.2026,14:35:11.621,43.0,44.0,21.000,21.297,24.0,1726.0,1171,5248,
24.4.2026,14:35:11.823,43.0,44.0,20.000,21.363,65.0,1730.0,1171,5248,
24.4.2026,14:35:12.029,43.0,44.0,21.000,20.878,42.0,1730.0,1171,5248,
24.4.2026,14:35:12.230,43.0,44.0,21.000,21.176,36.0,1730.0,1171,5248,
24.4.2026,14:35:12.431,43.0,44.0,21.000,21.224,33.0,1730.0,1171,5248,
24.4.2026,14:35:12.632,43.0,43.0,21.000,21.171,38.0,1730.0,1171,5248,
24.4.2026,14:35:12.839,43.0,44.0,21.000,21.050,33.0,1730.0,1171,5248,
24.4.2026,14:35:13.050,43.0,44.0,21.000,20.580,62.0,1726.0,1171,5248,
24.4.2026,14:35:13.248,43.0,44.0,21.000,21.143,25.0,1730.0,1171,5248,
24.4.2026,14:35:13.450,43.0,44.0,21.000,21.033,32.0,1730.0,1171,5248,
24.4.2026,14:35:13.651,43.0,44.0,21.000,21.311,33.0,1730.0,1171,5248,
24.4.2026,14:35:13.858,43.0,44.0,21.000,21.139,23.0,1730.0,1171,5248,
24.4.2026,14:35:14.057,43.0,44.0,21.000,20.678,26.0,1730.0,1171,5248,
24.4.2026,14:35:14.260,43.0,44.0,20.000,21.072,60.0,1726.0,1171,5248,
24.4.2026,14:35:14.458,43.0,44.0,21.000,21.155,45.0,1730.0,1171,5248,
24.4.2026,14:35:14.661,43.0,44.0,20.000,21.176,52.0,1728.0,1171,5248,
24.4.2026,14:35:14.880,43.0,44.0,20.000,20.936,33.0,1728.0,1171,5248,
24.4.2026,14:35:15.076,43.0,44.0,20.000,20.864,54.0,1728.0,1171,5248,
24.4.2026,14:35:15.278,43.0,44.0,20.000,21.101,51.0,1728.0,1171,5248,
24.4.2026,14:35:15.479,43.0,44.0,20.000,21.048,57.0,1730.0,1171,5248,
24.4.2026,14:35:15.681,43.0,44.0,20.000,21.012,47.0,1728.0,1171,5248,
24.4.2026,14:35:15.884,43.0,44.0,21.000,20.773,49.0,1730.0,1171,5248,
24.4.2026,14:35:16.084,43.0,44.0,21.000,21.022,43.0,1730.0,1171,5248,
24.4.2026,14:35:16.284,43.0,44.0,21.000,21.089,41.0,1730.0,1171,5248,
24.4.2026,14:35:16.489,43.0,44.0,21.000,21.067,30.0,1728.0,1171,5248,
24.4.2026,14:35:16.695,43.0,44.0,21.000,21.084,48.0,1726.0,1171,5248,
24.4.2026,14:35:16.895,43.0,44.0,20.000,20.825,8.0,1730.0,1171,5248,
24.4.2026,14:35:17.110,43.0,44.0,20.000,21.212,41.0,1726.0,1171,5248,
24.4.2026,14:35:17.310,43.0,44.0,21.000,21.441,41.0,1728.0,1171,5248,
24.4.2026,14:35:17.512,43.0,44.0,21.000,21.446,43.0,1730.0,1171,5248,
24.4.2026,14:35:17.716,43.0,44.0,20.000,21.358,45.0,1728.0,1171,5248,
24.4.2026,14:35:17.917,43.0,44.0,20.000,21.027,3.0,1730.0,1171,5248,
24.4.2026,14:35:18.117,43.0,44.0,21.000,21.106,49.0,1730.0,1171,5248,
24.4.2026,14:35:18.319,44.0,45.0,21.000,21.353,47.0,1730.0,1171,5248,
24.4.2026,14:35:18.525,43.0,44.0,21.000,21.303,41.0,1730.0,1171,5248,
24.4.2026,14:35:18.729,43.0,44.0,21.000,21.397,28.0,1730.0,1171,5248,
24.4.2026,14:35:18.927,43.0,44.0,20.000,20.958,9.0,1730.0,1171,5248,
24.4.2026,14:35:19.144,43.0,44.0,21.000,21.127,20.0,1730.0,1171,5248,
24.4.2026,14:35:19.363,43.0,44.0,21.000,21.352,53.0,1730.0,1171,5248,
24.4.2026,14:35:19.580,43.0,44.0,21.000,21.484,66.0,1730.0,1171,5248,
24.4.2026,14:35:19.783,43.0,44.0,21.000,21.431,56.0,1730.0,1171,5248,
24.4.2026,14:35:19.985,43.0,44.0,21.000,20.869,48.0,1730.0,1171,5248,
24.4.2026,14:35:20.188,43.0,44.0,21.000,21.315,39.0,1730.0,1171,5248,
24.4.2026,14:35:20.389,43.0,44.0,21.000,21.370,41.0,1730.0,1171,5248,
24.4.2026,14:35:20.592,43.0,44.0,21.000,21.321,40.0,1730.0,1171,5248,
24.4.2026,14:35:20.795,43.0,44.0,21.000,21.304,25.0,1730.0,1171,5248,
24.4.2026,14:35:20.995,43.0,44.0,21.000,20.679,42.0,1728.0,1171,5248,
24.4.2026,14:35:21.198,43.0,44.0,20.000,21.115,44.0,1728.0,1171,5248,
24.4.2026,14:35:21.399,43.0,45.0,20.000,21.335,38.0,1728.0,1171,5248,
24.4.2026,14:35:21.602,43.0,44.0,21.000,21.305,85.0,1724.0,1171,5248,
24.4.2026,14:35:21.806,43.0,44.0,21.000,21.312,38.0,1730.0,1171,5248,
24.4.2026,14:35:22.009,43.0,44.0,21.000,20.824,35.0,1730.0,1171,5248,
24.4.2026,14:35:22.211,44.0,44.0,21.000,21.288,47.0,1730.0,1171,5248,
24.4.2026,14:35:22.413,43.0,44.0,21.000,21.407,64.0,1728.0,1171,5248,
24.4.2026,14:35:22.614,43.0,44.0,20.000,21.299,66.0,1728.0,1171,5248,
24.4.2026,14:35:22.817,44.0,44.0,21.000,21.074,47.0,1730.0,1171,5248,
24.4.2026,14:35:23.033,43.0,44.0,20.000,20.756,32.0,1728.0,1171,5248,
24.4.2026,14:35:23.237,43.0,44.0,21.000,21.256,66.0,1730.0,1171,5248,
24.4.2026,14:35:23.425,44.0,44.0,21.000,21.344,49.0,1730.0,1171,5248,
24.4.2026,14:35:23.644,44.0,44.0,21.000,21.565,26.0,1730.0,1171,5248,
24.4.2026,14:35:23.862,43.0,44.0,21.000,21.381,26.0,1730.0,1171,5248,
24.4.2026,14:35:24.063,43.0,44.0,21.000,20.928,49.0,1728.0,1171,5248,
24.4.2026,14:35:24.266,44.0,44.0,21.000,21.215,37.0,1728.0,1171,5248,
24.4.2026,14:35:24.467,43.0,44.0,20.000,21.180,67.0,1728.0,1171,5248,
24.4.2026,14:35:24.668,43.0,45.0,21.000,21.028,74.0,1730.0,1171,5248,
24.4.2026,14:35:24.872,44.0,45.0,20.000,20.999,52.0,1728.0,1171,5248,
24.4.2026,14:35:25.070,44.0,44.0,21.000,20.892,60.0,1730.0,1171,5248,
24.4.2026,14:35:25.276,43.0,44.0,21.000,21.313,44.0,1730.0,1171,5248,
24.4.2026,14:35:25.478,43.0,44.0,21.000,21.242,34.0,1730.0,1171,5248,
24.4.2026,14:35:25.680,43.0,45.0,21.000,21.339,27.0,1730.0,1171,5248,
24.4.2026,14:35:25.885,43.0,44.0,21.000,21.344,35.0,1730.0,1171,5248,
24.4.2026,14:35:26.088,43.0,45.0,21.000,21.038,72.0,1730.0,1171,5248,
24.4.2026,14:35:26.289,44.0,45.0,21.000,21.192,46.0,1730.0,1171,5248,
24.4.2026,14:35:26.489,44.0,44.0,21.000,21.374,38.0,1730.0,1171,5248,
24.4.2026,14:35:26.691,43.0,44.0,21.000,21.419,66.0,1730.0,1171,5248,
24.4.2026,14:35:26.895,44.0,44.0,21.000,21.452,36.0,1730.0,1171,5248,
24.4.2026,14:35:27.099,43.0,44.0,21.000,21.260,29.0,1730.0,1171,5248,
24.4.2026,14:35:27.304,43.0,44.0,21.000,21.259,50.0,1730.0,1171,5248,
24.4.2026,14:35:27.506,43.0,44.0,21.000,21.255,65.0,1730.0,1171,5248,
24.4.2026,14:35:27.708,43.0,44.0,21.000,21.397,58.0,1730.0,1171,5248,
24.4.2026,14:35:27.925,43.0,44.0,21.000,21.461,39.0,1730.0,1171,5248,
24.4.2026,14:35:28.127,43.0,44.0,21.000,21.171,38.0,1730.0,1171,5248,
24.4.2026,14:35:28.331,44.0,45.0,21.000,21.333,35.0,1730.0,1171,5248,
24.4.2026,14:35:28.532,43.0,44.0,21.000,21.340,57.0,1726.0,1171,5248,
24.4.2026,14:35:28.736,43.0,44.0,21.000,21.274,39.0,1726.0,1171,5248,
24.4.2026,14:35:28.939,43.0,44.0,20.000,21.301,27.0,1728.0,1171,5248,
24.4.2026,14:35:29.138,44.0,45.0,21.000,21.066,51.0,1728.0,1171,5248,
24.4.2026,14:35:29.340,44.0,44.0,20.000,21.345,78.0,1730.0,1171,5248,
24.4.2026,14:35:29.543,43.0,44.0,21.000,21.425,47.0,1730.0,1171,5248,
24.4.2026,14:35:29.746,44.0,44.0,21.000,21.453,38.0,1730.0,1171,5248,
24.4.2026,14:35:29.950,43.0,44.0,21.000,21.068,19.0,1730.0,1171,5248,
24.4.2026,14:35:30.152,43.0,44.0,21.000,21.153,25.0,1730.0,1171,5248,
24.4.2026,14:35:30.352,44.0,44.0,21.000,21.343,54.0,1726.0,1171,5248,
24.4.2026,14:35:30.554,43.0,44.0,21.000,21.344,51.0,1730.0,1171,5248,
24.4.2026,14:35:30.759,44.0,44.0,20.000,21.063,63.0,1728.0,1171,5248,
24.4.2026,14:35:30.961,43.0,45.0,21.000,20.924,49.0,1730.0,1171,5248,
24.4.2026,14:35:31.165,43.0,44.0,21.000,21.201,31.0,1730.0,1171,5248,
24.4.2026,14:35:31.367,43.0,44.0,21.000,21.136,32.0,1730.0,1171,5248,
24.4.2026,14:35:31.568,43.0,45.0,21.000,21.065,26.0,1730.0,1171,5248,
24.4.2026,14:35:31.769,44.0,44.0,21.000,21.225,24.0,1706.0,1171,5248,
24.4.2026,14:35:31.986,44.0,45.0,21.000,20.934,51.0,1730.0,1171,5248,
24.4.2026,14:35:32.186,44.0,45.0,21.000,21.253,35.0,1730.0,1171,5248,
24.4.2026,14:35:32.388,43.0,44.0,21.000,21.388,54.0,1730.0,1171,5248,
24.4.2026,14:35:32.589,43.0,44.0,20.000,21.092,31.0,1726.0,1171,5248,
24.4.2026,14:35:32.795,44.0,44.0,20.000,21.098,54.0,1728.0,1171,5248,
24.4.2026,14:35:32.999,43.0,44.0,21.000,20.999,33.0,1730.0,1171,5248,
24.4.2026,14:35:33.195,44.0,44.0,21.000,21.396,49.0,1730.0,1171,5248,
24.4.2026,14:35:33.398,43.0,44.0,21.000,21.232,47.0,1730.0,1171,5248,
24.4.2026,14:35:33.599,43.0,44.0,21.000,21.248,36.0,1730.0,1171,5248,
24.4.2026,14:35:33.809,44.0,44.0,21.000,21.204,33.0,1728.0,1171,5248,
24.4.2026,14:35:34.005,44.0,45.0,21.000,20.894,57.0,1726.0,1171,5248,
24.4.2026,14:35:34.209,44.0,45.0,21.000,21.397,30.0,1730.0,1171,5248,
24.4.2026,14:35:34.412,44.0,44.0,21.000,21.457,82.0,1728.0,1171,5248,
24.4.2026,14:35:34.614,44.0,44.0,21.000,21.461,57.0,1730.0,1171,5248,
24.4.2026,14:35:34.818,43.0,44.0,21.000,21.608,37.0,1730.0,1171,5248,
24.4.2026,14:35:35.019,43.0,44.0,21.000,20.885,16.0,1730.0,1171,5248,
24.4.2026,14:35:35.238,44.0,44.0,21.000,21.371,39.0,1730.0,1171,5248,
24.4.2026,14:35:35.440,43.0,44.0,21.000,21.361,29.0,1730.0,1171,5248,
24.4.2026,14:35:35.658,44.0,45.0,21.000,21.462,43.0,1730.0,1171,5248,
24.4.2026,14:35:35.865,43.0,44.0,20.000,21.437,49.0,1726.0,1171,5248,
24.4.2026,14:35:36.063,43.0,45.0,21.000,21.104,67.0,1730.0,1171,5248,
24.4.2026,14:35:36.267,44.0,44.0,21.000,21.570,46.0,1730.0,1171,5248,
24.4.2026,14:35:36.470,44.0,45.0,21.000,21.696,38.0,1730.0,1171,5248,
24.4.2026,14:35:36.667,43.0,45.0,21.000,21.643,28.0,1730.0,1171,5248,
24.4.2026,14:35:36.877,43.0,44.0,21.000,21.341,16.0,1730.0,1171,5248,
24.4.2026,14:35:37.076,44.0,44.0,21.000,21.080,53.0,1730.0,1171,5248,
24.4.2026,14:35:37.278,43.0,45.0,21.000,21.412,31.0,1726.0,1171,5248,
24.4.2026,14:35:37.479,44.0,44.0,21.000,21.514,68.0,1730.0,1171,5248,
24.4.2026,14:35:37.686,44.0,45.0,21.000,21.583,64.0,1730.0,1171,5248,
24.4.2026,14:35:37.886,44.0,44.0,21.000,21.380,34.0,1730.0,1171,5248,
24.4.2026,14:35:38.086,44.0,44.0,21.000,21.143,34.0,1730.0,1171,5248,
24.4.2026,14:35:38.288,43.0,45.0,21.000,21.591,30.0,1730.0,1171,5248,
24.4.2026,14:35:38.490,44.0,45.0,21.000,21.497,38.0,1730.0,1171,5248,
24.4.2026,14:35:38.693,43.0,44.0,21.000,21.584,30.0,1730.0,1171,5248,
24.4.2026,14:35:38.908,43.0,45.0,21.000,21.084,43.0,1728.0,1171,5248,
24.4.2026,14:35:39.111,44.0,45.0,21.000,21.024,58.0,1730.0,1171,5248,
24.4.2026,14:35:39.309,43.0,45.0,21.000,21.534,36.0,1726.0,1171,5248,
24.4.2026,14:35:39.508,44.0,45.0,21.000,21.651,24.0,1730.0,1171,5248,
24.4.2026,14:35:39.712,44.0,45.0,21.000,21.571,25.0,1730.0,1171,5248,
24.4.2026,14:35:39.914,43.0,44.0,21.000,21.043,42.0,1730.0,1171,5248,
24.4.2026,14:35:40.118,44.0,45.0,21.000,20.976,54.0,1728.0,1171,5248,
24.4.2026,14:35:40.316,44.0,45.0,21.000,21.225,58.0,1722.0,1171,5248,
24.4.2026,14:35:40.533,44.0,45.0,21.000,21.265,56.0,1734.0,1171,5248,
24.4.2026,14:35:40.735,43.0,44.0,21.000,21.298,61.0,1730.0,1171,5248,
24.4.2026,14:35:40.936,43.0,44.0,21.000,21.089,24.0,1728.0,1171,5248,
24.4.2026,14:35:41.138,44.0,45.0,21.000,21.155,37.0,1722.0,1171,5248,
24.4.2026,14:35:41.339,44.0,45.0,21.000,21.153,40.0,1730.0,1171,5248,
24.4.2026,14:35:41.540,44.0,45.0,21.000,21.178,37.0,1730.0,1171,5248,
24.4.2026,14:35:41.744,43.0,45.0,21.000,21.217,35.0,1730.0,1171,5248,
24.4.2026,14:35:41.941,43.0,44.0,21.000,20.955,28.0,1730.0,1171,5248,
24.4.2026,14:35:42.156,44.0,45.0,21.000,21.018,27.0,1740.0,1171,5248,
24.4.2026,14:35:42.357,44.0,45.0,21.000,21.353,45.0,1730.0,1171,5248,
24.4.2026,14:35:42.561,43.0,44.0,21.000,21.355,39.0,1730.0,1171,5248,
24.4.2026,14:35:42.764,44.0,45.0,21.000,21.394,34.0,1730.0,1171,5248,
24.4.2026,14:35:42.965,44.0,45.0,21.000,20.946,51.0,1726.0,1171,5248,
24.4.2026,14:35:43.165,44.0,45.0,21.000,21.361,73.0,1726.0,1171,5248,
24.4.2026,14:35:43.367,44.0,45.0,21.000,21.365,57.0,1728.0,1171,5248,
24.4.2026,14:35:43.568,44.0,45.0,20.000,21.321,46.0,1728.0,1171,5248,
24.4.2026,14:35:43.771,44.0,45.0,21.000,21.394,45.0,1728.0,1171,5248,
24.4.2026,14:35:43.972,44.0,45.0,20.000,21.070,59.0,1730.0,1171,5248,
24.4.2026,14:35:44.189,44.0,44.0,21.000,21.508,56.0,1730.0,1171,5248,
24.4.2026,14:35:44.380,44.0,45.0,21.000,21.485,42.0,1730.0,1171,5248,
24.4.2026,14:35:44.581,44.0,45.0,21.000,21.400,30.0,1730.0,1171,5248,
24.4.2026,14:35:44.785,44.0,45.0,21.000,21.316,21.0,1730.0,1171,5248,
24.4.2026,14:35:44.988,44.0,45.0,21.000,20.773,46.0,1730.0,1171,5248,
24.4.2026,14:35:45.206,44.0,45.0,21.000,21.304,65.0,1722.0,1171,5248,
24.4.2026,14:35:45.405,44.0,45.0,21.000,21.438,57.0,1728.0,1171,5248,
24.4.2026,14:35:45.605,44.0,45.0,20.000,21.248,79.0,1730.0,1171,5248,
24.4.2026,14:35:45.810,44.0,45.0,21.000,21.428,60.0,1730.0,1171,5248,
24.4.2026,14:35:46.011,44.0,45.0,21.000,20.883,30.0,1730.0,1171,5248,
24.4.2026,14:35:46.213,44.0,45.0,21.000,21.363,43.0,1730.0,1171,5248,
24.4.2026,14:35:46.415,44.0,45.0,21.000,21.362,31.0,1730.0,1171,5248,
24.4.2026,14:35:46.620,44.0,45.0,21.000,21.518,28.0,1730.0,1171,5248,
24.4.2026,14:35:46.825,44.0,45.0,21.000,21.534,39.0,1726.0,1171,5248,
24.4.2026,14:35:47.027,43.0,45.0,21.000,21.026,58.0,1730.0,1171,5248,
24.4.2026,14:35:47.230,43.0,45.0,21.000,21.113,42.0,1730.0,1171,5248,
24.4.2026,14:35:47.432,44.0,45.0,21.000,21.159,37.0,1730.0,1171,5248,
24.4.2026,14:35:47.635,44.0,45.0,21.000,21.270,27.0,1730.0,1171,5248,
24.4.2026,14:35:47.835,44.0,44.0,21.000,21.415,50.0,1730.0,1171,5248,
24.4.2026,14:35:48.038,44.0,45.0,21.000,20.966,43.0,1728.0,1171,5248,
24.4.2026,14:35:48.242,44.0,45.0,21.000,21.536,46.0,1726.0,1171,5248,
24.4.2026,14:35:48.441,44.0,45.0,21.000,21.528,56.0,1730.0,1171,5248,
24.4.2026,14:35:48.646,44.0,44.0,21.000,21.451,60.0,1730.0,1171,5248,
24.4.2026,14:35:48.849,44.0,45.0,21.000,21.465,27.0,1730.0,1171,5248,
24.4.2026,14:35:49.051,44.0,45.0,21.000,20.983,31.0,1730.0,1171,5248,
24.4.2026,14:35:49.270,44.0,45.0,21.000,21.415,27.0,1730.0,1171,5248,
24.4.2026,14:35:49.472,44.0,45.0,21.000,21.239,77.0,1728.0,1171,5248,
24.4.2026,14:35:49.672,44.0,45.0,21.000,21.375,33.0,1730.0,1171,5248,
24.4.2026,14:35:49.875,44.0,45.0,20.000,21.136,21.0,1726.0,1171,5248,
24.4.2026,14:35:50.077,44.0,45.0,21.000,20.793,64.0,1730.0,1171,5248,
24.4.2026,14:35:50.277,44.0,45.0,21.000,21.104,53.0,1730.0,1171,5248,
24.4.2026,14:35:50.480,45.0,45.0,21.000,21.276,57.0,1730.0,1171,5248,
24.4.2026,14:35:50.680,45.0,45.0,21.000,21.179,48.0,1730.0,1171,5248,
24.4.2026,14:35:50.882,44.0,45.0,21.000,21.079,55.0,1730.0,1171,5248,
24.4.2026,14:35:51.087,44.0,45.0,21.000,21.110,43.0,1730.0,1171,5248,
24.4.2026,14:35:51.286,44.0,44.0,21.000,21.262,34.0,1730.0,1171,5248,
24.4.2026,14:35:51.488,44.0,45.0,21.000,21.133,33.0,1730.0,1171,5248,
24.4.2026,14:35:51.702,44.0,45.0,21.000,21.143,31.0,1730.0,1171,5248,
24.4.2026,14:35:51.906,44.0,45.0,21.000,21.118,36.0,1730.0,1171,5248,
24.4.2026,14:35:52.107,44.0,45.0,21.000,21.208,26.0,1730.0,1171,5248,
24.4.2026,14:35:52.307,44.0,45.0,21.000,21.239,62.0,1732.0,1171,5248,
24.4.2026,14:35:52.509,44.0,45.0,21.000,21.202,23.0,1728.0,1171,5248,
24.4.2026,14:35:52.719,44.0,45.0,21.000,21.342,34.0,1730.0,1171,5248,
24.4.2026,14:35:52.919,44.0,45.0,21.000,21.033,47.0,1728.0,1171,5248,
24.4.2026,14:35:53.120,44.0,45.0,21.000,21.074,34.0,1730.0,1171,5248,
24.4.2026,14:35:53.322,44.0,45.0,21.000,21.451,27.0,1730.0,1171,5248,
24.4.2026,14:35:53.521,44.0,45.0,21.000,21.350,41.0,1730.0,1171,5248,
24.4.2026,14:35:53.723,44.0,45.0,21.000,21.537,37.0,1730.0,1171,5248,
24.4.2026,14:35:53.929,44.0,45.0,20.000,21.098,11.0,1730.0,1171,5248,
24.4.2026,14:35:54.129,44.0,45.0,21.000,21.322,52.0,1730.0,1171,5248,
24.4.2026,14:35:54.346,44.0,45.0,21.000,21.551,41.0,1728.0,1171,5248,
24.4.2026,14:35:54.546,45.0,45.0,21.000,21.459,32.0,1730.0,1171,5248,
24.4.2026,14:35:54.750,44.0,45.0,21.000,21.373,52.0,1728.0,1171,5248,
24.4.2026,14:35:54.951,44.0,45.0,20.000,21.064,33.0,1730.0,1171,5248,
24.4.2026,14:35:55.154,44.0,45.0,21.000,21.147,49.0,1730.0,1171,5248,
24.4.2026,14:35:55.355,44.0,45.0,21.000,21.453,55.0,1730.0,1171,5248,
24.4.2026,14:35:55.556,45.0,45.0,21.000,21.270,40.0,1730.0,1171,5248,
24.4.2026,14:35:55.755,44.0,45.0,20.000,21.235,17.0,1730.0,1171,5248,
24.4.2026,14:35:55.957,44.0,45.0,20.000,20.786,41.0,1730.0,1171,5248,
24.4.2026,14:35:56.173,44.0,45.0,21.000,21.153,38.0,1730.0,1171,5248,
24.4.2026,14:35:56.374,45.0,45.0,21.000,21.123,60.0,1730.0,1171,5248,
24.4.2026,14:35:56.577,44.0,45.0,21.000,21.313,52.0,1730.0,1171,5248,
24.4.2026,14:35:56.779,44.0,45.0,20.000,21.199,33.0,1726.0,1171,5248,
24.4.2026,14:35:56.982,44.0,45.0,21.000,20.974,30.0,1730.0,1171,5248,
24.4.2026,14:35:57.185,44.0,45.0,21.000,21.122,32.0,1730.0,1171,5248,
24.4.2026,14:35:57.390,45.0,45.0,21.000,21.254,47.0,1728.0,1171,5248,
24.4.2026,14:35:57.591,44.0,45.0,20.000,21.214,50.0,1728.0,1171,5248,
24.4.2026,14:35:57.793,44.0,45.0,20.000,21.214,31.0,1730.0,1171,5248,
24.4.2026,14:35:57.993,44.0,45.0,21.000,21.037,47.0,1730.0,1171,5248,
24.4.2026,14:35:58.196,44.0,45.0,21.000,21.276,41.0,1728.0,1171,5248,
24.4.2026,14:35:58.398,44.0,45.0,21.000,21.219,26.0,1730.0,1171,5248,
24.4.2026,14:35:58.599,44.0,45.0,21.000,21.361,28.0,1730.0,1171,5248,
24.4.2026,14:35:58.805,44.0,45.0,21.000,21.360,47.0,1726.0,1171,5248,
24.4.2026,14:35:59.006,44.0,45.0,21.000,21.153,60.0,1728.0,1171,5248,
24.4.2026,14:35:59.207,45.0,45.0,21.000,21.430,30.0,1730.0,1171,5248,
24.4.2026,14:35:59.423,44.0,45.0,20.000,21.250,54.0,1728.0,1171,5248,
24.4.2026,14:35:59.625,44.0,45.0,20.000,21.370,34.0,1730.0,1171,5248,
24.4.2026,14:35:59.828,45.0,45.0,20.000,21.232,35.0,1730.0,1171,5248,
24.4.2026,14:36:0.030,45.0,45.0,21.000,21.010,43.0,1730.0,1171,5248,
24.4.2026,14:36:0.233,44.0,45.0,21.000,21.257,36.0,1730.0,1171,5248,
24.4.2026,14:36:0.435,44.0,45.0,21.000,21.259,37.0,1726.0,1171,5248,
24.4.2026,14:36:0.638,44.0,45.0,21.000,21.308,22.0,1730.0,1171,5248,
24.4.2026,14:36:0.839,44.0,45.0,21.000,21.232,11.0,1730.0,1171,5248,
24.4.2026,14:36:1.042,44.0,45.0,20.000,21.057,36.0,1730.0,1171,5248,
24.4.2026,14:36:1.243,44.0,45.0,21.000,21.174,45.0,1728.0,1171,5248,
24.4.2026,14:36:1.446,45.0,46.0,21.000,21.361,42.0,1716.0,1171,5248,
24.4.2026,14:36:1.647,44.0,45.0,20.000,21.415,72.0,1730.0,1171,5248,
24.4.2026,14:36:1.850,44.0,45.0,21.000,20.922,43.0,1730.0,1171,5248,
24.4.2026,14:36:2.051,44.0,45.0,21.000,21.163,34.0,1730.0,1171,5248,
24.4.2026,14:36:2.266,45.0,45.0,21.000,21.433,43.0,1730.0,1171,5248,
24.4.2026,14:36:2.469,44.0,45.0,21.000,21.335,29.0,1730.0,1171,5248,
24.4.2026,14:36:2.676,45.0,45.0,21.000,21.446,27.0,1730.0,1171,5248,
24.4.2026,14:36:2.864,44.0,45.0,20.000,20.998,43.0,1730.0,1171,5248,
24.4.2026,14:36:3.066,44.0,45.0,21.000,21.048,52.0,1730.0,1171,5248,
24.4.2026,14:36:3.284,44.0,45.0,21.000,21.362,58.0,1730.0,1171,5248,
24.4.2026,14:36:3.486,44.0,45.0,21.000,21.620,37.0,1730.0,1171,5248,
24.4.2026,14:36:3.687,44.0,45.0,21.000,21.550,34.0,1730.0,1171,5248,
24.4.2026,14:36:3.887,45.0,45.0,21.000,21.011,18.0,1730.0,1171,5248,
24.4.2026,14:36:4.088,44.0,45.0,21.000,21.520,33.0,1730.0,1171,5248,
24.4.2026,14:36:4.290,44.0,45.0,21.000,21.611,32.0,1730.0,1171,5248,
24.4.2026,14:36:4.500,44.0,45.0,21.000,21.499,27.0,1730.0,1171,5248,
24.4.2026,14:36:4.696,45.0,46.0,21.000,21.455,53.0,1726.0,1171,5248,
24.4.2026,14:36:4.908,45.0,45.0,21.000,20.889,24.0,1728.0,1171,5248,
24.4.2026,14:36:5.101,45.0,45.0,21.000,21.424,60.0,1724.0,1171,5248,
24.4.2026,14:36:5.301,45.0,45.0,21.000,21.514,78.0,1730.0,1171,5248,
24.4.2026,14:36:5.517,44.0,45.0,21.000,21.428,72.0,1730.0,1171,5248,
24.4.2026,14:36:5.722,44.0,45.0,21.000,21.508,22.0,1746.0,1171,5248,
24.4.2026,14:36:5.921,44.0,45.0,21.000,20.908,45.0,1730.0,1171,5248,
24.4.2026,14:36:6.126,44.0,45.0,21.000,21.373,37.0,1730.0,1171,5248,
24.4.2026,14:36:6.327,44.0,45.0,21.000,21.508,28.0,1730.0,1171,5248,
24.4.2026,14:36:6.531,44.0,45.0,21.000,21.413,47.0,1730.0,1171,5248,
24.4.2026,14:36:6.732,44.0,45.0,21.000,21.507,52.0,1728.0,1171,5248,
24.4.2026,14:36:6.932,44.0,45.0,21.000,21.190,37.0,1728.0,1171,5248,
24.4.2026,14:36:7.134,44.0,45.0,21.000,21.585,30.0,1726.0,1171,5248,
24.4.2026,14:36:7.338,45.0,45.0,21.000,21.523,46.0,1730.0,1171,5248,
24.4.2026,14:36:7.540,44.0,45.0,21.000,21.318,50.0,1730.0,1171,5248,
24.4.2026,14:36:7.745,44.0,45.0,20.000,21.147,14.0,1730.0,1171,5248,
24.4.2026,14:36:7.948,44.0,45.0,21.000,20.844,28.0,1730.0,1171,5248,
24.4.2026,14:36:8.148,45.0,45.0,21.000,21.059,22.0,1730.0,1171,5248,
24.4.2026,14:36:8.350,44.0,45.0,21.000,21.113,49.0,1730.0,1171,5248,
24.4.2026,14:36:8.577,44.0,45.0,20.000,21.081,30.0,1730.0,1171,5248,
24.4.2026,14:36:8.756,45.0,45.0,20.000,20.970,63.0,1730.0,1171,5248,
24.4.2026,14:36:8.981,45.0,45.0,21.000,20.870,48.0,1724.0,1171,5248,
24.4.2026,14:36:9.160,45.0,45.0,21.000,21.253,44.0,1730.0,1171,5248,
24.4.2026,14:36:9.378,45.0,45.0,21.000,21.105,46.0,1730.0,1171,5248,
24.4.2026,14:36:9.588,44.0,45.0,21.000,21.109,27.0,1726.0,1171,5248,
24.4.2026,14:36:9.784,45.0,45.0,21.000,20.935,12.0,1730.0,1171,5248,
24.4.2026,14:36:9.983,45.0,45.0,21.000,20.902,48.0,1726.0,1171,5248,
24.4.2026,14:36:10.186,44.0,45.0,21.000,21.217,27.0,1730.0,1171,5248,
24.4.2026,14:36:10.386,44.0,45.0,20.000,21.136,25.0,1714.0,1171,5248,
24.4.2026,14:36:10.590,44.0,45.0,20.000,21.151,44.0,1726.0,1171,5248,
24.4.2026,14:36:10.794,44.0,45.0,21.000,21.145,33.0,1730.0,1171,5248,
24.4.2026,14:36:10.994,44.0,45.0,21.000,20.994,36.0,1730.0,1171,5248,
24.4.2026,14:36:11.197,44.0,45.0,21.000,21.317,31.0,1730.0,1171,5248,
24.4.2026,14:36:11.400,45.0,46.0,21.000,21.393,29.0,1730.0,1171,5248,
24.4.2026,14:36:11.597,44.0,45.0,21.000,21.431,33.0,1730.0,1171,5248,
24.4.2026,14:36:11.801,45.0,45.0,21.000,21.101,27.0,1730.0,1171,5248,
24.4.2026,14:36:12.017,44.0,45.0,21.000,21.217,28.0,1730.0,1171,5248,
24.4.2026,14:36:12.220,44.0,45.0,21.000,21.116,62.0,1726.0,1171,5248,
24.4.2026,14:36:12.428,45.0,45.0,20.000,21.378,47.0,1730.0,1171,5248,
24.4.2026,14:36:12.621,44.0,45.0,21.000,21.236,38.0,1726.0,1171,5248,
24.4.2026,14:36:12.826,44.0,45.0,21.000,21.100,52.0,1728.0,1171,5248,
24.4.2026,14:36:13.025,45.0,46.0,21.000,20.933,47.0,1730.0,1171,5248,
24.4.2026,14:36:13.227,44.0,45.0,21.000,21.264,58.0,1730.0,1171,5248,
24.4.2026,14:36:13.431,45.0,46.0,21.000,21.270,60.0,1730.0,1171,5248,
24.4.2026,14:36:13.632,45.0,45.0,21.000,21.269,32.0,1730.0,1171,5248,
24.4.2026,14:36:13.838,44.0,45.0,21.000,21.419,25.0,1730.0,1171,5248,
24.4.2026,14:36:14.042,44.0,45.0,20.000,21.015,22.0,1728.0,1171,5248,
24.4.2026,14:36:14.243,44.0,45.0,21.000,21.293,72.0,1728.0,1171,5248,
24.4.2026,14:36:14.443,44.0,45.0,21.000,21.511,70.0,1728.0,1171,5248,
24.4.2026,14:36:14.646,44.0,45.0,20.000,21.239,70.0,1728.0,1171,5248,
24.4.2026,14:36:14.851,45.0,45.0,21.000,21.227,34.0,1730.0,1171,5248,
24.4.2026,14:36:15.053,45.0,45.0,21.000,21.378,33.0,1730.0,1171,5248,
24.4.2026,14:36:15.258,45.0,46.0,21.000,21.324,31.0,1730.0,1171,5248,
24.4.2026,14:36:15.460,44.0,45.0,20.000,21.255,28.0,1728.0,1171,5248,
24.4.2026,14:36:15.662,44.0,45.0,21.000,21.175,46.0,1728.0,1171,5248,
24.4.2026,14:36:15.866,44.0,45.0,20.000,20.936,21.0,1730.0,1171,5248,
24.4.2026,14:36:16.070,45.0,45.0,21.000,21.067,36.0,1730.0,1171,5248,
24.4.2026,14:36:16.272,44.0,45.0,21.000,21.279,33.0,1730.0,1171,5248,
24.4.2026,14:36:16.495,45.0,45.0,21.000,21.138,25.0,1730.0,1171,5248,
24.4.2026,14:36:16.690,44.0,45.0,21.000,21.420,25.0,1730.0,1171,5248,
24.4.2026,14:36:16.893,44.0,45.0,21.000,21.061,52.0,1730.0,1171,5248,
24.4.2026,14:36:17.095,44.0,45.0,20.000,21.202,46.0,1728.0,1171,5248,
24.4.2026,14:36:17.285,45.0,45.0,21.000,21.323,34.0,1730.0,1171,5248,
24.4.2026,14:36:17.501,45.0,45.0,21.000,21.310,28.0,1730.0,1171,5248,
24.4.2026,14:36:17.706,45.0,45.0,21.000,21.385,27.0,1730.0,1171,5248,
24.4.2026,14:36:17.894,44.0,45.0,21.000,20.910,14.0,1730.0,1171,5248,
24.4.2026,14:36:18.111,45.0,46.0,21.000,21.090,56.0,1730.0,1171,5248,
24.4.2026,14:36:18.312,45.0,46.0,21.000,21.146,54.0,1730.0,1171,5248,
24.4.2026,14:36:18.515,45.0,45.0,20.000,21.148,69.0,1728.0,1171,5248,
24.4.2026,14:36:18.717,45.0,45.0,21.000,21.108,49.0,1730.0,1171,5248,
24.4.2026,14:36:18.919,44.0,45.0,21.000,21.078,30.0,1730.0,1171,5248,
24.4.2026,14:36:19.121,45.0,45.0,21.000,21.214,37.0,1730.0,1171,5248,
24.4.2026,14:36:19.324,45.0,45.0,21.000,21.262,34.0,1726.0,1171,5248,
24.4.2026,14:36:19.525,45.0,45.0,21.000,21.252,25.0,1730.0,1171,5248,
24.4.2026,14:36:19.728,45.0,45.0,21.000,21.363,66.0,1726.0,1171,5248,
24.4.2026,14:36:19.929,44.0,45.0,21.000,20.937,21.0,1736.0,1171,5248,
24.4.2026,14:36:20.131,45.0,45.0,21.000,21.197,26.0,1730.0,1171,5248,
24.4.2026,14:36:20.334,45.0,45.0,21.000,21.177,66.0,1730.0,1171,5248,
24.4.2026,14:36:20.558,45.0,45.0,21.000,21.190,59.0,1730.0,1171,5248,
24.4.2026,14:36:20.740,45.0,45.0,21.000,20.995,18.0,1730.0,1171,5248,
24.4.2026,14:36:20.941,44.0,45.0,21.000,20.961,30.0,1730.0,1171,5248,
24.4.2026,14:36:21.146,45.0,45.0,21.000,21.189,48.0,1726.0,1171,5248,
24.4.2026,14:36:21.348,45.0,46.0,21.000,21.307,25.0,1730.0,1171,5248,
24.4.2026,14:36:21.566,45.0,46.0,21.000,21.350,54.0,1728.0,1171,5248,
24.4.2026,14:36:21.754,45.0,46.0,21.000,21.075,48.0,1730.0,1171,5248,
24.4.2026,14:36:21.958,45.0,46.0,21.000,20.909,37.0,1730.0,1171,5248,
24.4.2026,14:36:22.174,45.0,45.0,21.000,21.163,37.0,1730.0,1171,5248,
24.4.2026,14:36:22.384,44.0,45.0,21.000,21.215,26.0,1730.0,1171,5248,
24.4.2026,14:36:22.579,45.0,45.0,21.000,21.434,64.0,1726.0,1171,5248,
24.4.2026,14:36:22.783,45.0,45.0,20.000,21.075,52.0,1730.0,1171,5248,
24.4.2026,14:36:22.986,45.0,45.0,21.000,21.144,54.0,1730.0,1171,5248,
24.4.2026,14:36:23.187,45.0,46.0,21.000,21.292,41.0,1730.0,1171,5248,
24.4.2026,14:36:23.397,45.0,45.0,21.000,21.307,52.0,1730.0,1171,5248,
24.4.2026,14:36:23.592,45.0,45.0,21.000,21.367,36.0,1730.0,1171,5248,
24.4.2026,14:36:23.795,45.0,45.0,21.000,21.317,25.0,1730.0,1171,5248,
24.4.2026,14:36:24.006,45.0,46.0,21.000,21.211,36.0,1726.0,1171,5248,
24.4.2026,14:36:24.200,44.0,45.0,21.000,21.427,36.0,1730.0,1171,5248,
24.4.2026,14:36:24.411,45.0,46.0,20.000,21.322,60.0,1728.0,1171,5248,
24.4.2026,14:36:24.613,44.0,45.0,21.000,21.174,50.0,1730.0,1171,5248,
24.4.2026,14:36:24.810,45.0,45.0,21.000,21.004,19.0,1730.0,1171,5248,
24.4.2026,14:36:25.012,45.0,46.0,21.000,21.013,47.0,1730.0,1171,5248,
24.4.2026,14:36:25.216,45.0,46.0,21.000,21.377,51.0,1730.0,1171,5248,
24.4.2026,14:36:25.425,44.0,45.0,21.000,21.298,44.0,1730.0,1171,5248,
24.4.2026,14:36:25.618,44.0,45.0,21.000,21.443,25.0,1726.0,1171,5248,
24.4.2026,14:36:25.824,45.0,46.0,21.000,21.222,40.0,1720.0,1171,5248,
24.4.2026,14:36:26.026,45.0,46.0,21.000,21.067,63.0,1730.0,1171,5248,
24.4.2026,14:36:26.229,44.0,45.0,21.000,21.475,38.0,1730.0,1171,5248,
24.4.2026,14:36:26.431,45.0,46.0,21.000,21.308,30.0,1730.0,1171,5248,
24.4.2026,14:36:26.633,45.0,45.0,21.000,21.441,41.0,1728.0,1171,5248,
24.4.2026,14:36:26.837,45.0,45.0,21.000,21.196,36.0,1730.0,1171,5248,
24.4.2026,14:36:27.041,45.0,45.0,20.000,21.428,66.0,1728.0,1171,5248,
24.4.2026,14:36:27.242,45.0,46.0,21.000,21.579,44.0,1730.0,1171,5248,
24.4.2026,14:36:27.444,45.0,46.0,21.000,21.486,40.0,1730.0,1171,5248,
24.4.2026,14:36:27.647,45.0,46.0,21.000,21.351,43.0,1730.0,1171,5248,
24.4.2026,14:36:27.848,45.0,45.0,20.000,21.255,14.0,1730.0,1171,5248,
24.4.2026,14:36:28.057,45.0,46.0,21.000,21.101,27.0,1730.0,1171,5248,
24.4.2026,14:36:28.267,45.0,46.0,21.000,21.161,23.0,1730.0,1171,5248,
24.4.2026,14:36:28.470,44.0,45.0,21.000,21.102,61.0,1726.0,1171,5248,
24.4.2026,14:36:28.675,45.0,46.0,21.000,21.207,34.0,1730.0,1171,5248,
24.4.2026,14:36:28.871,45.0,45.0,20.000,20.944,40.0,1720.0,1171,5248,
24.4.2026,14:36:29.072,45.0,45.0,21.000,21.328,23.0,1726.0,1171,5248,
24.4.2026,14:36:29.274,45.0,46.0,20.000,21.417,40.0,1726.0,1171,5248,
24.4.2026,14:36:29.477,45.0,46.0,21.000,21.320,54.0,1730.0,1171,5248,
24.4.2026,14:36:29.678,45.0,45.0,21.000,21.498,86.0,1730.0,1171,5248,
24.4.2026,14:36:29.881,45.0,45.0,21.000,20.913,32.0,1730.0,1171,5248,
24.4.2026,14:36:30.083,45.0,46.0,21.000,21.054,34.0,1730.0,1171,5248,
24.4.2026,14:36:30.284,45.0,46.0,21.000,21.342,32.0,1730.0,1171,5248,
24.4.2026,14:36:30.502,45.0,46.0,21.000,21.388,56.0,1726.0,1171,5248,
24.4.2026,14:36:30.709,45.0,46.0,20.000,21.392,38.0,1726.0,1171,5248,
24.4.2026,14:36:30.909,44.0,45.0,20.000,20.913,21.0,1730.0,1171,5248,
24.4.2026,14:36:31.127,45.0,45.0,21.000,21.298,55.0,1730.0,1171,5248,
24.4.2026,14:36:31.332,44.0,45.0,21.000,21.269,32.0,1730.0,1171,5248,
24.4.2026,14:36:31.550,45.0,46.0,21.000,21.109,28.0,1730.0,1171,5248,
24.4.2026,14:36:31.754,45.0,46.0,21.000,21.253,57.0,1726.0,1171,5248,
24.4.2026,14:36:31.970,45.0,45.0,21.000,20.938,24.0,1728.0,1171,5248,
24.4.2026,14:36:32.168,45.0,45.0,21.000,21.182,46.0,1730.0,1171,5248,
24.4.2026,14:36:32.371,44.0,45.0,21.000,21.123,51.0,1730.0,1171,5248,
24.4.2026,14:36:32.571,45.0,45.0,20.000,21.138,23.0,1726.0,1171,5248,
24.4.2026,14:36:32.773,45.0,45.0,20.000,21.125,7.0,1730.0,1171,5248,
24.4.2026,14:36:32.977,45.0,45.0,21.000,21.075,45.0,1728.0,1171,5248,
24.4.2026,14:36:33.180,45.0,46.0,21.000,21.366,69.0,1730.0,1171,5248,
24.4.2026,14:36:33.383,45.0,46.0,21.000,21.390,30.0,1730.0,1171,5248,
24.4.2026,14:36:33.584,45.0,46.0,21.000,21.168,25.0,1730.0,1171,5248,
24.4.2026,14:36:33.787,45.0,45.0,21.000,21.064,39.0,1734.0,1171,5248,
24.4.2026,14:36:33.990,45.0,45.0,21.000,20.840,36.0,1726.0,1171,5248,
24.4.2026,14:36:34.194,45.0,45.0,20.000,21.104,52.0,1730.0,1171,5248,
24.4.2026,14:36:34.396,45.0,45.0,21.000,21.109,51.0,1730.0,1171,5248,
24.4.2026,14:36:34.598,45.0,46.0,21.000,21.254,38.0,1730.0,1171,5248,
24.4.2026,14:36:34.801,45.0,46.0,21.000,21.208,25.0,1738.0,1171,5248,
24.4.2026,14:36:35.019,45.0,46.0,21.000,20.840,26.0,1730.0,1171,5248,
24.4.2026,14:36:35.219,45.0,46.0,21.000,21.064,60.0,1730.0,1171,5248,
24.4.2026,14:36:35.420,45.0,45.0,21.000,21.124,26.0,1730.0,1171,5248,
24.4.2026,14:36:35.620,44.0,45.0,21.000,21.165,21.0,1730.0,1171,5248,
24.4.2026,14:36:35.823,45.0,46.0,21.000,21.159,38.0,1730.0,1171,5248,
24.4.2026,14:36:36.024,45.0,46.0,21.000,20.987,56.0,1730.0,1171,5248,
24.4.2026,14:36:36.224,45.0,45.0,20.000,21.088,47.0,1728.0,1171,5248,
24.4.2026,14:36:36.426,45.0,46.0,20.000,21.044,41.0,1726.0,1171,5248,
24.4.2026,14:36:36.628,45.0,45.0,20.000,21.078,78.0,1726.0,1171,5248,
24.4.2026,14:36:36.846,45.0,45.0,21.000,21.049,47.0,1728.0,1171,5248,
24.4.2026,14:36:37.048,45.0,45.0,21.000,20.870,44.0,1730.0,1171,5248,
24.4.2026,14:36:37.250,45.0,46.0,21.000,21.071,37.0,1730.0,1171,5248,
24.4.2026,14:36:37.454,45.0,45.0,21.000,21.105,25.0,1730.0,1171,5248,
24.4.2026,14:36:37.656,45.0,46.0,21.000,21.171,51.0,1730.0,1171,5248,
24.4.2026,14:36:37.854,45.0,45.0,20.000,20.932,7.0,1730.0,1171,5248,
24.4.2026,14:36:38.061,45.0,46.0,21.000,20.947,23.0,1730.0,1171,5248,
24.4.2026,14:36:38.260,45.0,46.0,20.000,21.074,47.0,1730.0,1171,5248,
24.4.2026,14:36:38.460,45.0,46.0,20.000,21.075,59.0,1726.0,1171,5248,
24.4.2026,14:36:38.662,45.0,46.0,20.000,21.146,34.0,1730.0,1171,5248,
24.4.2026,14:36:38.865,45.0,45.0,20.000,20.926,51.0,1728.0,1171,5248,
24.4.2026,14:36:39.068,45.0,46.0,21.000,21.104,47.0,1734.0,1171,5248,
24.4.2026,14:36:39.273,45.0,45.0,21.000,21.182,36.0,1730.0,1171,5248,
24.4.2026,14:36:39.473,45.0,46.0,21.000,21.167,28.0,1730.0,1171,5248,
24.4.2026,14:36:39.677,45.0,46.0,21.000,21.234,26.0,1730.0,1171,5248,
24.4.2026,14:36:39.881,45.0,46.0,21.000,21.079,59.0,1730.0,1171,5248,
24.4.2026,14:36:40.083,45.0,46.0,21.000,21.130,55.0,1730.0,1171,5248,
24.4.2026,14:36:40.300,45.0,45.0,20.000,21.135,50.0,1730.0,1171,5248,
24.4.2026,14:36:40.504,45.0,45.0,21.000,21.150,39.0,1730.0,1171,5248,
24.4.2026,14:36:40.721,45.0,46.0,21.000,21.080,36.0,1730.0,1171,5248,
24.4.2026,14:36:40.926,45.0,46.0,21.000,20.771,27.0,1730.0,1171,5248,
24.4.2026,14:36:41.140,45.0,46.0,21.000,21.035,64.0,1726.0,1171,5248,
24.4.2026,14:36:41.345,45.0,46.0,21.000,21.194,30.0,1730.0,1171,5248,
24.4.2026,14:36:41.548,45.0,46.0,21.000,21.131,52.0,1730.0,1171,5248,
24.4.2026,14:36:41.752,45.0,46.0,21.000,21.225,40.0,1730.0,1171,5248,
24.4.2026,14:36:41.942,45.0,46.0,21.000,20.852,34.0,1730.0,1171,5248,
24.4.2026,14:36:42.158,45.0,45.0,21.000,21.136,40.0,1728.0,1171,5248,
24.4.2026,14:36:42.361,45.0,46.0,21.000,21.210,63.0,1726.0,1171,5248,
24.4.2026,14:36:42.563,45.0,46.0,21.000,21.119,45.0,1730.0,1171,5248,
24.4.2026,14:36:42.765,45.0,46.0,20.000,21.232,61.0,1726.0,1171,5248,
24.4.2026,14:36:42.965,45.0,46.0,21.000,20.970,57.0,1730.0,1171,5248,
24.4.2026,14:36:43.166,45.0,46.0,21.000,21.154,63.0,1730.0,1171,5248,
24.4.2026,14:36:43.367,45.0,46.0,21.000,21.077,63.0,1730.0,1171,5248,
24.4.2026,14:36:43.566,45.0,46.0,20.000,21.120,66.0,1728.0,1171,5248,
24.4.2026,14:36:43.768,45.0,46.0,20.000,21.138,34.0,1728.0,1171,5248,
24.4.2026,14:36:43.972,45.0,46.0,20.000,20.972,22.0,1726.0,1171,5248,
24.4.2026,14:36:44.188,45.0,45.0,21.000,21.048,29.0,1730.0,1171,5248,
24.4.2026,14:36:44.390,45.0,46.0,21.000,21.077,37.0,1730.0,1171,5248,
24.4.2026,14:36:44.593,45.0,46.0,21.000,21.049,31.0,1730.0,1171,5248,
24.4.2026,14:36:44.797,45.0,46.0,21.000,21.080,44.0,1730.0,1171,5248,
24.4.2026,14:36:44.999,45.0,46.0,21.000,20.751,46.0,1730.0,1171,5248,
24.4.2026,14:36:45.202,45.0,46.0,20.000,21.127,66.0,1728.0,1171,5248,
24.4.2026,14:36:45.406,45.0,46.0,21.000,21.132,49.0,1730.0,1171,5248,
24.4.2026,14:36:45.608,45.0,46.0,21.000,21.257,27.0,1730.0,1171,5248,
24.4.2026,14:36:45.814,45.0,46.0,21.000,21.258,23.0,1730.0,1171,5248,
24.4.2026,14:36:46.014,45.0,45.0,21.000,20.714,41.0,1730.0,1171,5248,
24.4.2026,14:36:46.216,45.0,46.0,20.000,21.225,46.0,1726.0,1171,5248,
24.4.2026,14:36:46.418,45.0,46.0,21.000,21.181,65.0,1730.0,1171,5248,
24.4.2026,14:36:46.620,45.0,45.0,21.000,21.080,59.0,1730.0,1171,5248,
24.4.2026,14:36:46.821,45.0,46.0,21.000,21.097,55.0,1730.0,1171,5248,
24.4.2026,14:36:47.023,45.0,46.0,20.000,20.755,77.0,1728.0,1171,5248,
24.4.2026,14:36:47.226,45.0,46.0,21.000,21.211,35.0,1730.0,1171,5248,
24.4.2026,14:36:47.431,45.0,46.0,21.000,21.128,33.0,1730.0,1171,5248,
24.4.2026,14:36:47.631,45.0,46.0,21.000,21.259,33.0,1730.0,1171,5248,
24.4.2026,14:36:47.836,45.0,46.0,20.000,21.173,9.0,1730.0,1171,5248,
24.4.2026,14:36:48.037,45.0,46.0,21.000,20.957,64.0,1730.0,1171,5248,
24.4.2026,14:36:48.238,45.0,47.0,20.000,21.369,68.0,1730.0,1171,5248,
24.4.2026,14:36:48.453,45.0,46.0,21.000,21.117,49.0,1730.0,1171,5248,
24.4.2026,14:36:48.656,45.0,46.0,20.000,21.016,54.0,1730.0,1171,5248,
24.4.2026,14:36:48.857,45.0,46.0,21.000,20.825,75.0,1730.0,1171,5248,
24.4.2026,14:36:49.056,45.0,46.0,20.000,20.684,57.0,1730.0,1171,5248,
24.4.2026,14:36:49.257,45.0,45.0,20.000,21.001,59.0,1730.0,1171,5248,
24.4.2026,14:36:49.460,46.0,46.0,20.000,21.019,48.0,1728.0,1171,5248,
24.4.2026,14:36:49.673,45.0,46.0,20.000,21.035,59.0,1728.0,1171,5248,
24.4.2026,14:36:49.874,45.0,46.0,20.000,20.930,29.0,1730.0,1171,5248,
24.4.2026,14:36:50.079,45.0,46.0,21.000,20.771,36.0,1730.0,1171,5248,
24.4.2026,14:36:50.285,45.0,46.0,21.000,20.990,29.0,1730.0,1171,5248,
24.4.2026,14:36:50.503,45.0,46.0,20.000,20.954,51.0,1728.0,1171,5248,
24.4.2026,14:36:50.709,45.0,45.0,20.000,20.984,67.0,1730.0,1171,5248,
24.4.2026,14:36:50.910,45.0,46.0,21.000,20.739,34.0,1730.0,1171,5248,
24.4.2026,14:36:51.126,45.0,45.0,21.000,20.796,41.0,1730.0,1171,5248,
24.4.2026,14:36:51.328,45.0,46.0,21.000,20.992,41.0,1730.0,1171,5248,
24.4.2026,14:36:51.532,45.0,46.0,21.000,21.017,34.0,1730.0,1171,5248,
24.4.2026,14:36:51.732,45.0,46.0,21.000,21.000,49.0,1726.0,1171,5248,
24.4.2026,14:36:51.934,45.0,46.0,21.000,20.858,46.0,1726.0,1171,5248,
24.4.2026,14:36:52.138,45.0,46.0,21.000,21.006,22.0,1710.0,1171,5248,
24.4.2026,14:36:52.335,45.0,46.0,21.000,21.089,46.0,1730.0,1171,5248,
24.4.2026,14:36:52.535,45.0,46.0,21.000,21.160,30.0,1730.0,1171,5248,
24.4.2026,14:36:52.752,45.0,46.0,21.000,21.068,24.0,1730.0,1171,5248,
24.4.2026,14:36:52.943,45.0,46.0,20.000,20.727,44.0,1730.0,1171,5248,
24.4.2026,14:36:53.143,45.0,46.0,20.000,20.926,68.0,1730.0,1171,5248,
24.4.2026,14:36:53.360,45.0,46.0,20.000,21.057,57.0,1730.0,1171,5248,
24.4.2026,14:36:53.562,45.0,46.0,21.000,21.043,61.0,1730.0,1171,5248,
24.4.2026,14:36:53.762,45.0,46.0,21.000,21.070,47.0,1730.0,1171,5248,
24.4.2026,14:36:53.966,45.0,46.0,21.000,20.820,30.0,1730.0,1171,5248,
24.4.2026,14:36:54.171,45.0,46.0,21.000,21.097,49.0,1730.0,1171,5248,
24.4.2026,14:36:54.373,46.0,46.0,21.000,21.064,67.0,1726.0,1171,5248,
24.4.2026,14:36:54.576,45.0,46.0,20.000,21.140,47.0,1728.0,1171,5248,
24.4.2026,14:36:54.780,45.0,46.0,21.000,21.035,42.0,1724.0,1171,5248,
24.4.2026,14:36:54.983,45.0,46.0,21.000,20.799,38.0,1730.0,1171,5248,
24.4.2026,14:36:55.185,45.0,46.0,21.000,21.285,37.0,1730.0,1171,5248,
24.4.2026,14:36:55.387,45.0,46.0,21.000,21.221,33.0,1730.0,1171,5248,
24.4.2026,14:36:55.594,45.0,46.0,21.000,21.242,66.0,1726.0,1171,5248,
24.4.2026,14:36:55.792,45.0,45.0,21.000,21.217,48.0,1730.0,1171,5248,
24.4.2026,14:36:55.991,45.0,46.0,21.000,20.701,55.0,1726.0,1171,5248,
24.4.2026,14:36:56.194,45.0,46.0,21.000,21.165,51.0,1716.0,1171,5248,
24.4.2026,14:36:56.408,45.0,46.0,20.000,21.208,61.0,1726.0,1171,5248,
24.4.2026,14:36:56.613,45.0,46.0,21.000,21.153,64.0,1726.0,1171,5248,
24.4.2026,14:36:56.811,45.0,46.0,21.000,21.280,52.0,1728.0,1171,5248,
24.4.2026,14:36:57.013,45.0,46.0,21.000,20.874,22.0,1726.0,1171,5248,
24.4.2026,14:36:57.214,45.0,46.0,21.000,21.292,65.0,1730.0,1171,5248,
24.4.2026,14:36:57.417,45.0,47.0,21.000,21.250,42.0,1730.0,1171,5248,
24.4.2026,14:36:57.620,45.0,46.0,21.000,21.181,42.0,1730.0,1171,5248,
24.4.2026,14:36:57.822,45.0,46.0,21.000,21.199,31.0,1730.0,1171,5248,
24.4.2026,14:36:58.022,46.0,46.0,21.000,20.963,24.0,1730.0,1171,5248,
24.4.2026,14:36:58.222,45.0,46.0,21.000,21.422,32.0,1730.0,1171,5248,
24.4.2026,14:36:58.439,45.0,46.0,21.000,21.439,27.0,1730.0,1171,5248,
24.4.2026,14:36:58.640,45.0,46.0,21.000,21.493,27.0,1730.0,1171,5248,
24.4.2026,14:36:58.846,46.0,46.0,21.000,21.069,56.0,1726.0,1171,5248,
24.4.2026,14:36:59.049,45.0,46.0,20.000,20.899,46.0,1726.0,1171,5248,
24.4.2026,14:36:59.250,46.0,46.0,21.000,21.295,58.0,1730.0,1171,5248,
24.4.2026,14:36:59.452,45.0,46.0,21.000,21.120,55.0,1730.0,1171,5248,
24.4.2026,14:36:59.656,45.0,46.0,21.000,21.212,36.0,1730.0,1171,5248,
24.4.2026,14:36:59.860,45.0,45.0,20.000,21.185,9.0,1730.0,1171,5248,
24.4.2026,14:37:0.063,45.0,46.0,21.000,20.743,48.0,1728.0,1171,5248,
24.4.2026,14:37:0.268,45.0,46.0,20.000,21.140,31.0,1726.0,1171,5248,
24.4.2026,14:37:0.466,45.0,46.0,20.000,21.170,66.0,1730.0,1171,5248,
24.4.2026,14:37:0.666,45.0,46.0,20.000,21.140,72.0,1730.0,1171,5248,
24.4.2026,14:37:0.866,45.0,46.0,20.000,21.349,7.0,1730.0,1171,5248,
24.4.2026,14:37:1.066,45.0,46.0,21.000,21.102,43.0,1728.0,1171,5248,
24.4.2026,14:37:1.283,45.0,46.0,20.000,21.415,63.0,1726.0,1171,5248,
24.4.2026,14:37:1.486,45.0,46.0,21.000,21.343,49.0,1728.0,1171,5248,
24.4.2026,14:37:1.690,46.0,46.0,21.000,21.160,47.0,1730.0,1171,5248,
24.4.2026,14:37:1.893,45.0,46.0,21.000,21.033,30.0,1730.0,1171,5248,
24.4.2026,14:37:2.094,46.0,47.0,21.000,21.181,27.0,1730.0,1171,5248,
24.4.2026,14:37:2.297,45.0,46.0,21.000,21.358,33.0,1730.0,1171,5248,
24.4.2026,14:37:2.497,45.0,46.0,21.000,21.476,47.0,1726.0,1171,5248,
24.4.2026,14:37:2.702,45.0,46.0,21.000,21.486,38.0,1726.0,1171,5248,
24.4.2026,14:37:2.905,45.0,46.0,20.000,21.250,79.0,1730.0,1171,5248,
24.4.2026,14:37:3.108,45.0,46.0,21.000,21.333,39.0,1730.0,1171,5248,
24.4.2026,14:37:3.310,46.0,46.0,21.000,21.557,32.0,1730.0,1171,5248,
24.4.2026,14:37:3.511,45.0,46.0,21.000,21.459,25.0,1730.0,1171,5248,
24.4.2026,14:37:3.714,45.0,46.0,21.000,21.387,23.0,1730.0,1171,5248,
24.4.2026,14:37:3.919,45.0,46.0,21.000,21.065,33.0,1726.0,1171,5248,
24.4.2026,14:37:4.121,45.0,46.0,21.000,21.443,49.0,1726.0,1171,5248,
24.4.2026,14:37:4.326,45.0,46.0,21.000,21.376,50.0,1730.0,1171,5248,
24.4.2026,14:37:4.527,45.0,46.0,21.000,21.549,42.0,1730.0,1171,5248,
24.4.2026,14:37:4.728,45.0,46.0,21.000,21.466,36.0,1730.0,1171,5248,
24.4.2026,14:37:4.932,45.0,46.0,21.000,20.990,23.0,1730.0,1171,5248,
24.4.2026,14:37:5.135,46.0,47.0,21.000,21.368,59.0,1730.0,1171,5248,
24.4.2026,14:37:5.336,45.0,46.0,20.000,21.174,35.0,1730.0,1171,5248,
24.4.2026,14:37:5.541,45.0,45.0,21.000,21.388,54.0,1728.0,1171,5248,
24.4.2026,14:37:5.745,45.0,46.0,21.000,21.398,41.0,1730.0,1171,5248,
24.4.2026,14:37:5.947,45.0,46.0,21.000,20.765,29.0,1730.0,1171,5248,
24.4.2026,14:37:6.149,45.0,46.0,21.000,21.054,27.0,1730.0,1171,5248,
24.4.2026,14:37:6.352,45.0,46.0,21.000,21.067,39.0,1730.0,1171,5248,
24.4.2026,14:37:6.552,45.0,46.0,21.000,21.205,46.0,1730.0,1171,5248,
24.4.2026,14:37:6.755,45.0,46.0,21.000,21.448,46.0,1730.0,1171,5248,
24.4.2026,14:37:6.957,45.0,46.0,20.000,20.874,37.0,1728.0,1171,5248,
24.4.2026,14:37:7.175,45.0,46.0,20.000,21.146,65.0,1730.0,1171,5248,
24.4.2026,14:37:7.376,46.0,46.0,21.000,21.078,49.0,1730.0,1171,5248,
24.4.2026,14:37:7.578,45.0,46.0,21.000,21.079,44.0,1730.0,1171,5248,
24.4.2026,14:37:7.782,45.0,46.0,21.000,21.174,31.0,1730.0,1171,5248,
24.4.2026,14:37:7.984,45.0,46.0,21.000,20.842,20.0,1730.0,1171,5248,
24.4.2026,14:37:8.188,46.0,46.0,21.000,21.509,32.0,1710.0,1171,5248,
24.4.2026,14:37:8.392,45.0,47.0,21.000,21.403,64.0,1728.0,1171,5248,
24.4.2026,14:37:8.594,46.0,46.0,21.000,21.268,58.0,1730.0,1171,5248,
24.4.2026,14:37:8.799,45.0,46.0,21.000,21.298,39.0,1726.0,1171,5248,
24.4.2026,14:37:8.999,45.0,46.0,21.000,20.902,30.0,1726.0,1171,5248,
24.4.2026,14:37:9.201,45.0,46.0,21.000,21.382,60.0,1726.0,1171,5248,
24.4.2026,14:37:9.408,46.0,46.0,21.000,21.460,31.0,1730.0,1171,5248,
24.4.2026,14:37:9.604,46.0,46.0,20.000,21.308,26.0,1726.0,1171,5248,
24.4.2026,14:37:9.811,45.0,46.0,20.000,21.277,66.0,1726.0,1171,5248,
24.4.2026,14:37:10.013,46.0,46.0,21.000,20.911,47.0,1730.0,1171,5248,
24.4.2026,14:37:10.215,45.0,46.0,21.000,21.400,35.0,1730.0,1171,5248,
24.4.2026,14:37:10.415,45.0,46.0,21.000,21.489,40.0,1730.0,1171,5248,
24.4.2026,14:37:10.616,45.0,46.0,21.000,21.329,32.0,1730.0,1171,5248,
24.4.2026,14:37:10.819,45.0,46.0,20.000,21.173,14.0,1726.0,1171,5248,
24.4.2026,14:37:11.024,45.0,46.0,21.000,20.818,33.0,1726.0,1171,5248,
24.4.2026,14:37:11.224,45.0,46.0,20.000,21.063,35.0,1726.0,1171,5248,
24.4.2026,14:37:11.428,45.0,46.0,20.000,21.112,25.0,1728.0,1171,5248,
24.4.2026,14:37:11.630,46.0,46.0,21.000,21.237,56.0,1730.0,1171,5248,
24.4.2026,14:37:11.835,45.0,46.0,21.000,21.184,38.0,1730.0,1171,5248,
24.4.2026,14:37:12.035,46.0,47.0,21.000,21.051,32.0,1730.0,1171,5248,
24.4.2026,14:37:12.251,45.0,46.0,21.000,21.261,27.0,1730.0,1171,5248,
24.4.2026,14:37:12.456,45.0,46.0,21.000,21.274,28.0,1730.0,1171,5248,
24.4.2026,14:37:12.657,45.0,46.0,21.000,21.338,22.0,1730.0,1171,5248,
24.4.2026,14:37:12.854,45.0,46.0,21.000,21.338,46.0,1730.0,1171,5248,
24.4.2026,14:37:13.063,46.0,47.0,21.000,21.145,38.0,1730.0,1171,5248,
24.4.2026,14:37:13.263,45.0,46.0,21.000,21.003,65.0,1730.0,1171,5248,
24.4.2026,14:37:13.463,45.0,46.0,21.000,21.154,46.0,1730.0,1171,5248,
24.4.2026,14:37:13.662,46.0,46.0,20.000,21.133,62.0,1730.0,1171,5248,
24.4.2026,14:37:13.869,45.0,46.0,20.000,21.110,22.0,1730.0,1171,5248,
24.4.2026,14:37:14.070,45.0,46.0,21.000,20.926,39.0,1730.0,1171,5248,
24.4.2026,14:37:14.272,45.0,46.0,21.000,21.176,37.0,1730.0,1171,5248,
24.4.2026,14:37:14.486,46.0,46.0,21.000,21.027,32.0,1730.0,1171,5248,
24.4.2026,14:37:14.688,46.0,47.0,21.000,21.124,42.0,1730.0,1171,5248,
24.4.2026,14:37:14.889,46.0,46.0,20.000,20.986,16.0,1730.0,1171,5248,
24.4.2026,14:37:15.093,45.0,46.0,21.000,20.941,56.0,1726.0,1171,5248,
24.4.2026,14:37:15.295,46.0,46.0,21.000,21.323,52.0,1730.0,1171,5248,
24.4.2026,14:37:15.495,45.0,46.0,21.000,21.329,40.0,1730.0,1171,5248,
24.4.2026,14:37:15.701,46.0,46.0,20.000,21.304,55.0,1728.0,1171,5248,
24.4.2026,14:37:15.901,45.0,46.0,20.000,20.998,17.0,1730.0,1171,5248,
24.4.2026,14:37:16.106,45.0,46.0,21.000,21.048,42.0,1730.0,1171,5248,
24.4.2026,14:37:16.308,45.0,46.0,21.000,21.149,32.0,1730.0,1171,5248,
24.4.2026,14:37:16.511,45.0,46.0,21.000,21.378,22.0,1730.0,1171,5248,
24.4.2026,14:37:16.711,45.0,46.0,21.000,21.388,22.0,1730.0,1171,5248,
24.4.2026,14:37:16.912,45.0,46.0,20.000,20.820,6.0,1730.0,1171,5248,
24.4.2026,14:37:17.115,46.0,46.0,21.000,21.199,47.0,1730.0,1171,5248,
24.4.2026,14:37:17.320,46.0,46.0,20.000,21.298,77.0,1730.0,1171,5248,
24.4.2026,14:37:17.521,45.0,46.0,21.000,21.141,38.0,1730.0,1171,5248,
24.4.2026,14:37:17.739,45.0,47.0,21.000,21.341,51.0,1730.0,1171,5248,
24.4.2026,14:37:17.944,45.0,47.0,20.000,20.975,14.0,1726.0,1171,5248,
24.4.2026,14:37:18.147,45.0,46.0,21.000,20.891,50.0,1730.0,1171,5248,
24.4.2026,14:37:18.348,45.0,46.0,20.000,21.064,45.0,1728.0,1171,5248,
24.4.2026,14:37:18.563,45.0,46.0,21.000,21.129,49.0,1730.0,1171,5248,
24.4.2026,14:37:18.764,45.0,46.0,21.000,21.104,61.0,1730.0,1171,5248,
24.4.2026,14:37:18.970,45.0,46.0,20.000,21.050,4.0,1726.0,1171,5248,
24.4.2026,14:37:19.169,45.0,46.0,21.000,21.097,63.0,1730.0,1171,5248,
24.4.2026,14:37:19.373,46.0,46.0,21.000,21.144,49.0,1730.0,1171,5248,
24.4.2026,14:37:19.577,45.0,47.0,21.000,21.099,36.0,1730.0,1171,5248,
24.4.2026,14:37:19.781,46.0,47.0,21.000,21.109,36.0,1730.0,1171,5248,
24.4.2026,14:37:19.978,45.0,46.0,20.000,20.710,10.0,1730.0,1171,5248,
24.4.2026,14:37:20.177,46.0,47.0,21.000,21.042,35.0,1726.0,1171,5248,
24.4.2026,14:37:20.380,46.0,46.0,21.000,21.061,38.0,1730.0,1171,5248,
24.4.2026,14:37:20.585,46.0,47.0,21.000,21.030,46.0,1726.0,1171,5248,
24.4.2026,14:37:20.788,46.0,46.0,20.000,21.029,6.0,1730.0,1171,5248,
24.4.2026,14:37:20.989,45.0,46.0,20.000,20.775,52.0,1730.0,1171,5248,
24.4.2026,14:37:21.210,45.0,46.0,21.000,21.221,57.0,1730.0,1171,5248,
24.4.2026,14:37:21.409,45.0,46.0,21.000,21.278,37.0,1730.0,1171,5248,
24.4.2026,14:37:21.610,45.0,46.0,21.000,21.167,29.0,1730.0,1171,5248,
24.4.2026,14:37:21.813,45.0,46.0,20.000,21.259,2.0,1730.0,1171,5248,
24.4.2026,14:37:22.015,45.0,46.0,21.000,20.836,27.0,1730.0,1171,5248,
24.4.2026,14:37:22.216,45.0,46.0,21.000,21.149,23.0,1730.0,1171,5248,
24.4.2026,14:37:22.416,45.0,46.0,21.000,21.157,30.0,1730.0,1171,5248,
24.4.2026,14:37:22.620,45.0,46.0,21.000,21.334,49.0,1724.0,1171,5248,
24.4.2026,14:37:22.822,46.0,46.0,20.000,21.328,10.0,1728.0,1171,5248,
24.4.2026,14:37:23.027,45.0,46.0,21.000,21.188,46.0,1728.0,1171,5248,
24.4.2026,14:37:23.230,46.0,47.0,21.000,21.227,47.0,1730.0,1171,5248,
24.4.2026,14:37:23.428,45.0,46.0,21.000,21.176,47.0,1730.0,1171,5248,
24.4.2026,14:37:23.630,45.0,46.0,21.000,21.109,38.0,1730.0,1171,5248,
24.4.2026,14:37:23.833,45.0,46.0,20.000,21.027,14.0,1728.0,1171,5248,
24.4.2026,14:37:24.050,45.0,46.0,21.000,20.825,21.0,1730.0,1171,5248,
24.4.2026,14:37:24.261,45.0,46.0,21.000,21.208,45.0,1726.0,1171,5248,
24.4.2026,14:37:24.461,46.0,47.0,21.000,21.167,51.0,1730.0,1171,5248,
24.4.2026,14:37:24.665,45.0,46.0,21.000,21.100,47.0,1730.0,1171,5248,
24.4.2026,14:37:24.867,46.0,46.0,20.000,20.990,13.0,1730.0,1171,5248,
24.4.2026,14:37:25.066,45.0,46.0,21.000,20.972,34.0,1726.0,1171,5248,
24.4.2026,14:37:25.282,45.0,46.0,21.000,21.294,40.0,1730.0,1171,5248,
24.4.2026,14:37:25.483,46.0,46.0,21.000,21.129,52.0,1730.0,1171,5248,
24.4.2026,14:37:25.683,46.0,46.0,21.000,21.153,43.0,1730.0,1171,5248,
24.4.2026,14:37:25.887,46.0,46.0,21.000,20.849,16.0,1730.0,1171,5248,
24.4.2026,14:37:26.086,46.0,47.0,21.000,20.968,32.0,1730.0,1171,5248,
24.4.2026,14:37:26.286,45.0,47.0,21.000,21.082,52.0,1730.0,1171,5248,
24.4.2026,14:37:26.490,46.0,47.0,20.000,21.076,26.0,1730.0,1171,5248,
24.4.2026,14:37:26.691,46.0,46.0,21.000,21.003,24.0,1730.0,1171,5248,
24.4.2026,14:37:26.909,45.0,46.0,20.000,21.048,1.0,1730.0,1171,5248,
24.4.2026,14:37:27.109,46.0,47.0,20.000,21.123,48.0,1730.0,1171,5248,
24.4.2026,14:37:27.306,46.0,47.0,20.000,21.077,33.0,1726.0,1171,5248,
24.4.2026,14:37:27.517,45.0,46.0,21.000,21.277,52.0,1730.0,1171,5248,
24.4.2026,14:37:27.722,46.0,47.0,21.000,21.434,32.0,1730.0,1171,5248,
24.4.2026,14:37:27.922,45.0,46.0,20.000,21.085,10.0,1730.0,1171,5248,
24.4.2026,14:37:28.125,46.0,46.0,21.000,21.355,34.0,1710.0,1171,5248,
24.4.2026,14:37:28.327,46.0,46.0,21.000,21.459,49.0,1730.0,1171,5248,
24.4.2026,14:37:28.531,45.0,46.0,20.000,21.457,48.0,1728.0,1171,5248,
24.4.2026,14:37:28.734,46.0,46.0,20.000,21.271,27.0,1730.0,1171,5248,
24.4.2026,14:37:28.937,45.0,46.0,20.000,21.168,3.0,1726.0,1171,5248,
24.4.2026,14:37:29.137,45.0,46.0,21.000,21.319,39.0,1730.0,1171,5248,
24.4.2026,14:37:29.342,46.0,46.0,21.000,21.213,25.0,1730.0,1171,5248,
24.4.2026,14:37:29.545,45.0,46.0,21.000,21.358,58.0,1726.0,1171,5248,
24.4.2026,14:37:29.747,46.0,46.0,20.000,21.231,30.0,1728.0,1171,5248,
24.4.2026,14:37:29.952,45.0,46.0,20.000,20.853,26.0,1728.0,1171,5248,
24.4.2026,14:37:30.151,46.0,46.0,21.000,21.246,49.0,1730.0,1171,5248,
24.4.2026,14:37:30.353,46.0,47.0,21.000,21.352,38.0,1730.0,1171,5248,
24.4.2026,14:37:30.553,46.0,46.0,21.000,21.284,43.0,1730.0,1171,5248,
24.4.2026,14:37:30.756,46.0,47.0,20.000,21.221,2.0,1730.0,1171,5248,
24.4.2026,14:37:30.973,46.0,47.0,21.000,20.929,47.0,1730.0,1171,5248,
24.4.2026,14:37:31.189,46.0,47.0,21.000,21.337,32.0,1730.0,1171,5248,
24.4.2026,14:37:31.392,46.0,47.0,21.000,21.278,26.0,1730.0,1171,5248,
24.4.2026,14:37:31.594,46.0,47.0,21.000,21.316,47.0,1730.0,1171,5248,
24.4.2026,14:37:31.799,45.0,46.0,20.000,21.360,1.0,1726.0,1171,5248,
24.4.2026,14:37:32.000,46.0,47.0,20.000,21.064,55.0,1728.0,1171,5248,
24.4.2026,14:37:32.200,46.0,46.0,21.000,21.379,53.0,1730.0,1171,5248,
24.4.2026,14:37:32.401,46.0,46.0,21.000,21.270,55.0,1730.0,1171,5248,
24.4.2026,14:37:32.605,45.0,46.0,21.000,21.276,48.0,1730.0,1171,5248,
24.4.2026,14:37:32.808,46.0,46.0,20.000,21.101,2.0,1730.0,1171,5248,
24.4.2026,14:37:33.010,46.0,46.0,21.000,20.926,25.0,1730.0,1171,5248,
24.4.2026,14:37:33.215,46.0,46.0,21.000,21.119,82.0,1728.0,1171,5248,
24.4.2026,14:37:33.421,45.0,46.0,20.000,21.389,53.0,1730.0,1171,5248,
24.4.2026,14:37:33.625,45.0,47.0,21.000,21.254,35.0,1730.0,1171,5248,
24.4.2026,14:37:33.826,46.0,47.0,21.000,21.135,30.0,1730.0,1171,5248,
24.4.2026,14:37:34.027,45.0,46.0,21.000,20.923,39.0,1730.0,1171,5248,
24.4.2026,14:37:34.229,46.0,46.0,21.000,21.154,29.0,1730.0,1171,5248,
24.4.2026,14:37:34.430,46.0,47.0,21.000,21.394,33.0,1730.0,1171,5248,
24.4.2026,14:37:34.634,46.0,46.0,21.000,21.517,52.0,1726.0,1171,5248,
24.4.2026,14:37:34.837,46.0,46.0,20.000,21.309,1.0,1726.0,1171,5248,
24.4.2026,14:37:35.035,46.0,46.0,20.000,20.709,49.0,1728.0,1171,5248,
24.4.2026,14:37:35.239,45.0,46.0,20.000,21.218,58.0,1730.0,1171,5248,
24.4.2026,14:37:35.455,46.0,47.0,21.000,21.318,57.0,1730.0,1171,5248,
24.4.2026,14:37:35.657,46.0,46.0,21.000,21.367,46.0,1730.0,1171,5248,
24.4.2026,14:37:35.860,46.0,46.0,20.000,21.101,1.0,1730.0,1171,5248,
24.4.2026,14:37:36.057,46.0,47.0,21.000,20.807,34.0,1730.0,1171,5248,
24.4.2026,14:37:36.260,46.0,46.0,21.000,21.192,28.0,1730.0,1171,5248,
24.4.2026,14:37:36.463,46.0,46.0,21.000,21.272,30.0,1730.0,1171,5248,
24.4.2026,14:37:36.665,45.0,46.0,21.000,21.286,25.0,1730.0,1171,5248,
24.4.2026,14:37:36.869,46.0,46.0,21.000,21.042,25.0,1730.0,1171,5248,
24.4.2026,14:37:37.069,45.0,46.0,20.000,21.260,36.0,1720.0,1171,5248,
24.4.2026,14:37:37.272,46.0,46.0,21.000,21.226,81.0,1730.0,1171,5248,
24.4.2026,14:37:37.477,45.0,46.0,21.000,21.273,50.0,1730.0,1171,5248,
24.4.2026,14:37:37.677,46.0,47.0,21.000,21.485,47.0,1730.0,1171,5248,
24.4.2026,14:37:37.879,45.0,46.0,21.000,20.965,33.0,1730.0,1171,5248,
24.4.2026,14:37:38.082,45.0,46.0,21.000,21.235,23.0,1728.0,1171,5248,
24.4.2026,14:37:38.286,45.0,47.0,21.000,21.350,58.0,1730.0,1171,5248,
24.4.2026,14:37:38.503,46.0,47.0,20.000,21.186,42.0,1726.0,1171,5248,
24.4.2026,14:37:38.721,46.0,47.0,21.000,21.397,53.0,1730.0,1171,5248,
24.4.2026,14:37:38.923,46.0,47.0,21.000,21.163,55.0,1730.0,1171,5248,
24.4.2026,14:37:39.126,46.0,47.0,21.000,21.062,48.0,1730.0,1171,5248,
24.4.2026,14:37:39.334,46.0,46.0,21.000,21.333,35.0,1730.0,1171,5248,
24.4.2026,14:37:39.531,46.0,46.0,21.000,21.482,25.0,1730.0,1171,5248,
24.4.2026,14:37:39.732,46.0,47.0,21.000,21.433,21.0,1730.0,1171,5248,
24.4.2026,14:37:39.935,46.0,47.0,21.000,21.006,48.0,1730.0,1171,5248,
24.4.2026,14:37:40.137,46.0,47.0,20.000,20.994,40.0,1726.0,1171,5248,
24.4.2026,14:37:40.336,46.0,46.0,20.000,21.175,61.0,1718.0,1171,5248,
24.4.2026,14:37:40.544,46.0,46.0,20.000,21.151,30.0,1728.0,1171,5248,
24.4.2026,14:37:40.739,46.0,46.0,20.000,21.246,66.0,1730.0,1171,5248,
24.4.2026,14:37:40.941,46.0,46.0,20.000,20.850,33.0,1730.0,1171,5248,
24.4.2026,14:37:41.144,46.0,47.0,21.000,21.046,48.0,1730.0,1171,5248,
24.4.2026,14:37:41.361,45.0,46.0,21.000,21.251,47.0,1730.0,1171,5248,
24.4.2026,14:37:41.570,45.0,46.0,21.000,21.154,37.0,1730.0,1171,5248,
24.4.2026,14:37:41.772,46.0,46.0,21.000,21.080,43.0,1726.0,1171,5248,
24.4.2026,14:37:41.973,46.0,47.0,20.000,20.740,69.0,1728.0,1171,5248,
24.4.2026,14:37:42.182,46.0,47.0,21.000,21.334,57.0,1730.0,1171,5248,
24.4.2026,14:37:42.383,46.0,47.0,21.000,21.306,29.0,1730.0,1171,5248,
24.4.2026,14:37:42.593,46.0,47.0,21.000,21.303,27.0,1730.0,1171,5248,
24.4.2026,14:37:42.792,45.0,47.0,20.000,21.218,26.0,1726.0,1171,5248,
24.4.2026,14:37:42.993,46.0,46.0,21.000,21.109,53.0,1730.0,1171,5248,
24.4.2026,14:37:43.196,46.0,47.0,21.000,21.330,52.0,1684.0,1171,5248,
24.4.2026,14:37:43.400,45.0,46.0,21.000,21.440,34.0,1730.0,1171,5248,
24.4.2026,14:37:43.610,46.0,46.0,21.000,21.319,20.0,1730.0,1171,5248,
24.4.2026,14:37:43.810,46.0,47.0,20.000,21.298,31.0,1730.0,1171,5248,
24.4.2026,14:37:44.013,45.0,46.0,21.000,21.005,58.0,1728.0,1171,5248,
24.4.2026,14:37:44.215,45.0,46.0,21.000,21.108,50.0,1730.0,1171,5248,
24.4.2026,14:37:44.414,46.0,47.0,21.000,21.261,45.0,1730.0,1171,5248,
24.4.2026,14:37:44.617,46.0,47.0,21.000,21.242,36.0,1730.0,1171,5248,
24.4.2026,14:37:44.822,45.0,47.0,21.000,21.355,20.0,1700.0,1171,5248,
24.4.2026,14:37:45.022,46.0,47.0,21.000,20.964,25.0,1730.0,1171,5248,
24.4.2026,14:37:45.224,45.0,47.0,21.000,21.527,38.0,1730.0,1171,5248,
24.4.2026,14:37:45.428,45.0,47.0,21.000,21.590,45.0,1726.0,1171,5248,
24.4.2026,14:37:45.630,46.0,46.0,21.000,21.487,58.0,1730.0,1171,5248,
24.4.2026,14:37:45.834,46.0,47.0,20.000,21.319,30.0,1730.0,1171,5248,
24.4.2026,14:37:46.035,45.0,47.0,21.000,20.847,48.0,1730.0,1171,5248,
24.4.2026,14:37:46.253,46.0,47.0,21.000,21.379,28.0,1730.0,1171,5248,
24.4.2026,14:37:46.455,46.0,47.0,21.000,21.308,32.0,1730.0,1171,5248,
24.4.2026,14:37:46.656,45.0,46.0,21.000,21.335,26.0,1730.0,1171,5248,
24.4.2026,14:37:46.858,45.0,46.0,21.000,21.208,67.0,1726.0,1171,5248,
24.4.2026,14:37:47.061,46.0,46.0,21.000,21.169,40.0,1728.0,1171,5248,
24.4.2026,14:37:47.263,46.0,46.0,21.000,21.315,58.0,1730.0,1171,5248,
24.4.2026,14:37:47.464,46.0,46.0,21.000,21.348,55.0,1730.0,1171,5248,
24.4.2026,14:37:47.667,46.0,47.0,21.000,21.439,42.0,1730.0,1171,5248,
24.4.2026,14:37:47.867,46.0,47.0,21.000,21.113,40.0,1728.0,1171,5248,
24.4.2026,14:37:48.068,45.0,46.0,21.000,20.973,53.0,1730.0,1171,5248,
24.4.2026,14:37:48.281,46.0,47.0,20.000,21.184,56.0,1730.0,1171,5248,
24.4.2026,14:37:48.484,46.0,47.0,21.000,21.444,58.0,1730.0,1171,5248,
24.4.2026,14:37:48.688,46.0,47.0,21.000,21.483,49.0,1730.0,1171,5248,
24.4.2026,14:37:48.888,46.0,46.0,21.000,21.105,29.0,1730.0,1171,5248,
24.4.2026,14:37:49.091,46.0,47.0,21.000,21.081,32.0,1730.0,1171,5248,
24.4.2026,14:37:49.295,46.0,47.0,21.000,21.284,68.0,1726.0,1171,5248,
24.4.2026,14:37:49.494,46.0,47.0,21.000,21.147,33.0,1732.0,1171,5248,
24.4.2026,14:37:49.699,45.0,47.0,21.000,21.165,29.0,1730.0,1171,5248,
24.4.2026,14:37:49.899,46.0,47.0,20.000,21.129,39.0,1730.0,1171,5248,
24.4.2026,14:37:50.098,46.0,47.0,21.000,21.098,85.0,1730.0,1171,5248,
24.4.2026,14:37:50.301,46.0,47.0,20.000,21.273,40.0,1728.0,1171,5248,
24.4.2026,14:37:50.517,46.0,47.0,21.000,21.315,61.0,1730.0,1171,5248,
24.4.2026,14:37:50.717,47.0,47.0,20.000,21.284,28.0,1720.0,1171,5248,
24.4.2026,14:37:50.921,46.0,47.0,20.000,21.111,54.0,1730.0,1171,5248,
24.4.2026,14:37:51.125,46.0,47.0,21.000,21.104,37.0,1730.0,1171,5248,
24.4.2026,14:37:51.324,46.0,47.0,21.000,21.238,51.0,1730.0,1171,5248,
24.4.2026,14:37:51.525,46.0,47.0,21.000,21.205,32.0,1730.0,1171,5248,
24.4.2026,14:37:51.726,46.0,47.0,21.000,21.384,35.0,1730.0,1171,5248,
24.4.2026,14:37:51.928,46.0,47.0,21.000,20.876,16.0,1730.0,1171,5248,
24.4.2026,14:37:52.132,45.0,47.0,21.000,21.349,25.0,1730.0,1171,5248,
24.4.2026,14:37:52.331,46.0,47.0,21.000,21.472,62.0,1726.0,1171,5248,
24.4.2026,14:37:52.548,46.0,47.0,21.000,21.352,40.0,1728.0,1171,5248,
24.4.2026,14:37:52.751,46.0,46.0,20.000,21.406,49.0,1728.0,1171,5248,
24.4.2026,14:37:52.951,46.0,47.0,20.000,21.227,39.0,1726.0,1171,5248,
24.4.2026,14:37:53.152,46.0,47.0,21.000,21.199,25.0,1728.0,1171,5248,
24.4.2026,14:37:53.356,46.0,47.0,20.000,21.328,62.0,1730.0,1171,5248,
24.4.2026,14:37:53.554,46.0,47.0,21.000,21.299,56.0,1730.0,1171,5248,
24.4.2026,14:37:53.759,46.0,47.0,20.000,21.276,28.0,1730.0,1171,5248,
24.4.2026,14:37:53.960,46.0,47.0,20.000,20.933,4.0,1730.0,1171,5248,
24.4.2026,14:37:54.162,46.0,46.0,21.000,21.158,31.0,1730.0,1171,5248,
24.4.2026,14:37:54.368,46.0,46.0,21.000,21.268,30.0,1730.0,1171,5248,
24.4.2026,14:37:54.568,46.0,46.0,21.000,21.139,25.0,1730.0,1171,5248,
24.4.2026,14:37:54.770,46.0,47.0,21.000,21.305,66.0,1710.0,1171,5248,
24.4.2026,14:37:54.972,46.0,47.0,20.000,21.075,6.0,1720.0,1171,5248,
24.4.2026,14:37:55.190,46.0,47.0,21.000,21.445,56.0,1728.0,1171,5248,
24.4.2026,14:37:55.396,46.0,47.0,21.000,21.476,40.0,1730.0,1171,5248,
24.4.2026,14:37:55.592,45.0,47.0,21.000,21.237,42.0,1730.0,1171,5248,
24.4.2026,14:37:55.795,46.0,46.0,20.000,21.193,17.0,1730.0,1171,5248,
24.4.2026,14:37:55.994,46.0,46.0,21.000,20.735,36.0,1726.0,1171,5248,
24.4.2026,14:37:56.202,46.0,47.0,21.000,21.225,29.0,1730.0,1171,5248,
24.4.2026,14:37:56.409,46.0,47.0,21.000,21.119,47.0,1728.0,1171,5248,
24.4.2026,14:37:56.610,46.0,47.0,21.000,21.097,45.0,1730.0,1171,5248,
24.4.2026,14:37:56.812,46.0,47.0,20.000,21.113,11.0,1730.0,1171,5248,
24.4.2026,14:37:57.017,46.0,47.0,21.000,20.741,32.0,1730.0,1171,5248,
24.4.2026,14:37:57.217,46.0,47.0,21.000,21.187,37.0,1706.0,1171,5248,
24.4.2026,14:37:57.426,47.0,47.0,21.000,21.234,49.0,1730.0,1171,5248,
24.4.2026,14:37:57.624,46.0,47.0,21.000,21.292,60.0,1730.0,1171,5248,
24.4.2026,14:37:57.827,46.0,47.0,20.000,21.182,27.0,1730.0,1171,5248,
24.4.2026,14:37:58.028,46.0,47.0,21.000,20.862,41.0,1730.0,1171,5248,
24.4.2026,14:37:58.229,45.0,47.0,21.000,21.419,42.0,1730.0,1171,5248,
24.4.2026,14:37:58.432,46.0,46.0,21.000,21.478,41.0,1730.0,1171,5248,
24.4.2026,14:37:58.636,46.0,47.0,21.000,21.308,22.0,1730.0,1171,5248,
24.4.2026,14:37:58.841,46.0,47.0,21.000,21.095,40.0,1730.0,1171,5248,
24.4.2026,14:37:59.042,46.0,47.0,21.000,20.889,55.0,1730.0,1171,5248,
24.4.2026,14:37:59.244,46.0,47.0,21.000,21.300,44.0,1730.0,1171,5248,
24.4.2026,14:37:59.443,46.0,47.0,21.000,21.144,55.0,1730.0,1171,5248,
24.4.2026,14:37:59.646,46.0,47.0,21.000,21.386,52.0,1730.0,1171,5248,
24.4.2026,14:37:59.849,46.0,46.0,20.000,21.250,17.0,1726.0,1171,5248,
24.4.2026,14:38:0.065,46.0,47.0,21.000,20.869,34.0,1724.0,1171,5248,
24.4.2026,14:38:0.258,46.0,47.0,21.000,21.328,32.0,1730.0,1171,5248,
24.4.2026,14:38:0.458,46.0,47.0,21.000,21.458,30.0,1726.0,1171,5248,
24.4.2026,14:38:0.675,46.0,47.0,21.000,21.527,55.0,1728.0,1171,5248,
24.4.2026,14:38:0.864,46.0,47.0,21.000,21.235,68.0,1728.0,1171,5248,
24.4.2026,14:38:1.080,46.0,46.0,21.000,21.173,40.0,1730.0,1171,5248,
24.4.2026,14:38:1.282,46.0,47.0,21.000,21.530,48.0,1728.0,1171,5248,
24.4.2026,14:38:1.489,46.0,47.0,21.000,21.248,35.0,1730.0,1171,5248,
24.4.2026,14:38:1.688,46.0,47.0,21.000,21.128,25.0,1730.0,1171,5248,
24.4.2026,14:38:1.891,46.0,47.0,20.000,21.139,10.0,1730.0,1171,5248,
24.4.2026,14:38:2.094,46.0,47.0,21.000,20.969,55.0,1726.0,1171,5248,
24.4.2026,14:38:2.296,46.0,47.0,21.000,21.305,66.0,1730.0,1171,5248,
24.4.2026,14:38:2.498,46.0,46.0,21.000,21.447,62.0,1730.0,1171,5248,
24.4.2026,14:38:2.700,46.0,47.0,21.000,21.268,45.0,1730.0,1171,5248,
24.4.2026,14:38:2.902,46.0,47.0,21.000,21.095,35.0,1730.0,1171,5248,
24.4.2026,14:38:3.107,46.0,47.0,21.000,21.239,30.0,1730.0,1171,5248,
24.4.2026,14:38:3.308,46.0,47.0,21.000,21.237,58.0,1726.0,1171,5248,
24.4.2026,14:38:3.508,46.0,47.0,21.000,21.365,23.0,1730.0,1171,5248,
24.4.2026,14:38:3.713,46.0,47.0,21.000,21.152,53.0,1730.0,1171,5248,
24.4.2026,14:38:3.916,46.0,47.0,20.000,20.911,3.0,1730.0,1171,5248,
24.4.2026,14:38:4.119,46.0,47.0,21.000,21.121,86.0,1730.0,1171,5248,
24.4.2026,14:38:4.325,46.0,47.0,21.000,21.186,29.0,1724.0,1171,5248,
24.4.2026,14:38:4.528,46.0,48.0,21.000,21.061,21.0,1730.0,1171,5248,
24.4.2026,14:38:4.731,46.0,47.0,21.000,21.181,34.0,1726.0,1171,5248,
24.4.2026,14:38:4.931,46.0,47.0,20.000,20.906,1.0,1730.0,1171,5248,
24.4.2026,14:38:5.132,46.0,47.0,20.000,21.194,42.0,1728.0,1171,5248,
24.4.2026,14:38:5.337,46.0,47.0,21.000,21.221,47.0,1730.0,1171,5248,
24.4.2026,14:38:5.540,46.0,47.0,21.000,21.243,36.0,1730.0,1171,5248,
24.4.2026,14:38:5.743,46.0,47.0,20.000,21.036,11.0,1730.0,1171,5248,
24.4.2026,14:38:5.944,46.0,47.0,20.000,20.680,25.0,1730.0,1171,5248,
24.4.2026,14:38:6.146,46.0,47.0,21.000,21.137,41.0,1728.0,1171,5248,
24.4.2026,14:38:6.358,46.0,47.0,20.000,21.159,67.0,1728.0,1171,5248,
24.4.2026,14:38:6.561,46.0,47.0,21.000,21.135,29.0,1730.0,1171,5248,
24.4.2026,14:38:6.769,46.0,47.0,20.000,21.083,1.0,1728.0,1171,5248,
24.4.2026,14:38:6.958,46.0,47.0,21.000,20.798,60.0,1730.0,1171,5248,
24.4.2026,14:38:7.160,46.0,47.0,21.000,21.107,38.0,1730.0,1171,5248,
24.4.2026,14:38:7.363,46.0,47.0,21.000,21.146,25.0,1730.0,1171,5248,
24.4.2026,14:38:7.567,46.0,47.0,21.000,21.148,31.0,1728.0,1171,5248,
24.4.2026,14:38:7.785,46.0,47.0,20.000,21.038,94.0,1730.0,1171,5248,
24.4.2026,14:38:7.985,46.0,47.0,21.000,20.861,48.0,1730.0,1171,5248,
24.4.2026,14:38:8.183,46.0,47.0,20.000,21.150,46.0,1728.0,1171,5248,
24.4.2026,14:38:8.383,46.0,47.0,21.000,21.139,46.0,1730.0,1171,5248,
24.4.2026,14:38:8.584,46.0,47.0,21.000,21.108,25.0,1730.0,1171,5248,
24.4.2026,14:38:8.786,46.0,47.0,21.000,20.965,35.0,1726.0,1171,5248,
24.4.2026,14:38:9.003,46.0,47.0,21.000,21.113,57.0,1730.0,1171,5248,
24.4.2026,14:38:9.192,46.0,47.0,20.000,21.367,64.0,1730.0,1171,5248,
24.4.2026,14:38:9.408,46.0,47.0,21.000,21.193,50.0,1730.0,1171,5248,
24.4.2026,14:38:9.611,46.0,47.0,21.000,21.056,44.0,1730.0,1171,5248,
24.4.2026,14:38:9.813,46.0,47.0,20.000,21.056,2.0,1730.0,1171,5248,
24.4.2026,14:38:10.014,46.0,47.0,21.000,20.842,35.0,1730.0,1171,5248,
24.4.2026,14:38:10.214,47.0,47.0,21.000,21.116,31.0,1730.0,1171,5248,
24.4.2026,14:38:10.414,46.0,47.0,21.000,21.144,27.0,1730.0,1171,5248,
24.4.2026,14:38:10.616,46.0,47.0,21.000,21.161,26.0,1730.0,1171,5248,
24.4.2026,14:38:10.820,46.0,47.0,21.000,21.083,13.0,1730.0,1171,5248,
24.4.2026,14:38:11.021,46.0,47.0,21.000,20.825,46.0,1730.0,1171,5248,
24.4.2026,14:38:11.226,46.0,47.0,21.000,21.129,63.0,1730.0,1171,5248,
24.4.2026,14:38:11.428,46.0,47.0,21.000,21.230,48.0,1730.0,1171,5248,
24.4.2026,14:38:11.636,46.0,47.0,21.000,21.197,26.0,1730.0,1171,5248,
24.4.2026,14:38:11.841,47.0,47.0,21.000,20.992,50.0,1728.0,1171,5248,
24.4.2026,14:38:12.041,47.0,47.0,20.000,20.959,60.0,1726.0,1171,5248,
24.4.2026,14:38:12.240,46.0,47.0,21.000,21.110,23.0,1730.0,1171,5248,
24.4.2026,14:38:12.443,46.0,47.0,20.000,21.119,52.0,1728.0,1171,5248,
24.4.2026,14:38:12.660,46.0,47.0,20.000,21.055,48.0,1728.0,1171,5248,
24.4.2026,14:38:12.850,46.0,47.0,21.000,20.740,40.0,1730.0,1171,5248,
24.4.2026,14:38:13.050,46.0,47.0,21.000,20.915,44.0,1730.0,1171,5248,
24.4.2026,14:38:13.255,46.0,47.0,21.000,21.127,28.0,1730.0,1171,5248,
24.4.2026,14:38:13.470,46.0,47.0,21.000,21.038,45.0,1726.0,1171,5248,
24.4.2026,14:38:13.681,46.0,47.0,21.000,21.065,46.0,1728.0,1171,5248,
24.4.2026,14:38:13.879,46.0,47.0,21.000,20.784,21.0,1728.0,1171,5248,
24.4.2026,14:38:14.095,46.0,47.0,20.000,20.981,56.0,1730.0,1171,5248,
24.4.2026,14:38:14.295,46.0,47.0,20.000,21.065,54.0,1730.0,1171,5248,
24.4.2026,14:38:14.499,46.0,47.0,21.000,21.047,44.0,1730.0,1171,5248,
24.4.2026,14:38:14.708,47.0,47.0,21.000,21.065,29.0,1730.0,1171,5248,
24.4.2026,14:38:14.907,46.0,47.0,20.000,20.808,15.0,1730.0,1171,5248,
24.4.2026,14:38:15.109,46.0,47.0,20.000,21.010,45.0,1730.0,1171,5248,
24.4.2026,14:38:15.311,46.0,47.0,20.000,21.029,43.0,1730.0,1171,5248,
24.4.2026,14:38:15.513,47.0,47.0,20.000,21.004,58.0,1730.0,1171,5248,
24.4.2026,14:38:15.722,46.0,47.0,21.000,21.032,49.0,1730.0,1171,5248,
24.4.2026,14:38:15.923,47.0,47.0,20.000,20.623,33.0,1730.0,1171,5248,
24.4.2026,14:38:16.124,46.0,47.0,21.000,21.002,59.0,1730.0,1171,5248,
24.4.2026,14:38:16.325,46.0,47.0,21.000,21.029,25.0,1730.0,1171,5248,
24.4.2026,14:38:16.535,46.0,47.0,20.000,21.079,53.0,1728.0,1171,5248,
24.4.2026,14:38:16.731,46.0,47.0,20.000,20.945,18.0,1730.0,1171,5248,
24.4.2026,14:38:16.933,47.0,47.0,21.000,20.640,66.0,1728.0,1171,5248,
24.4.2026,14:38:17.134,46.0,47.0,21.000,21.069,48.0,1730.0,1171,5248,
24.4.2026,14:38:17.335,46.0,47.0,21.000,21.159,44.0,1732.0,1171,5248,
24.4.2026,14:38:17.539,46.0,47.0,21.000,21.130,36.0,1730.0,1171,5248,
24.4.2026,14:38:17.742,46.0,47.0,21.000,21.078,30.0,1730.0,1171,5248,
24.4.2026,14:38:17.945,46.0,47.0,21.000,20.869,29.0,1730.0,1171,5248,
24.4.2026,14:38:18.145,47.0,47.0,21.000,21.134,36.0,1730.0,1171,5248,
24.4.2026,14:38:18.349,46.0,47.0,20.000,21.220,37.0,1728.0,1171,5248,
24.4.2026,14:38:18.565,46.0,47.0,20.000,21.258,30.0,1728.0,1171,5248,
24.4.2026,14:38:18.768,46.0,47.0,20.000,21.070,22.0,1730.0,1171,5248,
24.4.2026,14:38:18.970,47.0,47.0,21.000,20.911,39.0,1730.0,1171,5248,
24.4.2026,14:38:19.171,47.0,47.0,21.000,21.231,41.0,1730.0,1171,5248,
24.4.2026,14:38:19.374,46.0,47.0,21.000,21.307,46.0,1730.0,1171,5248,
24.4.2026,14:38:19.574,47.0,48.0,21.000,21.519,33.0,1730.0,1171,5248,
24.4.2026,14:38:19.781,46.0,47.0,21.000,21.261,55.0,1726.0,1171,5248,
24.4.2026,14:38:19.982,47.0,47.0,21.000,20.982,21.0,1730.0,1171,5248,
24.4.2026,14:38:20.181,46.0,47.0,21.000,21.240,47.0,1726.0,1171,5248,
24.4.2026,14:38:20.382,46.0,47.0,21.000,21.236,53.0,1730.0,1171,5248,
24.4.2026,14:38:20.592,47.0,47.0,21.000,21.341,46.0,1728.0,1171,5248,
24.4.2026,14:38:20.791,45.0,47.0,21.000,21.086,38.0,1730.0,1171,5248,
24.4.2026,14:38:20.993,46.0,47.0,21.000,21.004,37.0,1730.0,1171,5248,
24.4.2026,14:38:21.194,46.0,47.0,21.000,21.121,38.0,1730.0,1171,5248,
24.4.2026,14:38:21.400,46.0,47.0,21.000,21.042,50.0,1726.0,1171,5248,
24.4.2026,14:38:21.603,46.0,47.0,20.000,21.084,78.0,1726.0,1171,5248,
24.4.2026,14:38:21.807,46.0,47.0,20.000,20.986,26.0,1726.0,1171,5248,
24.4.2026,14:38:22.008,46.0,48.0,21.000,20.931,54.0,1730.0,1171,5248,
24.4.2026,14:38:22.209,47.0,48.0,21.000,21.121,69.0,1730.0,1171,5248,
24.4.2026,14:38:22.411,46.0,47.0,21.000,21.121,38.0,1730.0,1171,5248,
24.4.2026,14:38:22.628,46.0,47.0,21.000,21.063,39.0,1730.0,1171,5248,
24.4.2026,14:38:22.846,46.0,47.0,21.000,20.919,25.0,1730.0,1171,5248,
24.4.2026,14:38:23.048,47.0,48.0,21.000,21.013,60.0,1726.0,1171,5248,
24.4.2026,14:38:23.248,47.0,47.0,21.000,21.102,43.0,1730.0,1171,5248,
24.4.2026,14:38:23.452,47.0,47.0,20.000,21.114,26.0,1726.0,1171,5248,
24.4.2026,14:38:23.657,46.0,47.0,20.000,21.086,63.0,1730.0,1171,5248,
24.4.2026,14:38:23.859,46.0,47.0,20.000,20.901,3.0,1726.0,1171,5248,
24.4.2026,14:38:24.062,46.0,47.0,21.000,20.953,38.0,1730.0,1171,5248,
24.4.2026,14:38:24.269,47.0,47.0,21.000,21.135,28.0,1730.0,1171,5248,
24.4.2026,14:38:24.472,47.0,47.0,21.000,21.196,66.0,1730.0,1171,5248,
24.4.2026,14:38:24.690,46.0,47.0,21.000,21.234,44.0,1730.0,1171,5248,
24.4.2026,14:38:24.894,46.0,47.0,20.000,20.867,25.0,1730.0,1171,5248,
24.4.2026,14:38:25.095,46.0,47.0,21.000,20.998,23.0,1728.0,1171,5248,
24.4.2026,14:38:25.296,46.0,47.0,21.000,21.128,33.0,1730.0,1171,5248,
24.4.2026,14:38:25.497,46.0,47.0,21.000,21.129,31.0,1730.0,1171,5248,
24.4.2026,14:38:25.701,46.0,47.0,21.000,21.208,23.0,1730.0,1171,5248,
24.4.2026,14:38:25.905,46.0,47.0,20.000,20.920,18.0,1730.0,1171,5248,
24.4.2026,14:38:26.103,46.0,47.0,20.000,21.172,37.0,1726.0,1171,5248,
24.4.2026,14:38:26.311,46.0,47.0,20.000,21.331,60.0,1726.0,1171,5248,
24.4.2026,14:38:26.515,46.0,47.0,21.000,21.187,34.0,1730.0,1171,5248,
24.4.2026,14:38:26.713,46.0,47.0,21.000,21.200,28.0,1730.0,1171,5248,
24.4.2026,14:38:26.911,46.0,47.0,20.000,20.745,26.0,1730.0,1171,5248,
24.4.2026,14:38:27.116,46.0,47.0,21.000,21.093,34.0,1706.0,1171,5248,
24.4.2026,14:38:27.317,46.0,47.0,21.000,21.203,29.0,1730.0,1171,5248,
24.4.2026,14:38:27.520,46.0,47.0,21.000,21.324,53.0,1730.0,1171,5249,
24.4.2026,14:38:27.722,46.0,47.0,20.000,21.205,46.0,1730.0,1172,5249,
24.4.2026,14:38:27.926,46.0,47.0,20.000,21.091,65.0,1730.0,1172,5249,
24.4.2026,14:38:28.134,46.0,47.0,21.000,21.203,60.0,1730.0,1172,5249,
24.4.2026,14:38:28.344,46.0,47.0,21.000,21.168,64.0,1730.0,1172,5249,
24.4.2026,14:38:28.547,46.0,47.0,21.000,21.468,35.0,1728.0,1172,5249,
Date,Time,"GPU Temperature [°C]","GPU Hot Spot Temperature [°C]","GPU ASIC Power [W]","GPU PPT [W]","GPU Clock [MHz]","GPU Memory Clock [MHz]","GPU D3D Memory Dedicated [MB]","GPU Memory Usage [MB]",
,,GPU [#0]: AMD Radeon RX 5500 XT,GPU [#0]: AMD Radeon RX 5500 XT,GPU [#0]: AMD Radeon RX 5500 XT,GPU [#0]: AMD Radeon RX 5500 XT,GPU [#0]: AMD Radeon RX 5500 XT,GPU [#0]: AMD Radeon RX 5500 XT,GPU [#0]: AMD Radeon RX 5500 XT,GPU [#0]: AMD Radeon RX 5500 XT,
