hour,minute,time_of_day,day_name,day_of_week,is_weekend,destination_type,distance_to_dest_miles,gas_level_pct,driver_fatigue_level,speed_mph,trip_duration_minutes,weather,traffic,heart_rate_bpm,last_break_minutes_ago,outside_temp_f,is_night_driving,suggestion_label,suggestion_name,norm_distance,norm_gas,norm_fatigue,norm_speed,norm_trip_min,norm_heart_rate,norm_last_break,norm_temp_f
2,46,night,Fri,4,0,grocery,28.62,23.0,4.98,50.3,50.8,clear,medium,85.2,49.0,67.3,1,4,refuel_soon,0.32,0.2441,0.472,0.5695,0.2537,0.4665,0.2708,0.6383
16,21,afternoon,Mon,0,0,school,14.73,31.5,1.88,61.2,15.9,rain,medium,68.2,31.9,34.5,0,6,weather_warning,0.1657,0.3493,0.1848,0.6547,0.0634,0.2471,0.1994,0.3868
18,49,evening,Thu,3,0,gym,13.46,73.0,2.46,56.0,5.8,rain,medium,63.6,25.4,45.1,0,0,no_action,0.1155,0.7219,0.2908,0.5964,0.0613,0.12,0.1308,0.4638
13,33,afternoon,Mon,0,0,restaurant,7.11,9.0,2.51,35.9,21.7,clear,low,75.5,114.9,69.4,0,7,route_to_gas,0.0583,0.0946,0.2694,0.3892,0.1345,0.2989,0.6275,0.6505
18,43,evening,Fri,4,0,grocery,4.63,27.9,5.24,53.5,67.1,clear,medium,70.6,3.4,4.2,0,10,coffee_suggestion,0.0164,0.2915,0.4971,0.5834,0.412,0.2469,0.0411,0.09
17,16,evening,Mon,0,0,work,25.74,32.2,3.54,46.1,10.9,snow,high,72.5,52.7,65.3,0,6,weather_warning,0.3054,0.3148,0.3237,0.5175,0.0669,0.3215,0.3179,0.638
16,6,afternoon,Tue,1,0,restaurant,9.69,64.4,4.95,51.7,58.7,fog,medium,81.7,11.0,48.4,0,6,weather_warning,0.1844,0.6563,0.4654,0.5101,0.334,0.3723,0.0485,0.4683
6,1,morning,Wed,2,0,gym,30.12,10.9,1.21,54.2,5.9,rain,high,74.5,60.4,17.6,0,4,refuel_soon,0.2722,0.0869,0.1851,0.5775,0.0578,0.2796,0.3636,0.2418
14,30,afternoon,Sun,6,1,gas_station,16.07,2.7,5.09,57.6,40.0,rain,high,79.6,45.8,27.9,0,3,refuel_now,0.1673,0.0149,0.542,0.6527,0.2682,0.3749,0.218,0.2749
0,7,night,Mon,0,0,gym,6.87,11.6,5.64,41.6,121.7,rain,high,81.9,8.9,-8.3,1,4,refuel_soon,0.1109,0.1186,0.5838,0.4005,0.6744,0.3735,0.0129,0.0
20,48,evening,Mon,0,0,hospital,20.76,4.0,3.6,50.1,8.8,clear,medium,83.8,47.0,101.0,0,7,route_to_gas,0.2009,0.0471,0.3652,0.524,0.0519,0.4296,0.3368,0.9811
4,55,night,Sat,5,1,gym,4.79,16.5,3.53,45.2,1.3,clear,medium,69.2,37.1,62.4,1,4,refuel_soon,0.032,0.1389,0.3503,0.4494,0.0,0.3041,0.1674,0.5702
20,48,evening,Sun,6,1,work,0.71,27.4,3.59,51.3,16.5,snow,low,73.5,9.0,3.9,0,6,weather_warning,0.0,0.2663,0.3661,0.5536,0.1057,0.3244,0.0548,0.126
23,30,night,Sat,5,1,school,6.56,4.9,4.1,78.6,17.4,clear,low,70.6,43.7,-3.8,1,7,route_to_gas,0.08,0.0,0.4383,0.887,0.0632,0.2439,0.2505,0.0535
14,46,afternoon,Sat,5,1,home,13.99,87.9,2.83,57.6,26.9,clear,low,62.9,19.0,17.9,0,0,no_action,0.0939,0.9049,0.273,0.6387,0.1176,0.1518,0.1447,0.25
20,28,evening,Sat,5,1,gas_station,7.2,70.5,4.82,56.0,33.4,clear,medium,72.4,10.7,93.3,0,0,no_action,0.0741,0.7398,0.5047,0.6768,0.2074,0.2328,0.0572,0.8256
4,48,night,Wed,2,0,restaurant,11.75,95.4,3.63,44.9,25.9,rain,low,82.8,26.4,45.9,1,0,no_action,0.1267,0.9563,0.3758,0.5477,0.082,0.3927,0.1644,0.4185
17,5,evening,Thu,3,0,hospital,2.75,72.1,4.3,58.5,4.7,clear,medium,77.0,9.3,7.7,0,0,no_action,0.0575,0.6888,0.4258,0.6946,0.0037,0.3129,0.0576,0.1731
3,22,night,Fri,4,0,school,9.01,25.1,4.17,24.9,37.9,clear,medium,78.2,24.7,89.0,1,0,no_action,0.0525,0.2027,0.3937,0.2904,0.2263,0.3604,0.0948,0.7561
1,52,night,Fri,4,0,gas_station,17.03,18.0,4.17,66.4,36.6,snow,low,73.3,26.3,83.2,1,6,weather_warning,0.1949,0.168,0.4328,0.7298,0.2,0.316,0.0862,0.7379
23,14,night,Wed,2,0,gym,1.01,93.9,7.46,74.9,77.6,clear,low,95.5,97.0,92.1,1,1,take_break_now,0.0,0.8942,0.7192,0.8217,0.4552,0.6203,0.4973,0.8629
1,36,night,Mon,0,0,work,51.28,29.7,1.78,39.0,7.0,clear,high,69.2,69.8,7.4,1,0,no_action,0.5524,0.2869,0.134,0.4648,0.0288,0.2736,0.3994,0.1412
16,24,afternoon,Sun,6,1,grocery,0.73,6.4,2.95,60.0,13.3,rain,medium,68.9,24.9,60.6,0,7,route_to_gas,0.0,0.0507,0.2863,0.7247,0.1073,0.2068,0.1489,0.5761
13,38,afternoon,Fri,4,0,hospital,1.03,61.7,3.26,90.0,24.7,clear,medium,75.3,46.5,50.4,0,5,speed_alert,0.0052,0.5934,0.3385,0.9745,0.157,0.349,0.2691,0.495
13,20,afternoon,Thu,3,0,home,7.34,16.2,5.7,75.5,77.2,clear,medium,73.1,43.8,105.0,0,4,refuel_soon,0.146,0.1755,0.5532,0.8524,0.3822,0.2796,0.2463,0.9558
16,12,afternoon,Sat,5,1,restaurant,3.94,15.4,4.89,52.1,20.9,clear,medium,88.4,43.7,42.1,0,4,refuel_soon,0.0864,0.143,0.4606,0.5658,0.1295,0.433,0.2617,0.4176
23,35,night,Sat,5,1,grocery,2.28,86.7,5.66,51.2,27.9,rain,low,75.9,29.9,30.6,1,1,take_break_now,0.0343,0.8837,0.5745,0.6299,0.1525,0.3148,0.1432,0.3075
9,20,morning,Fri,4,0,grocery,5.51,8.4,4.58,43.5,90.7,clear,low,77.8,180.0,43.8,0,7,route_to_gas,0.0607,0.0403,0.4561,0.4914,0.4767,0.353,0.9564,0.4883
21,28,evening,Sun,6,1,gym,12.27,96.9,5.56,65.7,18.8,rain,medium,76.7,83.1,106.4,1,5,speed_alert,0.086,0.9762,0.6108,0.6806,0.0662,0.3205,0.4461,0.9942
20,27,evening,Wed,2,0,school,5.75,22.2,7.28,63.1,83.0,rain,low,76.7,6.6,3.1,0,4,refuel_soon,0.0646,0.1794,0.7417,0.6771,0.4224,0.3556,0.0437,0.0909
2,37,night,Tue,1,0,gym,0.2,72.6,2.32,48.8,3.4,rain,low,57.5,18.9,92.4,1,9,arrived_soon,0.0,0.6676,0.2224,0.5339,0.0132,0.06,0.1225,0.8691
10,43,morning,Wed,2,0,gym,11.21,11.2,5.0,49.1,118.0,clear,low,90.0,16.1,14.2,0,4,refuel_soon,0.1217,0.0859,0.5054,0.5824,0.6461,0.4494,0.0889,0.1749
23,17,night,Wed,2,0,school,4.37,92.3,6.59,66.8,47.5,rain,low,76.9,16.0,8.7,1,5,speed_alert,0.1152,0.9353,0.6706,0.7369,0.2886,0.3546,0.1262,0.1398
6,48,morning,Fri,4,0,school,40.97,11.0,1.1,48.6,4.2,clear,medium,74.0,180.0,-5.1,0,4,refuel_soon,0.34,0.081,0.0824,0.5343,0.0567,0.2927,0.9691,0.0394
18,3,evening,Sun,6,1,hospital,5.77,48.5,1.9,65.5,6.9,snow,low,69.4,31.5,30.0,0,6,weather_warning,0.0783,0.4745,0.1594,0.7252,0.0719,0.1745,0.1302,0.3054
8,13,morning,Sat,5,1,gas_station,4.8,9.4,0.7,63.2,24.2,clear,high,68.1,3.3,-6.2,0,3,refuel_now,0.0,0.0263,0.1003,0.7382,0.1038,0.1699,0.0212,0.0592
12,37,afternoon,Thu,3,0,home,49.37,36.6,4.03,85.7,69.9,fog,medium,71.6,26.9,85.9,0,6,weather_warning,0.507,0.4036,0.4218,0.9748,0.4076,0.2797,0.0961,0.8017
16,9,afternoon,Fri,4,0,hospital,29.68,42.0,6.48,55.2,104.4,clear,medium,86.8,5.3,109.0,0,2,take_break_soon,0.2953,0.4172,0.7024,0.6399,0.5805,0.4679,0.031,0.9857
3,37,night,Tue,1,0,gas_station,0.93,40.1,3.75,53.2,7.1,clear,low,82.4,3.7,63.3,1,9,arrived_soon,0.0,0.4109,0.3861,0.6293,0.0727,0.401,0.0,0.6012
22,30,night,Sun,6,1,work,14.11,49.7,5.37,49.0,4.4,rain,low,74.3,31.9,13.9,1,0,no_action,0.1063,0.4333,0.4813,0.545,0.0254,0.2999,0.2137,0.1194
12,46,afternoon,Sun,6,1,restaurant,1.8,88.6,1.47,76.4,25.0,rain,low,80.8,8.4,76.3,0,5,speed_alert,0.0152,0.8897,0.1577,0.9444,0.1646,0.3642,0.0759,0.7085
12,28,afternoon,Mon,0,0,home,2.01,26.1,2.93,25.9,16.4,fog,low,65.1,180.0,95.7,0,0,no_action,0.0,0.2864,0.253,0.2761,0.0734,0.1879,1.0,0.8508
2,57,night,Tue,1,0,hospital,5.07,6.0,4.03,54.6,21.9,snow,high,70.4,35.7,-1.4,1,6,weather_warning,0.0594,0.0977,0.3897,0.5314,0.0708,0.2302,0.1814,0.0596
1,15,night,Thu,3,0,home,3.15,77.5,2.74,60.8,18.8,rain,high,82.7,59.2,4.5,1,6,weather_warning,0.0247,0.7365,0.2761,0.6438,0.0818,0.4213,0.3454,0.102
21,42,evening,Mon,0,0,gym,31.74,60.1,3.94,50.2,26.1,fog,high,73.4,32.5,48.9,1,6,weather_warning,0.3123,0.6136,0.3867,0.5604,0.145,0.3057,0.2157,0.54
3,9,night,Wed,2,0,restaurant,3.77,17.6,4.14,68.3,11.7,rain,medium,79.2,17.8,12.5,1,5,speed_alert,0.0,0.187,0.3045,0.7071,0.0783,0.3787,0.0641,0.1659
22,20,night,Mon,0,0,gym,15.22,82.5,6.17,40.0,25.4,rain,low,75.3,49.6,-2.6,1,1,take_break_now,0.1799,0.8256,0.6088,0.4409,0.1477,0.3351,0.2455,0.0308
17,27,evening,Wed,2,0,hospital,10.97,95.8,2.99,66.0,30.3,rain,low,65.5,137.4,80.0,0,5,speed_alert,0.1278,0.9485,0.2841,0.7598,0.2127,0.248,0.8027,0.7463
21,33,evening,Tue,1,0,hospital,19.15,50.6,3.81,48.8,13.5,clear,low,78.5,35.9,68.7,1,0,no_action,0.2141,0.5178,0.3439,0.5853,0.0599,0.3062,0.1684,0.6249
4,7,night,Sun,6,1,gas_station,4.44,72.4,3.49,64.2,56.5,rain,high,62.4,11.4,65.1,1,6,weather_warning,0.0758,0.7592,0.3551,0.6988,0.3283,0.139,0.0633,0.6551
8,26,morning,Tue,1,0,school,10.06,61.3,1.42,43.6,2.4,clear,high,72.5,53.9,107.4,0,0,no_action,0.0634,0.6067,0.1452,0.5574,0.0,0.3256,0.3038,0.9905
7,15,morning,Thu,3,0,restaurant,2.99,84.4,0.8,54.1,32.2,clear,high,76.1,23.0,82.9,0,0,no_action,0.0,0.8368,0.0319,0.5737,0.1854,0.3653,0.2119,0.7567
6,58,morning,Fri,4,0,work,7.18,38.0,4.08,34.0,92.8,rain,low,75.6,18.8,50.1,0,8,food_break,0.0956,0.3854,0.3888,0.4149,0.5631,0.3348,0.1335,0.538
7,27,morning,Tue,1,0,grocery,1.87,45.0,2.21,43.1,14.7,clear,low,80.6,133.1,49.0,0,9,arrived_soon,0.0114,0.4534,0.2233,0.5127,0.071,0.3925,0.7099,0.5048
5,0,morning,Mon,0,0,grocery,20.97,12.4,3.52,51.3,60.4,snow,high,74.0,83.8,1.1,0,6,weather_warning,0.2047,0.163,0.3536,0.5716,0.3329,0.2998,0.517,0.0232
9,13,morning,Fri,4,0,home,16.22,3.4,0.47,70.5,8.3,clear,high,68.0,26.7,43.8,0,7,route_to_gas,0.1655,0.0338,0.0913,0.7093,0.0038,0.19,0.1373,0.4411
6,44,morning,Mon,0,0,restaurant,10.47,75.4,0.0,37.8,2.3,clear,low,59.0,25.0,89.2,0,0,no_action,0.0819,0.7584,0.011,0.4321,0.0,0.1383,0.1149,0.8456
8,0,morning,Mon,0,0,home,9.28,29.6,1.58,70.1,21.8,fog,low,81.3,33.6,13.5,0,6,weather_warning,0.065,0.3407,0.1263,0.7394,0.1065,0.4044,0.1834,0.176
4,19,night,Wed,2,0,gas_station,0.57,37.5,2.34,52.2,21.7,snow,low,63.7,26.9,64.3,1,6,weather_warning,0.0,0.4148,0.2325,0.6188,0.1327,0.1953,0.1224,0.6353
1,19,night,Thu,3,0,school,12.0,29.5,4.13,56.3,49.0,clear,medium,77.5,25.2,13.2,1,10,coffee_suggestion,0.1666,0.3331,0.3829,0.676,0.2564,0.3757,0.1422,0.1808
19,55,evening,Sat,5,1,grocery,3.58,63.3,5.07,44.1,36.2,clear,low,80.0,14.6,9.9,0,0,no_action,0.0658,0.6357,0.531,0.4768,0.1996,0.3713,0.0559,0.1859
4,35,night,Mon,0,0,hospital,2.25,48.4,1.22,46.0,6.1,rain,medium,67.3,60.2,92.3,1,0,no_action,0.0,0.5075,0.1237,0.5187,0.0,0.2161,0.3945,0.8769
1,16,night,Fri,4,0,home,48.18,60.6,5.9,45.1,60.3,clear,medium,83.0,26.5,2.1,1,1,take_break_now,0.5002,0.6286,0.5827,0.4265,0.3053,0.4498,0.0638,0.0907
3,7,night,Sun,6,1,gym,22.02,40.8,1.54,60.6,14.0,clear,medium,65.1,44.8,35.2,1,0,no_action,0.1733,0.4151,0.1828,0.6826,0.03,0.1844,0.271,0.3204
4,5,night,Thu,3,0,school,5.03,97.8,3.11,90.0,4.8,rain,medium,76.9,0.6,54.2,1,5,speed_alert,0.0193,1.0,0.3213,0.978,0.0541,0.3331,0.0,0.5515
18,50,evening,Sun,6,1,work,1.34,28.2,4.87,48.8,13.7,clear,medium,85.1,112.7,27.3,0,9,arrived_soon,0.002,0.2937,0.4533,0.5826,0.1136,0.4677,0.5806,0.3355
14,50,afternoon,Wed,2,0,school,6.82,61.4,4.08,77.1,18.3,rain,medium,75.3,84.0,33.4,0,5,speed_alert,0.0711,0.6513,0.3758,0.8668,0.074,0.2967,0.5111,0.3453
7,9,morning,Sun,6,1,home,40.05,58.8,5.32,72.7,94.9,clear,low,78.0,12.1,58.2,0,8,food_break,0.4082,0.6079,0.5314,0.8236,0.5146,0.4169,0.02,0.6064
3,20,night,Mon,0,0,work,3.45,95.4,3.76,51.9,13.6,clear,low,77.4,178.1,42.2,1,0,no_action,0.0622,0.9735,0.3988,0.5681,0.0475,0.3162,0.9404,0.4419
0,30,night,Sun,6,1,grocery,31.84,50.9,2.91,76.6,4.0,rain,low,87.7,25.3,97.6,1,5,speed_alert,0.3007,0.4987,0.3064,0.8477,0.0102,0.5151,0.1369,0.9657
18,37,evening,Wed,2,0,gas_station,23.02,96.6,3.52,69.8,17.4,clear,medium,67.4,8.3,79.4,0,0,no_action,0.2335,1.0,0.3518,0.7081,0.0909,0.2127,0.1089,0.7015
19,9,evening,Tue,1,0,home,1.13,90.0,6.4,42.9,71.6,clear,medium,86.2,2.3,27.0,0,9,arrived_soon,0.0107,0.8817,0.6078,0.4656,0.3645,0.4618,0.0,0.3297
4,26,night,Thu,3,0,gym,6.19,30.0,2.5,23.4,9.7,rain,low,73.3,10.9,42.7,1,0,no_action,0.0888,0.24,0.1996,0.2662,0.0327,0.3306,0.0512,0.3808
14,59,afternoon,Thu,3,0,restaurant,26.76,82.3,1.62,52.4,18.1,clear,medium,73.2,43.0,56.3,0,0,no_action,0.2326,0.883,0.1336,0.6052,0.0499,0.2621,0.2845,0.5443
3,18,night,Mon,0,0,grocery,4.24,94.8,3.03,63.3,10.8,clear,low,69.7,165.5,38.3,1,0,no_action,0.0011,0.9291,0.2813,0.7261,0.0843,0.2425,0.9075,0.4071
7,40,morning,Sun,6,1,gym,6.28,97.0,1.08,31.2,17.0,clear,high,70.3,62.1,90.2,0,0,no_action,0.0249,0.9707,0.1388,0.2802,0.105,0.2893,0.3405,0.8516
18,5,evening,Mon,0,0,grocery,13.45,31.1,3.98,34.2,32.4,snow,medium,72.6,73.9,39.4,0,0,no_action,0.1442,0.3177,0.445,0.348,0.1784,0.3159,0.4484,0.3692
4,11,night,Wed,2,0,grocery,1.39,92.1,5.38,51.2,107.5,clear,low,77.1,9.9,17.0,1,9,arrived_soon,0.0,0.9312,0.5153,0.5864,0.5985,0.3613,0.0902,0.2305
14,51,afternoon,Tue,1,0,gym,1.28,15.9,5.11,57.2,74.3,clear,high,86.8,83.4,42.9,0,4,refuel_soon,0.0131,0.1527,0.467,0.6505,0.3403,0.4799,0.4186,0.4428
16,30,afternoon,Thu,3,0,restaurant,18.84,92.6,3.52,49.2,2.7,clear,low,77.9,180.0,100.1,0,0,no_action,0.2601,0.8932,0.349,0.6008,0.0505,0.3278,1.0,0.9179
2,17,night,Thu,3,0,gym,10.75,90.1,4.32,30.8,30.3,rain,medium,73.6,1.6,16.4,1,0,no_action,0.0768,0.8849,0.4689,0.3228,0.1874,0.2789,0.0163,0.2159
9,56,morning,Sun,6,1,work,6.99,88.7,4.18,36.3,55.5,clear,high,91.8,16.3,-6.7,0,10,coffee_suggestion,0.0361,0.8718,0.4218,0.3332,0.3157,0.5793,0.0771,0.035
7,12,morning,Mon,0,0,school,39.24,64.2,2.5,56.9,10.7,snow,low,76.1,23.7,0.8,0,6,weather_warning,0.3505,0.6219,0.3074,0.666,0.0626,0.2984,0.1158,0.0922
0,37,night,Wed,2,0,school,16.18,75.6,4.01,34.5,59.2,clear,high,77.7,32.7,19.6,1,10,coffee_suggestion,0.177,0.7165,0.4212,0.3598,0.3115,0.3557,0.167,0.2731
10,41,morning,Fri,4,0,school,17.48,39.6,2.47,89.0,21.3,rain,low,65.3,157.3,71.9,0,5,speed_alert,0.1431,0.3648,0.2422,0.9526,0.1438,0.1642,0.9583,0.669
0,45,night,Sun,6,1,grocery,11.51,93.9,3.42,38.2,25.0,rain,low,75.8,20.1,100.6,1,0,no_action,0.1357,0.9752,0.3753,0.3764,0.1481,0.3534,0.062,0.9214
15,25,afternoon,Wed,2,0,gym,7.7,11.1,4.06,48.4,7.1,rain,low,75.4,43.1,81.2,0,4,refuel_soon,0.0194,0.1255,0.406,0.5385,0.0684,0.2583,0.1803,0.7679
8,15,morning,Fri,4,0,gas_station,25.8,99.2,3.44,23.4,62.4,fog,low,79.2,86.4,26.4,0,2,take_break_soon,0.2838,1.0,0.318,0.253,0.3692,0.3667,0.4467,0.3156
1,33,night,Tue,1,0,restaurant,9.48,78.7,2.28,55.2,8.6,clear,high,64.0,16.6,81.1,1,0,no_action,0.0612,0.7753,0.2476,0.5937,0.0545,0.1656,0.1125,0.7736
22,34,night,Sat,5,1,work,18.59,11.7,5.39,76.2,45.1,rain,high,82.1,17.1,98.5,1,5,speed_alert,0.1748,0.1241,0.5648,0.8297,0.2319,0.3655,0.0631,0.8491
13,18,afternoon,Sun,6,1,grocery,4.89,18.9,2.87,56.5,5.3,clear,medium,67.2,6.6,87.3,0,4,refuel_soon,0.0651,0.2198,0.2631,0.5939,0.0,0.2072,0.0194,0.764
3,24,night,Mon,0,0,home,15.08,32.1,1.42,64.3,11.1,fog,low,70.2,26.5,98.7,1,6,weather_warning,0.1274,0.3364,0.1589,0.6268,0.0973,0.1605,0.1288,0.9367
12,9,afternoon,Fri,4,0,hospital,1.38,87.2,2.47,37.1,18.2,fog,medium,77.6,15.3,16.3,0,9,arrived_soon,0.0017,0.8457,0.2857,0.3719,0.1491,0.3441,0.0503,0.1993
14,37,afternoon,Thu,3,0,school,1.15,98.9,1.91,43.7,26.0,clear,low,82.7,66.1,24.2,0,9,arrived_soon,0.0,0.9696,0.1975,0.455,0.1719,0.3731,0.3588,0.2675
8,53,morning,Fri,4,0,grocery,1.47,13.0,0.34,53.7,1.0,clear,medium,64.6,9.1,-6.2,0,4,refuel_soon,0.0656,0.0898,0.0569,0.5395,0.0121,0.2297,0.0651,0.0372
18,48,evening,Mon,0,0,grocery,4.31,16.9,3.84,42.9,34.1,clear,high,79.8,1.1,62.2,0,4,refuel_soon,0.0457,0.1803,0.393,0.474,0.1737,0.4388,0.0,0.5814
23,32,night,Thu,3,0,home,6.34,16.4,7.86,64.4,76.5,clear,high,92.5,12.4,-3.8,1,1,take_break_now,0.1111,0.1686,0.7849,0.6956,0.4427,0.5459,0.0696,0.028
23,15,night,Sun,6,1,restaurant,15.12,38.8,5.6,47.8,49.6,fog,low,85.8,6.4,37.0,1,6,weather_warning,0.1733,0.3737,0.5901,0.5016,0.2846,0.4747,0.0552,0.4493
11,27,morning,Fri,4,0,gas_station,23.25,33.2,1.75,72.4,4.7,clear,medium,70.6,38.8,102.4,0,0,no_action,0.1782,0.3137,0.1424,0.7609,0.0779,0.2654,0.2267,0.9276
18,10,evening,Thu,3,0,restaurant,0.61,37.5,2.09,25.3,3.1,clear,low,67.8,7.8,35.4,0,9,arrived_soon,0.0077,0.3102,0.1819,0.2937,0.0287,0.1884,0.048,0.4093
8,55,morning,Mon,0,0,restaurant,15.75,80.8,4.77,57.0,83.9,clear,high,84.0,44.8,101.5,0,10,coffee_suggestion,0.1033,0.8542,0.4851,0.5817,0.4448,0.4485,0.2402,0.9139
19,36,evening,Thu,3,0,gym,4.55,50.2,3.29,58.0,1.6,clear,medium,75.2,1.3,97.2,0,0,no_action,0.0687,0.5187,0.3301,0.6199,0.0111,0.3147,0.0129,0.9599
14,33,afternoon,Thu,3,0,grocery,4.38,97.4,4.99,43.0,39.3,clear,medium,85.0,99.8,60.1,0,0,no_action,0.041,0.9643,0.5802,0.4898,0.1968,0.4173,0.5262,0.6123
0,4,night,Thu,3,0,restaurant,6.8,25.1,9.68,64.0,179.8,clear,medium,98.1,85.0,8.8,1,1,take_break_now,0.0396,0.2899,0.9868,0.7294,1.0,0.6856,0.421,0.1341
8,18,morning,Wed,2,0,gas_station,25.71,31.2,1.42,62.2,36.6,clear,low,67.0,19.6,68.7,0,0,no_action,0.2012,0.2815,0.0902,0.6918,0.1997,0.1989,0.1692,0.6719
11,17,morning,Sat,5,1,work,3.0,47.8,1.11,55.2,6.5,clear,low,65.1,134.5,35.5,0,0,no_action,0.0481,0.5105,0.1024,0.5998,0.0491,0.2071,0.7344,0.4026
12,59,afternoon,Sat,5,1,grocery,2.28,25.8,2.02,45.3,5.0,snow,medium,66.5,18.1,91.1,0,6,weather_warning,0.0,0.2646,0.2068,0.5203,0.0933,0.2141,0.1154,0.8101
21,20,evening,Fri,4,0,hospital,1.85,16.2,4.86,50.4,57.7,fog,medium,71.2,45.9,25.9,1,6,weather_warning,0.0,0.1146,0.4634,0.5586,0.3557,0.234,0.2527,0.3194
5,29,morning,Sun,6,1,grocery,3.32,51.6,5.79,19.3,62.8,clear,medium,81.2,15.2,24.5,0,2,take_break_soon,0.0515,0.5101,0.5232,0.2012,0.3611,0.3571,0.1035,0.3147
7,15,morning,Wed,2,0,school,3.88,11.2,2.42,55.2,43.7,rain,low,75.0,84.8,94.2,0,4,refuel_soon,0.1071,0.1409,0.1945,0.6267,0.2769,0.3487,0.4584,0.9032
0,3,night,Sun,6,1,gym,6.9,2.4,3.82,13.6,7.7,clear,medium,73.5,44.2,50.1,1,7,route_to_gas,0.1077,0.0316,0.4066,0.159,0.084,0.2954,0.2602,0.5117
18,15,evening,Sat,5,1,grocery,2.41,54.3,3.04,55.2,13.8,clear,low,60.8,12.0,6.1,0,0,no_action,0.054,0.5158,0.2578,0.6209,0.0758,0.1204,0.0693,0.2168
6,2,morning,Wed,2,0,hospital,2.61,79.3,0.12,67.2,32.5,fog,low,61.2,2.1,56.6,0,6,weather_warning,0.0456,0.8113,0.0105,0.7523,0.145,0.0744,0.016,0.565
20,19,evening,Thu,3,0,school,17.16,50.4,5.52,77.2,58.4,clear,medium,76.3,48.3,4.9,0,2,take_break_soon,0.1644,0.5009,0.5998,0.8472,0.2514,0.3434,0.2476,0.1251
6,45,morning,Mon,0,0,gym,15.17,42.4,2.72,30.9,25.5,rain,medium,72.9,59.0,54.7,0,0,no_action,0.1251,0.3893,0.2589,0.3375,0.1225,0.3039,0.3144,0.5688
4,38,night,Tue,1,0,gym,31.51,66.5,2.45,49.7,18.9,snow,medium,66.9,53.5,16.6,1,6,weather_warning,0.2719,0.6986,0.2855,0.5297,0.0858,0.2302,0.2274,0.1659
8,31,morning,Tue,1,0,gas_station,1.34,5.1,2.81,54.7,15.9,clear,low,79.6,30.9,36.0,0,3,refuel_now,0.0062,0.0221,0.2513,0.6166,0.1183,0.366,0.1739,0.4005
23,33,night,Fri,4,0,home,18.22,17.9,8.72,67.3,92.6,clear,low,94.4,33.7,53.9,1,1,take_break_now,0.1848,0.2087,0.8534,0.6924,0.4569,0.5171,0.1478,0.5278
0,13,night,Sun,6,1,restaurant,5.74,11.0,3.3,48.1,12.5,clear,high,78.4,161.7,65.8,1,4,refuel_soon,0.0,0.1165,0.3524,0.5259,0.124,0.3285,0.9049,0.6302
7,0,morning,Sat,5,1,restaurant,2.78,43.9,1.23,55.0,12.8,fog,low,73.3,33.7,55.2,0,6,weather_warning,0.0941,0.4351,0.0574,0.5943,0.1082,0.3077,0.1945,0.5736
20,1,evening,Sat,5,1,restaurant,27.29,58.9,4.02,46.0,21.7,clear,medium,81.9,1.2,56.9,0,0,no_action,0.2732,0.6322,0.4188,0.4595,0.1139,0.4521,0.0005,0.5036
8,4,morning,Sat,5,1,home,0.26,43.4,0.95,63.1,4.6,rain,high,66.8,5.7,25.4,0,9,arrived_soon,0.0,0.3855,0.1137,0.7204,0.0402,0.2223,0.0223,0.319
16,45,afternoon,Thu,3,0,work,9.21,34.8,3.73,53.4,43.5,rain,medium,78.5,19.5,49.3,0,0,no_action,0.1173,0.3907,0.4173,0.6038,0.2431,0.3962,0.1587,0.5283
21,34,evening,Tue,1,0,grocery,11.66,39.5,2.73,77.1,4.6,snow,medium,75.5,16.2,45.7,1,6,weather_warning,0.1546,0.4364,0.2437,0.8857,0.023,0.3288,0.1041,0.4942
19,52,evening,Wed,2,0,hospital,9.41,86.9,6.69,30.9,70.8,clear,high,86.8,42.2,2.7,0,2,take_break_soon,0.0778,0.9117,0.6664,0.3492,0.4286,0.433,0.2046,0.1
14,4,afternoon,Sat,5,1,restaurant,8.95,53.0,2.92,44.8,21.9,clear,medium,69.1,14.4,31.0,0,0,no_action,0.069,0.5763,0.2988,0.4814,0.1172,0.2799,0.1241,0.3169
4,15,night,Thu,3,0,restaurant,27.46,89.4,5.71,65.3,62.6,rain,low,80.8,107.1,72.7,1,5,speed_alert,0.2923,0.8917,0.542,0.697,0.3912,0.3809,0.6441,0.6733
13,38,afternoon,Sat,5,1,school,6.6,26.9,1.59,54.7,10.7,fog,low,64.1,35.4,86.9,0,6,weather_warning,0.0357,0.2476,0.1488,0.5648,0.047,0.1795,0.1848,0.7993
21,0,evening,Fri,4,0,gas_station,2.58,38.1,4.34,60.5,44.0,rain,medium,67.4,63.9,11.0,1,6,weather_warning,0.0191,0.4111,0.4137,0.6275,0.2487,0.1647,0.3481,0.2136
0,43,night,Thu,3,0,gym,0.76,82.8,6.16,62.4,92.0,clear,medium,78.3,8.0,27.9,1,9,arrived_soon,0.0327,0.8635,0.6227,0.6884,0.5234,0.2681,0.0533,0.3124
5,53,morning,Tue,1,0,work,8.11,70.1,2.36,57.4,17.3,clear,low,73.1,17.9,16.0,0,0,no_action,0.0865,0.6837,0.2244,0.611,0.0909,0.3442,0.0615,0.1815
5,59,morning,Sat,5,1,gym,14.91,45.0,5.33,90.0,60.5,clear,low,84.9,7.2,19.4,0,5,speed_alert,0.1796,0.4851,0.5642,0.9859,0.3312,0.4584,0.0516,0.233
11,33,morning,Thu,3,0,gas_station,21.46,93.5,2.23,68.1,2.6,fog,high,68.5,22.1,16.4,0,6,weather_warning,0.1938,0.8802,0.276,0.7812,0.0373,0.2603,0.1402,0.2127
22,38,night,Thu,3,0,gas_station,5.68,14.6,5.3,77.6,42.8,clear,medium,87.3,0.4,82.1,1,0,no_action,0.0571,0.1442,0.5124,0.8484,0.2821,0.4628,0.0,0.752
22,25,night,Tue,1,0,hospital,7.36,59.6,2.95,51.1,2.6,clear,medium,68.0,180.0,-5.7,1,0,no_action,0.1254,0.539,0.3038,0.5266,0.0,0.2137,0.9874,0.0202
12,0,afternoon,Mon,0,0,home,0.96,43.0,2.28,59.5,38.5,fog,low,71.9,24.3,107.8,0,6,weather_warning,0.0673,0.3798,0.3031,0.6335,0.2434,0.3029,0.1054,0.9961
2,23,night,Thu,3,0,school,5.19,47.2,4.39,63.7,14.6,snow,medium,71.9,6.2,54.0,1,6,weather_warning,0.0754,0.5015,0.4343,0.7508,0.1221,0.281,0.01,0.5806
13,0,afternoon,Sun,6,1,home,17.59,11.4,3.18,90.0,25.8,rain,medium,77.6,90.4,95.8,0,5,speed_alert,0.1931,0.0591,0.2977,0.9678,0.0865,0.3485,0.4351,0.8422
3,48,night,Sun,6,1,home,10.29,42.6,4.98,55.0,33.1,clear,high,80.8,94.1,52.1,1,0,no_action,0.0784,0.4384,0.4949,0.5909,0.1642,0.3485,0.5521,0.5202
22,32,night,Wed,2,0,gas_station,18.11,30.6,5.68,55.6,35.2,fog,medium,74.8,15.7,75.2,1,6,weather_warning,0.2377,0.3058,0.501,0.6287,0.2538,0.3579,0.1423,0.6794
11,3,morning,Sun,6,1,restaurant,1.89,82.2,2.38,67.0,40.2,clear,medium,70.3,13.1,107.5,0,9,arrived_soon,0.0542,0.8539,0.2152,0.6624,0.1702,0.296,0.0607,0.9567
12,6,afternoon,Wed,2,0,work,5.26,90.6,2.9,61.3,14.3,rain,high,66.7,4.3,18.2,0,6,weather_warning,0.0427,0.8304,0.2265,0.651,0.0951,0.2121,0.0292,0.2932
0,36,night,Fri,4,0,grocery,16.43,6.1,5.31,44.8,40.7,rain,low,87.1,105.6,35.6,1,7,route_to_gas,0.1468,0.0642,0.5408,0.474,0.2224,0.4455,0.6555,0.377
11,5,morning,Sat,5,1,hospital,16.41,57.1,1.37,78.8,24.0,clear,medium,72.9,12.7,95.9,0,0,no_action,0.2358,0.5566,0.1136,0.8391,0.2032,0.3114,0.0605,0.9203
1,48,night,Thu,3,0,hospital,47.55,43.7,4.65,50.9,54.8,clear,low,76.8,28.5,81.3,1,10,coffee_suggestion,0.5052,0.4199,0.4465,0.5978,0.316,0.2742,0.1214,0.806
21,2,evening,Tue,1,0,work,10.88,29.4,5.51,59.1,9.1,rain,medium,74.2,35.1,12.4,1,1,take_break_now,0.1234,0.2986,0.5486,0.6316,0.0483,0.3399,0.1916,0.16
18,40,evening,Sat,5,1,gas_station,5.15,7.3,3.45,69.9,12.5,clear,medium,74.9,67.4,103.3,0,3,refuel_now,0.0382,0.0589,0.3244,0.7676,0.1048,0.317,0.4486,0.9491
1,46,night,Mon,0,0,grocery,0.23,20.4,3.25,31.4,9.9,rain,high,69.6,0.1,61.8,1,4,refuel_soon,0.0,0.2356,0.3107,0.316,0.0617,0.2293,0.0,0.6207
18,58,evening,Mon,0,0,school,3.03,66.1,5.29,43.2,100.1,clear,medium,88.8,143.2,75.3,0,2,take_break_soon,0.0481,0.6302,0.5136,0.5039,0.5879,0.4835,0.7968,0.7335
18,15,evening,Sat,5,1,grocery,3.28,3.3,7.05,59.3,83.6,clear,low,85.2,21.0,74.0,0,7,route_to_gas,0.0428,0.0385,0.7253,0.6754,0.4719,0.457,0.1153,0.7123
19,55,evening,Sat,5,1,hospital,12.49,15.3,2.38,38.1,5.0,clear,medium,75.4,55.3,7.6,0,4,refuel_soon,0.2158,0.1462,0.246,0.4117,0.0388,0.3422,0.3037,0.1997
4,8,night,Sat,5,1,gym,20.68,12.4,3.06,90.0,22.3,clear,low,70.0,22.5,104.5,1,5,speed_alert,0.2234,0.144,0.2868,1.0,0.0976,0.2313,0.0977,0.9185
21,33,evening,Wed,2,0,gas_station,5.14,55.2,5.01,57.7,30.5,clear,low,74.1,3.8,27.0,1,0,no_action,0.0684,0.5724,0.4598,0.6112,0.1476,0.2906,0.0,0.2661
11,11,morning,Sun,6,1,gym,28.4,17.4,2.6,70.4,16.9,rain,high,79.8,16.5,28.9,0,5,speed_alert,0.2968,0.1633,0.2742,0.7915,0.1243,0.3557,0.093,0.322
3,25,night,Mon,0,0,work,2.65,76.2,3.8,70.0,39.8,fog,high,66.4,34.4,-6.8,1,6,weather_warning,0.0087,0.735,0.3782,0.7966,0.1775,0.192,0.2365,0.0
2,56,night,Sat,5,1,school,7.28,39.8,3.45,71.7,7.2,clear,low,76.9,34.1,74.9,1,0,no_action,0.0474,0.3576,0.3712,0.8023,0.0742,0.3349,0.1474,0.7367
11,16,morning,Fri,4,0,work,3.84,44.9,3.26,38.6,14.9,clear,low,71.8,21.6,2.4,0,0,no_action,0.0372,0.4393,0.3011,0.4615,0.0728,0.2675,0.1089,0.046
21,2,evening,Mon,0,0,gas_station,9.49,62.7,6.23,46.6,55.8,clear,low,89.7,40.9,27.8,1,1,take_break_now,0.0827,0.5957,0.6163,0.5266,0.2953,0.5134,0.2098,0.3333
0,9,night,Wed,2,0,restaurant,20.24,16.6,4.54,69.6,20.5,snow,high,81.5,16.2,72.2,1,6,weather_warning,0.1891,0.1513,0.4739,0.7686,0.1178,0.4269,0.1157,0.6804
5,44,morning,Sun,6,1,school,0.28,13.1,1.35,68.7,4.3,clear,high,69.4,52.3,51.9,0,4,refuel_soon,0.0033,0.1297,0.0784,0.7509,0.0256,0.2345,0.2833,0.5305
14,13,afternoon,Thu,3,0,restaurant,38.03,15.6,4.59,51.5,83.7,clear,low,82.0,16.3,95.4,0,4,refuel_soon,0.3929,0.1808,0.4352,0.562,0.3838,0.3816,0.075,0.8479
10,19,morning,Thu,3,0,work,18.94,31.0,1.13,55.5,4.3,clear,medium,69.1,31.2,88.6,0,0,no_action,0.145,0.2922,0.1123,0.5979,0.0427,0.2307,0.1443,0.8133
0,1,night,Mon,0,0,gym,19.32,15.6,3.37,47.5,3.4,rain,low,68.7,112.4,42.7,1,4,refuel_soon,0.1618,0.1732,0.3549,0.5006,0.0113,0.1775,0.6099,0.4512
7,33,morning,Tue,1,0,grocery,26.29,62.9,2.93,49.5,43.7,rain,low,73.5,101.1,63.2,0,0,no_action,0.2668,0.6178,0.2598,0.552,0.2465,0.3227,0.566,0.6469
9,0,morning,Fri,4,0,hospital,9.48,57.2,4.31,62.9,78.1,fog,medium,68.3,85.2,100.3,0,6,weather_warning,0.098,0.5337,0.4472,0.6791,0.4369,0.2204,0.5311,0.9784
14,22,afternoon,Sat,5,1,restaurant,6.89,4.5,2.82,46.9,17.8,clear,medium,77.7,18.5,85.4,0,7,route_to_gas,0.1128,0.0192,0.2895,0.4931,0.0921,0.3694,0.1059,0.7529
3,19,night,Fri,4,0,grocery,5.53,24.7,6.16,69.0,77.1,clear,medium,90.1,107.8,49.8,1,1,take_break_now,0.0737,0.1832,0.6093,0.8013,0.4287,0.4857,0.6255,0.5275
7,48,morning,Sat,5,1,gym,1.68,41.1,0.0,36.8,5.1,clear,low,66.4,128.9,20.8,0,9,arrived_soon,0.0469,0.4431,0.0,0.4269,0.0208,0.2453,0.7352,0.221
23,23,night,Mon,0,0,grocery,5.9,83.3,6.97,34.1,53.3,clear,high,88.1,42.0,24.4,1,1,take_break_now,0.0572,0.8337,0.717,0.357,0.2975,0.4664,0.1855,0.2592
6,13,morning,Wed,2,0,hospital,3.44,90.7,2.46,74.6,41.4,clear,low,64.4,5.3,23.3,0,0,no_action,0.0603,0.8823,0.2517,0.8395,0.2254,0.1919,0.0215,0.258
4,6,night,Sat,5,1,school,27.49,65.1,3.58,29.4,3.5,rain,medium,74.5,2.6,87.9,1,0,no_action,0.2501,0.6722,0.3617,0.2894,0.0144,0.3474,0.0647,0.8374
22,12,night,Sun,6,1,gas_station,4.45,22.0,4.36,54.3,16.5,clear,low,80.1,75.3,71.5,1,0,no_action,0.0044,0.2398,0.4973,0.606,0.0897,0.3856,0.4792,0.6487
17,17,evening,Mon,0,0,gas_station,44.07,42.4,2.67,49.4,11.7,rain,low,69.6,34.2,12.1,0,0,no_action,0.4697,0.4963,0.2251,0.5921,0.0669,0.2689,0.1405,0.2285
18,32,evening,Tue,1,0,gym,15.93,19.0,3.0,57.0,1.4,clear,medium,81.2,4.0,8.4,0,4,refuel_soon,0.1514,0.2001,0.2815,0.6067,0.0393,0.3876,0.0828,0.1545
21,51,evening,Sun,6,1,gym,1.2,94.4,4.6,52.4,10.5,snow,medium,86.8,60.5,105.4,1,6,weather_warning,0.0,0.9944,0.4571,0.5631,0.0501,0.4158,0.379,0.9501
17,58,evening,Tue,1,0,gas_station,3.86,52.5,2.71,60.2,21.0,clear,low,67.7,40.2,95.2,0,0,no_action,0.0506,0.5121,0.2807,0.664,0.0695,0.2215,0.1902,0.8244
11,15,morning,Tue,1,0,gas_station,3.23,17.8,0.99,39.3,18.3,clear,high,68.4,58.0,69.4,0,0,no_action,0.0365,0.1647,0.067,0.4446,0.0651,0.2432,0.4011,0.7026
14,4,afternoon,Sat,5,1,gym,30.55,15.4,3.1,52.5,49.4,snow,high,74.0,21.8,73.8,0,6,weather_warning,0.282,0.1694,0.3033,0.5781,0.2923,0.2958,0.1125,0.7123
15,24,afternoon,Mon,0,0,gas_station,0.51,41.6,1.15,61.8,2.8,rain,medium,72.6,19.6,58.1,0,9,arrived_soon,0.0021,0.4571,0.1221,0.706,0.0238,0.2904,0.087,0.5888
19,50,evening,Fri,4,0,gym,9.68,17.6,4.53,47.9,30.3,clear,high,68.3,21.0,64.5,0,4,refuel_soon,0.0858,0.1264,0.4803,0.5103,0.2072,0.2209,0.0979,0.6156
8,40,morning,Sun,6,1,hospital,6.94,96.5,2.62,61.0,29.5,clear,low,77.4,37.1,34.0,0,0,no_action,0.0674,1.0,0.2902,0.6907,0.1917,0.3654,0.1931,0.3264
19,1,evening,Sun,6,1,hospital,1.47,42.6,3.8,26.7,34.2,clear,medium,70.7,9.4,4.4,0,9,arrived_soon,0.0,0.4156,0.3814,0.3503,0.1753,0.2449,0.0985,0.1086
11,42,morning,Sun,6,1,grocery,15.15,17.8,4.32,54.3,42.5,clear,medium,76.6,73.1,101.0,0,4,refuel_soon,0.0727,0.1529,0.4364,0.5998,0.2484,0.3408,0.3971,0.9088
5,31,morning,Mon,0,0,gas_station,32.76,89.9,4.07,50.5,18.4,clear,high,76.8,72.8,26.6,0,0,no_action,0.3199,0.9247,0.4142,0.5681,0.0684,0.3064,0.4685,0.2996
1,12,night,Wed,2,0,restaurant,11.16,26.8,4.06,34.3,44.1,clear,low,88.3,20.3,31.1,1,0,no_action,0.1088,0.3502,0.4325,0.3563,0.2628,0.4565,0.0719,0.3322
5,52,morning,Wed,2,0,home,4.9,40.1,5.28,65.7,42.0,rain,low,70.5,62.2,103.6,0,5,speed_alert,0.0989,0.4105,0.5447,0.7307,0.2028,0.2421,0.309,0.9086
10,29,morning,Fri,4,0,home,8.4,17.3,2.0,76.1,16.4,clear,low,66.5,17.0,49.2,0,4,refuel_soon,0.0716,0.1648,0.1782,0.8091,0.0485,0.1356,0.0628,0.5123
3,28,night,Mon,0,0,school,14.1,7.2,1.46,30.7,12.5,clear,low,63.1,46.9,32.9,1,7,route_to_gas,0.1816,0.1444,0.1316,0.3018,0.0023,0.1563,0.2508,0.3376
6,15,morning,Sun,6,1,home,30.74,11.0,1.78,68.3,60.7,clear,medium,61.7,37.1,27.8,0,4,refuel_soon,0.33,0.121,0.2105,0.7711,0.3436,0.1825,0.2204,0.3169
4,21,night,Sat,5,1,hospital,14.25,8.3,4.64,54.2,32.9,rain,medium,78.6,13.0,101.0,1,7,route_to_gas,0.214,0.0809,0.4514,0.6035,0.1225,0.3344,0.1014,0.9058
11,26,morning,Fri,4,0,gym,31.96,96.0,4.54,40.1,60.9,rain,low,72.4,4.3,84.7,0,10,coffee_suggestion,0.3267,1.0,0.4342,0.4542,0.3478,0.2726,0.0461,0.8124
2,1,night,Sat,5,1,grocery,11.97,28.3,3.27,61.6,34.8,rain,low,76.5,67.8,54.7,1,6,weather_warning,0.099,0.3009,0.3065,0.7148,0.186,0.3118,0.3393,0.5469
4,19,night,Tue,1,0,restaurant,3.99,91.9,4.28,42.4,39.0,clear,high,79.4,32.5,77.3,1,0,no_action,0.045,0.916,0.473,0.5005,0.2072,0.3673,0.1864,0.7387
20,35,evening,Wed,2,0,gym,9.14,95.8,5.16,57.9,11.6,fog,low,84.0,20.9,85.8,0,6,weather_warning,0.0962,1.0,0.5154,0.623,0.0593,0.4278,0.1118,0.7975
1,51,night,Sat,5,1,hospital,5.68,60.0,2.29,68.3,4.3,clear,low,68.6,56.7,39.9,1,0,no_action,0.0828,0.621,0.247,0.7564,0.0314,0.2648,0.2954,0.3968
15,31,afternoon,Fri,4,0,gas_station,22.61,69.3,1.8,52.6,22.3,clear,medium,63.1,44.8,109.5,0,0,no_action,0.2116,0.6811,0.165,0.6181,0.1499,0.1663,0.2377,1.0
18,7,evening,Sun,6,1,hospital,14.56,83.6,2.14,43.5,2.1,clear,low,60.8,45.0,90.3,0,0,no_action,0.1587,0.8292,0.2307,0.4887,0.0,0.1908,0.2397,0.8592
20,6,evening,Mon,0,0,restaurant,9.94,31.2,3.49,63.2,1.0,rain,medium,82.2,9.0,58.1,0,6,weather_warning,0.0774,0.2922,0.3711,0.6723,0.0163,0.4253,0.0473,0.5979
11,9,morning,Sat,5,1,home,23.11,30.0,1.99,39.2,33.3,clear,medium,72.2,2.5,10.6,0,0,no_action,0.2267,0.4036,0.2073,0.4242,0.2275,0.2219,0.0168,0.2317
10,15,morning,Thu,3,0,gym,0.4,14.8,0.89,46.6,16.6,clear,high,74.0,2.7,45.8,0,4,refuel_soon,0.0,0.164,0.0489,0.5111,0.1015,0.2658,0.0,0.4623
7,25,morning,Thu,3,0,gym,30.39,99.9,2.88,38.9,37.2,clear,low,75.7,62.5,24.7,0,0,no_action,0.3401,1.0,0.2459,0.5033,0.206,0.3324,0.3591,0.2781
23,12,night,Fri,4,0,school,1.98,3.0,4.68,42.4,3.9,clear,medium,66.8,69.5,72.6,1,7,route_to_gas,0.0,0.0467,0.5315,0.5123,0.0141,0.2101,0.4125,0.7217
18,56,evening,Mon,0,0,hospital,20.13,37.0,2.25,75.7,17.1,fog,high,82.1,28.5,88.9,0,6,weather_warning,0.2176,0.4679,0.1887,0.8204,0.1074,0.4125,0.2169,0.8042
5,55,morning,Sun,6,1,work,20.59,9.6,2.34,58.1,33.9,clear,medium,75.9,6.5,5.0,0,7,route_to_gas,0.1722,0.0704,0.2027,0.6226,0.1951,0.3226,0.0425,0.1396
13,10,afternoon,Sun,6,1,work,10.81,16.3,4.75,69.7,40.1,clear,medium,88.3,33.8,69.1,0,4,refuel_soon,0.1417,0.1488,0.501,0.7545,0.2086,0.455,0.1979,0.6942
9,30,morning,Mon,0,0,home,16.71,13.6,2.58,66.5,6.6,clear,low,67.0,41.4,91.0,0,4,refuel_soon,0.1911,0.1219,0.2454,0.7896,0.0154,0.1918,0.2259,0.8544
5,39,morning,Mon,0,0,gas_station,12.71,14.1,3.55,45.1,6.4,rain,low,73.0,7.5,61.5,0,0,no_action,0.1093,0.1413,0.3548,0.509,0.0983,0.2974,0.0,0.6053
15,15,afternoon,Sun,6,1,gym,11.71,2.0,3.18,46.9,38.0,rain,low,70.3,21.7,12.4,0,7,route_to_gas,0.1206,0.0,0.305,0.5521,0.2254,0.2702,0.0676,0.2419
0,34,night,Sat,5,1,gym,8.14,40.7,2.02,55.4,2.4,snow,low,77.8,13.5,48.7,1,6,weather_warning,0.0646,0.4173,0.1756,0.5483,0.0255,0.3631,0.0691,0.4549
16,8,afternoon,Fri,4,0,restaurant,0.89,50.8,2.87,84.3,20.1,clear,low,71.4,76.0,109.0,0,5,speed_alert,0.0379,0.5212,0.282,0.9328,0.1338,0.2209,0.4045,0.9578
21,14,evening,Fri,4,0,gym,33.62,35.5,5.2,62.1,60.7,clear,low,78.3,17.6,92.1,1,10,coffee_suggestion,0.2873,0.4032,0.5253,0.7287,0.3051,0.3262,0.0628,0.8579
10,1,morning,Fri,4,0,grocery,10.19,26.1,2.34,78.2,36.5,rain,low,68.8,75.5,95.3,0,5,speed_alert,0.051,0.3039,0.2301,0.8914,0.1804,0.2304,0.3937,0.9145
13,24,afternoon,Sun,6,1,gym,11.66,62.4,3.89,39.9,38.6,clear,high,68.3,18.6,47.8,0,0,no_action,0.115,0.5745,0.4046,0.4551,0.2719,0.2544,0.0904,0.506
16,29,afternoon,Tue,1,0,gas_station,10.34,36.4,5.58,38.8,105.2,rain,low,90.1,13.9,79.5,0,2,take_break_soon,0.096,0.3241,0.5702,0.4492,0.6586,0.4831,0.0689,0.7288
2,9,night,Thu,3,0,hospital,12.96,10.9,4.0,54.8,62.6,clear,medium,72.1,14.4,88.6,1,4,refuel_soon,0.1832,0.1352,0.3794,0.6245,0.3556,0.2606,0.103,0.8331
13,46,afternoon,Mon,0,0,restaurant,33.12,90.1,2.63,39.2,17.7,clear,low,83.5,48.6,11.8,0,0,no_action,0.3021,0.9107,0.2222,0.4217,0.0335,0.4255,0.2552,0.1372
22,51,night,Sun,6,1,home,3.57,88.5,5.26,41.2,20.4,clear,low,79.8,51.8,43.6,1,0,no_action,0.0385,0.9132,0.5504,0.4535,0.1048,0.3199,0.2562,0.4561
4,15,night,Wed,2,0,gas_station,2.38,38.1,2.48,76.5,39.6,rain,low,83.2,23.5,-9.9,1,5,speed_alert,0.0348,0.3531,0.2571,0.8165,0.241,0.4468,0.1389,0.0
4,50,night,Thu,3,0,gym,1.85,8.7,5.49,42.7,55.2,clear,low,77.3,72.6,44.6,1,7,route_to_gas,0.0672,0.0975,0.5625,0.4983,0.2689,0.3609,0.3811,0.4643
20,16,evening,Mon,0,0,hospital,2.94,4.1,4.83,41.5,2.8,clear,high,89.3,36.9,44.4,0,7,route_to_gas,0.0607,0.0521,0.4558,0.3882,0.0011,0.5145,0.1944,0.4771
10,24,morning,Tue,1,0,grocery,27.75,98.1,1.58,48.1,19.8,clear,low,71.2,4.8,31.6,0,0,no_action,0.2884,1.0,0.1837,0.5239,0.1199,0.3,0.0836,0.3687
1,30,night,Wed,2,0,home,9.36,37.7,2.82,37.9,48.4,rain,low,85.4,43.5,28.0,1,0,no_action,0.0771,0.427,0.1979,0.391,0.3506,0.4604,0.2086,0.3152
7,38,morning,Fri,4,0,home,5.51,39.3,0.0,39.5,2.7,rain,high,59.6,22.3,53.6,0,0,no_action,0.0192,0.2987,0.0,0.4247,0.0,0.1659,0.1058,0.5562
7,30,morning,Sun,6,1,restaurant,62.69,52.3,2.09,40.8,26.7,clear,medium,68.6,30.5,-9.5,0,0,no_action,0.6009,0.5248,0.1903,0.4253,0.0997,0.2215,0.1867,0.0
15,59,afternoon,Sun,6,1,school,22.86,88.8,4.12,53.5,26.1,rain,medium,78.3,4.2,104.6,0,0,no_action,0.2401,0.9118,0.3838,0.5612,0.1936,0.3564,0.0047,0.9367
10,2,morning,Wed,2,0,grocery,15.85,49.7,1.64,59.4,13.1,clear,medium,69.2,2.7,18.4,0,0,no_action,0.1587,0.5211,0.1488,0.6056,0.081,0.2615,0.0321,0.249
7,24,morning,Sat,5,1,home,5.78,92.3,0.38,46.2,7.7,rain,low,64.0,0.2,4.8,0,0,no_action,0.0306,0.9211,0.0271,0.5213,0.0768,0.1652,0.0,0.1327
2,39,night,Wed,2,0,home,7.03,77.2,4.93,43.3,106.6,fog,medium,79.5,4.5,23.4,1,10,coffee_suggestion,0.0671,0.7693,0.4872,0.4885,0.6146,0.3318,0.0,0.2263
4,26,night,Sun,6,1,hospital,5.33,74.1,5.17,67.8,78.3,clear,medium,81.6,34.3,8.0,1,10,coffee_suggestion,0.1015,0.7777,0.5277,0.7238,0.4666,0.3497,0.2385,0.1557
15,59,afternoon,Wed,2,0,home,14.36,37.8,4.84,35.4,72.0,clear,high,77.4,23.7,24.6,0,10,coffee_suggestion,0.153,0.3804,0.4375,0.3539,0.4002,0.4024,0.1492,0.2367
19,7,evening,Tue,1,0,grocery,10.26,42.5,5.75,61.8,48.4,snow,medium,82.4,15.7,95.6,0,6,weather_warning,0.1318,0.4115,0.5349,0.7456,0.2505,0.3879,0.0851,0.8818
15,47,afternoon,Tue,1,0,gas_station,10.15,7.8,5.79,63.7,86.7,snow,low,78.3,138.8,53.8,0,6,weather_warning,0.1242,0.0587,0.565,0.7005,0.5203,0.2973,0.7316,0.4731
21,58,evening,Fri,4,0,home,4.33,35.7,4.77,61.1,8.7,clear,medium,70.1,7.7,-8.9,1,0,no_action,0.0693,0.3836,0.4956,0.6562,0.049,0.2414,0.0365,0.0704
22,34,night,Wed,2,0,grocery,6.38,84.0,6.14,31.1,25.6,clear,low,86.5,62.0,66.0,1,1,take_break_now,0.0368,0.8301,0.6786,0.348,0.1064,0.4613,0.3041,0.5971
7,13,morning,Sun,6,1,home,5.97,67.3,2.31,59.1,33.1,clear,low,74.6,53.1,68.1,0,0,no_action,0.1075,0.6678,0.2668,0.6732,0.1398,0.2743,0.27,0.6251
20,30,evening,Sat,5,1,grocery,22.2,93.2,5.66,55.4,27.3,rain,medium,89.4,4.7,61.0,0,2,take_break_soon,0.2066,0.9287,0.5426,0.6304,0.1624,0.4601,0.062,0.5951
18,11,evening,Thu,3,0,school,5.23,27.8,4.0,35.3,34.1,fog,low,84.2,7.5,107.6,0,0,no_action,0.084,0.2986,0.3723,0.4439,0.2054,0.4155,0.0216,0.9879
23,36,night,Thu,3,0,work,3.33,6.8,5.8,52.6,7.6,rain,medium,84.5,50.0,25.3,1,7,route_to_gas,0.0672,0.0434,0.5774,0.5296,0.076,0.4934,0.28,0.2306
21,43,evening,Sat,5,1,home,4.64,19.4,5.99,56.9,72.6,clear,high,81.0,4.7,81.1,1,4,refuel_soon,0.004,0.2235,0.5172,0.6187,0.3847,0.3918,0.043,0.7927
5,33,morning,Sat,5,1,gas_station,0.48,85.2,1.97,60.8,14.1,clear,high,75.9,22.3,80.4,0,9,arrived_soon,0.0,0.8313,0.2094,0.7084,0.0682,0.3467,0.1254,0.7266
13,18,afternoon,Mon,0,0,grocery,5.24,18.6,2.56,61.4,41.0,fog,low,77.4,45.9,47.3,0,6,weather_warning,0.1027,0.1961,0.2439,0.6539,0.2126,0.3065,0.2814,0.4544
17,55,evening,Tue,1,0,gas_station,14.8,56.1,2.93,67.4,19.7,clear,medium,78.7,5.8,-9.6,0,0,no_action,0.1784,0.5167,0.3147,0.7254,0.0601,0.3253,0.0324,0.0
14,38,afternoon,Wed,2,0,hospital,25.86,25.6,3.5,55.0,17.2,rain,low,76.4,4.5,13.1,0,0,no_action,0.2595,0.255,0.3417,0.5989,0.0975,0.3309,0.0,0.2162
2,51,night,Wed,2,0,work,4.52,63.7,5.05,73.3,60.1,rain,high,91.6,72.8,31.3,1,5,speed_alert,0.0464,0.6491,0.507,0.8399,0.3135,0.4909,0.385,0.3475
23,3,night,Wed,2,0,school,2.96,9.2,6.93,59.6,37.8,clear,medium,85.8,1.9,25.1,1,7,route_to_gas,0.0619,0.1615,0.6641,0.6312,0.1836,0.4953,0.0421,0.2888
1,0,night,Wed,2,0,home,0.6,92.8,3.19,51.5,29.1,rain,low,84.4,57.0,57.8,1,9,arrived_soon,0.0,0.9069,0.3383,0.5771,0.1192,0.4206,0.3143,0.5495
13,6,afternoon,Fri,4,0,gym,10.97,6.1,7.95,55.2,154.3,rain,medium,86.9,24.1,68.1,0,1,take_break_now,0.0923,0.0754,0.7899,0.5272,0.8427,0.4939,0.0832,0.6542
3,29,night,Thu,3,0,school,2.66,88.1,3.61,75.3,10.2,rain,low,71.9,73.6,26.3,1,5,speed_alert,0.0,0.8792,0.3167,0.8853,0.0622,0.2472,0.388,0.246
17,19,evening,Fri,4,0,grocery,12.95,79.8,6.93,85.9,75.4,clear,low,94.2,23.3,77.1,0,5,speed_alert,0.1095,0.7956,0.6913,1.0,0.3865,0.5588,0.1477,0.7259
6,38,morning,Fri,4,0,gas_station,12.99,16.7,0.94,69.1,28.8,rain,high,64.2,4.8,7.6,0,5,speed_alert,0.1155,0.1388,0.0588,0.7177,0.1529,0.1338,0.0,0.1346
9,21,morning,Tue,1,0,gym,8.99,85.5,1.35,43.3,19.9,snow,medium,72.7,6.0,76.8,0,0,no_action,0.1305,0.8668,0.1652,0.4923,0.112,0.2749,0.0441,0.7141
7,55,morning,Fri,4,0,restaurant,22.8,84.6,0.56,60.0,33.1,snow,high,71.8,89.4,84.1,0,6,weather_warning,0.2527,0.8779,0.0598,0.7643,0.2153,0.2818,0.4705,0.7811
17,43,evening,Tue,1,0,home,12.34,74.2,3.09,32.7,32.2,rain,low,79.7,56.5,101.6,0,0,no_action,0.0939,0.7391,0.2633,0.3031,0.2012,0.3484,0.3399,0.9634
8,41,morning,Mon,0,0,work,11.9,47.7,1.56,84.6,13.6,clear,low,63.7,70.2,22.1,0,5,speed_alert,0.1303,0.4482,0.1325,0.9682,0.1285,0.1856,0.3632,0.2778
1,21,night,Sun,6,1,grocery,18.24,15.5,3.29,43.5,10.6,rain,high,82.0,7.1,43.1,1,4,refuel_soon,0.1865,0.1458,0.3696,0.5048,0.0294,0.3693,0.0544,0.4376
1,7,night,Wed,2,0,gym,3.35,96.6,3.83,32.1,10.6,clear,medium,76.6,32.9,79.7,1,0,no_action,0.009,0.9822,0.4001,0.3683,0.0709,0.342,0.2335,0.7806
15,6,afternoon,Mon,0,0,work,15.51,15.0,2.61,24.7,1.8,rain,low,65.7,18.8,71.9,0,4,refuel_soon,0.1542,0.1326,0.2703,0.3045,0.0,0.1964,0.1303,0.6248
0,53,night,Tue,1,0,school,28.19,8.6,2.98,59.4,31.2,clear,low,84.8,20.4,105.7,1,7,route_to_gas,0.3044,0.0952,0.296,0.641,0.1758,0.4622,0.1131,0.9548
11,24,morning,Sun,6,1,gym,13.54,10.6,1.62,72.2,15.7,fog,low,64.3,5.2,58.4,0,6,weather_warning,0.0927,0.0574,0.1368,0.8107,0.1061,0.1915,0.064,0.5173
11,50,morning,Sat,5,1,restaurant,4.17,78.9,1.25,55.5,1.0,fog,medium,73.4,10.8,56.1,0,6,weather_warning,0.0696,0.8302,0.076,0.6346,0.0343,0.285,0.0238,0.5789
14,10,afternoon,Tue,1,0,hospital,14.85,43.3,2.44,70.1,36.3,clear,low,74.2,37.6,19.7,0,0,no_action,0.1204,0.4127,0.226,0.7766,0.2115,0.317,0.2088,0.2072
20,19,evening,Mon,0,0,home,35.02,87.3,6.4,57.4,66.0,clear,medium,94.8,64.7,58.2,0,2,take_break_soon,0.3673,0.8174,0.6787,0.6567,0.3935,0.5763,0.3546,0.5368
5,38,morning,Fri,4,0,school,1.92,55.4,1.88,50.5,20.5,snow,medium,68.3,2.5,61.8,0,6,weather_warning,0.0,0.5728,0.215,0.532,0.1338,0.2132,0.0143,0.6405
3,26,night,Mon,0,0,gym,8.93,9.1,3.45,19.7,15.9,clear,medium,80.1,42.9,-2.9,1,7,route_to_gas,0.107,0.1126,0.3223,0.2039,0.0214,0.3431,0.2161,0.0612
2,42,night,Thu,3,0,work,6.13,82.7,3.83,31.9,51.2,clear,medium,74.1,41.2,43.4,1,10,coffee_suggestion,0.0856,0.7978,0.4037,0.3735,0.2603,0.3265,0.2238,0.4026
17,25,evening,Thu,3,0,work,8.64,5.4,3.64,57.5,42.9,rain,high,70.6,101.1,33.4,0,7,route_to_gas,0.05,0.0576,0.3756,0.6569,0.202,0.2552,0.6116,0.4131
12,22,afternoon,Sun,6,1,home,30.87,16.3,1.0,52.4,2.5,snow,medium,71.0,21.0,92.7,0,6,weather_warning,0.3575,0.2376,0.1136,0.5426,0.0,0.2774,0.1571,0.8192
23,45,night,Fri,4,0,restaurant,6.33,86.3,4.83,53.8,6.0,clear,high,74.4,5.0,13.8,1,0,no_action,0.0781,0.9085,0.4509,0.5808,0.038,0.2881,0.051,0.1927
23,48,night,Sat,5,1,school,7.75,92.0,3.7,52.2,2.8,rain,high,74.1,151.3,63.5,1,0,no_action,0.0965,0.9317,0.3673,0.5419,0.0093,0.3043,0.8474,0.6268
12,4,afternoon,Mon,0,0,home,7.75,97.2,1.54,53.5,1.8,rain,low,84.8,2.1,49.2,0,0,no_action,0.0269,0.9578,0.1911,0.6061,0.0,0.4557,0.0691,0.4333
15,21,afternoon,Sat,5,1,hospital,32.89,35.6,1.98,60.5,9.2,rain,medium,59.8,6.9,109.5,0,6,weather_warning,0.3628,0.2967,0.1521,0.6464,0.0031,0.1233,0.0501,0.9526
23,27,night,Sat,5,1,gym,32.52,3.8,9.21,57.5,136.6,snow,medium,91.0,18.7,62.6,1,1,take_break_now,0.3223,0.0478,0.915,0.6198,0.7743,0.4962,0.1154,0.6061
19,30,evening,Sat,5,1,work,32.82,59.5,3.69,47.0,27.0,clear,medium,70.8,157.6,76.5,0,0,no_action,0.3742,0.6362,0.3869,0.4957,0.2043,0.2497,0.8675,0.764
21,17,evening,Sat,5,1,gas_station,1.99,23.2,4.72,72.2,25.4,clear,medium,73.2,13.1,58.1,1,9,arrived_soon,0.0328,0.2369,0.448,0.8279,0.0474,0.3013,0.1501,0.5222
2,1,night,Sun,6,1,gas_station,1.2,64.4,4.46,55.3,53.9,rain,low,79.6,28.2,70.8,1,9,arrived_soon,0.0464,0.6041,0.3813,0.6149,0.3405,0.3707,0.1466,0.6173
11,9,morning,Mon,0,0,home,9.08,30.0,3.54,64.8,77.5,clear,high,64.7,33.0,-5.0,0,10,coffee_suggestion,0.0869,0.3116,0.3634,0.7536,0.4648,0.1575,0.1905,0.0166
12,1,afternoon,Fri,4,0,gym,1.31,60.0,2.93,49.8,3.0,clear,high,83.7,34.3,66.3,0,9,arrived_soon,0.0493,0.6174,0.2917,0.5865,0.0929,0.4309,0.1939,0.6405
13,35,afternoon,Fri,4,0,gym,6.73,39.9,1.75,81.5,34.9,clear,medium,65.9,127.4,88.1,0,5,speed_alert,0.0682,0.3857,0.2085,0.8762,0.2058,0.2666,0.7142,0.794
13,23,afternoon,Fri,4,0,hospital,53.4,65.5,3.14,40.6,4.2,clear,low,68.4,19.8,68.2,0,0,no_action,0.5512,0.6817,0.3375,0.4385,0.0314,0.2215,0.1234,0.6623
10,40,morning,Wed,2,0,gas_station,0.31,10.0,2.06,90.0,2.5,rain,low,64.5,60.5,36.3,0,5,speed_alert,0.0,0.0944,0.1463,1.0,0.0,0.1804,0.2934,0.3681
0,39,night,Sun,6,1,restaurant,12.07,43.6,3.09,63.5,29.7,clear,high,80.7,4.8,72.5,1,0,no_action,0.0955,0.4278,0.3324,0.7054,0.1993,0.4233,0.0625,0.724
12,27,afternoon,Mon,0,0,work,9.15,3.0,5.0,74.9,81.1,rain,high,81.1,52.9,-8.8,0,5,speed_alert,0.0922,0.0,0.5335,0.8168,0.4309,0.4268,0.3284,0.0441
12,53,afternoon,Sat,5,1,home,9.34,89.0,0.76,68.5,2.3,clear,medium,77.5,18.4,-7.5,0,0,no_action,0.129,0.8912,0.0695,0.7779,0.0629,0.3569,0.1159,0.0222
18,46,evening,Sat,5,1,school,38.98,48.4,2.52,55.8,1.8,clear,medium,80.8,5.0,-6.7,0,0,no_action,0.407,0.4792,0.2682,0.6293,0.0115,0.3888,0.0415,0.0188
22,24,night,Sat,5,1,gas_station,13.3,34.2,5.56,68.4,77.8,clear,low,84.8,27.2,52.8,1,1,take_break_now,0.1323,0.2947,0.521,0.7268,0.4552,0.443,0.1692,0.4683
22,5,night,Fri,4,0,gym,45.41,44.6,2.94,70.7,5.4,rain,medium,78.0,25.7,-2.2,1,5,speed_alert,0.4669,0.4401,0.2974,0.7586,0.0536,0.3063,0.18,0.0528
21,58,evening,Tue,1,0,school,3.89,66.0,3.55,56.8,2.1,fog,medium,76.7,44.3,5.8,1,6,weather_warning,0.078,0.6604,0.3432,0.6143,0.0,0.2918,0.2235,0.1768
12,14,afternoon,Sun,6,1,work,8.1,6.6,3.04,57.7,15.9,clear,low,79.7,74.6,12.0,0,7,route_to_gas,0.052,0.0219,0.3107,0.6897,0.0947,0.3292,0.421,0.1816
17,19,evening,Sat,5,1,school,67.72,76.3,2.92,61.2,18.7,clear,medium,78.3,0.1,101.8,0,0,no_action,0.6478,0.7936,0.2463,0.7115,0.0988,0.3512,0.0,0.9271
0,41,night,Fri,4,0,school,1.48,51.4,4.22,60.2,7.6,clear,medium,80.0,2.3,53.3,1,9,arrived_soon,0.0057,0.5302,0.3983,0.6916,0.1061,0.3733,0.0,0.4875
1,50,night,Tue,1,0,home,7.2,18.8,3.66,49.0,8.8,clear,high,75.4,13.3,57.1,1,4,refuel_soon,0.0913,0.1714,0.3343,0.5373,0.0821,0.3019,0.048,0.5635
11,44,morning,Wed,2,0,grocery,12.18,28.2,4.35,37.7,64.5,clear,medium,70.1,9.5,7.5,0,10,coffee_suggestion,0.1242,0.2043,0.4965,0.3921,0.42,0.2072,0.0281,0.0799
23,49,night,Sat,5,1,home,6.0,8.7,6.85,44.7,46.6,rain,low,83.5,52.6,10.0,1,7,route_to_gas,0.0905,0.1171,0.6594,0.5268,0.2577,0.4094,0.2711,0.1502
7,21,morning,Wed,2,0,school,18.57,24.4,1.67,50.9,51.5,clear,low,65.8,2.1,90.6,0,4,refuel_soon,0.1463,0.2103,0.153,0.5524,0.346,0.2278,0.0402,0.8304
1,2,night,Wed,2,0,hospital,0.64,78.7,3.38,52.9,2.1,clear,low,66.3,77.0,50.6,1,9,arrived_soon,0.0,0.7249,0.3337,0.6309,0.0617,0.2146,0.4865,0.5034
2,47,night,Wed,2,0,gym,59.52,97.0,2.97,50.5,14.3,clear,medium,66.8,65.9,91.8,1,0,no_action,0.658,0.9206,0.2868,0.5303,0.1088,0.2191,0.3468,0.8508
1,31,night,Wed,2,0,hospital,2.6,88.5,3.18,50.3,11.7,rain,medium,76.0,10.4,42.4,1,0,no_action,0.003,0.8865,0.2402,0.5263,0.0663,0.3506,0.0,0.4254
14,42,afternoon,Thu,3,0,gym,18.84,53.4,3.94,67.8,37.6,rain,medium,80.0,48.9,100.3,0,5,speed_alert,0.1842,0.5595,0.411,0.7311,0.2128,0.42,0.247,0.9236
22,31,night,Thu,3,0,home,25.35,51.8,4.67,45.6,13.6,fog,medium,80.3,16.4,25.5,1,6,weather_warning,0.2533,0.4978,0.4941,0.4861,0.1203,0.3688,0.0919,0.3188
4,52,night,Thu,3,0,gas_station,6.12,32.1,3.55,68.0,20.1,clear,medium,74.7,47.0,8.7,1,0,no_action,0.0217,0.2903,0.3389,0.7893,0.1107,0.2943,0.2981,0.202
15,57,afternoon,Mon,0,0,home,50.46,16.5,5.5,70.1,95.8,clear,low,87.0,7.6,95.4,0,4,refuel_soon,0.4712,0.1358,0.5326,0.7933,0.5226,0.4436,0.0437,0.8436
5,23,morning,Mon,0,0,grocery,1.05,52.5,4.5,90.0,22.5,clear,medium,83.0,76.0,59.0,0,5,speed_alert,0.0,0.5423,0.527,1.0,0.0901,0.4204,0.384,0.612
0,41,night,Wed,2,0,gym,20.84,56.7,3.31,37.8,9.2,clear,medium,75.6,34.9,17.0,1,0,no_action,0.2556,0.5457,0.3237,0.3879,0.0808,0.3829,0.1412,0.2146
1,36,night,Sat,5,1,school,19.42,2.7,3.87,81.4,48.0,clear,high,73.4,86.2,78.2,1,5,speed_alert,0.1531,0.0197,0.39,0.8895,0.2748,0.3696,0.4755,0.7219
7,50,morning,Fri,4,0,home,32.8,9.1,0.84,27.5,14.8,snow,low,75.0,15.3,82.8,0,7,route_to_gas,0.3027,0.1094,0.0597,0.2756,0.1179,0.3237,0.0778,0.7922
4,45,night,Tue,1,0,home,7.74,70.4,2.21,67.1,9.1,clear,low,66.6,28.5,109.9,1,0,no_action,0.0878,0.6958,0.2224,0.7299,0.04,0.2588,0.1285,0.9712
12,26,afternoon,Thu,3,0,home,0.75,58.0,3.55,28.4,16.1,snow,medium,75.3,49.7,-5.7,0,9,arrived_soon,0.0293,0.5447,0.37,0.3777,0.134,0.271,0.2602,0.0482
3,22,night,Thu,3,0,gym,3.56,34.5,3.96,36.0,57.1,fog,medium,83.4,38.5,50.2,1,10,coffee_suggestion,0.0,0.3398,0.4214,0.3869,0.31,0.3835,0.1947,0.5545
22,45,night,Wed,2,0,school,14.92,66.1,5.69,83.4,77.9,clear,low,85.9,102.9,51.6,1,5,speed_alert,0.1478,0.7061,0.5977,0.8922,0.4702,0.441,0.5444,0.5196
13,1,afternoon,Sat,5,1,work,10.72,13.7,3.29,76.3,3.9,clear,low,82.3,28.1,51.1,0,4,refuel_soon,0.1588,0.1858,0.3283,0.8341,0.0658,0.4276,0.1654,0.4998
8,16,morning,Tue,1,0,work,3.99,16.6,1.89,74.3,20.9,rain,medium,75.2,124.3,59.5,0,5,speed_alert,0.0601,0.17,0.2667,0.8696,0.1372,0.3225,0.6953,0.5493
14,12,afternoon,Sat,5,1,gas_station,6.27,3.2,3.56,45.1,1.0,rain,high,79.7,38.9,52.5,0,3,refuel_now,0.0618,0.0085,0.333,0.5311,0.0,0.3379,0.2147,0.5245
19,50,evening,Sun,6,1,gas_station,2.34,55.5,5.19,90.0,23.0,clear,medium,86.4,69.3,6.5,0,5,speed_alert,0.004,0.5674,0.4995,0.9794,0.1403,0.451,0.3274,0.0935
13,13,afternoon,Wed,2,0,gas_station,31.15,62.4,2.01,64.1,3.2,snow,high,76.6,14.2,31.2,0,6,weather_warning,0.2411,0.6155,0.1922,0.7471,0.0647,0.2885,0.1214,0.3078
21,29,evening,Thu,3,0,home,26.05,28.4,5.54,48.5,19.1,rain,medium,91.7,88.8,90.9,1,1,take_break_now,0.2607,0.2512,0.5462,0.5351,0.0865,0.5238,0.5123,0.8335
7,2,morning,Tue,1,0,gas_station,32.93,83.5,2.69,63.9,27.2,clear,high,70.8,21.2,85.1,0,0,no_action,0.3668,0.8799,0.2346,0.6959,0.1487,0.2781,0.0648,0.7444
2,31,night,Sat,5,1,grocery,18.05,6.3,7.08,67.7,100.4,clear,high,86.5,33.5,19.2,1,7,route_to_gas,0.2041,0.0998,0.6895,0.7361,0.5509,0.4514,0.1558,0.2813
11,49,morning,Tue,1,0,grocery,4.11,54.5,2.57,54.1,27.3,clear,medium,57.7,46.9,35.7,0,0,no_action,0.043,0.5955,0.2746,0.6039,0.1508,0.1295,0.243,0.3765
5,50,morning,Wed,2,0,gas_station,10.55,64.5,3.83,51.2,35.0,clear,medium,78.5,78.2,69.7,0,0,no_action,0.0654,0.6469,0.378,0.5597,0.2006,0.3791,0.4555,0.6806
18,10,evening,Fri,4,0,gas_station,9.57,10.0,4.09,40.5,15.8,clear,high,74.4,102.4,48.8,0,0,no_action,0.1084,0.1415,0.3973,0.4437,0.1197,0.2511,0.6281,0.5632
13,37,afternoon,Mon,0,0,gas_station,15.79,28.8,2.67,41.3,6.3,snow,medium,65.9,82.8,30.7,0,0,no_action,0.1386,0.2839,0.2553,0.4757,0.0879,0.2163,0.4143,0.2977
11,24,morning,Wed,2,0,home,24.84,42.9,1.28,51.3,25.0,snow,low,72.6,134.7,32.5,0,6,weather_warning,0.2397,0.4149,0.1183,0.5982,0.1152,0.3344,0.7089,0.403
3,13,night,Wed,2,0,restaurant,1.84,72.6,1.24,48.9,1.6,clear,high,62.8,34.9,41.1,1,9,arrived_soon,0.0259,0.6688,0.1229,0.5891,0.0427,0.1422,0.1519,0.4394
2,7,night,Sat,5,1,school,0.84,95.5,2.68,50.0,2.9,clear,medium,77.1,39.4,87.0,1,9,arrived_soon,0.0,0.9252,0.2269,0.6001,0.0,0.3831,0.2347,0.8183
2,16,night,Fri,4,0,restaurant,13.53,50.7,2.93,64.0,28.0,clear,high,71.1,103.5,19.0,1,0,no_action,0.1817,0.5336,0.2818,0.7021,0.197,0.2529,0.5558,0.2976
20,16,evening,Tue,1,0,hospital,8.62,65.7,5.64,37.5,36.3,rain,medium,81.4,122.2,106.0,0,2,take_break_soon,0.1209,0.6561,0.5297,0.4626,0.1907,0.3588,0.6258,0.9477
6,21,morning,Wed,2,0,home,20.2,23.2,3.43,47.5,84.4,clear,medium,77.6,24.6,19.9,0,4,refuel_soon,0.1877,0.263,0.3389,0.5459,0.4888,0.3312,0.1695,0.226
1,57,night,Thu,3,0,gas_station,32.13,68.5,2.17,55.7,30.2,clear,low,72.3,66.1,52.2,1,0,no_action,0.2911,0.7552,0.2487,0.6267,0.2028,0.2195,0.2908,0.5067
12,35,afternoon,Tue,1,0,restaurant,12.21,84.0,0.45,60.2,3.3,clear,high,65.7,40.1,19.2,0,0,no_action,0.1443,0.838,0.0348,0.688,0.0092,0.1166,0.1308,0.2816
22,28,night,Fri,4,0,work,9.48,36.3,8.35,55.2,92.9,clear,low,103.5,22.6,65.1,1,1,take_break_now,0.0559,0.4098,0.8373,0.6043,0.5303,0.651,0.13,0.5826
23,57,night,Tue,1,0,grocery,12.73,39.8,5.1,41.9,49.9,clear,low,81.0,60.1,6.8,1,10,coffee_suggestion,0.1511,0.3866,0.5036,0.47,0.2732,0.3571,0.3331,0.1702
21,43,evening,Thu,3,0,school,4.81,71.6,3.6,49.3,10.6,rain,medium,67.0,177.7,104.7,1,0,no_action,0.0621,0.6905,0.3826,0.5174,0.0601,0.2145,1.0,0.9748
2,10,night,Sun,6,1,gas_station,3.22,86.1,4.35,50.0,39.8,clear,low,69.5,1.2,30.7,1,0,no_action,0.0313,0.832,0.3949,0.5488,0.1982,0.2502,0.0,0.3639
10,8,morning,Sun,6,1,school,8.55,60.2,6.42,53.6,115.3,rain,low,80.9,35.0,-9.2,0,2,take_break_soon,0.1214,0.6603,0.6649,0.6374,0.6635,0.4375,0.2501,0.0353
23,27,night,Thu,3,0,hospital,5.99,41.3,6.92,19.7,112.2,rain,low,88.5,63.9,81.9,1,1,take_break_now,0.1032,0.3757,0.7644,0.2512,0.6294,0.5241,0.32,0.7568
1,44,night,Mon,0,0,school,19.28,78.3,6.33,46.6,73.9,clear,medium,77.5,24.9,85.8,1,1,take_break_now,0.215,0.7627,0.5964,0.502,0.4208,0.3349,0.1396,0.8189
3,44,night,Tue,1,0,hospital,17.32,3.8,6.57,44.2,84.0,clear,medium,88.9,79.3,-1.9,1,7,route_to_gas,0.1632,0.0332,0.6132,0.473,0.4549,0.4751,0.4451,0.0474
1,29,night,Wed,2,0,gym,8.15,16.1,4.05,66.5,29.3,clear,high,84.9,18.2,55.3,1,4,refuel_soon,0.0967,0.156,0.4557,0.7414,0.1504,0.4225,0.0645,0.5605
20,4,evening,Sun,6,1,hospital,41.5,31.6,2.94,48.6,7.0,clear,medium,78.2,0.4,28.3,0,0,no_action,0.4306,0.3691,0.3097,0.5992,0.0661,0.298,0.0804,0.3021
22,21,night,Thu,3,0,hospital,1.68,63.4,5.93,61.6,37.9,clear,high,82.3,24.2,84.4,1,9,arrived_soon,0.0456,0.6227,0.5944,0.7197,0.1421,0.4211,0.1245,0.7594
9,54,morning,Sun,6,1,hospital,2.14,85.3,1.92,44.6,65.5,clear,low,70.5,109.6,32.9,0,2,take_break_soon,0.0463,0.8363,0.2015,0.5328,0.3244,0.2548,0.6037,0.3692
12,36,afternoon,Thu,3,0,hospital,8.47,4.5,4.01,60.2,26.3,rain,low,71.1,4.1,34.2,0,7,route_to_gas,0.0903,0.0005,0.3974,0.6744,0.1119,0.2534,0.0,0.3866
9,38,morning,Tue,1,0,grocery,2.44,55.6,1.94,43.4,27.5,rain,low,71.7,43.6,23.6,0,0,no_action,0.0138,0.6308,0.1709,0.4659,0.2514,0.284,0.2009,0.3053
4,2,night,Sat,5,1,work,20.44,77.1,4.6,61.5,20.7,clear,medium,86.0,122.7,33.3,1,0,no_action,0.2299,0.7775,0.467,0.6877,0.0776,0.4478,0.6882,0.3487
11,17,morning,Fri,4,0,school,0.29,60.6,2.16,52.9,18.4,clear,low,68.5,148.2,59.0,0,9,arrived_soon,0.0162,0.6031,0.2341,0.5897,0.0966,0.2418,0.8102,0.583
17,53,evening,Wed,2,0,gym,5.06,4.7,5.63,38.9,43.4,clear,high,77.7,18.9,55.8,0,7,route_to_gas,0.045,0.0167,0.5884,0.4578,0.2635,0.3625,0.107,0.5326
4,3,night,Thu,3,0,work,5.18,25.9,1.71,57.7,1.0,clear,low,61.2,95.0,97.8,1,0,no_action,0.0493,0.233,0.1901,0.6388,0.0229,0.1351,0.5042,0.9017
0,57,night,Sat,5,1,restaurant,29.29,80.0,2.19,44.8,27.0,rain,high,81.6,19.1,45.4,1,0,no_action,0.2842,0.8332,0.1903,0.5108,0.0797,0.3608,0.1201,0.4221
12,9,afternoon,Wed,2,0,restaurant,7.8,70.1,1.93,56.5,35.8,clear,low,66.5,4.5,100.0,0,0,no_action,0.0801,0.7362,0.227,0.6155,0.2157,0.2186,0.0086,0.9348
12,14,afternoon,Fri,4,0,gas_station,5.68,96.2,4.44,46.2,57.5,clear,medium,73.9,30.8,-5.4,0,10,coffee_suggestion,0.0434,0.9999,0.4456,0.4659,0.3358,0.2867,0.2175,0.0202
23,48,night,Wed,2,0,gas_station,3.93,59.3,3.97,51.6,11.2,snow,medium,77.4,60.9,25.2,1,6,weather_warning,0.0226,0.5896,0.3961,0.5605,0.0718,0.2874,0.3163,0.2852
16,44,afternoon,Sun,6,1,gas_station,17.16,17.0,4.76,52.5,40.2,clear,medium,63.9,64.1,91.8,0,0,no_action,0.1965,0.21,0.5175,0.603,0.2097,0.1429,0.3906,0.8502
1,52,night,Thu,3,0,hospital,2.27,2.9,2.59,47.7,6.1,clear,low,76.8,48.5,36.0,1,7,route_to_gas,0.0394,0.0,0.2976,0.5198,0.0499,0.3533,0.3104,0.3798
8,49,morning,Mon,0,0,home,5.92,47.6,3.01,65.1,19.1,clear,medium,71.3,5.5,-9.1,0,0,no_action,0.0615,0.4628,0.3149,0.7635,0.1257,0.2863,0.0488,0.0
14,51,afternoon,Tue,1,0,school,28.35,25.2,4.99,54.0,99.8,clear,medium,77.4,47.4,68.0,0,8,food_break,0.3044,0.2584,0.457,0.5968,0.5172,0.3389,0.2409,0.6616
19,22,evening,Mon,0,0,gas_station,27.11,14.7,3.55,57.8,15.7,fog,medium,70.2,9.5,98.7,0,6,weather_warning,0.2144,0.129,0.2714,0.649,0.1116,0.2248,0.0389,0.9334
0,59,night,Mon,0,0,school,9.82,91.3,5.01,52.8,50.2,clear,high,81.3,26.0,70.2,1,10,coffee_suggestion,0.0883,0.9077,0.5322,0.5647,0.3192,0.4341,0.1668,0.6385
7,44,morning,Thu,3,0,work,4.72,19.7,2.78,62.9,25.4,rain,medium,79.9,20.8,59.2,0,4,refuel_soon,0.0812,0.1972,0.2074,0.6654,0.1641,0.3267,0.1059,0.5871
1,19,night,Fri,4,0,hospital,11.64,20.4,4.22,43.0,68.1,rain,low,80.3,4.2,15.7,1,4,refuel_soon,0.1208,0.2279,0.428,0.4892,0.3594,0.3603,0.0598,0.2333
16,56,afternoon,Thu,3,0,home,3.22,46.3,3.39,9.8,19.1,clear,high,78.0,22.5,53.4,0,0,no_action,0.0272,0.4227,0.3334,0.0705,0.0508,0.3172,0.1702,0.5205
19,1,evening,Fri,4,0,gym,29.47,46.8,2.55,45.9,16.9,clear,low,61.6,18.4,28.1,0,0,no_action,0.2715,0.497,0.2182,0.5185,0.0984,0.1739,0.0981,0.3415
18,30,evening,Tue,1,0,home,4.86,71.6,4.88,47.1,26.4,clear,low,82.2,47.4,89.7,0,0,no_action,0.0391,0.6966,0.4435,0.5702,0.1592,0.4158,0.3566,0.8406
21,7,evening,Wed,2,0,gas_station,16.36,12.5,5.4,78.9,61.8,rain,medium,85.7,55.5,1.0,1,5,speed_alert,0.1842,0.1288,0.5597,0.8991,0.3481,0.44,0.3542,0.0775
20,38,evening,Mon,0,0,gas_station,39.79,37.7,6.34,45.2,50.4,snow,low,87.3,26.0,57.9,0,6,weather_warning,0.3811,0.3907,0.6334,0.4967,0.2772,0.4661,0.1845,0.5648
6,58,morning,Sun,6,1,hospital,0.25,3.4,2.53,40.4,44.3,clear,high,66.8,61.1,81.6,0,7,route_to_gas,0.0,0.0328,0.2139,0.4486,0.2137,0.1987,0.3672,0.771
23,14,night,Wed,2,0,hospital,4.67,8.6,6.16,82.7,35.2,snow,medium,81.0,17.6,86.5,1,6,weather_warning,0.0003,0.0656,0.6555,0.944,0.1879,0.4292,0.1203,0.7962
18,7,evening,Sun,6,1,restaurant,12.04,62.1,4.32,50.5,29.7,fog,medium,75.7,56.1,28.1,0,6,weather_warning,0.1191,0.6748,0.4518,0.5483,0.1723,0.3103,0.3377,0.2776
10,41,morning,Wed,2,0,work,10.23,43.7,3.43,10.0,41.6,clear,high,74.9,5.6,62.0,0,0,no_action,0.069,0.4245,0.3442,0.1177,0.2075,0.3383,0.0123,0.5738
4,34,night,Sun,6,1,grocery,2.37,31.7,3.88,73.5,10.5,rain,low,76.8,173.2,79.6,1,5,speed_alert,0.0,0.3112,0.3687,0.8047,0.0359,0.3262,0.978,0.7428
20,5,evening,Thu,3,0,restaurant,1.15,81.1,6.03,58.7,32.3,clear,low,87.5,8.5,33.2,0,9,arrived_soon,0.0,0.846,0.5884,0.6719,0.1639,0.4626,0.0,0.3507
21,23,evening,Sat,5,1,hospital,24.48,17.3,3.72,70.5,9.2,fog,medium,71.8,21.8,64.3,1,6,weather_warning,0.2784,0.1702,0.3299,0.7438,0.0564,0.2892,0.0592,0.6092
18,58,evening,Sat,5,1,school,2.18,51.4,3.95,40.7,32.9,clear,high,71.0,28.2,42.8,0,0,no_action,0.0211,0.5308,0.3767,0.4694,0.1214,0.2754,0.0825,0.4336
3,12,night,Sat,5,1,home,12.46,29.3,3.61,57.8,16.4,clear,low,77.7,12.2,24.4,1,0,no_action,0.1313,0.2763,0.3031,0.6461,0.0628,0.329,0.082,0.3295
10,15,morning,Wed,2,0,work,10.49,6.2,2.45,51.4,12.9,rain,medium,65.7,2.3,-4.9,0,7,route_to_gas,0.1029,0.0719,0.2531,0.5651,0.0663,0.1892,0.0,0.1073
9,54,morning,Wed,2,0,grocery,23.1,93.8,7.85,48.9,176.4,fog,high,85.1,64.4,57.3,0,1,take_break_now,0.2041,0.9812,0.7592,0.5601,1.0,0.4343,0.3167,0.5203
15,57,afternoon,Sun,6,1,restaurant,13.13,17.2,4.23,40.4,33.7,rain,high,61.2,43.1,76.4,0,4,refuel_soon,0.1453,0.2139,0.4235,0.4784,0.1917,0.1875,0.2078,0.7195
15,11,afternoon,Fri,4,0,gas_station,37.37,35.8,2.46,63.3,9.1,fog,medium,64.5,30.0,57.8,0,6,weather_warning,0.3669,0.3586,0.1749,0.6975,0.028,0.2091,0.1964,0.5819
0,24,night,Fri,4,0,gym,0.91,32.8,4.41,49.2,14.3,rain,medium,78.3,54.8,74.4,1,9,arrived_soon,0.0,0.2967,0.4103,0.5356,0.0426,0.3524,0.2995,0.6795
4,32,night,Fri,4,0,gym,5.6,4.0,2.57,65.7,35.7,clear,medium,67.8,6.2,108.2,1,7,route_to_gas,0.0815,0.0422,0.3022,0.6952,0.1539,0.2043,0.0,0.9432
15,34,afternoon,Sat,5,1,home,6.31,29.7,3.15,35.2,55.4,clear,low,86.7,4.7,93.1,0,0,no_action,0.0956,0.2814,0.293,0.413,0.325,0.4163,0.0,0.7829
5,41,morning,Thu,3,0,work,4.9,66.1,3.38,56.8,44.8,fog,medium,75.0,142.9,59.9,0,6,weather_warning,0.0,0.6502,0.2903,0.6312,0.2257,0.2542,0.8459,0.5662
0,21,night,Wed,2,0,grocery,11.8,52.4,4.96,63.9,37.4,rain,low,83.0,78.9,-4.7,1,6,weather_warning,0.1137,0.4807,0.5136,0.7112,0.1955,0.4513,0.3952,0.0935
22,15,night,Sun,6,1,home,6.14,10.2,5.49,52.0,36.3,rain,high,93.8,42.6,18.9,1,4,refuel_soon,0.0334,0.0966,0.5676,0.5535,0.2494,0.5495,0.2503,0.2332
13,58,afternoon,Sun,6,1,home,3.08,73.7,2.88,39.0,21.2,snow,medium,68.5,6.2,37.0,0,0,no_action,0.0286,0.7345,0.2856,0.422,0.1222,0.2123,0.1139,0.3496
9,48,morning,Tue,1,0,hospital,35.63,16.8,3.08,73.5,55.7,clear,low,75.4,113.2,21.1,0,4,refuel_soon,0.3325,0.1623,0.2574,0.8293,0.2584,0.322,0.5921,0.2337
3,58,night,Sat,5,1,hospital,13.3,20.3,4.66,66.2,58.1,rain,low,82.7,27.5,100.5,1,5,speed_alert,0.1394,0.2074,0.4818,0.7446,0.3392,0.4144,0.1783,0.8721
14,55,afternoon,Wed,2,0,restaurant,20.91,16.8,3.82,24.0,31.1,clear,high,59.1,22.5,103.3,0,4,refuel_soon,0.2392,0.1793,0.4084,0.2729,0.1894,0.104,0.1287,0.9249
14,50,afternoon,Mon,0,0,hospital,2.98,36.2,3.6,74.2,33.6,clear,high,72.0,88.3,105.7,0,0,no_action,0.0489,0.4034,0.4088,0.8452,0.145,0.2808,0.5546,0.9385
21,16,evening,Fri,4,0,gas_station,15.75,93.7,4.05,37.1,9.1,clear,medium,83.4,3.3,38.1,1,0,no_action,0.1454,0.9733,0.5262,0.4325,0.0536,0.3783,0.0,0.3947
1,16,night,Sun,6,1,work,8.42,48.4,2.77,54.3,11.4,clear,medium,79.5,102.5,106.4,1,0,no_action,0.0809,0.5062,0.2618,0.578,0.0853,0.3544,0.5857,0.937
17,18,evening,Sat,5,1,grocery,0.44,20.4,4.9,32.2,25.5,rain,medium,84.8,80.9,13.0,0,4,refuel_soon,0.0,0.165,0.4608,0.3766,0.1613,0.4041,0.4697,0.2054
9,44,morning,Thu,3,0,home,13.45,45.2,3.63,54.4,73.0,clear,low,79.7,77.6,95.9,0,2,take_break_soon,0.1124,0.4845,0.3736,0.5741,0.3996,0.3189,0.4321,0.8767
16,54,afternoon,Thu,3,0,grocery,18.03,98.4,3.89,38.0,12.0,clear,medium,72.6,36.8,38.6,0,0,no_action,0.1772,0.9987,0.3522,0.4016,0.062,0.2761,0.2597,0.4122
6,6,morning,Sat,5,1,gas_station,3.82,97.7,1.15,64.9,25.7,rain,medium,78.7,6.0,-2.7,0,6,weather_warning,0.0714,0.9584,0.1195,0.6824,0.112,0.36,0.0444,0.0098
12,50,afternoon,Fri,4,0,school,12.07,13.4,3.58,74.0,36.2,clear,medium,79.3,3.0,89.3,0,4,refuel_soon,0.1329,0.101,0.3253,0.8477,0.2169,0.3286,0.0,0.8006
3,20,night,Wed,2,0,restaurant,39.27,96.9,1.48,61.8,13.6,snow,medium,69.9,21.4,40.5,1,6,weather_warning,0.3799,0.9764,0.1599,0.6924,0.04,0.2187,0.131,0.4646
18,1,evening,Mon,0,0,grocery,13.73,14.7,2.9,57.8,28.8,fog,low,70.5,143.6,97.1,0,6,weather_warning,0.142,0.164,0.2679,0.648,0.1685,0.2101,0.8056,0.8912
0,23,night,Mon,0,0,restaurant,11.61,53.1,5.79,62.2,106.1,clear,low,86.0,9.5,23.6,1,1,take_break_now,0.0864,0.5215,0.5999,0.7035,0.6014,0.4441,0.0416,0.2749
18,3,evening,Wed,2,0,gym,20.06,94.2,5.88,78.5,46.5,clear,low,86.3,38.8,-9.3,0,2,take_break_soon,0.1926,0.9265,0.5747,0.9054,0.2404,0.4705,0.2249,0.0
5,56,morning,Thu,3,0,gym,6.89,57.6,4.97,68.9,83.6,snow,low,82.6,12.9,64.1,0,6,weather_warning,0.1293,0.5914,0.5176,0.7613,0.4086,0.4281,0.0547,0.6338
14,38,afternoon,Wed,2,0,work,9.93,77.8,1.45,79.5,10.2,clear,low,76.4,1.5,27.7,0,0,no_action,0.1444,0.8122,0.1442,0.8465,0.039,0.2748,0.0369,0.266
8,38,morning,Tue,1,0,gym,7.36,27.4,2.6,43.6,28.4,snow,low,59.7,18.3,19.6,0,0,no_action,0.0764,0.249,0.2512,0.5111,0.1423,0.1284,0.1016,0.23
22,48,night,Thu,3,0,grocery,16.99,16.9,5.0,52.5,17.2,clear,medium,77.2,0.3,91.8,1,4,refuel_soon,0.1111,0.1663,0.5432,0.5595,0.0893,0.3495,0.007,0.8954
8,27,morning,Tue,1,0,work,14.47,70.2,1.5,49.2,24.6,clear,low,62.6,61.6,40.3,0,0,no_action,0.1795,0.6902,0.1685,0.5522,0.1589,0.1611,0.2922,0.4492
22,38,night,Sat,5,1,restaurant,2.8,13.6,7.6,69.0,97.4,rain,low,90.4,1.4,98.7,1,1,take_break_now,0.035,0.172,0.7587,0.7831,0.5422,0.5081,0.0596,0.9416
15,15,afternoon,Sat,5,1,grocery,37.91,6.6,4.41,38.4,97.0,clear,medium,72.3,12.0,45.2,0,7,route_to_gas,0.387,0.0868,0.4636,0.4681,0.5607,0.2388,0.1271,0.4922
15,29,afternoon,Mon,0,0,restaurant,1.48,38.7,3.19,47.0,6.6,rain,medium,73.1,5.5,32.0,0,9,arrived_soon,0.0,0.3518,0.3193,0.539,0.0486,0.2728,0.0395,0.3947
4,8,night,Wed,2,0,restaurant,16.16,35.9,3.4,56.4,1.7,clear,high,75.7,17.8,-8.6,1,0,no_action,0.1511,0.3392,0.2853,0.6354,0.0708,0.3351,0.1192,0.0
5,32,morning,Thu,3,0,home,5.21,50.7,1.39,43.7,8.1,clear,medium,69.5,48.3,75.9,0,0,no_action,0.0509,0.4975,0.1035,0.4744,0.0354,0.2247,0.2959,0.6586
20,43,evening,Wed,2,0,gym,2.7,99.2,2.77,48.4,8.5,clear,medium,73.0,27.5,81.6,0,0,no_action,0.0436,1.0,0.2992,0.5462,0.0531,0.2905,0.1357,0.773
17,43,evening,Sun,6,1,restaurant,1.72,87.8,6.69,77.3,108.3,clear,high,98.2,10.8,18.6,0,9,arrived_soon,0.0234,0.8855,0.66,0.8872,0.6426,0.571,0.0494,0.2655
20,23,evening,Sat,5,1,grocery,12.09,63.0,2.51,41.6,2.6,rain,high,66.7,36.9,43.8,0,0,no_action,0.1345,0.5713,0.2204,0.406,0.0272,0.1549,0.2057,0.4975
3,13,night,Tue,1,0,restaurant,8.11,84.6,4.32,64.0,22.7,rain,medium,64.5,47.1,62.0,1,6,weather_warning,0.0834,0.8399,0.428,0.7058,0.1269,0.1975,0.2659,0.5917
18,1,evening,Mon,0,0,gym,56.55,85.0,6.17,49.8,48.5,clear,high,80.5,31.7,97.6,0,2,take_break_soon,0.5684,0.8397,0.6131,0.4477,0.2712,0.3817,0.2071,0.9356
12,10,afternoon,Sat,5,1,school,1.96,22.7,2.08,76.0,17.4,rain,medium,66.8,101.7,11.5,0,5,speed_alert,0.0264,0.2332,0.2282,0.852,0.0744,0.2359,0.6171,0.1615
4,58,night,Tue,1,0,grocery,2.7,11.6,3.0,53.5,43.5,fog,low,66.6,23.2,36.5,1,6,weather_warning,0.0,0.0687,0.3194,0.615,0.2307,0.2163,0.1347,0.4055
18,32,evening,Tue,1,0,gym,0.72,16.9,5.08,66.3,23.3,clear,medium,89.3,51.9,66.1,0,4,refuel_soon,0.0013,0.0837,0.4985,0.6956,0.1362,0.4958,0.309,0.6762
16,45,afternoon,Tue,1,0,home,14.54,5.8,2.65,40.8,14.2,clear,high,70.3,15.9,103.7,0,7,route_to_gas,0.1804,0.0483,0.3015,0.4123,0.0373,0.217,0.0885,0.9837
17,24,evening,Sat,5,1,grocery,2.67,33.7,5.84,46.4,64.6,rain,low,78.1,24.6,46.4,0,2,take_break_soon,0.0693,0.3786,0.5856,0.4709,0.4275,0.3626,0.1268,0.4985
15,48,afternoon,Thu,3,0,school,3.5,9.0,4.68,69.3,97.9,clear,high,77.5,24.3,-3.6,0,7,route_to_gas,0.0797,0.0733,0.4846,0.7833,0.5444,0.2984,0.0961,0.0299
17,22,evening,Tue,1,0,hospital,3.46,11.9,4.01,84.6,43.1,clear,medium,74.1,24.0,28.3,0,5,speed_alert,0.0242,0.0983,0.4433,0.9409,0.2723,0.2812,0.1757,0.3276
1,1,night,Tue,1,0,school,31.75,60.3,5.02,32.6,63.1,clear,medium,83.8,102.1,-6.2,1,1,take_break_now,0.3216,0.6007,0.515,0.3664,0.2691,0.4123,0.5802,0.0811
7,27,morning,Mon,0,0,school,20.24,35.9,0.95,57.5,49.1,rain,low,74.8,86.3,-6.1,0,0,no_action,0.2254,0.3836,0.0892,0.6283,0.307,0.3599,0.4569,0.0243
14,42,afternoon,Sun,6,1,gym,14.86,92.2,3.9,48.3,28.6,rain,high,75.7,20.9,30.4,0,0,no_action,0.1612,0.914,0.3869,0.5591,0.1248,0.3269,0.1374,0.283
7,2,morning,Sun,6,1,work,2.28,66.6,1.62,57.0,66.1,clear,high,73.0,6.6,59.7,0,0,no_action,0.0055,0.6903,0.2012,0.6664,0.3629,0.215,0.0484,0.6252
22,51,night,Thu,3,0,school,8.34,31.6,4.7,69.1,31.9,rain,low,88.3,14.2,69.7,1,5,speed_alert,0.0491,0.3772,0.4688,0.8101,0.2042,0.4626,0.0636,0.7073
13,21,afternoon,Sat,5,1,work,0.41,3.5,3.39,48.0,11.2,clear,medium,74.7,22.9,16.7,0,7,route_to_gas,0.0189,0.0887,0.3339,0.5169,0.1147,0.2918,0.1221,0.2441
6,42,morning,Fri,4,0,hospital,0.92,83.9,2.66,86.6,21.2,clear,medium,76.4,46.4,8.6,0,5,speed_alert,0.0392,0.7796,0.2508,0.9066,0.1409,0.2831,0.2193,0.1707
11,57,morning,Fri,4,0,gas_station,0.77,23.0,2.2,68.4,25.0,clear,medium,75.7,17.4,27.9,0,9,arrived_soon,0.0,0.2089,0.2469,0.7176,0.1089,0.312,0.1452,0.3473
6,27,morning,Mon,0,0,gas_station,2.53,44.8,2.71,78.9,23.7,snow,medium,59.8,37.4,38.9,0,6,weather_warning,0.0598,0.4866,0.2992,0.8358,0.1574,0.1372,0.1575,0.3455
17,18,evening,Tue,1,0,home,7.63,4.6,6.66,83.3,66.7,clear,high,83.2,53.4,2.0,0,5,speed_alert,0.086,0.0057,0.664,0.8903,0.3371,0.4645,0.2983,0.1061
14,27,afternoon,Mon,0,0,gas_station,3.57,56.4,2.52,74.3,1.5,clear,medium,66.6,180.0,43.6,0,0,no_action,0.0,0.5502,0.2951,0.8253,0.0351,0.1581,0.9519,0.4901
18,22,evening,Fri,4,0,home,1.86,13.9,8.08,62.3,103.0,clear,high,79.1,30.6,72.5,0,1,take_break_now,0.0075,0.1587,0.8522,0.6858,0.5598,0.3662,0.151,0.6701
19,35,evening,Sat,5,1,school,2.83,45.7,6.31,44.2,61.8,clear,medium,84.2,21.1,61.3,0,2,take_break_soon,0.0637,0.4795,0.6842,0.4475,0.3845,0.3982,0.1001,0.6106
7,49,morning,Tue,1,0,home,29.51,48.3,3.16,61.3,29.5,rain,high,72.5,133.2,46.4,0,6,weather_warning,0.3086,0.4693,0.3757,0.6589,0.1606,0.3008,0.7666,0.5081
0,2,night,Fri,4,0,gym,2.69,93.7,5.37,41.4,42.0,clear,medium,84.1,111.8,57.3,1,0,no_action,0.014,0.9048,0.5218,0.4451,0.2126,0.4038,0.613,0.552
18,6,evening,Sat,5,1,school,14.71,14.6,2.75,36.9,10.6,clear,medium,62.5,30.1,31.1,0,4,refuel_soon,0.1392,0.1784,0.262,0.4085,0.1025,0.1705,0.1447,0.3473
19,20,evening,Sun,6,1,gym,1.11,39.0,4.15,67.5,6.8,clear,medium,83.1,2.0,62.1,0,9,arrived_soon,0.0,0.388,0.3905,0.7616,0.0,0.3938,0.0253,0.5703
15,18,afternoon,Tue,1,0,work,0.2,32.0,3.11,48.1,11.5,rain,medium,73.3,168.9,50.8,0,9,arrived_soon,0.0,0.2646,0.3271,0.5637,0.0102,0.302,0.9709,0.5249
17,16,evening,Tue,1,0,grocery,24.17,79.9,4.02,61.3,14.0,rain,high,77.7,7.8,73.7,0,6,weather_warning,0.2801,0.7766,0.4351,0.7186,0.069,0.3963,0.0572,0.6709
8,25,morning,Sun,6,1,grocery,13.57,58.7,3.97,90.0,62.3,clear,medium,84.1,94.0,15.3,0,5,speed_alert,0.0857,0.5738,0.4289,1.0,0.3228,0.3991,0.5394,0.1925
10,31,morning,Fri,4,0,grocery,31.8,56.6,2.25,50.5,7.6,clear,medium,84.7,41.1,93.2,0,0,no_action,0.2863,0.5742,0.1959,0.5523,0.0962,0.4202,0.2199,0.8319
9,12,morning,Tue,1,0,restaurant,45.32,9.0,2.5,33.8,10.0,clear,medium,80.2,34.5,56.7,0,7,route_to_gas,0.4409,0.0895,0.2565,0.3482,0.0486,0.3549,0.1551,0.5311
11,42,morning,Wed,2,0,gas_station,19.18,36.0,4.01,55.1,32.2,rain,medium,76.0,11.9,14.5,0,0,no_action,0.2102,0.3039,0.4245,0.6115,0.1644,0.3186,0.0613,0.2435
4,14,night,Sun,6,1,home,9.74,34.2,6.36,54.1,152.0,clear,medium,79.7,27.3,80.6,1,1,take_break_now,0.1398,0.2996,0.7063,0.5544,0.7836,0.3701,0.1179,0.7536
23,38,night,Mon,0,0,restaurant,16.29,48.7,5.95,40.5,15.6,clear,low,75.2,3.8,107.2,1,1,take_break_now,0.1096,0.5295,0.6,0.449,0.0555,0.3384,0.0209,0.9564
16,11,afternoon,Thu,3,0,hospital,1.45,52.1,3.86,41.2,6.5,fog,high,70.9,23.6,6.5,0,9,arrived_soon,0.0,0.5221,0.3823,0.4532,0.0238,0.2224,0.1335,0.1134
12,48,afternoon,Mon,0,0,gas_station,22.0,96.8,5.19,19.0,63.1,snow,low,72.1,14.7,108.3,0,10,coffee_suggestion,0.2703,0.9892,0.5295,0.1558,0.3551,0.2594,0.0573,0.9907
12,8,afternoon,Sun,6,1,school,3.51,23.8,0.84,38.2,13.3,rain,medium,63.6,21.2,6.8,0,4,refuel_soon,0.0121,0.2378,0.0756,0.4066,0.1217,0.1819,0.1065,0.1445
15,7,afternoon,Mon,0,0,hospital,3.28,19.4,2.33,46.5,26.9,clear,low,59.6,4.7,16.9,0,4,refuel_soon,0.0729,0.1739,0.2715,0.5386,0.1438,0.112,0.0318,0.2509
10,5,morning,Mon,0,0,school,11.66,56.2,1.48,63.1,16.7,clear,medium,74.8,57.1,37.0,0,0,no_action,0.0958,0.5736,0.1462,0.6918,0.173,0.2642,0.3461,0.3662
21,37,evening,Wed,2,0,home,1.0,15.9,4.29,68.3,5.2,clear,medium,69.9,51.8,84.2,1,4,refuel_soon,0.0,0.2042,0.3833,0.7273,0.0411,0.2312,0.2421,0.8459
17,19,evening,Wed,2,0,hospital,0.65,83.7,4.29,42.6,58.9,clear,high,82.4,28.0,49.7,0,9,arrived_soon,0.0,0.8371,0.3945,0.4344,0.3008,0.3755,0.1434,0.4684
1,25,night,Thu,3,0,work,9.53,45.7,4.92,33.5,93.8,clear,medium,87.6,85.2,23.5,1,1,take_break_now,0.0706,0.4303,0.5058,0.3636,0.5838,0.5075,0.5126,0.299
2,24,night,Thu,3,0,restaurant,1.49,39.6,1.1,81.1,2.4,snow,low,67.2,32.7,12.3,1,6,weather_warning,0.0,0.416,0.0787,0.9062,0.0476,0.1946,0.1734,0.1466
8,3,morning,Fri,4,0,work,20.35,41.1,2.1,48.7,11.7,rain,medium,65.5,20.4,93.1,0,0,no_action,0.2253,0.4105,0.1551,0.5446,0.0143,0.2151,0.1058,0.915
20,59,evening,Mon,0,0,grocery,3.85,83.4,3.0,69.0,4.1,fog,low,73.8,129.4,-0.8,0,6,weather_warning,0.0872,0.8252,0.2862,0.6818,0.0416,0.3005,0.7221,0.0649
23,38,night,Sat,5,1,gym,28.27,91.0,6.08,47.4,87.2,snow,low,84.6,22.6,42.6,1,6,weather_warning,0.2221,0.9048,0.6565,0.5236,0.5035,0.5036,0.1377,0.4155
1,31,night,Sun,6,1,gas_station,12.87,22.2,4.0,42.7,23.0,clear,high,83.9,3.0,68.9,1,0,no_action,0.1163,0.24,0.3796,0.4705,0.1155,0.3446,0.0206,0.652
10,12,morning,Fri,4,0,grocery,2.1,35.1,0.19,51.3,6.0,clear,medium,64.1,30.9,-3.0,0,0,no_action,0.0412,0.3705,0.0655,0.5588,0.0731,0.1452,0.1392,0.0807
4,3,night,Mon,0,0,grocery,15.62,47.4,1.98,45.1,24.5,clear,low,70.8,15.5,96.1,1,0,no_action,0.204,0.461,0.184,0.4494,0.1347,0.2793,0.1114,0.8875
6,47,morning,Tue,1,0,home,9.64,87.2,0.0,65.0,1.0,snow,high,72.7,19.9,12.2,0,6,weather_warning,0.1033,0.8306,0.0092,0.7052,0.0119,0.2852,0.1245,0.1817
9,41,morning,Fri,4,0,gas_station,3.22,3.5,4.19,57.5,80.6,clear,low,77.6,6.5,101.1,0,3,refuel_now,0.0,0.0511,0.4194,0.6285,0.4307,0.3596,0.0593,0.8919
8,21,morning,Tue,1,0,gym,8.04,7.7,0.7,58.7,26.5,clear,low,80.6,30.2,82.9,0,7,route_to_gas,0.1058,0.0664,0.1069,0.6511,0.1514,0.3743,0.152,0.7573
12,39,afternoon,Sun,6,1,gym,3.57,34.2,2.67,54.9,5.9,clear,medium,69.7,38.6,28.3,0,0,no_action,0.0,0.3828,0.2617,0.6077,0.0334,0.2803,0.1918,0.2677
7,24,morning,Wed,2,0,work,9.59,60.4,0.0,90.0,7.1,fog,medium,62.4,20.4,51.0,0,6,weather_warning,0.1474,0.588,0.0422,1.0,0.0384,0.1709,0.1213,0.5192
17,46,evening,Wed,2,0,hospital,47.74,81.8,2.96,64.7,17.5,rain,low,73.3,25.8,-9.5,0,6,weather_warning,0.5178,0.7938,0.2341,0.7434,0.0814,0.2387,0.1388,0.0414
2,20,night,Tue,1,0,grocery,23.07,17.6,1.08,32.7,1.5,rain,low,65.3,58.5,1.3,1,4,refuel_soon,0.2645,0.1402,0.1143,0.3064,0.0352,0.1418,0.301,0.094
10,16,morning,Fri,4,0,work,37.44,66.6,3.32,43.0,27.9,clear,low,78.0,28.5,34.3,0,0,no_action,0.3685,0.6995,0.3593,0.4407,0.1463,0.2742,0.1706,0.313
5,42,morning,Thu,3,0,home,0.65,28.4,4.79,64.3,25.7,clear,medium,78.6,7.2,9.4,0,9,arrived_soon,0.0,0.3401,0.4842,0.7218,0.1485,0.3882,0.0574,0.175
19,18,evening,Mon,0,0,school,15.82,16.8,4.9,63.7,11.2,clear,high,71.7,4.7,109.9,0,4,refuel_soon,0.185,0.1786,0.446,0.6966,0.0891,0.2775,0.0,0.9793
2,19,night,Fri,4,0,grocery,2.35,96.8,2.43,50.9,42.8,rain,medium,64.4,12.4,-8.3,1,0,no_action,0.02,1.0,0.2027,0.5618,0.1951,0.1679,0.0586,0.0392
15,55,afternoon,Mon,0,0,grocery,24.69,24.0,6.82,63.4,92.8,rain,low,75.1,44.8,11.0,0,4,refuel_soon,0.2693,0.2793,0.676,0.6736,0.5152,0.3245,0.2392,0.1581
13,41,afternoon,Sun,6,1,gym,7.85,71.7,1.47,57.3,13.8,snow,medium,72.5,121.3,6.7,0,6,weather_warning,0.0192,0.7554,0.159,0.6002,0.0533,0.288,0.6942,0.1249
4,56,night,Thu,3,0,gym,6.02,40.3,3.79,58.5,6.2,clear,high,79.2,33.1,27.5,1,0,no_action,0.1033,0.3717,0.3565,0.6506,0.0432,0.3464,0.1862,0.3306
16,7,afternoon,Tue,1,0,grocery,14.62,9.7,7.56,71.1,140.0,rain,medium,104.3,2.7,-9.1,0,1,take_break_now,0.1832,0.0604,0.7487,0.7788,0.7569,0.686,0.0283,0.0208
17,40,evening,Mon,0,0,grocery,11.84,7.4,2.97,40.9,15.3,rain,low,78.5,5.7,57.3,0,7,route_to_gas,0.1184,0.0783,0.2512,0.4738,0.0769,0.3698,0.0387,0.5662
9,30,morning,Sun,6,1,gas_station,9.09,5.5,1.13,39.7,35.8,clear,medium,55.6,99.0,15.5,0,3,refuel_now,0.0773,0.0502,0.1439,0.4646,0.2295,0.0,0.6019,0.2318
16,7,afternoon,Fri,4,0,gas_station,14.62,16.7,3.3,53.7,1.0,rain,medium,73.4,12.4,48.6,0,0,no_action,0.184,0.1999,0.3252,0.5324,0.0011,0.2694,0.065,0.4686
20,0,evening,Mon,0,0,restaurant,7.3,73.9,2.32,68.7,1.0,rain,medium,76.3,15.8,78.8,0,5,speed_alert,0.0179,0.7236,0.2532,0.7447,0.0542,0.327,0.0903,0.7733
17,16,evening,Sun,6,1,gym,10.56,30.1,3.66,67.4,30.4,clear,low,66.5,108.6,84.3,0,0,no_action,0.1316,0.2948,0.378,0.7717,0.1442,0.1853,0.6092,0.8127
9,41,morning,Tue,1,0,gas_station,62.7,47.0,3.04,46.9,25.9,clear,low,69.8,34.6,46.8,0,0,no_action,0.6449,0.486,0.3667,0.4988,0.0954,0.2165,0.1711,0.4439
7,8,morning,Tue,1,0,hospital,18.68,17.7,2.81,70.8,31.8,fog,low,76.6,53.7,97.0,0,6,weather_warning,0.1514,0.1771,0.3114,0.7872,0.1515,0.2946,0.274,0.9035
11,44,morning,Sun,6,1,grocery,4.89,35.8,3.67,65.3,51.8,snow,medium,76.9,19.1,74.4,0,6,weather_warning,0.053,0.369,0.3147,0.6923,0.2126,0.3886,0.1521,0.715
3,30,night,Wed,2,0,school,3.1,59.7,3.09,75.7,10.3,clear,low,68.7,12.2,96.6,1,0,no_action,0.0372,0.582,0.3319,0.8435,0.0893,0.2232,0.1593,0.8717
0,18,night,Tue,1,0,hospital,6.48,16.5,3.22,34.7,31.3,clear,medium,88.5,176.5,21.7,1,4,refuel_soon,0.0431,0.1394,0.3004,0.4106,0.1593,0.5485,0.9932,0.2337
21,42,evening,Thu,3,0,gym,4.46,12.9,3.07,46.1,2.5,clear,medium,82.5,17.8,-7.7,1,4,refuel_soon,0.0685,0.0944,0.2519,0.5256,0.0,0.4043,0.1025,0.027
10,40,morning,Thu,3,0,restaurant,0.75,79.9,2.05,90.0,7.8,clear,low,66.9,84.3,59.2,0,5,speed_alert,0.0305,0.8054,0.2365,1.0,0.0518,0.2082,0.4952,0.5492
22,9,night,Fri,4,0,restaurant,6.44,32.1,5.34,47.9,23.1,clear,medium,79.0,8.8,52.2,1,0,no_action,0.051,0.2976,0.5664,0.4694,0.1219,0.3479,0.0617,0.4746
1,25,night,Fri,4,0,gas_station,7.66,24.5,6.61,37.0,130.1,clear,medium,82.5,12.7,25.7,1,1,take_break_now,0.0901,0.2217,0.6771,0.4371,0.7049,0.4049,0.0437,0.2634
22,32,night,Fri,4,0,work,9.56,2.8,4.21,52.9,6.8,rain,low,67.8,75.2,53.3,1,7,route_to_gas,0.1047,0.0131,0.4217,0.5324,0.0518,0.2276,0.4772,0.5273
12,51,afternoon,Mon,0,0,grocery,1.45,36.7,2.26,58.9,6.1,rain,medium,76.7,38.9,42.1,0,9,arrived_soon,0.0,0.3728,0.262,0.6708,0.0566,0.3193,0.21,0.4302
3,7,night,Tue,1,0,work,19.32,53.3,3.98,82.7,8.4,clear,medium,79.2,134.4,33.9,1,5,speed_alert,0.2173,0.51,0.3562,0.9362,0.0452,0.3225,0.7597,0.3579
12,46,afternoon,Mon,0,0,restaurant,8.42,8.5,3.29,72.0,73.1,rain,medium,85.6,37.9,79.9,0,5,speed_alert,0.077,0.1165,0.3183,0.7736,0.3885,0.432,0.2493,0.7542
3,41,night,Sun,6,1,work,5.36,28.4,3.49,51.1,12.5,clear,high,73.2,16.1,9.2,1,0,no_action,0.0464,0.3034,0.3864,0.5268,0.0515,0.2787,0.1132,0.1444
4,12,night,Tue,1,0,school,0.2,93.2,2.34,39.9,33.5,rain,low,72.5,109.2,13.0,1,9,arrived_soon,0.0009,0.9213,0.2586,0.4785,0.2188,0.2452,0.6457,0.1813
14,25,afternoon,Wed,2,0,grocery,10.9,80.8,2.56,46.4,29.8,rain,medium,72.2,17.6,41.7,0,0,no_action,0.0946,0.8554,0.2134,0.5102,0.1445,0.2479,0.083,0.4843
23,25,night,Wed,2,0,gym,37.9,55.2,5.59,20.9,3.4,rain,high,79.3,65.8,4.2,1,1,take_break_now,0.3221,0.5276,0.533,0.2368,0.0,0.4162,0.3669,0.1149
12,35,afternoon,Mon,0,0,grocery,10.15,96.6,4.19,64.5,72.0,snow,medium,83.0,50.6,18.5,0,6,weather_warning,0.0847,1.0,0.4762,0.7031,0.3799,0.3639,0.2832,0.242
10,4,morning,Fri,4,0,school,24.89,41.3,4.67,61.9,68.4,fog,medium,83.8,102.2,88.0,0,6,weather_warning,0.2408,0.3697,0.4548,0.6764,0.4194,0.4265,0.5985,0.8254
20,41,evening,Mon,0,0,gym,1.39,26.2,5.84,50.1,22.5,clear,medium,86.1,1.2,11.6,0,9,arrived_soon,0.0447,0.2288,0.5534,0.5337,0.1287,0.4699,0.0427,0.2112
0,45,night,Fri,4,0,work,23.02,85.6,7.8,40.6,127.7,clear,high,98.7,115.1,108.3,1,1,take_break_now,0.2065,0.8794,0.7739,0.4295,0.7308,0.6374,0.6389,0.9612
0,45,night,Sat,5,1,grocery,4.15,30.4,4.57,75.0,18.9,rain,medium,85.0,34.2,49.7,1,5,speed_alert,0.0508,0.325,0.4658,0.8309,0.0971,0.4458,0.2056,0.5321
10,16,morning,Fri,4,0,work,4.45,99.9,4.82,59.1,93.0,snow,medium,74.7,46.4,108.2,0,6,weather_warning,0.048,1.0,0.524,0.6449,0.5294,0.3107,0.2232,0.979
14,1,afternoon,Thu,3,0,gym,14.14,57.2,4.61,51.2,76.8,clear,low,82.8,3.3,67.4,0,10,coffee_suggestion,0.1742,0.6104,0.4856,0.5525,0.4414,0.4255,0.0,0.5977
21,49,evening,Mon,0,0,hospital,9.8,51.5,7.23,60.6,75.4,clear,medium,90.7,46.7,30.2,1,1,take_break_now,0.101,0.4851,0.757,0.6607,0.4704,0.4453,0.2635,0.3782
17,44,evening,Mon,0,0,home,0.87,17.0,4.56,62.7,46.3,clear,medium,84.9,5.5,102.8,0,4,refuel_soon,0.0,0.1415,0.4721,0.7054,0.281,0.4259,0.003,0.9677
15,56,afternoon,Fri,4,0,grocery,39.8,74.7,1.47,20.0,7.7,rain,low,79.9,65.7,2.5,0,0,no_action,0.4297,0.7256,0.136,0.2269,0.0,0.3597,0.4031,0.12
1,45,night,Thu,3,0,work,6.7,43.0,2.35,65.2,9.5,clear,medium,70.1,48.8,19.3,1,0,no_action,0.0819,0.4688,0.2525,0.7037,0.0289,0.2602,0.2667,0.2575
5,25,morning,Mon,0,0,restaurant,6.47,38.2,4.93,69.6,56.2,clear,medium,79.1,8.4,15.0,0,10,coffee_suggestion,0.1049,0.3723,0.5084,0.7937,0.2748,0.3365,0.0928,0.2168
15,49,afternoon,Thu,3,0,gas_station,6.79,43.5,3.27,70.8,58.5,snow,low,73.4,102.8,35.3,0,6,weather_warning,0.0456,0.4048,0.3798,0.8122,0.367,0.3,0.609,0.3519
7,45,morning,Thu,3,0,work,2.38,7.0,4.74,20.2,122.7,clear,medium,77.7,15.6,101.5,0,7,route_to_gas,0.0399,0.1278,0.4893,0.2333,0.6887,0.3072,0.1156,0.8558
18,48,evening,Mon,0,0,work,16.87,76.0,3.32,48.0,23.0,clear,high,73.5,14.3,20.9,0,0,no_action,0.1819,0.7885,0.33,0.5217,0.1876,0.2935,0.1013,0.2417
6,55,morning,Sun,6,1,grocery,3.38,96.6,2.77,65.8,39.5,clear,medium,79.3,136.5,106.4,0,0,no_action,0.0146,0.937,0.2468,0.7607,0.2534,0.3499,0.6943,0.9501
19,32,evening,Fri,4,0,home,11.83,66.2,4.97,57.4,42.8,snow,medium,74.3,14.2,44.1,0,6,weather_warning,0.153,0.6749,0.468,0.6133,0.2249,0.3099,0.0753,0.4174
21,13,evening,Wed,2,0,work,23.21,75.8,3.43,33.0,16.8,rain,low,73.9,31.9,99.1,1,0,no_action,0.252,0.7477,0.3445,0.3342,0.0527,0.2544,0.1969,0.8989
18,20,evening,Mon,0,0,school,39.92,72.0,4.77,40.7,5.3,clear,medium,80.0,4.2,41.7,0,0,no_action,0.4158,0.705,0.4872,0.4796,0.0493,0.3854,0.0428,0.4515
2,56,night,Tue,1,0,grocery,5.94,60.1,4.49,51.9,22.8,clear,medium,87.1,111.3,29.4,1,0,no_action,0.0,0.5891,0.5046,0.5669,0.1294,0.4862,0.567,0.3305
16,8,afternoon,Mon,0,0,gas_station,23.96,42.0,5.3,55.4,102.8,fog,low,77.5,16.4,17.6,0,6,weather_warning,0.2318,0.4089,0.5069,0.6202,0.5784,0.3272,0.0866,0.295
9,7,morning,Mon,0,0,gym,9.26,41.8,1.35,85.0,3.8,rain,medium,72.2,5.9,75.0,0,5,speed_alert,0.0671,0.4581,0.1177,0.9296,0.0,0.2495,0.0199,0.6357
22,40,night,Sun,6,1,gas_station,1.68,19.4,4.96,51.5,58.1,snow,low,75.6,38.8,94.1,1,6,weather_warning,0.026,0.2002,0.5346,0.6033,0.3945,0.3174,0.2078,0.8285
18,25,evening,Wed,2,0,hospital,16.34,7.8,3.73,57.1,1.6,clear,medium,88.5,104.4,27.8,0,7,route_to_gas,0.077,0.0981,0.3166,0.6185,0.0,0.4746,0.6052,0.2595
8,46,morning,Tue,1,0,school,33.03,55.7,0.71,65.7,8.5,rain,low,65.7,21.5,4.8,0,5,speed_alert,0.3099,0.5989,0.0593,0.7271,0.0513,0.2629,0.1197,0.1563
0,2,night,Sat,5,1,school,30.45,6.2,3.41,55.0,7.6,fog,high,81.8,0.4,96.0,1,6,weather_warning,0.2443,0.0512,0.3524,0.6635,0.0593,0.4314,0.0,0.8799
19,25,evening,Sat,5,1,hospital,38.6,34.3,3.78,81.6,1.0,clear,medium,73.9,28.7,16.5,0,5,speed_alert,0.4274,0.3552,0.4,0.8835,0.0,0.3008,0.1073,0.2109
6,10,morning,Thu,3,0,home,4.11,25.2,2.41,33.8,86.3,clear,medium,71.9,21.7,5.4,0,0,no_action,0.0664,0.245,0.2765,0.4093,0.4604,0.3212,0.1222,0.1301
11,31,morning,Sat,5,1,gym,30.94,21.5,1.07,67.8,20.0,clear,medium,64.3,16.3,-2.6,0,4,refuel_soon,0.2388,0.2461,0.1516,0.8029,0.142,0.2142,0.0919,0.0
15,8,afternoon,Mon,0,0,gym,3.4,69.8,4.7,82.6,69.4,clear,low,80.8,88.8,83.7,0,5,speed_alert,0.0868,0.6524,0.4841,0.9336,0.4013,0.4342,0.5545,0.7735
17,33,evening,Fri,4,0,school,31.53,20.3,3.67,48.0,16.4,clear,low,77.9,39.6,105.0,0,4,refuel_soon,0.2896,0.1854,0.414,0.5289,0.0918,0.3435,0.2542,0.9936
6,36,morning,Thu,3,0,restaurant,0.69,39.2,5.93,47.0,124.2,clear,high,77.3,24.0,56.2,0,9,arrived_soon,0.0853,0.3697,0.6364,0.5224,0.6528,0.3373,0.1332,0.5198
13,57,afternoon,Sat,5,1,gym,2.54,37.1,1.33,71.6,22.1,clear,medium,65.6,13.2,2.6,0,0,no_action,0.0643,0.424,0.1364,0.819,0.0792,0.2079,0.0412,0.1029
12,51,afternoon,Fri,4,0,home,9.22,18.8,5.5,71.0,68.5,fog,medium,79.6,2.1,-5.7,0,6,weather_warning,0.0,0.2602,0.5558,0.7992,0.4132,0.3845,0.0342,0.0227
6,41,morning,Sat,5,1,restaurant,27.44,8.8,1.31,48.8,64.5,clear,low,59.5,11.1,52.3,0,7,route_to_gas,0.2811,0.1228,0.1864,0.5881,0.3861,0.1142,0.0432,0.5193
16,55,afternoon,Thu,3,0,home,3.71,84.1,3.24,54.5,21.3,fog,low,70.6,121.1,26.1,0,6,weather_warning,0.0,0.8259,0.3308,0.5788,0.1315,0.2485,0.6513,0.3024
7,8,morning,Fri,4,0,hospital,1.25,43.6,2.72,48.7,41.8,snow,medium,83.2,27.2,7.8,0,6,weather_warning,0.0765,0.4486,0.2611,0.5367,0.2449,0.4653,0.135,0.1259
13,22,afternoon,Wed,2,0,restaurant,15.66,3.2,5.33,61.0,93.4,rain,high,81.8,59.0,103.0,0,7,route_to_gas,0.2229,0.0601,0.5296,0.7732,0.4913,0.4324,0.2819,0.9347
6,4,morning,Fri,4,0,school,1.61,13.5,1.85,67.3,39.1,clear,low,70.9,37.5,28.5,0,4,refuel_soon,0.0096,0.1259,0.1585,0.7578,0.2083,0.2526,0.2057,0.3378
11,32,morning,Wed,2,0,gym,11.19,22.5,0.79,73.0,18.3,clear,high,67.1,47.5,40.9,0,4,refuel_soon,0.1148,0.2124,0.0658,0.7813,0.0673,0.2152,0.2732,0.3812
19,2,evening,Mon,0,0,work,0.8,4.4,4.84,39.3,16.8,rain,medium,90.1,140.9,23.6,0,7,route_to_gas,0.0,0.0812,0.4456,0.3778,0.1582,0.5111,0.7965,0.2739
23,10,night,Wed,2,0,hospital,16.68,17.8,4.39,50.5,12.8,clear,medium,67.2,76.6,26.2,1,4,refuel_soon,0.1255,0.18,0.4299,0.5468,0.0067,0.2359,0.3884,0.3036
16,21,afternoon,Thu,3,0,school,10.68,63.4,2.26,28.3,26.1,clear,high,79.1,4.6,76.8,0,0,no_action,0.1135,0.669,0.2215,0.3391,0.0936,0.3154,0.0,0.7472
15,47,afternoon,Fri,4,0,gym,13.66,8.8,3.25,66.9,34.8,clear,low,73.2,71.9,6.0,0,7,route_to_gas,0.1072,0.0832,0.2915,0.7742,0.2098,0.3331,0.3508,0.1907
22,35,night,Wed,2,0,gym,15.98,31.1,4.25,34.4,11.9,rain,medium,85.9,36.0,109.2,1,0,no_action,0.1225,0.325,0.4138,0.365,0.0332,0.4767,0.2136,1.0
6,29,morning,Sun,6,1,gym,10.02,88.6,2.3,90.0,29.0,clear,low,73.2,21.1,98.1,0,5,speed_alert,0.1213,0.8757,0.2144,1.0,0.1416,0.3116,0.0689,0.9277
23,7,night,Sun,6,1,gas_station,18.03,12.2,3.95,54.6,27.0,clear,medium,79.1,12.5,92.9,1,0,no_action,0.1701,0.1383,0.389,0.5976,0.2072,0.335,0.1017,0.8229
22,40,night,Mon,0,0,gym,8.21,98.2,4.83,38.8,7.7,clear,low,78.1,90.8,51.3,1,0,no_action,0.0671,0.946,0.4628,0.4035,0.0034,0.3834,0.4935,0.4449
3,35,night,Tue,1,0,home,27.8,43.8,4.95,61.8,80.4,clear,medium,86.9,59.5,30.2,1,10,coffee_suggestion,0.2651,0.4423,0.4531,0.6679,0.4205,0.4675,0.3335,0.3485
18,39,evening,Sat,5,1,hospital,12.07,71.9,5.44,50.1,55.8,rain,low,71.4,21.9,103.4,0,10,coffee_suggestion,0.1233,0.6686,0.5545,0.54,0.2835,0.2328,0.1519,0.8864
23,11,night,Wed,2,0,gas_station,23.74,32.2,5.01,59.0,49.1,clear,high,84.2,37.5,88.4,1,10,coffee_suggestion,0.1822,0.3323,0.4891,0.6898,0.2714,0.4653,0.2238,0.8159
14,4,afternoon,Wed,2,0,grocery,9.61,19.6,2.05,68.2,6.5,snow,low,59.2,99.4,108.0,0,6,weather_warning,0.0702,0.1724,0.1748,0.7946,0.0286,0.0958,0.5946,1.0
11,42,morning,Mon,0,0,home,30.59,97.0,2.74,59.8,3.5,rain,high,60.9,143.8,59.5,0,0,no_action,0.292,1.0,0.2657,0.6596,0.0346,0.1295,0.811,0.5878
14,45,afternoon,Mon,0,0,gym,2.4,63.2,4.79,34.4,60.0,clear,low,85.4,5.3,46.9,0,10,coffee_suggestion,0.0352,0.6374,0.4641,0.4063,0.3643,0.4401,0.0257,0.5215
17,22,evening,Tue,1,0,restaurant,3.98,34.2,1.48,82.6,1.0,clear,high,73.8,43.2,59.3,0,5,speed_alert,0.0241,0.3481,0.1453,0.9199,0.0,0.3151,0.2527,0.6164
23,37,night,Sun,6,1,hospital,0.99,77.6,3.95,60.6,4.7,clear,high,79.1,69.3,78.8,1,9,arrived_soon,0.0273,0.7497,0.4519,0.6768,0.0,0.3394,0.4294,0.7948
21,55,evening,Mon,0,0,school,10.65,69.7,2.74,43.9,8.0,rain,low,72.0,21.3,73.5,1,0,no_action,0.087,0.6577,0.3085,0.474,0.0449,0.2565,0.1565,0.7211
11,16,morning,Fri,4,0,gym,15.32,69.0,2.9,66.4,1.5,rain,medium,67.8,45.5,82.3,0,5,speed_alert,0.1593,0.7067,0.2779,0.7378,0.0084,0.1949,0.2659,0.7197
11,19,morning,Sat,5,1,home,20.72,60.2,5.34,66.2,67.3,rain,medium,87.2,1.7,84.1,0,5,speed_alert,0.2371,0.5693,0.4979,0.6971,0.4034,0.4639,0.0122,0.7839
21,47,evening,Tue,1,0,work,2.66,65.3,8.61,64.9,135.1,clear,medium,102.0,10.8,85.5,1,1,take_break_now,0.0297,0.6857,0.8702,0.7083,0.7526,0.6522,0.0574,0.7563
12,6,afternoon,Fri,4,0,grocery,13.13,38.7,5.99,44.9,114.1,clear,medium,84.0,13.7,100.4,0,2,take_break_soon,0.1275,0.3315,0.6204,0.5037,0.6464,0.4834,0.0511,0.8338
23,41,night,Sun,6,1,hospital,30.85,7.6,6.22,62.8,36.0,rain,high,79.1,7.7,66.3,1,7,route_to_gas,0.3145,0.0813,0.6202,0.6669,0.1784,0.3522,0.105,0.595
7,11,morning,Wed,2,0,hospital,4.37,59.5,3.63,82.2,55.3,clear,high,74.4,38.8,80.8,0,5,speed_alert,0.0451,0.5992,0.3378,0.941,0.3137,0.3032,0.1775,0.7582
9,6,morning,Sun,6,1,hospital,5.24,43.2,3.54,64.7,95.7,clear,low,71.2,2.4,46.2,0,8,food_break,0.0523,0.439,0.3462,0.7008,0.5804,0.2322,0.0341,0.4845
6,6,morning,Thu,3,0,home,46.63,93.3,2.91,89.9,40.3,clear,high,70.5,30.0,88.3,0,5,speed_alert,0.4088,0.9413,0.255,0.9866,0.2046,0.2266,0.1676,0.7423
9,54,morning,Mon,0,0,gym,29.21,19.5,4.6,53.8,142.6,clear,high,83.3,29.8,16.1,0,4,refuel_soon,0.2996,0.242,0.484,0.6018,0.8029,0.3614,0.1742,0.1715
13,20,afternoon,Sun,6,1,restaurant,12.11,80.5,1.82,68.5,9.2,clear,medium,63.3,15.5,-1.7,0,0,no_action,0.1502,0.7806,0.1653,0.7312,0.0313,0.1239,0.0819,0.0886
13,42,afternoon,Wed,2,0,restaurant,1.38,9.0,3.81,37.9,47.3,snow,medium,76.7,1.7,78.5,0,7,route_to_gas,0.0,0.1097,0.3875,0.4077,0.2728,0.2826,0.0533,0.7528
22,42,night,Sat,5,1,home,3.65,10.9,8.22,54.6,80.9,clear,high,89.6,71.9,71.4,1,1,take_break_now,0.0276,0.1165,0.8226,0.6129,0.4038,0.5143,0.3996,0.7552
14,17,afternoon,Tue,1,0,grocery,20.99,47.9,3.67,37.6,9.0,clear,medium,74.9,130.6,63.1,0,0,no_action,0.2016,0.4427,0.405,0.4028,0.0601,0.3363,0.7399,0.543
6,10,morning,Sun,6,1,hospital,7.89,76.1,0.17,50.7,4.2,rain,low,71.9,7.2,69.7,0,0,no_action,0.0456,0.7181,0.0249,0.5414,0.0592,0.254,0.013,0.6709
17,28,evening,Wed,2,0,gym,3.98,47.7,4.85,60.9,24.9,clear,low,83.2,23.9,13.6,0,0,no_action,0.031,0.4842,0.4755,0.6903,0.1273,0.4642,0.1934,0.2232
0,42,night,Thu,3,0,work,17.66,12.1,3.28,72.3,3.6,clear,medium,81.4,21.9,63.5,1,4,refuel_soon,0.1788,0.1837,0.3174,0.7894,0.0535,0.4271,0.0962,0.6047
18,19,evening,Thu,3,0,grocery,2.04,94.1,5.0,59.8,44.0,clear,low,78.0,13.0,68.5,0,0,no_action,0.0127,0.8931,0.4983,0.6022,0.2341,0.3572,0.075,0.6417
15,45,afternoon,Thu,3,0,gym,15.63,92.1,4.8,52.5,57.0,clear,low,77.8,22.6,-3.4,0,10,coffee_suggestion,0.1272,0.9421,0.4595,0.5664,0.3007,0.3174,0.0731,0.0415
9,43,morning,Wed,2,0,restaurant,29.12,20.6,0.6,55.9,26.9,snow,medium,66.8,62.0,10.7,0,6,weather_warning,0.2667,0.2224,0.0727,0.6159,0.1666,0.1657,0.3496,0.1583
13,13,afternoon,Mon,0,0,restaurant,13.45,62.7,4.17,60.0,45.5,clear,low,77.6,67.2,-7.0,0,10,coffee_suggestion,0.1446,0.64,0.4494,0.6689,0.2283,0.3409,0.3958,0.0
15,27,afternoon,Wed,2,0,home,17.12,10.1,1.93,59.6,23.6,snow,low,69.0,4.6,78.3,0,6,weather_warning,0.1949,0.0886,0.1801,0.6705,0.1275,0.2623,0.0,0.6936
13,16,afternoon,Fri,4,0,hospital,12.55,80.5,3.17,69.5,47.8,rain,low,74.7,86.1,81.7,0,5,speed_alert,0.0459,0.7711,0.313,0.7829,0.212,0.3068,0.4449,0.7711
3,22,night,Sun,6,1,gas_station,11.22,44.8,4.88,63.1,71.6,clear,medium,85.1,107.2,54.0,1,1,take_break_now,0.1325,0.3858,0.5361,0.6949,0.4354,0.3772,0.6034,0.5162
4,35,night,Sat,5,1,home,23.35,37.9,3.65,69.8,17.4,clear,medium,68.3,23.0,77.1,1,0,no_action,0.2828,0.2894,0.3671,0.804,0.0912,0.2149,0.1199,0.7428
23,14,night,Sat,5,1,gym,33.11,67.7,4.46,46.4,11.9,clear,high,65.5,10.0,53.8,1,0,no_action,0.3547,0.7449,0.4882,0.5215,0.0395,0.2419,0.0443,0.5116
6,53,morning,Sat,5,1,home,9.57,4.9,0.06,30.9,24.8,rain,low,61.9,13.5,83.1,0,7,route_to_gas,0.1374,0.0257,0.0086,0.3726,0.1145,0.1477,0.0739,0.7362
8,31,morning,Wed,2,0,gym,0.7,8.0,1.07,60.5,15.0,clear,medium,70.9,26.2,37.6,0,7,route_to_gas,0.0,0.0288,0.0966,0.6937,0.0921,0.2735,0.1523,0.4085
17,54,evening,Sun,6,1,school,24.85,92.5,3.39,51.7,1.0,clear,low,72.1,0.4,18.3,0,0,no_action,0.2518,0.9422,0.3327,0.5145,0.0233,0.2803,0.0,0.259
2,58,night,Sun,6,1,hospital,29.87,2.3,4.77,43.9,75.8,rain,medium,68.2,8.0,9.6,1,7,route_to_gas,0.2767,0.0,0.4998,0.4492,0.4249,0.2095,0.0289,0.1299
17,31,evening,Sun,6,1,school,4.57,82.7,4.54,30.1,20.2,clear,low,72.3,36.3,24.6,0,0,no_action,0.0092,0.8665,0.4817,0.276,0.0678,0.2966,0.193,0.3331
8,41,morning,Wed,2,0,hospital,10.48,55.2,1.76,42.6,11.2,rain,medium,69.0,23.7,42.5,0,0,no_action,0.1074,0.5066,0.1755,0.4749,0.1161,0.1832,0.1232,0.4761
1,27,night,Wed,2,0,grocery,6.13,77.6,2.09,56.8,10.9,clear,low,68.6,87.2,92.5,1,0,no_action,0.0294,0.7783,0.2412,0.6346,0.0422,0.2283,0.4231,0.8503
3,19,night,Thu,3,0,work,3.42,61.9,5.39,47.2,110.1,clear,medium,82.0,49.3,9.6,1,10,coffee_suggestion,0.0163,0.6597,0.5389,0.4991,0.6049,0.4375,0.2611,0.1917
4,51,night,Wed,2,0,hospital,11.12,22.1,2.42,53.9,3.6,rain,low,83.6,29.1,54.1,1,4,refuel_soon,0.112,0.2213,0.2366,0.5735,0.0302,0.411,0.1347,0.5646
11,15,morning,Thu,3,0,gas_station,13.14,94.9,1.61,46.2,27.5,clear,high,81.0,39.9,99.7,0,0,no_action,0.1331,1.0,0.0979,0.5244,0.1307,0.3165,0.2111,0.9692
23,9,night,Tue,1,0,home,2.58,69.1,3.31,68.6,10.7,clear,high,75.7,48.2,84.0,1,0,no_action,0.074,0.695,0.3822,0.7255,0.065,0.3099,0.272,0.8197
22,54,night,Tue,1,0,school,12.21,79.2,6.86,40.6,47.7,rain,medium,94.1,1.3,74.3,1,1,take_break_now,0.1389,0.767,0.697,0.5092,0.2724,0.5787,0.0282,0.7119
9,46,morning,Wed,2,0,restaurant,4.02,59.2,0.95,74.4,13.1,clear,medium,72.6,137.2,1.7,0,0,no_action,0.0674,0.5968,0.1089,0.8138,0.031,0.2471,0.7541,0.0592
14,16,afternoon,Thu,3,0,grocery,19.18,7.2,2.45,57.8,11.7,rain,low,76.2,34.3,46.7,0,7,route_to_gas,0.1532,0.0625,0.2121,0.6641,0.0227,0.2999,0.2066,0.4533
2,11,night,Fri,4,0,grocery,0.35,50.4,6.75,45.3,147.8,clear,medium,82.6,2.7,1.3,1,9,arrived_soon,0.0154,0.558,0.6536,0.448,0.8424,0.3849,0.0065,0.0408
2,27,night,Fri,4,0,hospital,8.02,12.3,2.93,30.7,6.1,clear,medium,73.2,170.9,82.7,1,4,refuel_soon,0.0595,0.1171,0.3286,0.3196,0.0033,0.2882,0.9156,0.7209
10,9,morning,Sun,6,1,gas_station,2.16,34.6,3.85,45.0,72.7,clear,medium,70.2,34.7,17.9,0,10,coffee_suggestion,0.0148,0.3203,0.3799,0.5259,0.3671,0.2698,0.1723,0.2401
7,56,morning,Fri,4,0,work,3.31,81.4,3.41,35.8,40.5,rain,high,76.6,23.2,59.7,0,0,no_action,0.0088,0.8081,0.4003,0.3695,0.1958,0.2982,0.1479,0.5797
13,34,afternoon,Thu,3,0,home,55.03,34.9,2.34,45.0,19.3,rain,medium,76.1,118.1,44.9,0,0,no_action,0.551,0.372,0.2433,0.495,0.0786,0.322,0.6816,0.4426
6,28,morning,Sat,5,1,work,4.19,9.5,1.46,36.1,64.8,clear,medium,82.2,20.6,75.2,0,7,route_to_gas,0.0497,0.0774,0.1508,0.3878,0.3491,0.3524,0.1137,0.7373
6,37,morning,Sat,5,1,gym,1.2,69.1,3.47,32.9,75.3,clear,medium,85.7,75.1,100.5,0,9,arrived_soon,0.0,0.6851,0.3718,0.3594,0.4344,0.441,0.439,0.8728
21,57,evening,Sat,5,1,gym,1.88,31.3,3.37,58.8,25.3,rain,high,83.6,20.9,79.2,1,9,arrived_soon,0.0216,0.3457,0.35,0.6372,0.146,0.4346,0.1149,0.7554
15,17,afternoon,Sat,5,1,restaurant,10.9,33.9,3.39,43.9,23.5,rain,low,87.3,57.1,106.6,0,0,no_action,0.0976,0.3423,0.3516,0.4685,0.1176,0.4925,0.35,0.9739
19,14,evening,Tue,1,0,home,17.5,37.5,5.25,61.3,87.0,snow,low,79.2,69.5,33.5,0,6,weather_warning,0.1669,0.392,0.551,0.6747,0.5179,0.4013,0.4274,0.3763
11,51,morning,Fri,4,0,school,35.59,35.1,7.37,76.4,177.1,rain,low,74.3,66.8,60.8,0,5,speed_alert,0.3505,0.3266,0.7307,0.9366,1.0,0.2602,0.3879,0.6142
18,8,evening,Mon,0,0,school,31.41,41.6,3.23,44.4,1.4,clear,high,72.6,19.2,50.5,0,0,no_action,0.3627,0.3952,0.3292,0.4824,0.0252,0.2591,0.1645,0.4531
10,5,morning,Sun,6,1,hospital,0.2,11.6,2.14,83.0,15.8,rain,high,73.7,9.2,28.8,0,5,speed_alert,0.0,0.0569,0.2011,0.9145,0.0558,0.319,0.0444,0.304
10,16,morning,Sat,5,1,restaurant,3.09,48.1,0.97,50.7,10.7,snow,low,66.5,23.1,106.1,0,6,weather_warning,0.0025,0.473,0.1416,0.5679,0.0514,0.2528,0.1197,1.0
8,3,morning,Fri,4,0,gas_station,0.96,85.5,1.61,62.0,62.0,rain,medium,68.6,26.2,16.0,0,9,arrived_soon,0.0,0.8203,0.1538,0.729,0.3329,0.2455,0.1462,0.2554
17,28,evening,Fri,4,0,grocery,3.74,14.8,5.32,40.0,36.3,rain,medium,81.7,22.2,84.4,0,4,refuel_soon,0.0,0.1373,0.5623,0.4652,0.199,0.4039,0.0982,0.8354
21,59,evening,Wed,2,0,gas_station,1.62,13.0,4.23,89.7,22.0,snow,medium,72.3,9.2,3.0,1,6,weather_warning,0.0017,0.074,0.3892,1.0,0.1426,0.2807,0.107,0.1667
22,7,night,Fri,4,0,work,5.56,67.8,5.7,71.3,5.2,clear,low,77.7,23.7,83.4,1,1,take_break_now,0.0086,0.7168,0.6119,0.7647,0.019,0.3192,0.1278,0.7819
14,16,afternoon,Thu,3,0,home,2.14,49.1,2.55,45.8,25.7,clear,high,77.0,0.1,83.8,0,0,no_action,0.0,0.4805,0.2545,0.4938,0.1525,0.3508,0.0655,0.7896
16,52,afternoon,Mon,0,0,grocery,35.03,99.5,4.48,46.1,59.4,rain,medium,85.1,45.7,5.7,0,10,coffee_suggestion,0.4248,0.9837,0.4002,0.4697,0.3741,0.4368,0.2586,0.1146
3,3,night,Fri,4,0,home,4.29,18.0,2.79,33.1,16.6,clear,medium,82.2,49.5,86.0,1,4,refuel_soon,0.0431,0.1554,0.2393,0.3503,0.1318,0.4281,0.2459,0.7909
2,56,night,Wed,2,0,restaurant,4.22,10.6,4.37,46.7,17.3,clear,medium,77.4,47.9,4.9,1,4,refuel_soon,0.0504,0.13,0.3821,0.5112,0.1456,0.3594,0.2102,0.1441
2,17,night,Fri,4,0,gym,18.83,4.9,5.27,51.6,91.7,fog,low,81.9,16.6,78.5,1,6,weather_warning,0.183,0.0542,0.5498,0.5837,0.5444,0.3894,0.1235,0.7412
16,2,afternoon,Mon,0,0,work,1.16,28.0,3.96,43.6,25.6,clear,medium,67.6,89.6,9.6,0,9,arrived_soon,0.0687,0.2923,0.3948,0.4394,0.1424,0.2767,0.5447,0.1717
15,27,afternoon,Tue,1,0,school,1.83,11.5,2.47,78.2,27.6,clear,high,75.2,172.7,12.0,0,4,refuel_soon,0.0,0.1579,0.3049,0.8727,0.1452,0.297,0.9597,0.1666
17,15,evening,Sat,5,1,grocery,3.47,90.8,4.58,66.4,12.7,clear,medium,79.6,7.9,12.5,0,0,no_action,0.0135,0.8807,0.427,0.7307,0.0916,0.3519,0.0623,0.1166
19,34,evening,Mon,0,0,gas_station,36.94,30.3,4.07,70.9,24.2,rain,medium,63.2,57.2,3.2,0,5,speed_alert,0.388,0.2638,0.3876,0.7864,0.0983,0.1049,0.3128,0.1276
15,55,afternoon,Tue,1,0,school,4.22,26.8,4.44,45.1,102.0,clear,medium,80.3,18.1,73.6,0,8,food_break,0.0288,0.2555,0.4207,0.5171,0.5425,0.3458,0.1344,0.6914
20,37,evening,Sat,5,1,grocery,23.37,40.6,5.86,43.7,32.2,rain,high,85.1,37.5,27.2,0,2,take_break_soon,0.2625,0.3705,0.5852,0.4157,0.1327,0.4741,0.2195,0.2994
4,58,night,Sun,6,1,restaurant,1.47,31.5,1.84,34.2,2.1,clear,medium,68.3,152.9,97.3,1,9,arrived_soon,0.0601,0.3195,0.2182,0.3983,0.0439,0.2102,0.8433,0.8877
18,34,evening,Thu,3,0,hospital,0.2,29.9,3.82,65.2,35.5,rain,low,71.1,0.3,83.4,0,5,speed_alert,0.0,0.313,0.3442,0.7112,0.1984,0.2416,0.0039,0.7803
21,27,evening,Wed,2,0,grocery,8.89,47.3,5.29,37.4,10.6,clear,low,78.4,19.3,-2.9,1,0,no_action,0.0764,0.4927,0.5569,0.4241,0.131,0.3034,0.0826,0.0514
17,43,evening,Sat,5,1,hospital,34.44,33.1,2.84,77.4,4.2,clear,low,78.2,69.7,35.5,0,0,no_action,0.3114,0.3222,0.2665,0.8408,0.0299,0.3587,0.3805,0.3901
18,40,evening,Wed,2,0,school,23.51,78.1,7.68,54.1,102.5,clear,low,85.2,30.4,41.8,0,1,take_break_now,0.2735,0.7635,0.8094,0.5691,0.5604,0.4819,0.1739,0.4996
2,3,night,Fri,4,0,school,10.74,66.8,2.3,75.6,18.9,clear,medium,76.8,33.5,10.9,1,0,no_action,0.1232,0.7289,0.2619,0.8505,0.1456,0.3511,0.1725,0.1399
22,17,night,Mon,0,0,school,4.83,60.6,5.35,79.4,12.8,clear,medium,70.2,75.4,48.0,1,0,no_action,0.0743,0.6481,0.489,0.8989,0.11,0.2825,0.3559,0.4577
15,19,afternoon,Sun,6,1,gas_station,6.65,14.5,2.23,57.2,1.0,clear,high,71.6,4.2,39.6,0,0,no_action,0.069,0.1774,0.2116,0.5922,0.0199,0.2736,0.0381,0.3756
0,28,night,Tue,1,0,work,26.42,37.6,1.93,38.5,21.0,rain,low,81.1,110.7,77.5,1,0,no_action,0.2422,0.3764,0.2172,0.4473,0.1497,0.3743,0.6175,0.7663
9,20,morning,Thu,3,0,home,16.02,8.3,2.06,57.2,40.6,clear,high,77.2,37.4,88.8,0,7,route_to_gas,0.1355,0.1423,0.1758,0.6387,0.2363,0.3312,0.1775,0.7998
14,18,afternoon,Fri,4,0,restaurant,5.24,12.6,3.41,49.8,8.7,rain,medium,82.3,28.8,51.2,0,4,refuel_soon,0.0316,0.0893,0.2914,0.5308,0.0659,0.3745,0.1137,0.483
0,32,night,Thu,3,0,home,4.53,13.8,2.88,42.2,2.0,rain,low,78.8,112.8,58.7,1,4,refuel_soon,0.0766,0.1696,0.276,0.4655,0.0019,0.315,0.6706,0.5946
3,15,night,Fri,4,0,work,14.02,40.2,2.17,58.1,10.0,rain,low,75.0,75.6,4.2,1,0,no_action,0.1491,0.3573,0.2638,0.6034,0.045,0.2728,0.3982,0.1188
6,40,morning,Sun,6,1,hospital,0.32,89.0,0.0,44.8,12.6,rain,medium,58.7,38.2,108.2,0,9,arrived_soon,0.0423,0.9063,0.0,0.4818,0.0537,0.1135,0.2063,0.9508
10,28,morning,Tue,1,0,gym,13.9,18.6,6.33,90.0,135.4,clear,high,80.8,74.1,64.1,0,5,speed_alert,0.1626,0.1695,0.5899,0.9653,0.7653,0.3829,0.4322,0.6205
14,17,afternoon,Sun,6,1,school,16.35,74.1,1.77,71.2,18.2,fog,low,66.6,24.4,56.3,0,6,weather_warning,0.147,0.8302,0.155,0.8542,0.1233,0.1772,0.1423,0.5757
23,9,night,Tue,1,0,gym,4.21,14.0,3.94,57.6,34.3,snow,low,76.2,24.7,38.8,1,6,weather_warning,0.0327,0.1982,0.4008,0.6715,0.1871,0.2718,0.1576,0.3866
11,15,morning,Mon,0,0,home,8.36,30.8,5.41,24.3,115.4,clear,medium,85.0,98.9,39.5,0,2,take_break_soon,0.0771,0.3191,0.4961,0.2324,0.6412,0.4736,0.5488,0.3886
13,12,afternoon,Tue,1,0,home,10.15,56.7,4.35,51.4,65.6,clear,low,76.6,18.6,29.1,0,10,coffee_suggestion,0.1063,0.5718,0.4046,0.5742,0.3877,0.3352,0.1447,0.2601
13,13,afternoon,Sun,6,1,home,1.35,7.6,1.19,71.0,13.4,clear,low,69.7,14.2,82.8,0,7,route_to_gas,0.0,0.1105,0.135,0.7706,0.1194,0.2749,0.0542,0.7685
4,38,night,Tue,1,0,home,49.86,67.1,2.67,25.2,2.9,rain,medium,63.3,87.4,-7.8,1,0,no_action,0.4909,0.6318,0.2475,0.2909,0.0146,0.1914,0.5144,0.0109
9,22,morning,Wed,2,0,school,17.55,65.9,4.15,47.7,70.4,snow,high,84.9,9.5,59.2,0,6,weather_warning,0.2163,0.6458,0.4062,0.581,0.4101,0.3699,0.0664,0.5592
18,11,evening,Mon,0,0,grocery,14.37,38.3,4.63,77.4,29.9,rain,medium,85.8,32.9,104.1,0,5,speed_alert,0.1499,0.3962,0.4707,0.861,0.2311,0.4248,0.2176,0.9474
7,35,morning,Tue,1,0,grocery,25.16,15.9,3.62,71.4,68.8,clear,low,75.7,6.4,93.4,0,4,refuel_soon,0.2555,0.1537,0.3186,0.7966,0.3689,0.3135,0.0466,0.8998
2,19,night,Sat,5,1,gym,2.99,65.5,1.14,59.8,1.0,rain,high,74.1,46.0,73.1,1,0,no_action,0.0397,0.6499,0.1249,0.6637,0.0219,0.3067,0.2455,0.6319
0,54,night,Fri,4,0,gas_station,2.16,12.8,3.41,57.5,13.0,clear,low,71.0,25.6,90.8,1,0,no_action,0.0434,0.111,0.327,0.6229,0.0743,0.2244,0.0747,0.8538
0,36,night,Thu,3,0,hospital,4.43,32.7,3.27,48.2,46.1,clear,low,85.1,8.6,58.4,1,0,no_action,0.0542,0.3561,0.3244,0.6139,0.2403,0.4683,0.0709,0.5491
4,9,night,Fri,4,0,work,5.38,26.5,2.37,64.8,8.7,snow,high,74.3,62.9,10.6,1,6,weather_warning,0.0465,0.2512,0.302,0.7478,0.0192,0.3644,0.3367,0.1728
0,34,night,Thu,3,0,school,15.08,28.1,6.73,53.1,91.6,clear,low,85.4,18.8,31.3,1,1,take_break_now,0.156,0.2652,0.6158,0.5475,0.4948,0.4398,0.0881,0.3551
21,24,evening,Thu,3,0,grocery,1.04,72.3,5.01,32.9,1.6,fog,medium,76.5,51.2,29.8,1,9,arrived_soon,0.0,0.7245,0.502,0.3418,0.0687,0.3232,0.2877,0.3193
13,19,afternoon,Tue,1,0,hospital,8.75,62.1,3.87,53.6,56.6,clear,high,82.4,64.9,97.2,0,10,coffee_suggestion,0.0843,0.5467,0.3391,0.584,0.2815,0.4288,0.3211,0.8779
21,56,evening,Sat,5,1,grocery,9.85,91.6,8.14,54.5,86.7,clear,medium,89.3,12.5,101.6,1,1,take_break_now,0.1328,0.916,0.7868,0.5918,0.5393,0.5113,0.101,0.8986
5,48,morning,Sat,5,1,gym,5.96,8.9,3.73,52.3,8.1,fog,high,78.3,51.8,22.1,0,6,weather_warning,0.0438,0.1167,0.3431,0.5805,0.0138,0.2971,0.2834,0.2295
7,0,morning,Mon,0,0,restaurant,14.45,35.8,1.64,26.1,31.6,clear,medium,78.2,32.5,19.0,0,0,no_action,0.1539,0.4218,0.2101,0.2749,0.1543,0.3557,0.1757,0.278
14,47,afternoon,Sat,5,1,school,17.19,47.1,2.21,69.7,10.0,rain,low,74.1,79.3,56.9,0,5,speed_alert,0.1214,0.4678,0.2766,0.7227,0.0549,0.2992,0.4492,0.5289
21,28,evening,Sat,5,1,restaurant,17.15,40.9,3.83,60.1,16.9,rain,medium,68.5,156.5,23.2,1,6,weather_warning,0.2293,0.3862,0.3682,0.6808,0.1125,0.2517,0.8439,0.2604
3,23,night,Tue,1,0,work,28.85,25.5,1.88,71.2,12.5,rain,medium,61.6,25.0,105.2,1,5,speed_alert,0.2908,0.2607,0.1503,0.7636,0.1016,0.1976,0.1203,0.9803
2,23,night,Sun,6,1,gas_station,2.22,64.2,2.59,60.7,38.0,clear,medium,74.5,1.6,0.1,1,0,no_action,0.0597,0.6785,0.1426,0.6879,0.2177,0.3054,0.0271,0.0922
18,55,evening,Thu,3,0,restaurant,2.21,92.0,6.2,70.3,58.4,rain,low,84.7,40.3,106.3,0,5,speed_alert,0.0033,0.9903,0.5572,0.8005,0.3035,0.4896,0.2315,0.9451
7,16,morning,Sun,6,1,grocery,2.4,61.5,2.95,40.1,27.3,clear,high,77.1,38.2,104.9,0,0,no_action,0.0712,0.6447,0.3758,0.5381,0.0991,0.2723,0.2121,0.9727
8,30,morning,Mon,0,0,home,38.14,63.3,1.81,47.7,38.0,rain,high,69.2,39.7,99.2,0,0,no_action,0.3473,0.6426,0.1929,0.504,0.2513,0.2981,0.2018,0.9542
12,37,afternoon,Fri,4,0,gym,16.18,7.9,3.18,42.8,17.3,rain,high,73.9,56.0,56.9,0,7,route_to_gas,0.2065,0.0299,0.3089,0.46,0.1424,0.304,0.2487,0.5178
9,34,morning,Sat,5,1,gas_station,13.59,7.2,2.44,43.0,16.8,clear,high,74.6,180.0,98.1,0,3,refuel_now,0.1389,0.0872,0.2041,0.4967,0.1243,0.3166,1.0,0.8971
4,6,night,Sat,5,1,gym,27.54,5.6,4.14,48.3,47.5,clear,low,80.5,81.6,69.4,1,7,route_to_gas,0.3155,0.0618,0.4332,0.5789,0.3057,0.3987,0.4443,0.6191
18,0,evening,Sat,5,1,gas_station,10.83,93.3,4.8,69.8,22.3,clear,medium,87.0,40.5,66.2,0,0,no_action,0.1036,0.9081,0.4889,0.8151,0.1615,0.4845,0.174,0.595
2,24,night,Tue,1,0,work,20.39,35.0,3.96,63.1,87.5,fog,low,92.4,49.7,91.0,1,6,weather_warning,0.1756,0.3968,0.4204,0.6852,0.4603,0.572,0.2868,0.8842
8,37,morning,Tue,1,0,restaurant,17.16,49.3,2.37,65.0,25.7,rain,medium,77.5,10.4,79.4,0,6,weather_warning,0.1679,0.5046,0.2598,0.6877,0.109,0.3042,0.0546,0.7347
9,35,morning,Tue,1,0,gym,7.14,26.6,1.2,61.8,37.6,fog,medium,68.7,27.8,101.7,0,6,weather_warning,0.0574,0.2607,0.1446,0.7025,0.2637,0.2536,0.1673,0.9219
4,28,night,Sun,6,1,school,3.95,76.2,3.42,49.4,24.8,rain,high,76.9,24.5,66.3,1,0,no_action,0.0,0.7496,0.3802,0.5561,0.0955,0.4079,0.0987,0.6286
20,3,evening,Thu,3,0,work,7.08,44.1,4.24,62.2,9.8,clear,medium,79.4,38.9,-8.7,0,0,no_action,0.0653,0.4728,0.4907,0.6963,0.0542,0.3748,0.1961,0.0341
14,46,afternoon,Thu,3,0,home,20.96,9.3,1.29,69.4,1.7,clear,low,66.0,109.4,100.1,0,7,route_to_gas,0.2242,0.1018,0.1258,0.8011,0.0,0.2747,0.6306,0.8838
19,17,evening,Tue,1,0,restaurant,25.43,62.1,4.18,33.3,5.0,clear,medium,73.4,92.7,30.1,0,0,no_action,0.2689,0.5966,0.4019,0.38,0.0203,0.2709,0.455,0.345
16,7,afternoon,Sat,5,1,home,20.06,6.5,4.44,65.6,30.2,snow,low,78.6,52.0,73.7,0,6,weather_warning,0.1737,0.0655,0.4801,0.7378,0.1567,0.3066,0.2207,0.7594
15,24,afternoon,Thu,3,0,home,11.11,49.5,3.31,23.4,49.9,clear,low,73.4,36.3,30.7,0,0,no_action,0.1271,0.5233,0.3312,0.2513,0.281,0.2795,0.2379,0.3952
22,42,night,Tue,1,0,home,20.48,4.7,4.68,74.6,33.3,rain,medium,72.4,9.1,99.4,1,5,speed_alert,0.2121,0.0178,0.4152,0.8716,0.1969,0.2701,0.0347,0.9554
20,39,evening,Sat,5,1,restaurant,12.59,80.2,6.25,46.2,112.3,clear,high,87.2,0.4,7.0,0,2,take_break_soon,0.1394,0.7913,0.6046,0.5302,0.6416,0.4494,0.0,0.1361
16,40,afternoon,Tue,1,0,gym,6.27,72.5,3.91,45.2,7.2,clear,high,61.7,102.0,97.0,0,0,no_action,0.0525,0.7302,0.3366,0.4174,0.0107,0.1548,0.4698,0.8668
0,29,night,Sun,6,1,school,14.75,80.7,3.12,51.8,7.2,fog,high,76.1,44.8,56.3,1,6,weather_warning,0.175,0.7969,0.3494,0.5439,0.0832,0.3405,0.2198,0.5677
1,57,night,Thu,3,0,hospital,42.88,33.5,1.73,39.0,2.8,clear,low,66.1,31.8,33.2,1,0,no_action,0.41,0.3136,0.166,0.4231,0.0533,0.2313,0.1779,0.3799
23,33,night,Sat,5,1,restaurant,0.2,2.3,3.49,50.7,16.4,rain,medium,79.5,1.5,90.7,1,7,route_to_gas,0.0,0.018,0.354,0.5306,0.0506,0.3845,0.0,0.8325
0,39,night,Tue,1,0,home,10.13,98.3,2.87,75.9,34.5,clear,low,71.3,1.7,2.4,1,0,no_action,0.0882,0.9719,0.2622,0.867,0.1789,0.2414,0.0256,0.0768
3,17,night,Wed,2,0,hospital,12.03,98.5,4.36,52.4,18.3,rain,low,80.6,8.0,79.0,1,0,no_action,0.1741,1.0,0.4117,0.5483,0.1087,0.3402,0.0855,0.7279
10,44,morning,Sat,5,1,school,0.32,44.1,2.92,46.7,17.4,clear,medium,77.3,13.4,63.3,0,9,arrived_soon,0.0,0.3981,0.2215,0.6045,0.1124,0.3449,0.0828,0.5679
16,28,afternoon,Fri,4,0,home,0.24,84.3,3.31,85.7,4.6,clear,low,74.6,56.8,76.4,0,5,speed_alert,0.0145,0.8789,0.3353,0.9287,0.0097,0.2575,0.3114,0.7295
8,35,morning,Fri,4,0,work,16.26,22.0,2.61,68.4,5.4,clear,low,71.6,16.8,84.9,0,4,refuel_soon,0.1567,0.2125,0.309,0.7558,0.07,0.2218,0.1739,0.7792
15,11,afternoon,Wed,2,0,restaurant,3.42,22.5,4.68,55.7,45.5,rain,high,74.9,53.6,76.5,0,4,refuel_soon,0.0321,0.2433,0.4065,0.6002,0.2616,0.3444,0.3037,0.7643
18,43,evening,Wed,2,0,home,19.89,30.4,6.38,59.7,99.7,fog,medium,80.9,0.5,13.9,0,6,weather_warning,0.1839,0.2721,0.6721,0.6758,0.5842,0.409,0.0679,0.2327
16,11,afternoon,Tue,1,0,hospital,0.42,78.0,2.31,54.0,2.6,clear,medium,84.6,7.5,79.0,0,9,arrived_soon,0.018,0.846,0.2498,0.5165,0.0943,0.3771,0.0358,0.7077
3,40,night,Tue,1,0,gas_station,14.19,44.6,8.85,52.9,180.0,rain,medium,84.4,36.9,33.0,1,1,take_break_now,0.1099,0.4185,0.8891,0.5589,1.0,0.4743,0.2034,0.3218
12,48,afternoon,Mon,0,0,gas_station,25.3,8.8,2.12,59.8,5.5,clear,low,76.4,5.7,49.2,0,3,refuel_now,0.2228,0.1215,0.2165,0.6472,0.0232,0.3006,0.0635,0.5138
6,45,morning,Wed,2,0,home,76.46,10.9,2.58,43.9,55.4,clear,medium,77.6,55.9,49.8,0,4,refuel_soon,0.7412,0.105,0.2564,0.5201,0.3111,0.3491,0.2607,0.4713
4,49,night,Sun,6,1,restaurant,0.89,39.1,3.01,76.2,5.7,clear,low,70.2,0.2,101.2,1,9,arrived_soon,0.0065,0.4449,0.2982,0.8149,0.0,0.2557,0.0,0.9338
5,21,morning,Sat,5,1,work,5.44,92.3,4.41,84.2,33.5,clear,medium,77.0,53.1,57.8,0,5,speed_alert,0.0816,0.9387,0.4314,0.9306,0.2201,0.3777,0.2769,0.5428
9,3,morning,Thu,3,0,grocery,5.75,18.2,1.19,33.1,26.8,clear,low,56.1,38.2,72.2,0,4,refuel_soon,0.0447,0.1533,0.0717,0.4399,0.121,0.0386,0.2205,0.6361
7,41,morning,Tue,1,0,gas_station,3.66,4.0,0.0,43.6,9.9,clear,medium,60.6,69.3,59.2,0,3,refuel_now,0.0086,0.0045,0.0,0.5488,0.0241,0.1282,0.3878,0.5732
13,5,afternoon,Mon,0,0,work,10.92,62.8,4.18,75.0,32.2,fog,medium,73.5,67.5,39.9,0,6,weather_warning,0.1668,0.5986,0.435,0.8125,0.1943,0.2877,0.3893,0.3733
21,20,evening,Sat,5,1,hospital,13.27,8.7,4.65,58.0,46.1,rain,medium,75.5,5.5,83.1,1,7,route_to_gas,0.0845,0.065,0.4274,0.5901,0.2454,0.3171,0.0658,0.795
0,40,night,Wed,2,0,grocery,31.32,50.3,1.68,70.8,2.4,clear,high,66.5,31.8,-3.0,1,0,no_action,0.3023,0.522,0.1764,0.817,0.0247,0.18,0.1614,0.0414
6,0,morning,Thu,3,0,grocery,16.29,79.5,1.09,43.1,21.6,rain,medium,70.6,64.7,95.2,0,0,no_action,0.1828,0.8253,0.1073,0.5023,0.1001,0.2646,0.3894,0.8868
3,21,night,Sat,5,1,gym,4.11,51.7,1.86,75.3,17.9,clear,high,66.9,1.7,76.7,1,0,no_action,0.0625,0.5207,0.2158,0.818,0.1633,0.1537,0.0,0.7752
15,54,afternoon,Mon,0,0,home,0.41,80.5,6.38,40.5,109.3,clear,high,92.7,9.3,26.2,0,9,arrived_soon,0.0,0.8579,0.6078,0.4603,0.5995,0.5211,0.0745,0.3094
4,18,night,Thu,3,0,gym,34.43,91.0,4.32,51.1,21.9,clear,high,80.7,55.6,70.4,1,0,no_action,0.3159,0.9677,0.4339,0.5157,0.1315,0.4195,0.3135,0.6428
17,10,evening,Sun,6,1,home,4.91,15.9,2.65,48.3,1.0,clear,high,79.5,47.6,59.9,0,4,refuel_soon,0.0564,0.1689,0.2512,0.5301,0.0405,0.4109,0.2276,0.5762
12,33,afternoon,Mon,0,0,gym,12.26,84.6,1.07,66.8,11.9,fog,medium,74.2,30.3,67.5,0,6,weather_warning,0.0755,0.8663,0.1134,0.7148,0.0564,0.3077,0.1518,0.6459
2,33,night,Fri,4,0,hospital,3.33,7.9,2.34,58.2,10.9,clear,high,73.2,157.9,12.0,1,7,route_to_gas,0.0459,0.1206,0.2309,0.6905,0.0719,0.3012,0.9492,0.233
21,36,evening,Fri,4,0,gym,1.51,48.2,7.32,38.7,147.5,rain,medium,97.8,35.7,92.0,1,9,arrived_soon,0.0,0.5283,0.6783,0.4368,0.8006,0.5835,0.1828,0.8223
16,26,afternoon,Wed,2,0,grocery,5.55,27.3,4.65,48.5,58.6,rain,low,73.8,10.6,84.3,0,10,coffee_suggestion,0.0322,0.2879,0.4652,0.5233,0.309,0.2652,0.0469,0.8191
14,56,afternoon,Fri,4,0,work,0.89,24.0,4.51,43.8,25.5,fog,low,91.8,84.2,15.7,0,4,refuel_soon,0.0566,0.2335,0.4654,0.5236,0.1399,0.5185,0.4491,0.1435
8,30,morning,Thu,3,0,home,5.79,24.2,1.61,49.0,29.0,clear,high,74.3,72.8,22.2,0,4,refuel_soon,0.073,0.2228,0.1157,0.5731,0.1817,0.2882,0.417,0.3064
13,27,afternoon,Wed,2,0,work,63.7,30.0,1.82,46.1,8.6,clear,medium,70.4,38.7,1.3,0,0,no_action,0.6327,0.3742,0.1472,0.5594,0.0893,0.2427,0.2033,0.0664
12,18,afternoon,Fri,4,0,gym,16.35,67.8,1.64,45.6,14.6,clear,high,69.9,34.4,12.1,0,0,no_action,0.1703,0.6991,0.1641,0.5137,0.074,0.279,0.2006,0.1796
10,39,morning,Sat,5,1,school,5.21,18.3,3.26,81.8,40.3,rain,low,63.3,17.9,0.8,0,5,speed_alert,0.0226,0.1931,0.3073,0.8857,0.2094,0.1884,0.0714,0.0887
19,9,evening,Sun,6,1,gym,5.88,3.1,3.8,45.8,40.7,clear,low,78.6,77.3,21.3,0,7,route_to_gas,0.045,0.0244,0.3362,0.5528,0.2353,0.3265,0.399,0.2613
1,4,night,Tue,1,0,hospital,13.3,30.6,4.27,34.2,20.4,rain,low,79.1,28.1,15.5,1,0,no_action,0.1633,0.3163,0.409,0.366,0.1217,0.3246,0.1959,0.2633
0,30,night,Mon,0,0,school,4.6,5.1,4.09,62.5,4.5,rain,low,87.1,77.0,37.9,1,7,route_to_gas,0.0236,0.0455,0.4024,0.7232,0.0,0.3846,0.3796,0.3679
18,32,evening,Thu,3,0,hospital,2.05,23.1,4.67,46.7,35.4,clear,high,73.1,59.9,2.1,0,4,refuel_soon,0.0448,0.2263,0.4987,0.4841,0.1954,0.2712,0.2959,0.099
5,37,morning,Thu,3,0,home,23.13,32.8,3.39,48.9,22.4,clear,high,71.4,55.9,45.3,0,0,no_action,0.2207,0.3366,0.3151,0.5538,0.0788,0.2942,0.3215,0.4628
12,18,afternoon,Sun,6,1,hospital,17.6,55.6,4.2,70.7,36.5,snow,high,82.3,31.5,25.8,0,6,weather_warning,0.1758,0.5193,0.3906,0.7657,0.2308,0.4325,0.1978,0.3113
5,21,morning,Thu,3,0,gym,11.02,91.4,2.97,43.1,49.7,clear,low,83.8,4.9,46.4,0,0,no_action,0.1128,0.9443,0.3125,0.5226,0.2822,0.3821,0.0243,0.4852
23,16,night,Fri,4,0,gas_station,2.92,13.0,5.88,25.6,12.5,clear,medium,78.9,85.4,76.1,1,1,take_break_now,0.0503,0.2154,0.6315,0.2886,0.0954,0.3206,0.4275,0.7183
23,39,night,Thu,3,0,home,5.21,10.1,5.71,42.2,8.8,clear,high,79.5,100.1,101.5,1,4,refuel_soon,0.0724,0.0701,0.5744,0.4413,0.0521,0.3415,0.5943,0.9528
23,56,night,Mon,0,0,hospital,8.13,44.3,5.07,70.1,25.6,clear,low,81.7,51.7,3.8,1,0,no_action,0.127,0.3964,0.4895,0.7524,0.0766,0.4221,0.2704,0.142
18,46,evening,Tue,1,0,work,37.14,16.1,2.11,44.5,1.9,clear,medium,68.0,52.5,52.9,0,4,refuel_soon,0.3581,0.1698,0.228,0.5531,0.0334,0.273,0.267,0.4765
23,7,night,Mon,0,0,work,28.7,11.7,6.24,31.8,23.2,clear,high,86.0,27.7,70.7,1,4,refuel_soon,0.2428,0.113,0.5754,0.3732,0.1706,0.4128,0.1339,0.6463
20,10,evening,Sun,6,1,gym,24.76,24.3,3.58,75.8,36.5,fog,medium,72.0,26.9,58.5,0,6,weather_warning,0.218,0.2099,0.3588,0.8675,0.242,0.261,0.1481,0.5677
17,40,evening,Wed,2,0,grocery,16.6,39.3,6.22,42.4,58.3,fog,high,81.1,25.9,-5.8,0,2,take_break_soon,0.1985,0.3615,0.6617,0.4721,0.3087,0.372,0.1141,0.0
9,33,morning,Sun,6,1,gas_station,7.17,74.4,1.85,53.5,11.4,rain,medium,56.2,45.1,-3.3,0,0,no_action,0.1075,0.7862,0.1978,0.5265,0.0444,0.1178,0.2992,0.0967
19,31,evening,Sat,5,1,gas_station,0.2,95.9,4.23,56.1,2.4,clear,high,73.3,20.6,45.4,0,9,arrived_soon,0.0,1.0,0.3653,0.6058,0.0427,0.2916,0.0752,0.4743
12,8,afternoon,Fri,4,0,gym,5.73,10.7,2.98,49.4,21.5,clear,low,64.1,85.4,23.4,0,4,refuel_soon,0.0146,0.0823,0.3075,0.5229,0.1273,0.2282,0.4796,0.2347
6,33,morning,Thu,3,0,home,7.08,17.7,2.1,37.7,25.6,clear,low,72.7,100.4,38.8,0,4,refuel_soon,0.0645,0.1153,0.2273,0.4458,0.1854,0.2619,0.5648,0.4143
8,8,morning,Wed,2,0,school,9.18,76.2,1.04,52.4,9.1,clear,medium,58.4,0.2,91.7,0,0,no_action,0.0872,0.7621,0.1166,0.6247,0.0382,0.0702,0.0,0.9036
19,19,evening,Sun,6,1,work,21.68,81.4,5.07,45.3,25.9,clear,high,78.4,11.2,85.9,0,0,no_action,0.2525,0.7773,0.4547,0.5396,0.1382,0.3434,0.0591,0.8056
5,10,morning,Mon,0,0,home,8.3,13.9,4.51,65.1,46.8,clear,high,78.5,38.9,103.6,0,4,refuel_soon,0.0478,0.1365,0.4306,0.7656,0.2713,0.3345,0.2079,0.9508
14,45,afternoon,Sun,6,1,school,0.2,16.6,4.85,73.5,94.8,rain,low,86.5,13.5,-9.9,0,5,speed_alert,0.0387,0.1738,0.5013,0.7756,0.5842,0.4319,0.0153,0.0
0,29,night,Fri,4,0,hospital,21.49,15.8,4.23,68.0,11.7,clear,medium,70.8,56.9,54.7,1,4,refuel_soon,0.2061,0.1409,0.4001,0.7315,0.1152,0.2435,0.2521,0.5043
15,33,afternoon,Sun,6,1,restaurant,49.87,21.6,2.83,63.6,6.9,clear,medium,68.2,73.6,49.7,0,4,refuel_soon,0.5032,0.238,0.2778,0.6929,0.0864,0.2454,0.3972,0.4776
6,59,morning,Fri,4,0,grocery,5.16,39.7,1.6,73.9,1.0,rain,high,69.8,13.0,4.2,0,5,speed_alert,0.0822,0.4241,0.1787,0.8797,0.0,0.2434,0.0661,0.1076
0,29,night,Fri,4,0,home,23.39,18.0,2.6,43.2,4.7,rain,high,68.6,33.8,36.8,1,4,refuel_soon,0.2579,0.1554,0.2299,0.4809,0.0421,0.2762,0.1558,0.3809
13,59,afternoon,Sun,6,1,hospital,53.12,16.9,1.2,58.7,1.4,rain,low,77.6,2.6,83.2,0,4,refuel_soon,0.5789,0.1784,0.1108,0.6734,0.0026,0.3604,0.0085,0.8026
15,22,afternoon,Thu,3,0,restaurant,4.89,76.1,3.68,77.2,8.3,fog,medium,77.5,15.5,5.7,0,6,weather_warning,0.0478,0.7995,0.3941,0.8705,0.0289,0.3577,0.0455,0.112
1,19,night,Fri,4,0,gas_station,0.38,95.1,2.67,36.2,26.6,clear,high,75.4,120.6,0.8,1,9,arrived_soon,0.0,0.9143,0.2163,0.405,0.1593,0.2886,0.6747,0.134
9,28,morning,Thu,3,0,work,6.51,34.7,7.66,47.0,180.0,rain,high,81.3,158.4,83.9,0,1,take_break_now,0.0717,0.3588,0.7564,0.5428,1.0,0.4213,0.8926,0.8104
17,57,evening,Sun,6,1,work,1.61,44.0,5.46,62.7,50.8,clear,low,73.1,33.7,6.5,0,9,arrived_soon,0.0,0.4025,0.5274,0.6735,0.2826,0.2696,0.1709,0.1374
10,25,morning,Sun,6,1,school,25.49,69.6,1.96,74.9,56.9,clear,low,72.9,0.1,78.9,0,0,no_action,0.2159,0.7206,0.1736,0.7794,0.3419,0.3003,0.0,0.7136
5,38,morning,Thu,3,0,grocery,0.86,41.7,3.74,64.6,1.0,rain,low,79.6,12.1,20.1,0,9,arrived_soon,0.0,0.3864,0.3333,0.7138,0.0125,0.3262,0.0692,0.2247
1,10,night,Fri,4,0,restaurant,11.54,90.5,4.43,48.9,44.3,clear,high,89.5,130.2,107.0,1,0,no_action,0.1651,0.928,0.4331,0.5863,0.2364,0.4729,0.7115,0.958
2,42,night,Sun,6,1,grocery,41.7,54.8,4.41,37.3,95.4,clear,low,80.9,0.5,21.5,1,10,coffee_suggestion,0.4069,0.572,0.4239,0.4394,0.567,0.3606,0.0,0.2458
9,35,morning,Fri,4,0,grocery,8.38,44.0,4.2,48.5,95.6,clear,low,76.7,31.6,84.6,0,8,food_break,0.1239,0.4543,0.4506,0.4994,0.5509,0.3049,0.1357,0.7956
16,12,afternoon,Fri,4,0,work,15.23,99.6,4.0,83.2,16.6,rain,high,68.7,80.8,109.9,0,5,speed_alert,0.1528,0.9778,0.379,0.8851,0.1187,0.2308,0.5118,1.0
7,18,morning,Sat,5,1,restaurant,0.75,56.7,0.13,69.3,2.9,rain,medium,58.4,44.6,82.7,0,5,speed_alert,0.0346,0.5459,0.0315,0.8191,0.0241,0.1282,0.2648,0.8295
12,46,afternoon,Sun,6,1,grocery,12.95,11.5,2.66,66.2,38.5,clear,high,69.9,3.4,-5.1,0,4,refuel_soon,0.1207,0.0783,0.324,0.7117,0.1839,0.2413,0.0567,0.0
15,3,afternoon,Sun,6,1,home,73.12,88.2,3.71,50.5,33.1,clear,medium,78.8,27.4,107.0,0,0,no_action,0.721,0.9004,0.351,0.5811,0.185,0.353,0.1878,0.9227
14,28,afternoon,Mon,0,0,gas_station,5.26,36.6,3.08,74.1,6.5,snow,high,77.0,111.3,101.2,0,6,weather_warning,0.0427,0.3506,0.2726,0.7741,0.0233,0.3297,0.6214,0.943
11,1,morning,Sat,5,1,home,10.09,90.1,1.52,44.0,7.1,clear,high,67.8,25.7,39.1,0,0,no_action,0.1473,0.9374,0.2108,0.5058,0.0558,0.2084,0.1678,0.3895
18,59,evening,Sat,5,1,hospital,6.31,5.2,2.3,62.9,9.0,clear,medium,85.3,36.6,89.5,0,7,route_to_gas,0.0652,0.0473,0.2224,0.6496,0.0615,0.3997,0.1275,0.8189
15,5,afternoon,Thu,3,0,work,6.83,37.0,4.93,75.9,46.8,clear,low,86.5,74.3,72.4,0,10,coffee_suggestion,0.0982,0.357,0.4697,0.8591,0.2153,0.4231,0.3928,0.7001
8,8,morning,Thu,3,0,restaurant,15.52,29.9,0.29,27.1,20.4,rain,medium,59.7,12.6,20.5,0,0,no_action,0.1023,0.2722,0.0,0.2922,0.1257,0.1765,0.0268,0.2398
12,57,afternoon,Wed,2,0,gas_station,13.61,13.8,1.97,55.2,30.3,rain,medium,72.0,43.8,66.7,0,0,no_action,0.153,0.1518,0.1938,0.6196,0.1287,0.2526,0.2643,0.6646
9,53,morning,Thu,3,0,home,34.89,15.7,1.71,82.0,22.9,clear,high,62.4,38.4,104.3,0,5,speed_alert,0.3686,0.1595,0.1339,0.9082,0.1328,0.1787,0.2218,0.9724
13,23,afternoon,Mon,0,0,gym,6.46,54.1,1.36,59.2,8.3,rain,low,76.5,142.4,-0.4,0,0,no_action,0.0682,0.504,0.1215,0.6885,0.0398,0.3131,0.7723,0.0993
1,50,night,Fri,4,0,school,6.95,38.2,1.64,39.3,5.8,rain,low,60.6,63.0,27.1,1,0,no_action,0.0407,0.4412,0.1355,0.4024,0.0268,0.1096,0.3503,0.3138
15,16,afternoon,Sun,6,1,hospital,4.06,28.5,4.08,53.2,72.1,clear,medium,85.0,9.7,95.0,0,10,coffee_suggestion,0.0387,0.278,0.3426,0.6125,0.4081,0.4617,0.0505,0.895
17,57,evening,Wed,2,0,work,14.28,43.6,5.01,33.5,48.1,rain,low,73.5,17.5,66.3,0,10,coffee_suggestion,0.1375,0.475,0.4987,0.4279,0.2541,0.3069,0.1277,0.6715
20,6,evening,Wed,2,0,school,22.45,10.6,3.52,53.7,13.5,rain,low,71.3,138.6,109.9,0,4,refuel_soon,0.2431,0.1142,0.3704,0.5843,0.0733,0.2005,0.7813,1.0
5,20,morning,Wed,2,0,restaurant,6.85,41.6,4.11,46.6,51.8,clear,medium,77.3,19.7,23.3,0,10,coffee_suggestion,0.0951,0.4069,0.4082,0.529,0.2944,0.3606,0.119,0.2915
8,3,morning,Mon,0,0,gas_station,33.91,9.4,0.95,22.0,27.1,rain,medium,72.1,30.3,47.8,0,3,refuel_now,0.2994,0.1352,0.085,0.2419,0.1593,0.2377,0.1806,0.4693
22,49,night,Mon,0,0,restaurant,27.87,40.8,5.11,68.5,7.9,clear,high,77.5,80.9,53.5,1,0,no_action,0.262,0.3638,0.5442,0.7385,0.0462,0.4137,0.4734,0.5777
15,28,afternoon,Sat,5,1,hospital,1.79,25.6,1.17,55.3,3.1,clear,high,65.1,9.7,75.1,0,9,arrived_soon,0.0343,0.2367,0.1386,0.6139,0.0011,0.1776,0.0282,0.734
15,11,afternoon,Wed,2,0,hospital,14.67,4.0,3.74,23.9,13.3,clear,medium,72.0,28.5,85.2,0,7,route_to_gas,0.1545,0.0444,0.3536,0.2679,0.0894,0.2665,0.1719,0.7694
18,45,evening,Tue,1,0,hospital,21.78,38.4,5.3,27.9,38.7,fog,medium,80.3,19.9,47.5,0,0,no_action,0.1972,0.409,0.5159,0.3303,0.239,0.4155,0.0957,0.5092
8,37,morning,Thu,3,0,school,8.36,54.1,1.17,48.6,2.2,clear,low,74.9,23.0,91.0,0,0,no_action,0.0985,0.5379,0.1842,0.5748,0.0368,0.3204,0.1499,0.8643
14,6,afternoon,Sun,6,1,gas_station,1.21,80.1,3.26,73.7,19.3,clear,medium,71.3,9.0,9.4,0,9,arrived_soon,0.0495,0.8322,0.2849,0.8146,0.0936,0.2247,0.0062,0.1379
19,34,evening,Fri,4,0,home,32.86,39.9,3.53,52.8,12.5,clear,low,61.6,55.5,31.1,0,0,no_action,0.3401,0.3906,0.3104,0.5547,0.0418,0.172,0.3447,0.3916
7,37,morning,Tue,1,0,gym,63.78,22.3,0.93,56.2,3.4,clear,high,61.1,8.4,51.1,0,4,refuel_soon,0.6018,0.2404,0.0802,0.6313,0.015,0.165,0.0533,0.4823
13,42,afternoon,Thu,3,0,home,5.26,19.4,2.03,53.2,3.0,rain,high,70.1,11.2,107.7,0,4,refuel_soon,0.0421,0.1686,0.2769,0.5711,0.0186,0.2556,0.0147,0.9654
20,13,evening,Wed,2,0,restaurant,11.57,30.1,5.19,40.2,29.1,clear,low,90.1,4.6,3.1,0,0,no_action,0.1412,0.2879,0.5082,0.4032,0.2101,0.4861,0.0731,0.0959
23,21,night,Tue,1,0,gym,5.96,67.9,7.15,35.5,68.3,rain,medium,86.8,64.5,21.5,1,1,take_break_now,0.0389,0.7616,0.7016,0.3889,0.369,0.4521,0.3606,0.2898
2,24,night,Mon,0,0,school,19.62,8.7,3.12,90.0,30.9,rain,medium,67.1,48.7,24.7,1,5,speed_alert,0.2643,0.0697,0.3222,1.0,0.2019,0.2801,0.3164,0.2823
0,24,night,Thu,3,0,home,33.13,22.4,5.14,51.9,102.3,rain,low,70.2,47.3,49.3,1,4,refuel_soon,0.3402,0.1906,0.5179,0.6072,0.4919,0.2579,0.2515,0.4445
19,23,evening,Mon,0,0,school,9.94,66.8,4.09,61.4,10.1,rain,high,78.7,49.9,76.9,0,6,weather_warning,0.0882,0.6905,0.4244,0.6678,0.0,0.3382,0.2628,0.6972
19,47,evening,Mon,0,0,school,10.63,3.6,4.75,48.6,52.4,clear,medium,81.7,31.3,9.7,0,7,route_to_gas,0.0757,0.0046,0.4829,0.5943,0.3037,0.3851,0.1681,0.1633
3,22,night,Wed,2,0,home,8.07,28.4,3.26,42.3,29.0,clear,high,80.5,15.4,53.8,1,0,no_action,0.0915,0.38,0.3324,0.4377,0.1527,0.4275,0.0466,0.5091
18,43,evening,Fri,4,0,hospital,42.87,21.4,2.58,63.7,18.1,rain,medium,65.8,127.3,31.1,0,4,refuel_soon,0.4036,0.1941,0.222,0.6971,0.1105,0.2607,0.7135,0.3409
3,19,night,Thu,3,0,work,26.0,25.8,4.44,60.2,65.0,fog,high,83.0,1.5,49.0,1,6,weather_warning,0.2535,0.2475,0.4663,0.6795,0.3368,0.4533,0.0304,0.4897
0,9,night,Fri,4,0,restaurant,7.26,17.4,4.1,57.9,71.1,clear,medium,82.1,114.1,58.7,1,4,refuel_soon,0.0186,0.2065,0.431,0.6789,0.3734,0.4255,0.589,0.5462
21,7,evening,Sun,6,1,school,8.57,12.5,5.7,44.7,17.2,rain,medium,88.8,20.5,95.0,1,4,refuel_soon,0.1067,0.1103,0.561,0.4762,0.0824,0.4861,0.089,0.8837
12,0,afternoon,Tue,1,0,gym,10.13,73.6,2.84,36.2,1.0,clear,medium,76.0,10.3,94.7,0,0,no_action,0.0975,0.7238,0.2666,0.3942,0.0181,0.33,0.0562,0.8516
18,9,evening,Wed,2,0,grocery,4.86,19.5,5.21,52.5,34.7,clear,high,78.4,180.0,86.5,0,4,refuel_soon,0.0526,0.1613,0.4995,0.6295,0.1445,0.3492,0.965,0.7817
14,38,afternoon,Fri,4,0,school,8.83,96.7,3.59,51.4,79.2,clear,low,86.3,3.5,-5.4,0,10,coffee_suggestion,0.1673,0.9696,0.3502,0.5759,0.4126,0.4556,0.0,0.0223
19,9,evening,Sun,6,1,gas_station,1.32,21.4,5.18,30.7,27.3,fog,medium,81.6,1.4,53.8,0,9,arrived_soon,0.0,0.2111,0.5601,0.3741,0.1478,0.4414,0.0,0.5024
13,22,afternoon,Thu,3,0,grocery,23.11,51.7,1.59,55.3,18.5,clear,low,66.6,30.2,78.4,0,0,no_action,0.2962,0.5753,0.1786,0.6065,0.1008,0.2196,0.1552,0.7765
6,20,morning,Mon,0,0,restaurant,12.67,81.8,2.73,35.6,35.2,snow,medium,64.0,67.1,102.8,0,0,no_action,0.1637,0.8091,0.2736,0.3668,0.2146,0.2307,0.346,0.9915
12,50,afternoon,Wed,2,0,hospital,6.03,9.6,4.05,48.7,95.9,rain,low,77.8,96.1,78.0,0,7,route_to_gas,0.0673,0.1039,0.3982,0.5347,0.5355,0.34,0.5408,0.7185
0,58,night,Fri,4,0,home,0.57,92.0,4.24,66.0,22.9,clear,low,73.2,42.7,3.1,1,9,arrived_soon,0.0249,0.8917,0.454,0.7128,0.0982,0.2686,0.2208,0.1214
21,1,evening,Tue,1,0,school,11.94,63.1,3.93,59.1,36.6,fog,medium,71.1,39.9,46.5,1,6,weather_warning,0.1131,0.6128,0.3722,0.6489,0.2306,0.2973,0.2492,0.4807
18,45,evening,Sun,6,1,grocery,14.15,67.8,1.89,48.2,2.7,clear,low,73.4,29.9,59.9,0,0,no_action,0.1885,0.6931,0.1659,0.5194,0.0,0.2918,0.1349,0.5725
16,8,afternoon,Sat,5,1,hospital,8.51,27.0,3.43,44.4,3.3,clear,high,74.0,2.0,51.2,0,0,no_action,0.0976,0.2904,0.3236,0.4461,0.0566,0.3116,0.0,0.5184
16,26,afternoon,Sat,5,1,school,3.32,63.2,3.47,60.1,41.0,clear,low,69.8,180.0,-7.6,0,0,no_action,0.0467,0.6219,0.3545,0.6386,0.2392,0.2119,0.9892,0.0006
8,21,morning,Fri,4,0,grocery,55.5,46.9,1.43,60.0,33.8,rain,low,72.0,54.0,1.6,0,6,weather_warning,0.4822,0.5315,0.1907,0.6733,0.1453,0.3115,0.2794,0.1128
0,51,night,Sat,5,1,school,2.23,89.3,2.35,72.1,1.0,clear,medium,65.9,23.5,24.0,1,0,no_action,0.0371,0.9037,0.2562,0.8086,0.0254,0.1717,0.1423,0.3314
15,59,afternoon,Tue,1,0,gas_station,3.1,47.4,3.84,49.2,1.0,fog,low,79.2,108.0,69.0,0,6,weather_warning,0.0658,0.5043,0.3564,0.4524,0.0174,0.3387,0.6184,0.687
3,49,night,Mon,0,0,gas_station,8.52,16.0,3.0,35.7,3.5,fog,medium,81.4,98.9,106.4,1,0,no_action,0.0119,0.1475,0.2973,0.4101,0.0516,0.3594,0.5692,1.0
18,13,evening,Mon,0,0,hospital,4.64,76.0,3.15,30.7,21.3,clear,medium,76.6,53.0,27.7,0,0,no_action,0.0,0.8009,0.3213,0.3272,0.1479,0.3428,0.3341,0.3166
8,38,morning,Tue,1,0,restaurant,10.75,28.3,1.08,60.6,13.6,snow,low,70.1,19.9,15.3,0,6,weather_warning,0.0669,0.2759,0.1273,0.6853,0.049,0.2548,0.1374,0.1757
9,30,morning,Fri,4,0,gas_station,55.92,8.9,1.86,70.5,37.8,clear,medium,70.0,36.4,55.5,0,3,refuel_now,0.5328,0.0813,0.2157,0.7815,0.1642,0.2871,0.1956,0.5784
16,42,afternoon,Mon,0,0,restaurant,6.54,5.7,2.22,58.7,19.7,rain,low,75.2,5.8,32.9,0,7,route_to_gas,0.1084,0.0595,0.2786,0.6075,0.0611,0.345,0.0079,0.4192
11,19,morning,Sun,6,1,gas_station,4.13,42.1,2.27,78.8,12.8,clear,low,74.5,116.3,79.1,0,0,no_action,0.0374,0.4635,0.2689,0.8799,0.053,0.345,0.5854,0.7559
3,3,night,Wed,2,0,school,12.37,16.4,3.39,68.0,21.0,clear,medium,75.4,11.9,109.3,1,4,refuel_soon,0.0939,0.1617,0.3702,0.7728,0.1305,0.3265,0.0519,0.9852
19,23,evening,Mon,0,0,restaurant,2.28,92.5,7.16,46.3,71.9,snow,medium,90.7,3.8,99.0,0,6,weather_warning,0.02,0.9162,0.7398,0.5482,0.3975,0.5707,0.015,0.8668
22,58,night,Sat,5,1,work,2.93,86.7,4.89,55.7,64.7,clear,low,88.2,33.1,-6.8,1,10,coffee_suggestion,0.0238,0.8907,0.4885,0.6189,0.3514,0.5194,0.1838,0.086
4,34,night,Mon,0,0,work,4.37,53.7,1.3,59.9,8.8,clear,medium,69.5,26.2,109.9,1,0,no_action,0.0908,0.5495,0.2078,0.6668,0.0775,0.2215,0.1878,0.9778
12,46,afternoon,Mon,0,0,work,5.38,11.6,1.98,62.0,7.1,rain,medium,65.6,91.3,101.1,0,4,refuel_soon,0.0723,0.172,0.1732,0.7073,0.0771,0.1756,0.4847,0.9172
0,2,night,Tue,1,0,hospital,2.09,98.0,3.21,65.0,35.1,clear,medium,76.1,0.1,91.4,1,0,no_action,0.0,1.0,0.3596,0.7165,0.249,0.3024,0.0069,0.807
4,14,night,Fri,4,0,gas_station,10.49,77.6,4.39,70.3,101.2,rain,medium,88.1,136.2,-4.4,1,5,speed_alert,0.119,0.7979,0.4423,0.811,0.556,0.4798,0.7677,0.0557
8,34,morning,Sat,5,1,gas_station,1.36,4.9,0.39,32.5,3.2,clear,medium,68.8,180.0,-3.4,0,3,refuel_now,0.0714,0.0911,0.068,0.3348,0.0,0.1635,1.0,0.0881
6,20,morning,Fri,4,0,gas_station,0.81,20.2,2.99,81.3,36.7,clear,medium,62.3,3.8,104.7,0,5,speed_alert,0.0,0.2016,0.2825,0.8997,0.2627,0.1595,0.0372,0.9423
11,17,morning,Tue,1,0,hospital,25.94,70.7,5.25,43.2,98.4,rain,medium,90.6,16.3,62.8,0,8,food_break,0.2261,0.719,0.5318,0.4792,0.5305,0.5355,0.0757,0.6159
10,30,morning,Thu,3,0,gas_station,9.91,24.1,1.33,43.2,2.3,clear,medium,74.4,49.7,67.8,0,0,no_action,0.0552,0.2674,0.1688,0.4597,0.0,0.3425,0.2568,0.7021
16,16,afternoon,Fri,4,0,restaurant,0.2,85.2,3.43,29.2,21.2,clear,high,76.4,92.2,95.2,0,9,arrived_soon,0.0,0.8964,0.3727,0.3216,0.0898,0.376,0.5165,0.873
6,42,morning,Fri,4,0,home,14.32,95.5,0.12,46.4,6.1,rain,low,61.1,56.9,55.0,0,0,no_action,0.1506,0.9503,0.0132,0.5866,0.0294,0.1572,0.3378,0.5402
8,53,morning,Fri,4,0,work,23.69,15.0,2.27,77.4,29.2,clear,low,80.6,20.8,70.7,0,4,refuel_soon,0.2693,0.1099,0.2548,0.8477,0.2312,0.3764,0.1428,0.6669
10,37,morning,Tue,1,0,grocery,7.79,49.3,1.45,16.2,31.6,snow,low,76.4,13.1,75.9,0,0,no_action,0.1019,0.4193,0.1632,0.1698,0.2102,0.3472,0.091,0.7076
16,28,afternoon,Sun,6,1,restaurant,7.13,3.8,2.88,63.0,4.0,clear,medium,68.0,2.2,54.3,0,7,route_to_gas,0.0694,0.0,0.309,0.6831,0.0335,0.2511,0.022,0.5599
3,4,night,Sat,5,1,home,11.92,97.5,5.1,51.2,85.9,fog,high,77.9,50.6,11.5,1,6,weather_warning,0.1312,1.0,0.538,0.5594,0.5075,0.3585,0.2801,0.176
16,9,afternoon,Fri,4,0,home,6.69,51.8,3.95,50.3,77.0,clear,high,83.1,180.0,61.0,0,2,take_break_soon,0.0607,0.5233,0.4289,0.6085,0.4577,0.4207,0.9587,0.5311
18,13,evening,Tue,1,0,gas_station,3.88,71.5,3.55,58.3,13.2,clear,medium,67.1,64.8,60.3,0,0,no_action,0.0341,0.7193,0.3806,0.6397,0.0625,0.2048,0.3277,0.6051
11,15,morning,Thu,3,0,home,15.0,15.5,3.08,70.3,1.0,clear,high,82.7,8.4,76.6,0,4,refuel_soon,0.1376,0.1489,0.3438,0.8067,0.0,0.3777,0.0403,0.7013
3,13,night,Wed,2,0,gym,33.52,55.4,4.97,71.7,73.2,rain,medium,74.3,24.6,33.5,1,5,speed_alert,0.3749,0.5485,0.5088,0.8091,0.411,0.2644,0.0623,0.337
15,59,afternoon,Mon,0,0,grocery,3.42,14.5,4.15,17.1,10.6,clear,medium,84.2,14.8,11.5,0,4,refuel_soon,0.0638,0.1594,0.4178,0.2037,0.0552,0.4401,0.1039,0.1899
7,24,morning,Wed,2,0,grocery,10.43,36.5,2.81,74.3,37.6,snow,low,70.9,92.1,51.0,0,6,weather_warning,0.121,0.3792,0.2769,0.7899,0.1958,0.2425,0.5031,0.529
20,54,evening,Fri,4,0,grocery,6.42,83.1,3.88,44.9,1.0,clear,low,81.1,108.9,21.9,0,0,no_action,0.0387,0.7725,0.4311,0.4922,0.0,0.3691,0.6426,0.2926
10,2,morning,Thu,3,0,gas_station,2.36,58.5,1.83,66.6,25.2,rain,medium,72.2,20.7,78.6,0,5,speed_alert,0.0,0.6026,0.1445,0.7517,0.0982,0.278,0.1632,0.7614
14,50,afternoon,Sun,6,1,restaurant,3.41,52.9,3.78,78.9,30.3,clear,high,71.3,21.0,17.9,0,0,no_action,0.0056,0.529,0.3674,0.8381,0.1532,0.2763,0.1143,0.2344
23,49,night,Thu,3,0,work,2.72,76.2,4.17,50.7,5.1,clear,medium,72.8,17.2,-0.7,1,0,no_action,0.0,0.7753,0.3531,0.5576,0.0719,0.2421,0.0476,0.084
3,43,night,Tue,1,0,hospital,2.65,89.8,1.87,57.9,25.3,snow,medium,74.2,17.6,72.2,1,6,weather_warning,0.022,0.8918,0.1781,0.6642,0.1211,0.3537,0.0752,0.6914
14,55,afternoon,Thu,3,0,home,7.31,42.6,2.4,53.5,48.3,clear,high,75.8,112.6,35.2,0,0,no_action,0.0748,0.4152,0.2244,0.5666,0.2215,0.302,0.6529,0.3636
4,46,night,Tue,1,0,grocery,6.37,97.3,4.41,54.0,32.7,rain,medium,78.6,19.6,80.5,1,0,no_action,0.116,0.9745,0.3897,0.6188,0.1932,0.3581,0.1011,0.6904
0,20,night,Mon,0,0,home,16.06,57.2,7.19,53.5,148.3,snow,medium,87.5,24.5,38.8,1,6,weather_warning,0.1248,0.6139,0.7662,0.5629,0.791,0.4579,0.1462,0.4015
22,31,night,Tue,1,0,home,0.2,76.6,6.96,62.6,101.3,clear,high,82.8,94.1,0.7,1,1,take_break_now,0.0247,0.7952,0.7307,0.6837,0.5309,0.4203,0.5755,0.091
7,55,morning,Wed,2,0,grocery,9.81,79.3,1.18,60.2,9.3,clear,high,63.1,42.7,95.3,0,0,no_action,0.0824,0.8003,0.1457,0.7047,0.0941,0.1239,0.2024,0.8687
9,45,morning,Fri,4,0,hospital,15.0,6.4,3.0,55.3,22.3,clear,medium,77.4,6.3,-0.2,0,7,route_to_gas,0.144,0.1108,0.2551,0.6431,0.1274,0.3125,0.0933,0.1374
18,51,evening,Fri,4,0,gym,22.44,23.6,4.11,89.2,4.5,clear,low,74.0,10.4,100.2,0,5,speed_alert,0.2121,0.2289,0.4213,0.9848,0.0,0.3349,0.0457,0.9792
0,55,night,Fri,4,0,restaurant,3.97,71.6,4.86,90.0,28.1,snow,medium,79.5,73.9,65.4,1,6,weather_warning,0.0,0.7099,0.5155,0.977,0.1837,0.3747,0.405,0.6555
11,5,morning,Sun,6,1,restaurant,18.79,94.0,3.23,49.3,4.4,clear,low,80.1,63.6,93.8,0,0,no_action,0.2169,0.8923,0.3198,0.5056,0.014,0.4243,0.386,0.8852
21,30,evening,Sat,5,1,school,1.4,96.4,4.53,26.3,30.9,rain,medium,71.2,28.5,108.6,1,9,arrived_soon,0.021,1.0,0.4717,0.2729,0.1873,0.2569,0.1963,0.9968
11,25,morning,Sat,5,1,gas_station,28.91,44.2,3.23,54.9,56.9,clear,medium,71.9,51.1,36.0,0,0,no_action,0.2768,0.4289,0.3252,0.6393,0.3243,0.3163,0.318,0.4283
15,50,afternoon,Thu,3,0,hospital,9.9,44.7,1.28,64.9,3.3,clear,medium,60.5,45.3,28.2,0,0,no_action,0.1033,0.5147,0.1265,0.7237,0.0346,0.1279,0.2625,0.3299
11,33,morning,Tue,1,0,work,4.13,97.1,1.22,66.3,6.1,clear,low,67.9,51.1,104.9,0,0,no_action,0.0728,0.9498,0.1354,0.7173,0.0033,0.2857,0.254,0.9191
22,8,night,Fri,4,0,work,11.45,40.7,6.56,69.1,55.3,clear,high,91.5,123.6,82.8,1,1,take_break_now,0.097,0.4104,0.7059,0.7348,0.283,0.4993,0.6742,0.7731
14,55,afternoon,Sat,5,1,school,8.81,2.6,4.14,42.6,25.7,clear,low,77.0,103.2,66.4,0,7,route_to_gas,0.0794,0.0721,0.4353,0.4824,0.1637,0.3159,0.6386,0.6039
2,23,night,Thu,3,0,gas_station,20.01,3.1,2.43,69.8,33.5,clear,low,75.5,0.9,32.6,1,3,refuel_now,0.1674,0.0502,0.2606,0.7823,0.1745,0.3127,0.0,0.3029
11,53,morning,Mon,0,0,gym,28.09,8.1,3.03,45.1,27.2,clear,high,62.7,40.9,-3.8,0,7,route_to_gas,0.2174,0.0775,0.279,0.4873,0.1108,0.1711,0.28,0.0596
13,41,afternoon,Thu,3,0,hospital,11.28,17.4,1.68,30.3,29.5,clear,low,69.1,20.0,57.1,0,4,refuel_soon,0.1298,0.1878,0.1735,0.3617,0.1442,0.2058,0.0954,0.5418
13,29,afternoon,Tue,1,0,restaurant,12.76,73.8,2.7,39.1,9.9,clear,medium,73.3,82.7,9.6,0,0,no_action,0.1144,0.7131,0.2444,0.4441,0.0612,0.3364,0.4508,0.1545
6,43,morning,Sat,5,1,home,5.74,7.3,5.83,47.4,170.7,clear,medium,75.5,2.1,93.8,0,7,route_to_gas,0.0,0.021,0.5751,0.5671,1.0,0.3066,0.0068,0.8398
0,48,night,Mon,0,0,home,3.13,5.3,3.94,49.0,21.2,rain,low,75.2,9.2,23.2,1,7,route_to_gas,0.0465,0.1087,0.3543,0.5663,0.1465,0.33,0.021,0.2451
20,0,evening,Mon,0,0,school,9.49,52.0,4.74,62.2,19.8,clear,low,88.2,8.9,83.8,0,0,no_action,0.1412,0.4608,0.472,0.728,0.1464,0.497,0.0701,0.7501
1,22,night,Mon,0,0,hospital,3.64,77.4,3.9,81.7,28.0,clear,low,79.3,180.0,58.1,1,5,speed_alert,0.0114,0.801,0.392,0.9195,0.1022,0.2988,0.955,0.6199
10,36,morning,Sat,5,1,work,26.94,8.0,2.8,60.8,40.3,clear,medium,79.8,126.8,41.0,0,7,route_to_gas,0.2647,0.0672,0.2538,0.6511,0.1965,0.3836,0.6973,0.4382
5,18,morning,Mon,0,0,restaurant,5.29,95.8,3.71,32.0,9.1,clear,low,80.3,52.7,32.1,0,0,no_action,0.0714,1.0,0.339,0.3509,0.0248,0.3284,0.2729,0.4073
22,3,night,Sat,5,1,home,30.27,53.6,4.57,59.9,4.4,rain,high,80.1,2.4,50.0,1,0,no_action,0.3072,0.5586,0.4432,0.624,0.0355,0.3553,0.0,0.4957
2,40,night,Tue,1,0,work,14.57,59.1,3.73,35.6,24.9,clear,medium,82.1,64.9,13.5,1,0,no_action,0.1296,0.633,0.3801,0.3726,0.0948,0.3813,0.3378,0.2239
0,3,night,Tue,1,0,grocery,2.46,44.2,4.01,57.4,6.4,rain,high,80.8,38.1,26.8,1,0,no_action,0.0083,0.4361,0.4095,0.6412,0.0539,0.3517,0.2236,0.2847
20,16,evening,Wed,2,0,work,15.41,52.6,5.63,57.5,29.1,rain,low,83.9,78.0,76.4,0,2,take_break_soon,0.0678,0.5233,0.5307,0.6145,0.2059,0.4122,0.4899,0.6774
15,13,afternoon,Sat,5,1,restaurant,1.43,91.1,3.78,57.7,1.0,rain,low,75.1,95.8,56.6,0,9,arrived_soon,0.0584,0.9318,0.321,0.5827,0.0,0.321,0.5313,0.5706
18,24,evening,Sat,5,1,school,20.27,98.9,3.53,57.1,20.1,rain,high,74.0,38.8,37.7,0,0,no_action,0.2383,1.0,0.3513,0.6543,0.1058,0.3048,0.2395,0.3963
6,1,morning,Mon,0,0,school,13.77,15.9,0.0,62.7,2.9,rain,medium,74.0,51.7,74.9,0,4,refuel_soon,0.1932,0.176,0.0178,0.6892,0.0164,0.3206,0.306,0.7294
3,40,night,Tue,1,0,gas_station,1.08,87.2,4.9,77.5,60.6,clear,high,75.9,102.4,27.1,1,9,arrived_soon,0.0079,0.9068,0.5395,0.86,0.3407,0.3452,0.5436,0.3128
7,36,morning,Wed,2,0,grocery,16.13,58.4,1.67,63.3,65.7,clear,low,68.3,7.4,109.5,0,0,no_action,0.1654,0.6109,0.1442,0.715,0.3323,0.2304,0.0216,0.9694
22,25,night,Sat,5,1,home,4.43,4.9,3.31,41.8,9.5,snow,low,73.0,17.8,48.9,1,7,route_to_gas,0.0215,0.0559,0.3549,0.4359,0.0047,0.2694,0.1217,0.4806
17,53,evening,Tue,1,0,restaurant,9.01,11.4,4.57,66.9,20.6,rain,low,71.0,41.5,29.8,0,5,speed_alert,0.0805,0.0729,0.4363,0.6954,0.0757,0.283,0.1872,0.3409
2,52,night,Fri,4,0,gym,25.89,64.5,1.95,65.3,21.9,clear,medium,72.4,13.8,97.2,1,0,no_action,0.2557,0.6346,0.2098,0.7476,0.0986,0.2553,0.0754,0.8469
16,49,afternoon,Tue,1,0,work,20.7,64.0,3.08,47.8,7.2,clear,medium,75.9,85.8,61.9,0,0,no_action,0.2151,0.666,0.2979,0.5384,0.0334,0.3669,0.4802,0.5995
21,9,evening,Thu,3,0,gym,9.12,71.9,3.9,60.4,1.0,clear,low,68.5,9.1,-4.3,1,0,no_action,0.0763,0.6833,0.3777,0.6371,0.0283,0.2456,0.0549,0.0385
15,22,afternoon,Sat,5,1,grocery,10.09,95.3,1.94,46.5,18.9,clear,low,71.8,47.4,49.2,0,0,no_action,0.1182,0.9477,0.1735,0.5562,0.1112,0.2735,0.2835,0.5201
6,9,morning,Tue,1,0,school,17.25,86.4,1.24,59.6,4.2,clear,medium,65.7,85.9,3.3,0,0,no_action,0.1766,0.8746,0.0958,0.6618,0.0649,0.1571,0.4516,0.1362
16,45,afternoon,Thu,3,0,work,17.09,52.4,3.38,75.1,27.9,clear,medium,66.9,121.7,100.4,0,0,no_action,0.1611,0.4758,0.3301,0.8604,0.1627,0.2086,0.629,0.9101
13,1,afternoon,Thu,3,0,hospital,11.2,59.8,3.64,72.2,13.0,snow,medium,80.5,19.8,55.4,0,6,weather_warning,0.0947,0.5804,0.3601,0.7916,0.0664,0.4069,0.0529,0.5156
13,10,afternoon,Fri,4,0,work,3.3,13.1,3.53,68.1,1.0,clear,high,75.8,79.3,109.6,0,4,refuel_soon,0.0463,0.1019,0.315,0.7051,0.0413,0.2978,0.4504,1.0
9,25,morning,Mon,0,0,restaurant,26.9,15.5,3.5,53.1,46.9,snow,low,77.6,38.4,76.3,0,6,weather_warning,0.2459,0.1142,0.3282,0.5974,0.2634,0.4003,0.2279,0.7765
16,32,afternoon,Sat,5,1,restaurant,3.81,51.8,5.77,40.0,65.3,clear,low,73.1,7.8,52.1,0,2,take_break_soon,0.0084,0.5115,0.5955,0.4615,0.3431,0.2499,0.0262,0.5372
11,51,morning,Mon,0,0,school,13.57,6.7,2.69,70.3,19.7,rain,medium,67.3,65.9,18.8,0,5,speed_alert,0.1621,0.1295,0.2617,0.8067,0.1542,0.2223,0.3653,0.2327
15,40,afternoon,Mon,0,0,work,2.29,15.5,3.35,35.7,21.8,clear,low,68.2,28.8,50.0,0,4,refuel_soon,0.0517,0.2182,0.3324,0.3604,0.1453,0.2043,0.1023,0.5154
6,41,morning,Thu,3,0,gym,1.17,82.2,2.63,50.7,27.9,rain,high,77.4,36.1,74.5,0,9,arrived_soon,0.0109,0.811,0.3035,0.5582,0.118,0.3181,0.2295,0.6993
3,31,night,Mon,0,0,work,2.93,82.5,1.91,31.6,15.2,rain,low,73.1,42.4,-0.1,1,0,no_action,0.0384,0.8523,0.2254,0.3727,0.0999,0.2363,0.235,0.0536
4,52,night,Mon,0,0,restaurant,29.0,80.8,1.74,21.9,11.5,clear,high,71.2,0.3,58.8,1,0,no_action,0.2948,0.8271,0.1389,0.2703,0.0723,0.2465,0.0062,0.5694
8,55,morning,Sat,5,1,work,13.67,51.1,1.54,67.0,1.0,clear,low,70.9,12.5,48.1,0,0,no_action,0.1187,0.5099,0.1695,0.749,0.0328,0.2318,0.0579,0.5334
5,6,morning,Tue,1,0,restaurant,1.98,15.9,3.25,58.8,4.1,clear,low,74.8,40.0,47.1,0,4,refuel_soon,0.0409,0.1284,0.3225,0.6591,0.0072,0.3236,0.1543,0.492
23,24,night,Sat,5,1,school,11.1,70.7,4.81,30.8,60.0,fog,low,76.3,86.2,100.5,1,1,take_break_now,0.0753,0.7123,0.4634,0.3622,0.349,0.3772,0.4727,0.8964
18,29,evening,Fri,4,0,restaurant,4.12,5.6,4.94,43.7,56.4,clear,high,79.2,7.3,13.8,0,7,route_to_gas,0.05,0.0907,0.5062,0.4833,0.2936,0.3905,0.0051,0.2053
14,15,afternoon,Thu,3,0,work,19.03,62.7,3.43,61.6,14.8,clear,high,70.7,41.9,29.4,0,0,no_action,0.1599,0.6542,0.3382,0.7127,0.0717,0.2586,0.2376,0.3702
2,19,night,Fri,4,0,gas_station,5.32,84.0,5.05,55.2,32.0,rain,medium,81.0,17.7,51.4,1,0,no_action,0.0296,0.8196,0.4837,0.5653,0.1821,0.3867,0.1213,0.5495
19,4,evening,Sun,6,1,gas_station,4.88,77.1,4.92,62.3,15.3,clear,medium,83.1,40.5,91.5,0,0,no_action,0.0761,0.7539,0.4613,0.708,0.0614,0.458,0.174,0.863
18,16,evening,Mon,0,0,work,13.18,70.6,2.32,43.3,8.8,clear,high,74.8,14.0,33.4,0,0,no_action,0.1275,0.6221,0.21,0.4544,0.0289,0.2994,0.0579,0.3375
20,18,evening,Fri,4,0,home,21.71,4.0,4.86,58.4,70.1,clear,medium,81.4,28.6,79.7,0,7,route_to_gas,0.2108,0.0906,0.4988,0.7086,0.4246,0.3998,0.137,0.7264
12,56,afternoon,Wed,2,0,gas_station,14.83,89.7,4.41,70.0,45.6,clear,medium,84.1,4.7,66.6,0,10,coffee_suggestion,0.2018,0.8882,0.4636,0.7662,0.1975,0.3894,0.0381,0.659
21,16,evening,Sat,5,1,work,43.41,86.6,6.1,57.5,36.9,rain,medium,83.8,57.7,97.9,1,1,take_break_now,0.4765,0.9074,0.6159,0.6411,0.1621,0.4739,0.3515,0.9218
9,29,morning,Wed,2,0,school,4.86,81.7,4.72,43.4,100.9,clear,medium,87.2,47.4,47.5,0,8,food_break,0.0505,0.8617,0.4197,0.5428,0.6251,0.4786,0.2885,0.4778
18,23,evening,Tue,1,0,gym,0.2,41.1,6.27,32.7,69.9,fog,medium,86.4,64.3,100.2,0,9,arrived_soon,0.0145,0.3672,0.605,0.3185,0.407,0.4908,0.3208,0.9483
11,34,morning,Mon,0,0,work,24.99,23.9,3.42,39.9,30.5,snow,high,78.3,27.1,18.5,0,4,refuel_soon,0.2612,0.2912,0.4077,0.4121,0.1515,0.3697,0.1854,0.1723
13,1,afternoon,Mon,0,0,restaurant,22.55,8.9,2.34,60.3,2.4,clear,low,67.8,99.1,101.5,0,7,route_to_gas,0.2564,0.0843,0.206,0.6802,0.0279,0.2593,0.5303,0.9092
20,26,evening,Wed,2,0,restaurant,0.54,3.2,4.54,68.0,52.3,clear,low,77.0,13.6,59.5,0,7,route_to_gas,0.0,0.0867,0.4544,0.7353,0.2457,0.3938,0.0592,0.6409
19,16,evening,Wed,2,0,home,1.22,65.4,2.51,51.8,4.3,clear,medium,73.7,143.3,76.3,0,9,arrived_soon,0.0236,0.6759,0.2347,0.6316,0.0642,0.321,0.8208,0.7203
7,40,morning,Sun,6,1,work,29.53,68.4,0.59,53.8,27.2,clear,medium,60.3,42.6,42.9,0,0,no_action,0.267,0.7216,0.0975,0.596,0.1661,0.1289,0.2008,0.5076
1,43,night,Sat,5,1,hospital,34.18,81.7,4.95,49.9,47.1,snow,medium,81.3,48.8,37.4,1,6,weather_warning,0.295,0.8141,0.4856,0.5755,0.2891,0.414,0.3008,0.4493
15,2,afternoon,Sun,6,1,hospital,0.4,15.8,1.31,43.1,5.4,clear,high,76.1,88.5,17.8,0,4,refuel_soon,0.0,0.2456,0.161,0.486,0.0312,0.3251,0.4338,0.2086
10,45,morning,Tue,1,0,hospital,21.06,48.1,1.87,73.7,56.0,clear,medium,70.0,159.9,69.2,0,0,no_action,0.2259,0.4996,0.2023,0.8291,0.3138,0.1849,0.9115,0.6745
0,42,night,Fri,4,0,grocery,2.99,51.1,5.19,50.4,41.9,clear,medium,87.2,61.0,11.4,1,0,no_action,0.0304,0.5403,0.4951,0.5627,0.2344,0.4782,0.3074,0.1977
18,20,evening,Tue,1,0,gym,8.31,92.7,5.04,50.3,56.9,rain,medium,79.6,49.7,30.6,0,10,coffee_suggestion,0.0701,0.9518,0.5136,0.5684,0.3237,0.36,0.1685,0.3847
8,12,morning,Sun,6,1,work,1.21,61.0,1.32,57.2,6.2,clear,high,60.9,166.5,-3.5,0,9,arrived_soon,0.0,0.5825,0.1146,0.633,0.0315,0.1303,0.8941,0.0776
0,5,night,Sat,5,1,gym,8.84,3.6,4.71,79.6,89.6,rain,low,78.1,64.8,42.2,1,5,speed_alert,0.1184,0.0615,0.5232,0.9273,0.4973,0.4442,0.4004,0.4516
22,4,night,Fri,4,0,school,47.92,89.0,4.74,53.0,5.6,snow,medium,73.9,37.4,27.0,1,6,weather_warning,0.4537,0.9376,0.4652,0.5587,0.0566,0.301,0.2202,0.2725
15,34,afternoon,Fri,4,0,school,77.54,72.8,2.52,59.2,27.2,clear,low,77.0,92.5,18.6,0,0,no_action,0.7757,0.7324,0.2629,0.6449,0.1785,0.3119,0.5327,0.2448
10,29,morning,Sat,5,1,gym,56.98,13.3,3.75,53.4,55.0,rain,medium,85.4,17.6,92.7,0,4,refuel_soon,0.5565,0.1454,0.356,0.5689,0.2954,0.475,0.133,0.8334
2,10,night,Sun,6,1,school,10.15,63.2,3.41,48.8,5.6,clear,low,82.5,7.6,-8.3,1,0,no_action,0.0997,0.6093,0.3523,0.5217,0.0148,0.4034,0.0,0.0
7,35,morning,Mon,0,0,school,3.53,88.6,3.09,45.3,62.4,clear,medium,74.4,7.5,25.0,0,0,no_action,0.0009,0.8728,0.3299,0.4929,0.336,0.26,0.0446,0.2582
21,19,evening,Fri,4,0,grocery,0.3,40.5,4.78,28.2,23.5,clear,low,82.5,45.9,40.8,1,9,arrived_soon,0.0,0.4391,0.5099,0.3252,0.0947,0.451,0.2471,0.4772
15,11,afternoon,Sun,6,1,home,6.32,43.7,2.03,54.3,6.2,clear,low,77.2,32.7,75.8,0,0,no_action,0.0875,0.3942,0.2044,0.5998,0.0,0.3512,0.2462,0.706
22,43,night,Thu,3,0,school,5.85,14.2,6.32,73.2,49.3,clear,medium,83.5,16.5,19.1,1,4,refuel_soon,0.0504,0.1282,0.6104,0.8133,0.2582,0.3894,0.0929,0.2528
22,16,night,Sat,5,1,restaurant,10.36,72.4,3.68,71.7,20.0,clear,medium,76.6,11.6,44.7,1,0,no_action,0.0826,0.7463,0.3911,0.7848,0.0762,0.3487,0.0662,0.4107
11,54,morning,Sun,6,1,home,21.52,11.8,2.27,59.0,8.8,clear,high,65.2,6.9,39.6,0,4,refuel_soon,0.2573,0.1504,0.1947,0.6576,0.0369,0.1851,0.0222,0.4555
7,30,morning,Thu,3,0,gym,9.41,15.4,1.19,37.8,3.0,rain,medium,75.2,9.9,63.6,0,4,refuel_soon,0.1184,0.1747,0.0786,0.4026,0.0,0.3112,0.0,0.653
7,7,morning,Fri,4,0,gas_station,9.01,96.7,1.6,47.7,30.4,clear,medium,58.3,43.0,69.1,0,0,no_action,0.1161,0.9536,0.1142,0.573,0.1354,0.1136,0.2523,0.6615
4,35,night,Sun,6,1,hospital,8.78,38.9,4.05,86.6,19.5,clear,low,76.7,44.7,34.6,1,5,speed_alert,0.1071,0.3897,0.4202,0.9768,0.1713,0.3409,0.2279,0.3778
6,7,morning,Tue,1,0,gas_station,16.27,80.5,2.64,76.4,58.1,clear,high,59.1,27.8,83.5,0,0,no_action,0.1673,0.7843,0.2934,0.8409,0.3217,0.1115,0.1679,0.745
10,17,morning,Thu,3,0,work,10.02,74.5,1.39,30.3,21.3,clear,medium,71.5,95.2,47.5,0,0,no_action,0.1063,0.764,0.1499,0.3261,0.0706,0.2755,0.5703,0.4967
9,36,morning,Sun,6,1,home,8.78,67.6,1.89,72.2,60.3,clear,medium,85.2,22.6,36.4,0,0,no_action,0.1745,0.6793,0.206,0.7743,0.285,0.4314,0.1265,0.3966
20,56,evening,Mon,0,0,school,1.81,15.3,4.1,78.2,7.3,clear,medium,89.7,50.0,102.5,0,4,refuel_soon,0.0206,0.134,0.3802,0.8652,0.0636,0.5375,0.2783,0.9739
5,16,morning,Sat,5,1,school,28.08,96.2,3.77,53.6,6.7,rain,medium,75.5,78.7,37.0,0,0,no_action,0.3542,0.9854,0.4164,0.6352,0.0371,0.304,0.4336,0.3624
6,30,morning,Fri,4,0,school,23.57,56.6,2.25,49.7,78.1,clear,medium,62.9,47.7,18.8,0,0,no_action,0.1939,0.6264,0.214,0.5571,0.4311,0.1541,0.2397,0.2308
6,1,morning,Tue,1,0,grocery,1.6,6.9,0.29,57.7,12.7,clear,high,68.8,14.6,75.3,0,7,route_to_gas,0.0,0.0868,0.04,0.6607,0.0491,0.2695,0.078,0.6755
8,12,morning,Sat,5,1,restaurant,7.72,43.6,0.81,14.8,2.3,rain,low,62.5,2.1,101.5,0,0,no_action,0.0884,0.4744,0.0352,0.1244,0.0572,0.1779,0.0041,0.9804
9,37,morning,Thu,3,0,restaurant,10.76,99.6,2.71,54.1,83.1,rain,high,67.4,12.6,32.4,0,0,no_action,0.1092,1.0,0.246,0.6242,0.4463,0.1998,0.091,0.328
17,3,evening,Mon,0,0,gas_station,18.23,63.8,5.62,17.4,35.8,fog,low,74.4,0.8,94.2,0,2,take_break_soon,0.1587,0.6655,0.6233,0.2336,0.2347,0.3143,0.0,0.8662
22,41,night,Sat,5,1,home,10.16,91.9,4.68,67.3,48.8,rain,low,83.7,27.6,11.3,1,5,speed_alert,0.1085,0.8961,0.4616,0.7522,0.2877,0.4309,0.1616,0.1454
13,26,afternoon,Tue,1,0,restaurant,0.25,32.4,4.46,50.9,44.1,rain,medium,79.7,172.7,109.5,0,9,arrived_soon,0.0164,0.2713,0.5076,0.5716,0.2489,0.3784,0.9777,1.0
10,26,morning,Thu,3,0,gym,8.01,16.8,1.62,62.8,10.2,rain,medium,69.4,131.6,18.9,0,4,refuel_soon,0.0682,0.2338,0.129,0.6534,0.0438,0.2198,0.72,0.2652
23,30,night,Wed,2,0,gym,5.4,54.3,4.56,51.5,21.2,clear,high,70.8,60.2,2.9,1,0,no_action,0.1,0.5606,0.4095,0.5817,0.1293,0.2602,0.3175,0.0966
5,49,morning,Sat,5,1,work,32.37,16.4,4.9,90.0,57.0,rain,low,79.9,6.1,44.2,0,5,speed_alert,0.3432,0.1389,0.504,1.0,0.254,0.3466,0.0446,0.3942
7,13,morning,Thu,3,0,hospital,0.93,13.5,2.01,35.4,22.5,fog,medium,75.6,12.7,38.6,0,4,refuel_soon,0.0476,0.1369,0.2424,0.3714,0.123,0.3051,0.0944,0.3747
20,17,evening,Sun,6,1,work,11.61,17.7,6.04,65.5,33.9,clear,medium,79.2,111.4,-8.7,0,1,take_break_now,0.1061,0.1296,0.5671,0.7346,0.2157,0.3652,0.702,0.0
8,8,morning,Sun,6,1,gym,4.5,73.2,4.82,74.2,76.0,clear,low,70.2,6.6,71.9,0,10,coffee_suggestion,0.0855,0.7286,0.4264,0.9041,0.4261,0.2222,0.0711,0.7436
23,16,night,Thu,3,0,work,18.33,20.8,7.51,42.4,84.7,clear,high,75.7,5.5,93.4,1,1,take_break_now,0.2442,0.2255,0.79,0.5107,0.4669,0.3485,0.0844,0.8236
9,3,morning,Mon,0,0,grocery,17.83,79.9,0.32,62.1,3.5,clear,medium,63.1,51.5,40.1,0,0,no_action,0.2067,0.812,0.0659,0.6714,0.0,0.198,0.2899,0.4113
6,6,morning,Wed,2,0,gym,3.09,73.0,0.29,59.8,8.0,rain,medium,69.8,84.7,38.4,0,0,no_action,0.064,0.7142,0.0014,0.688,0.0368,0.2354,0.5089,0.368
23,47,night,Tue,1,0,school,10.9,69.3,7.07,52.7,66.6,snow,high,90.5,30.6,89.1,1,6,weather_warning,0.087,0.7036,0.7008,0.581,0.413,0.5035,0.1592,0.8173
11,47,morning,Tue,1,0,gas_station,7.61,15.3,3.13,31.2,35.5,rain,medium,87.8,111.5,53.1,0,0,no_action,0.1148,0.1341,0.3015,0.3447,0.2385,0.4471,0.5907,0.5331
21,3,evening,Fri,4,0,grocery,15.94,41.8,2.56,81.0,6.0,rain,medium,84.4,81.3,84.5,1,5,speed_alert,0.1222,0.4094,0.2768,0.9137,0.0995,0.4433,0.4416,0.7535
14,20,afternoon,Thu,3,0,gym,48.35,5.2,1.91,41.4,22.7,clear,low,66.4,4.3,54.3,0,7,route_to_gas,0.4566,0.0699,0.1972,0.4961,0.1825,0.2257,0.0376,0.5583
8,49,morning,Wed,2,0,hospital,6.19,3.1,2.38,68.7,61.1,fog,low,68.4,62.4,49.8,0,6,weather_warning,0.1198,0.0,0.2528,0.7765,0.373,0.2199,0.2825,0.4888
17,15,evening,Fri,4,0,grocery,7.83,50.6,4.88,51.2,49.7,clear,low,69.9,47.0,43.7,0,10,coffee_suggestion,0.0964,0.497,0.4447,0.5877,0.2885,0.2742,0.2531,0.3969
15,24,afternoon,Tue,1,0,gas_station,1.48,58.1,3.11,45.3,10.4,clear,high,72.9,5.3,93.1,0,9,arrived_soon,0.024,0.6279,0.2859,0.5783,0.0441,0.3469,0.0896,0.8069
22,3,night,Mon,0,0,work,0.69,17.5,5.4,57.7,11.8,clear,high,79.0,25.3,89.2,1,4,refuel_soon,0.0,0.1624,0.5636,0.6528,0.0815,0.3622,0.1168,0.8712
15,40,afternoon,Sun,6,1,gas_station,24.85,61.9,3.87,69.9,30.2,clear,high,93.5,66.2,104.7,0,0,no_action,0.2585,0.6169,0.3921,0.761,0.1807,0.5536,0.4479,0.9877
14,59,afternoon,Fri,4,0,work,18.82,66.5,1.53,63.4,1.0,snow,medium,78.2,25.0,37.1,0,6,weather_warning,0.1918,0.7133,0.1269,0.713,0.0288,0.3694,0.1569,0.4151
1,55,night,Thu,3,0,restaurant,14.72,35.3,4.28,44.2,40.0,snow,medium,77.2,14.4,95.4,1,0,no_action,0.1483,0.3424,0.4321,0.4894,0.1769,0.3478,0.079,0.8874
3,52,night,Fri,4,0,gym,5.93,32.4,1.69,64.3,6.0,rain,medium,71.7,27.2,-1.5,1,6,weather_warning,0.0257,0.3346,0.1798,0.7241,0.0389,0.2526,0.1063,0.0793
11,34,morning,Thu,3,0,hospital,6.97,13.3,1.04,64.8,7.8,clear,medium,60.2,52.6,99.5,0,4,refuel_soon,0.0965,0.1035,0.127,0.7374,0.0676,0.1512,0.3382,0.911
12,48,afternoon,Mon,0,0,school,16.34,63.6,2.04,72.6,35.5,clear,high,70.8,81.7,97.6,0,0,no_action,0.1945,0.6577,0.2005,0.7728,0.1649,0.2824,0.4156,0.8933
13,44,afternoon,Fri,4,0,home,16.16,43.0,0.67,72.6,2.4,clear,high,64.2,3.1,105.3,0,0,no_action,0.1956,0.4458,0.041,0.8002,0.0575,0.2177,0.0,0.9495
8,50,morning,Tue,1,0,work,2.56,65.1,1.5,74.6,26.6,clear,medium,69.3,24.1,51.9,0,0,no_action,0.0459,0.6813,0.2037,0.8299,0.1398,0.2826,0.1781,0.5028
3,28,night,Fri,4,0,hospital,9.3,58.6,5.1,59.0,107.9,clear,medium,82.9,17.2,108.7,1,10,coffee_suggestion,0.0491,0.5993,0.5655,0.6252,0.6039,0.3739,0.0737,0.9948
7,56,morning,Tue,1,0,grocery,1.47,82.0,0.45,41.4,34.3,rain,low,66.4,15.6,47.1,0,9,arrived_soon,0.0205,0.8681,0.0788,0.4519,0.2067,0.1718,0.1086,0.451
2,25,night,Wed,2,0,gas_station,29.8,52.0,6.5,90.0,82.3,rain,medium,83.3,8.0,98.1,1,5,speed_alert,0.3512,0.4857,0.6696,0.9978,0.4425,0.4482,0.0004,0.8299
3,17,night,Mon,0,0,gas_station,3.44,57.3,5.52,87.9,56.8,clear,medium,74.5,180.0,54.3,1,5,speed_alert,0.0468,0.6108,0.5033,0.9981,0.3453,0.3342,0.9878,0.5512
2,54,night,Fri,4,0,gas_station,7.01,3.7,3.06,43.6,14.2,fog,medium,71.2,62.8,-2.4,1,3,refuel_now,0.1109,0.0419,0.2928,0.4716,0.1049,0.1762,0.324,0.0602
20,30,evening,Tue,1,0,grocery,6.96,23.0,3.99,35.7,26.8,clear,low,80.3,15.3,108.9,0,4,refuel_soon,0.0948,0.1973,0.4008,0.4381,0.1415,0.4233,0.0829,1.0
10,40,morning,Wed,2,0,school,2.63,40.5,3.17,52.6,31.0,rain,low,80.6,80.6,28.8,0,0,no_action,0.0,0.4024,0.2768,0.5805,0.1919,0.4121,0.4619,0.3612
18,23,evening,Tue,1,0,grocery,36.17,94.0,6.38,24.9,92.2,rain,high,86.1,4.1,103.1,0,2,take_break_soon,0.3487,0.9758,0.6222,0.2441,0.5233,0.4449,0.0466,0.9121
23,46,night,Sun,6,1,school,0.23,54.5,3.88,50.1,30.6,rain,medium,68.7,127.4,47.3,1,9,arrived_soon,0.0,0.552,0.4349,0.526,0.1745,0.2388,0.7272,0.513
8,46,morning,Thu,3,0,gas_station,6.45,30.2,0.35,33.1,14.4,clear,low,72.4,25.8,53.2,0,0,no_action,0.0209,0.2964,0.0948,0.3978,0.0983,0.2917,0.1324,0.4744
9,5,morning,Thu,3,0,work,26.57,92.1,3.09,70.5,14.2,clear,low,78.0,2.7,21.5,0,0,no_action,0.2945,0.903,0.3135,0.7927,0.0461,0.3418,0.0,0.2882
3,40,night,Tue,1,0,restaurant,17.45,58.3,2.6,28.4,18.3,clear,medium,76.0,35.5,80.9,1,0,no_action,0.1522,0.6352,0.2216,0.3037,0.1049,0.3176,0.1741,0.7033
22,55,night,Fri,4,0,hospital,3.07,68.6,5.49,40.3,84.1,rain,high,78.5,18.8,60.6,1,10,coffee_suggestion,0.0097,0.7168,0.5476,0.4514,0.4002,0.3841,0.0839,0.6219
20,16,evening,Sat,5,1,gym,26.26,93.9,2.87,58.4,13.0,clear,low,78.0,54.1,55.9,0,0,no_action,0.2655,0.9006,0.2965,0.6391,0.0125,0.3366,0.2903,0.5751
14,40,afternoon,Sat,5,1,restaurant,6.22,47.1,6.33,55.9,105.3,rain,medium,86.8,7.2,6.8,0,2,take_break_soon,0.0149,0.5043,0.6492,0.67,0.5515,0.4936,0.0683,0.1348
2,16,night,Sun,6,1,school,10.04,57.1,3.2,57.2,15.8,snow,high,77.3,5.8,46.9,1,6,weather_warning,0.1288,0.558,0.3231,0.6271,0.1267,0.4041,0.0,0.413
6,40,morning,Mon,0,0,restaurant,1.45,15.7,1.11,68.2,7.6,rain,medium,70.1,14.3,50.3,0,5,speed_alert,0.0616,0.1343,0.1351,0.7675,0.0167,0.2194,0.0283,0.5167
4,0,night,Sat,5,1,hospital,5.12,48.4,5.07,51.4,46.4,clear,medium,73.1,1.0,59.0,1,10,coffee_suggestion,0.0524,0.4861,0.4973,0.5447,0.2303,0.2386,0.0409,0.589
10,53,morning,Wed,2,0,gym,10.92,70.4,3.64,70.3,24.8,clear,high,83.4,110.5,82.4,0,0,no_action,0.1087,0.7228,0.3578,0.7782,0.1237,0.4486,0.5704,0.7572
17,57,evening,Tue,1,0,work,6.44,22.6,4.17,54.0,50.9,clear,low,81.3,7.2,77.7,0,4,refuel_soon,0.0986,0.1901,0.393,0.6122,0.2729,0.4071,0.0294,0.7769
18,22,evening,Fri,4,0,school,10.81,11.7,5.06,64.7,30.5,rain,high,79.9,5.7,67.2,0,4,refuel_soon,0.1594,0.1569,0.507,0.7544,0.2152,0.3719,0.0254,0.6475
21,22,evening,Tue,1,0,hospital,38.16,85.2,4.53,79.9,33.4,rain,high,86.7,18.5,24.7,1,5,speed_alert,0.4046,0.8174,0.4506,0.9271,0.165,0.4293,0.105,0.2921
11,18,morning,Mon,0,0,grocery,78.62,39.7,5.01,56.4,56.9,rain,medium,81.9,51.4,56.6,0,10,coffee_suggestion,0.7953,0.3354,0.4711,0.6133,0.2936,0.3904,0.2931,0.585
13,36,afternoon,Tue,1,0,gym,2.5,61.1,3.72,65.1,16.1,rain,high,69.1,3.3,8.4,0,5,speed_alert,0.0,0.6286,0.4099,0.7037,0.0674,0.2161,0.0,0.2137
18,16,evening,Thu,3,0,hospital,2.65,53.2,3.6,31.9,6.7,rain,low,74.5,15.1,66.2,0,0,no_action,0.0251,0.4898,0.3097,0.3337,0.0044,0.3138,0.0297,0.6219
6,45,morning,Thu,3,0,restaurant,1.68,39.9,2.8,76.3,55.3,clear,low,80.8,25.4,97.6,0,9,arrived_soon,0.0042,0.4018,0.3264,0.8791,0.3388,0.3453,0.1057,0.9033
21,39,evening,Sat,5,1,work,26.64,4.7,4.95,47.2,75.7,clear,medium,75.3,2.5,60.6,1,7,route_to_gas,0.2511,0.0734,0.4493,0.5433,0.3992,0.3102,0.0094,0.5816
17,31,evening,Thu,3,0,grocery,7.76,78.9,5.11,48.9,71.5,rain,medium,75.8,44.6,80.5,0,10,coffee_suggestion,0.0692,0.7713,0.5388,0.4611,0.4446,0.3544,0.2288,0.7406
17,24,evening,Sat,5,1,gym,2.34,7.7,2.72,57.6,37.6,fog,high,60.7,56.5,10.6,0,6,weather_warning,0.0186,0.1001,0.2187,0.5999,0.1882,0.1378,0.3387,0.2203
22,8,night,Mon,0,0,grocery,2.77,78.9,4.32,38.0,14.0,clear,high,75.5,47.9,6.7,1,0,no_action,0.0003,0.7808,0.4565,0.3918,0.0839,0.3166,0.2434,0.13
7,19,morning,Thu,3,0,gym,24.7,79.4,2.16,39.5,26.0,clear,low,79.3,36.0,86.9,0,0,no_action,0.2225,0.7963,0.2001,0.4382,0.1408,0.3788,0.1713,0.813
2,12,night,Fri,4,0,hospital,22.26,13.1,2.22,56.8,13.6,rain,medium,59.7,23.3,81.4,1,4,refuel_soon,0.2156,0.1051,0.2144,0.6217,0.0988,0.1425,0.1129,0.7605
6,16,morning,Fri,4,0,work,8.05,5.6,2.15,23.0,57.8,clear,medium,56.1,18.1,105.7,0,7,route_to_gas,0.0969,0.0198,0.2384,0.2554,0.3386,0.0728,0.1118,0.9977
20,15,evening,Tue,1,0,gym,5.03,87.0,5.45,74.3,49.9,clear,high,77.5,9.7,50.6,0,10,coffee_suggestion,0.101,0.8373,0.6118,0.8144,0.2542,0.3694,0.0816,0.5242
8,19,morning,Sat,5,1,school,23.61,48.6,0.38,46.3,20.3,clear,high,72.4,47.2,105.5,0,0,no_action,0.2682,0.4726,0.0388,0.5005,0.1291,0.2737,0.2499,0.9635
4,28,night,Tue,1,0,work,0.24,72.6,3.99,38.2,68.0,clear,low,78.6,59.9,105.9,1,9,arrived_soon,0.0,0.7013,0.4221,0.4121,0.3488,0.3325,0.3521,0.9632
