hour,time_of_day,day_of_week,is_weekend,event_category,scheduled_event,time_until_event_min,location,energy_level,phone_battery_pct,tasks_pending,last_meal_hours_ago,last_break_minutes_ago,weather,focus_score,fuel_level_pct,has_unread_email,messages_pending,last_media,is_night,suggestion_name,suggestion_label
6,morning,3,0,none,none,999,home,24.0,88.2,7,0.34,10.5,clear,14.3,100.0,0,4,podcast,0,no_action,7
11,morning,5,1,social,family_time,161,home,46.0,72.6,2,0.1,175.3,clear,98.3,54.3,0,4,music,0,no_action,7
20,evening,0,0,school,exam,101,school,44.7,74.4,6,0.03,41.6,rain,83.3,81.6,0,0,none,0,study_for_class,18
7,morning,3,0,work,presentation,103,work,12.8,80.1,9,3.69,81.0,snow,59.8,30.2,1,5,none,0,no_action,7
7,morning,4,0,work,team_meeting,51,commuting,96.9,100.0,0,1.87,49.7,clear,42.3,91.8,0,2,none,0,play_music,9
7,morning,2,0,health,gym,92,gym,20.4,66.8,1,3.98,112.2,clear,37.1,49.4,0,4,music,0,no_action,7
7,morning,5,1,none,none,999,home,74.2,46.1,6,2.86,101.0,clear,71.1,63.1,0,3,none,0,exercise_suggestion,2
6,morning,0,0,work,team_meeting,65,work,64.4,52.4,6,1.55,36.6,clear,16.1,75.6,1,4,none,0,no_action,7
20,evening,5,1,health,gym,77,gym,90.6,100.0,8,0.77,19.8,rain,0.1,69.4,0,2,none,0,no_action,7
7,morning,2,0,work,presentation,134,work,32.0,44.6,7,0.37,39.4,rain,36.4,87.9,1,3,none,0,no_action,7
6,morning,1,0,health,doctor_appointment,70,outside,14.6,73.5,2,0.65,163.5,rain,53.1,100.0,0,5,none,0,no_action,7
3,night,6,1,none,none,999,outside,43.1,91.8,10,2.0,114.0,snow,79.8,42.3,0,2,none,1,sleep_suggestion,15
2,night,3,0,none,none,999,outside,82.9,90.0,8,0.86,17.3,rain,38.7,41.2,1,0,music,1,no_action,7
17,evening,6,1,health,therapy,11,commuting,83.5,92.3,1,1.62,95.3,fog,96.5,34.2,0,2,none,0,no_action,7
8,morning,2,0,health,doctor_appointment,177,home,17.6,87.4,3,0.35,161.7,rain,37.2,95.4,1,0,none,0,no_action,7
13,afternoon,1,0,work,focus_work,132,work,74.1,42.2,3,0.54,58.6,clear,74.4,81.4,0,0,music,0,no_action,7
18,evening,5,1,social,dinner,127,restaurant,90.3,70.1,0,1.99,143.1,rain,49.3,73.5,0,4,music,0,no_action,7
3,night,2,0,none,none,999,outside,89.5,27.4,0,2.75,171.6,rain,57.2,58.9,1,3,none,1,no_action,7
20,evening,6,1,social,friends_hangout,36,home,94.3,77.4,7,2.38,102.6,clear,67.1,33.9,0,2,none,0,start_commute,17
16,afternoon,0,0,school,study_session,145,school,47.8,27.0,9,0.59,110.1,clear,62.8,76.7,0,5,podcast,0,take_break,20
11,morning,2,0,work,presentation,61,work,70.5,33.0,5,0.8,27.9,rain,3.1,100.0,0,5,none,0,no_action,7
10,morning,3,0,work,presentation,-23,work,66.1,54.1,3,0.18,9.3,clear,70.0,82.0,0,4,podcast,0,send_late_message,13
9,morning,5,1,school,study_session,89,school,17.1,60.9,6,0.05,173.3,clear,68.8,23.3,0,1,none,0,study_for_class,18
1,night,5,1,work,team_meeting,58,work,95.9,40.5,5,2.68,99.8,rain,4.8,87.9,0,2,podcast,1,take_break,20
13,afternoon,3,0,school,lecture,63,school,52.7,83.1,6,0.21,88.5,clear,46.5,84.4,0,1,music,0,study_for_class,18
4,night,3,0,school,assignment_due,107,school,87.1,73.5,7,2.15,29.3,fog,94.4,100.0,1,2,podcast,1,no_action,7
11,morning,1,0,social,dinner,2,restaurant,94.7,100.0,9,0.98,173.0,clear,27.4,16.2,0,5,none,0,no_action,7
18,evening,1,0,social,family_time,50,home,71.3,43.1,6,0.83,46.9,clear,69.7,100.0,0,4,none,0,no_action,7
20,evening,4,0,work,focus_work,107,work,61.8,100.0,0,2.63,23.0,rain,34.1,18.1,1,4,none,0,no_action,7
22,night,4,0,none,none,999,outside,58.1,56.3,10,1.37,70.1,clear,5.3,31.4,1,2,none,1,wind_down,22
6,morning,3,0,none,none,999,outside,66.9,74.4,8,1.19,52.8,rain,21.3,79.9,1,0,none,0,exercise_suggestion,2
20,evening,1,0,none,none,999,home,73.5,80.1,9,6.93,123.8,rain,10.1,100.0,0,4,none,0,eat_something,1
8,morning,1,0,none,none,999,outside,31.0,73.1,5,1.74,155.4,snow,94.7,35.6,1,3,none,0,read_email_alert,12
18,evening,4,0,work,focus_work,136,work,20.0,93.4,9,1.36,2.0,rain,76.7,61.0,1,0,music,0,no_action,7
16,afternoon,0,0,none,none,999,outside,16.6,77.6,1,1.61,174.5,clear,21.7,65.3,0,0,music,0,no_action,7
21,night,2,0,none,none,999,outside,35.0,100.0,9,0.42,83.5,clear,26.6,44.8,0,3,podcast,1,wind_down,22
21,night,6,1,health,gym,130,gym,34.4,100.0,5,0.29,13.7,fog,72.6,27.7,0,1,none,1,no_action,7
17,evening,2,0,school,lecture,88,school,53.2,100.0,9,8.44,67.8,clear,97.0,53.8,1,4,none,0,eat_something,1
8,morning,2,0,school,exam,118,school,79.2,72.1,0,5.79,152.9,clear,20.5,66.2,0,4,music,0,study_for_class,18
0,night,0,0,none,none,999,home,52.9,72.0,0,3.56,55.4,rain,56.1,54.3,1,0,music,1,no_action,7
14,afternoon,6,1,none,none,999,home,29.2,100.0,5,0.29,2.6,rain,63.7,86.9,0,2,podcast,0,social_suggestion,16
19,evening,0,0,work,deadline,48,work,87.6,100.0,7,5.97,26.5,snow,76.9,30.5,0,4,podcast,0,no_action,7
20,evening,1,0,work,focus_work,12,work,21.6,68.9,5,0.27,27.3,rain,18.0,63.1,0,0,podcast,0,no_action,7
2,night,2,0,none,none,999,outside,13.7,60.8,5,0.37,50.1,clear,12.1,53.1,0,1,podcast,1,sleep_suggestion,15
16,afternoon,5,1,social,family_time,124,home,88.6,54.5,9,5.07,11.0,snow,8.5,70.3,0,3,none,0,no_action,7
23,night,5,1,health,medication_reminder,-3,commuting,77.3,56.3,6,0.07,45.4,rain,84.4,10.2,0,3,none,1,find_gas_station,3
5,morning,2,0,none,none,999,home,26.4,79.3,5,1.66,151.3,clear,12.0,52.8,1,3,music,1,no_action,7
9,morning,2,0,social,family_time,115,outside,62.8,73.9,2,2.74,77.7,clear,33.7,43.5,1,1,none,0,no_action,7
12,afternoon,5,1,health,gym,2,gym,86.6,66.8,7,0.18,145.1,snow,8.0,8.1,0,4,podcast,0,no_action,7
5,morning,1,0,none,none,999,outside,75.1,71.8,10,3.44,129.3,rain,28.0,76.3,1,5,podcast,1,no_action,7
3,night,2,0,social,date,-11,commuting,65.0,60.5,10,0.68,104.6,fog,32.1,57.3,0,5,none,1,send_late_message,13
9,morning,4,0,school,exam,141,school,17.9,87.7,8,0.3,0.5,rain,47.2,39.7,0,5,none,0,no_action,7
4,night,5,1,none,none,999,home,99.2,89.1,0,0.46,68.3,rain,57.4,61.4,1,2,podcast,1,no_action,7
13,afternoon,3,0,school,study_session,134,school,57.1,85.6,8,0.89,157.9,rain,45.2,90.9,0,2,music,0,take_break,20
0,night,6,1,none,none,999,outside,45.2,25.5,7,1.52,12.0,rain,11.7,89.9,1,2,none,1,no_action,7
19,evening,6,1,none,none,999,home,61.6,100.0,4,10.0,135.4,rain,14.3,64.2,0,1,podcast,0,eat_something,1
9,morning,0,0,school,exam,110,school,81.8,65.3,1,0.32,41.3,clear,59.8,40.5,0,1,none,0,study_for_class,18
4,night,3,0,social,dinner,43,restaurant,48.1,42.6,9,0.68,110.7,rain,50.6,48.0,0,3,music,1,no_action,7
11,morning,3,0,none,none,999,home,43.7,100.0,7,0.14,13.9,snow,91.1,81.8,0,4,podcast,0,no_action,7
13,afternoon,3,0,school,study_session,26,school,30.5,41.1,4,1.87,68.3,clear,80.3,37.5,0,0,none,0,no_action,7
19,evening,0,0,none,none,999,home,53.3,70.4,10,5.01,105.7,clear,14.1,85.2,0,3,music,0,no_action,7
23,night,0,0,none,none,999,home,11.2,100.0,3,2.18,32.0,clear,55.7,93.2,1,4,none,1,sleep_suggestion,15
6,morning,0,0,work,deadline,148,work,28.5,77.0,7,0.42,6.6,rain,29.4,61.4,0,1,music,0,no_action,7
16,afternoon,1,0,work,deadline,148,work,87.6,63.4,9,5.84,67.2,snow,52.7,55.7,1,3,podcast,0,no_action,7
6,morning,4,0,work,deadline,26,commuting,70.5,54.4,4,0.04,18.7,clear,65.3,46.8,0,1,podcast,0,play_podcast,10
23,night,5,1,none,none,999,home,17.8,29.7,4,2.01,132.5,clear,18.1,42.5,0,3,music,1,sleep_suggestion,15
0,night,6,1,none,none,999,home,42.7,97.1,4,0.07,149.5,clear,55.2,52.3,0,3,none,1,sleep_suggestion,15
21,night,3,0,school,study_session,171,school,52.4,79.1,0,0.4,87.3,clear,54.2,66.0,0,0,none,1,no_action,7
10,morning,5,1,none,none,999,outside,34.5,39.8,4,0.04,164.6,snow,49.8,67.5,0,4,music,0,no_action,7
11,morning,6,1,social,friends_hangout,55,home,64.0,78.4,0,2.19,31.6,clear,38.3,89.6,0,1,none,0,no_action,7
10,morning,0,0,school,exam,5,school,92.4,66.4,5,2.56,109.9,clear,66.4,95.2,1,4,music,0,take_break,20
3,night,6,1,none,none,999,outside,54.7,57.6,9,1.82,60.2,clear,34.4,68.1,0,0,music,1,no_action,7
10,morning,1,0,work,deadline,4,work,72.5,84.5,2,0.64,106.2,clear,80.7,78.3,1,0,podcast,0,take_break,20
22,night,0,0,social,dinner,31,restaurant,75.2,100.0,1,2.03,176.5,clear,22.1,82.2,1,4,music,1,no_action,7
9,morning,6,1,none,none,999,home,38.2,40.7,2,0.26,131.6,fog,97.1,100.0,1,1,music,0,read_email_alert,12
19,evening,6,1,health,doctor_appointment,156,outside,20.9,36.9,7,0.16,125.3,clear,40.4,77.5,0,0,music,0,no_action,7
21,night,0,0,health,doctor_appointment,130,outside,31.0,78.7,10,0.05,156.6,snow,52.9,87.2,1,2,none,1,no_action,7
13,afternoon,3,0,school,assignment_due,31,school,88.6,100.0,8,8.28,138.3,clear,52.3,55.9,0,0,none,0,eat_something,1
13,afternoon,5,1,none,none,999,home,35.0,88.7,0,4.82,8.1,clear,12.4,100.0,1,4,podcast,0,read_email_alert,12
10,morning,3,0,work,deadline,153,work,91.3,78.1,3,9.05,133.8,clear,94.3,88.2,0,4,podcast,0,eat_something,1
13,afternoon,1,0,school,assignment_due,26,school,80.2,56.4,6,0.86,10.4,snow,92.8,51.1,1,4,none,0,no_action,7
2,night,1,0,none,none,999,outside,77.3,100.0,4,0.07,161.1,clear,87.7,48.4,0,3,music,1,no_action,7
2,night,0,0,none,none,999,outside,93.8,70.3,5,2.66,50.7,clear,72.3,60.3,0,5,podcast,1,no_action,7
15,afternoon,4,0,none,none,999,outside,91.6,73.1,7,1.69,119.2,rain,26.7,90.8,1,2,podcast,0,read_email_alert,12
0,night,2,0,none,none,999,outside,72.8,92.5,5,2.28,111.4,clear,88.2,77.7,1,0,none,1,no_action,7
22,night,1,0,social,family_time,76,home,10.1,77.7,6,1.62,136.2,clear,8.4,61.2,0,0,music,1,no_action,7
1,night,3,0,school,study_session,78,school,78.5,64.3,4,1.56,173.3,clear,93.7,70.5,0,1,podcast,1,study_for_class,18
16,afternoon,3,0,school,assignment_due,107,school,16.7,54.6,3,3.83,178.2,rain,59.4,64.0,0,4,none,0,take_break,20
5,morning,6,1,none,none,999,home,50.1,90.3,0,0.64,179.5,clear,85.4,92.0,0,4,music,1,no_action,7
19,evening,1,0,health,gym,53,gym,95.6,40.0,4,0.33,77.8,fog,85.7,86.8,1,2,none,0,no_action,7
2,night,2,0,none,none,999,outside,29.2,66.0,1,0.06,117.3,snow,47.3,73.8,1,5,none,1,sleep_suggestion,15
20,evening,6,1,health,doctor_appointment,19,commuting,21.8,88.1,2,0.07,165.8,clear,46.2,98.2,0,0,music,0,play_music,9
19,evening,3,0,social,dinner,145,restaurant,62.4,53.5,10,0.63,143.6,fog,15.0,64.6,0,5,none,0,no_action,7
13,afternoon,6,1,health,medication_reminder,1,commuting,95.7,100.0,2,4.77,130.4,clear,24.2,83.6,1,5,music,0,find_parking,4
19,evening,0,0,social,date,129,home,17.4,97.6,6,3.48,64.4,clear,56.8,67.3,0,1,podcast,0,no_action,7
9,morning,6,1,none,none,999,home,65.5,77.3,7,1.9,53.8,fog,62.5,87.0,1,2,music,0,read_email_alert,12
10,morning,3,0,social,dinner,103,restaurant,67.9,67.1,10,1.49,131.7,rain,59.3,97.9,0,0,podcast,0,no_action,7
18,evening,6,1,health,medication_reminder,142,home,69.3,85.1,1,1.38,100.0,rain,33.2,50.7,0,2,music,0,no_action,7
9,morning,2,0,social,dinner,62,restaurant,85.6,38.4,9,0.38,172.9,rain,42.5,55.7,0,3,podcast,0,no_action,7
23,night,1,0,none,none,999,home,75.3,33.0,1,1.33,157.2,rain,65.5,100.0,1,1,podcast,1,wind_down,22
11,morning,2,0,social,family_time,9,commuting,79.8,59.8,9,1.04,108.3,clear,97.1,80.6,0,4,none,0,find_parking,4
8,morning,5,1,work,presentation,94,work,42.3,91.3,10,1.8,29.4,clear,39.9,5.0,1,4,none,0,no_action,7
7,morning,3,0,school,lecture,14,commuting,89.5,52.8,9,1.17,59.6,rain,14.6,46.0,0,2,podcast,0,play_podcast,10
21,night,3,0,work,presentation,76,work,52.7,93.2,5,3.72,145.0,clear,11.2,95.6,0,1,none,1,take_break,20
4,night,3,0,work,team_meeting,-30,work,94.0,68.7,9,0.76,91.3,clear,48.0,39.1,0,5,podcast,1,send_late_message,13
17,evening,4,0,none,none,999,outside,54.0,97.0,3,2.2,25.1,rain,20.2,5.0,0,1,none,0,no_action,7
22,night,4,0,none,none,999,home,72.3,67.2,9,3.64,170.0,clear,24.4,70.4,1,0,none,1,wind_down,22
7,morning,0,0,social,date,2,commuting,84.4,87.5,1,2.2,103.9,fog,4.8,68.5,1,0,podcast,0,find_parking,4
12,afternoon,0,0,school,exam,128,school,46.4,86.1,5,0.79,120.2,fog,87.8,73.9,0,4,podcast,0,take_break,20
23,night,5,1,none,none,999,outside,72.6,40.0,0,0.98,80.8,clear,44.4,23.9,0,2,music,1,wind_down,22
13,afternoon,5,1,health,doctor_appointment,143,home,95.6,100.0,9,3.76,164.6,clear,14.9,65.8,0,3,music,0,no_action,7
10,morning,6,1,none,none,999,home,93.4,65.7,5,0.12,168.2,clear,16.6,74.8,0,4,none,0,focus_session,5
14,afternoon,3,0,work,presentation,113,work,46.0,78.4,10,7.52,148.2,clear,85.9,53.0,1,0,music,0,eat_something,1
9,morning,3,0,work,focus_work,87,work,13.9,77.6,6,2.01,171.3,rain,51.5,99.1,0,1,none,0,take_break,20
9,morning,1,0,work,deadline,139,work,31.3,65.1,2,3.03,49.5,snow,67.1,83.8,1,2,music,0,no_action,7
0,night,6,1,none,none,999,home,87.7,85.1,4,0.49,17.2,rain,60.7,46.6,0,1,none,1,no_action,7
12,afternoon,4,0,school,assignment_due,122,school,48.5,51.9,6,2.53,124.6,clear,81.9,100.0,0,5,music,0,take_break,20
6,morning,4,0,school,lecture,66,school,43.0,31.2,0,0.84,111.1,snow,67.0,100.0,0,4,none,0,study_for_class,18
7,morning,1,0,social,date,13,commuting,70.3,42.7,0,10.0,119.1,fog,44.6,34.2,0,5,music,0,eat_something,1
3,night,4,0,social,date,0,commuting,46.9,55.1,0,1.1,147.9,clear,98.1,78.1,0,5,none,1,find_parking,4
18,evening,5,1,none,none,999,home,85.8,73.8,1,1.47,112.2,rain,86.5,84.5,0,3,podcast,0,exercise_suggestion,2
1,night,4,0,school,lecture,120,school,17.9,52.4,10,5.53,99.7,snow,28.0,31.7,1,1,music,1,sleep_suggestion,15
2,night,5,1,none,none,999,outside,44.3,74.0,5,4.21,156.3,clear,21.2,62.5,1,4,none,1,sleep_suggestion,15
1,night,2,0,none,none,999,home,84.0,73.3,3,0.28,155.2,rain,13.9,69.3,1,5,none,1,no_action,7
2,night,2,0,none,none,999,outside,16.1,62.7,3,0.05,24.3,clear,77.7,40.2,0,3,none,1,sleep_suggestion,15
13,afternoon,3,0,work,team_meeting,29,work,42.8,73.2,1,0.98,101.6,clear,5.8,59.2,1,4,music,0,prepare_for_meeting,11
14,afternoon,0,0,work,presentation,106,work,72.3,56.7,6,0.13,91.7,clear,23.3,57.4,0,4,music,0,take_break,20
5,morning,6,1,none,none,999,home,68.9,61.2,5,0.87,94.6,snow,73.4,98.2,1,5,none,1,no_action,7
20,evening,5,1,none,none,999,home,27.1,100.0,9,1.93,58.2,clear,97.6,84.9,1,4,none,0,social_suggestion,16
16,afternoon,2,0,work,presentation,108,work,18.8,100.0,3,1.34,27.0,clear,65.2,61.0,1,4,none,0,no_action,7
5,morning,1,0,none,none,999,outside,71.9,55.3,9,1.15,45.8,fog,25.3,91.0,1,3,music,1,no_action,7
1,night,2,0,none,none,999,home,50.6,81.2,0,4.28,19.0,clear,4.8,58.6,0,2,music,1,no_action,7
18,evening,2,0,school,exam,102,school,51.6,11.2,2,9.56,174.7,rain,18.5,69.6,0,4,music,0,charge_phone,0
21,night,1,0,school,assignment_due,81,school,44.4,87.2,3,0.46,21.8,rain,64.4,97.8,0,5,podcast,1,no_action,7
9,morning,4,0,school,exam,60,school,62.4,73.4,1,2.76,146.1,clear,33.8,71.7,1,0,none,0,study_for_class,18
13,afternoon,3,0,work,deadline,83,work,89.8,66.5,6,2.08,51.5,snow,25.8,58.1,0,4,podcast,0,no_action,7
20,evening,5,1,none,none,999,home,69.1,94.2,10,0.39,98.1,clear,54.0,83.4,0,1,none,0,social_suggestion,16
14,afternoon,3,0,health,gym,64,gym,40.8,42.1,0,1.07,136.5,clear,29.8,64.0,0,4,none,0,no_action,7
11,morning,6,1,none,none,999,outside,60.2,42.2,2,3.34,133.5,fog,9.9,59.2,0,1,music,0,no_action,7
9,morning,4,0,health,therapy,124,home,58.5,47.3,9,1.49,152.6,clear,74.6,100.0,0,1,podcast,0,no_action,7
19,evening,2,0,health,therapy,39,home,75.0,51.6,4,4.35,106.7,rain,0.2,12.6,0,1,music,0,start_commute,17
3,night,3,0,none,none,999,outside,53.3,76.5,9,2.06,11.7,rain,56.1,44.1,0,1,music,1,no_action,7
18,evening,6,1,school,lecture,116,school,15.3,51.5,5,0.81,141.3,clear,82.5,64.9,0,4,none,0,study_for_class,18
22,night,0,0,none,none,999,home,63.8,69.9,5,2.66,179.7,rain,42.1,62.0,0,2,music,1,wind_down,22
14,afternoon,5,1,none,none,999,outside,98.2,79.6,5,0.36,126.0,clear,51.8,30.6,0,4,none,0,focus_session,5
2,night,5,1,health,medication_reminder,38,home,82.2,62.8,5,1.23,86.9,rain,5.0,75.0,1,2,music,1,start_commute,17
3,night,5,1,work,presentation,143,work,77.6,47.0,7,2.14,172.2,clear,28.2,72.5,0,2,none,1,take_break,20
13,afternoon,1,0,work,presentation,151,work,34.1,100.0,10,0.34,153.6,clear,90.6,59.0,0,3,none,0,take_break,20
6,morning,5,1,none,none,999,outside,94.3,73.7,8,0.11,75.4,clear,98.0,77.9,0,1,none,0,exercise_suggestion,2
16,afternoon,2,0,work,deadline,54,work,20.3,31.6,9,0.33,40.6,clear,68.4,94.1,0,4,none,0,no_action,7
10,morning,0,0,health,doctor_appointment,146,home,51.2,51.3,1,1.33,29.8,rain,21.6,67.2,0,2,music,0,no_action,7
21,night,3,0,school,exam,137,school,98.0,64.4,6,3.16,89.5,snow,54.5,44.6,1,3,music,1,no_action,7
23,night,4,0,none,none,999,home,95.2,59.6,0,1.64,135.1,clear,6.5,47.8,0,3,music,1,wind_down,22
19,evening,2,0,school,exam,149,school,18.4,16.9,9,1.16,35.2,clear,35.7,39.1,1,4,music,0,no_action,7
22,night,0,0,none,none,999,home,24.2,73.7,6,2.38,142.8,rain,36.3,86.3,1,2,podcast,1,wind_down,22
0,night,3,0,health,gym,-23,gym,23.7,79.4,5,1.16,110.8,snow,11.8,84.0,0,0,music,1,sleep_suggestion,15
22,night,4,0,none,none,999,outside,89.4,45.4,10,1.12,29.2,rain,9.3,75.7,0,3,podcast,1,wind_down,22
4,night,2,0,social,dinner,-22,restaurant,73.9,76.2,8,0.75,84.8,clear,49.4,97.9,1,3,music,1,send_late_message,13
15,afternoon,4,0,school,lecture,159,school,91.5,57.0,10,2.69,34.4,rain,62.1,100.0,0,4,podcast,0,no_action,7
14,afternoon,2,0,social,date,94,home,71.8,42.5,8,0.14,31.5,rain,99.2,94.7,0,2,music,0,no_action,7
14,afternoon,5,1,social,friends_hangout,-10,commuting,88.4,84.8,1,2.91,141.9,rain,87.4,69.5,0,2,none,0,no_action,7
23,night,5,1,none,none,999,home,44.2,75.5,3,7.53,19.9,clear,42.1,92.5,0,5,none,1,sleep_suggestion,15
15,afternoon,0,0,work,presentation,148,work,85.6,85.5,8,8.01,111.8,clear,82.9,87.1,0,3,none,0,eat_something,1
5,morning,4,0,none,none,999,home,11.1,66.4,10,1.27,54.2,clear,22.6,56.3,0,0,none,1,no_action,7
3,night,3,0,none,none,999,home,90.3,95.8,0,0.41,14.2,clear,42.9,100.0,0,5,podcast,1,no_action,7
20,evening,4,0,work,team_meeting,70,work,18.4,48.8,0,4.81,120.5,clear,95.6,71.0,0,3,podcast,0,take_break,20
13,afternoon,6,1,social,friends_hangout,116,home,64.6,68.6,2,2.0,106.5,clear,51.2,88.8,0,5,podcast,0,no_action,7
2,night,5,1,none,none,999,home,98.5,66.8,5,0.63,73.3,clear,36.2,21.3,0,1,podcast,1,no_action,7
18,evening,3,0,work,deadline,154,work,27.6,66.5,7,1.89,50.5,rain,53.7,13.3,1,0,none,0,no_action,7
10,morning,3,0,school,assignment_due,59,school,29.7,12.4,8,1.01,8.0,clear,8.7,29.0,0,4,none,0,charge_phone,0
6,morning,6,1,none,none,999,home,99.4,100.0,0,0.28,49.5,clear,73.0,63.5,1,4,music,0,exercise_suggestion,2
11,morning,4,0,work,focus_work,14,work,10.2,89.2,0,2.53,149.3,rain,68.7,75.5,0,5,podcast,0,take_break,20
3,night,1,0,work,presentation,125,work,46.4,95.0,1,0.77,135.0,rain,67.9,67.8,0,2,music,1,take_break,20
13,afternoon,1,0,school,lecture,170,school,75.2,95.8,5,0.26,162.4,snow,99.1,72.2,1,0,music,0,take_break,20
2,night,2,0,none,none,999,outside,21.1,58.3,6,1.64,61.8,snow,6.7,67.3,0,2,music,1,sleep_suggestion,15
2,night,4,0,none,none,999,home,50.2,97.0,8,3.2,148.0,clear,31.9,48.2,0,1,none,1,no_action,7
21,night,3,0,work,team_meeting,121,work,48.7,44.7,0,0.31,160.2,fog,34.0,54.7,0,1,music,1,take_break,20
10,morning,6,1,work,deadline,95,work,86.2,50.4,7,1.51,151.5,fog,45.4,70.2,0,4,podcast,0,take_break,20
23,night,2,0,none,none,999,home,38.2,27.8,9,0.32,87.8,fog,11.6,28.7,1,4,music,1,sleep_suggestion,15
5,morning,3,0,none,none,999,home,64.6,50.4,5,0.33,5.6,clear,15.4,67.4,0,1,none,1,no_action,7
20,evening,2,0,health,gym,100,gym,27.5,45.4,4,0.12,61.6,fog,55.8,43.2,0,3,music,0,no_action,7
2,night,4,0,none,none,999,outside,99.4,8.7,8,4.25,112.2,rain,46.1,57.8,0,3,podcast,1,charge_phone,0
4,night,3,0,none,none,999,home,63.9,78.4,5,0.87,82.5,clear,79.1,39.5,0,0,music,1,no_action,7
8,morning,5,1,school,lecture,39,commuting,98.3,68.9,6,1.32,155.4,clear,28.6,35.7,0,2,music,0,play_music,9
18,evening,1,0,health,doctor_appointment,150,outside,84.5,70.6,2,2.89,103.2,clear,10.9,72.1,1,0,music,0,no_action,7
0,night,2,0,none,none,999,outside,93.6,94.1,9,0.06,157.0,clear,29.9,84.7,0,1,none,1,no_action,7
2,night,5,1,none,none,999,home,36.5,95.8,8,0.03,132.8,rain,6.9,77.8,0,4,podcast,1,sleep_suggestion,15
8,morning,6,1,none,none,999,home,45.9,56.5,3,2.57,50.5,clear,6.6,72.8,0,2,music,0,no_action,7
12,afternoon,4,0,social,date,14,commuting,37.0,72.8,9,0.16,90.1,clear,47.8,80.2,0,1,music,0,play_music,9
14,afternoon,6,1,social,family_time,8,commuting,23.7,32.2,6,0.62,4.0,clear,22.6,46.1,0,4,none,0,find_parking,4
18,evening,4,0,work,presentation,-6,work,62.7,5.0,1,1.96,12.9,clear,71.4,69.6,1,5,music,0,charge_phone,0
3,night,4,0,none,none,999,home,24.3,54.6,10,4.27,148.3,clear,40.2,100.0,0,0,music,1,sleep_suggestion,15
17,evening,5,1,none,none,999,outside,19.2,50.5,10,0.89,48.7,snow,57.2,93.1,1,2,music,0,read_email_alert,12
16,afternoon,5,1,social,family_time,173,home,13.8,53.3,8,1.66,167.4,rain,0.4,73.5,0,4,podcast,0,no_action,7
4,night,0,0,none,none,999,home,95.0,81.6,2,0.63,85.6,rain,4.8,44.9,0,3,podcast,1,no_action,7
2,night,6,1,social,dinner,175,restaurant,59.7,64.8,8,1.08,129.5,rain,47.2,73.2,1,0,podcast,1,no_action,7
22,night,4,0,school,assignment_due,106,school,76.5,81.4,4,0.76,116.1,rain,46.8,42.4,0,4,none,1,take_break,20
2,night,4,0,work,team_meeting,87,work,19.0,77.7,5,2.33,43.5,clear,1.9,100.0,0,1,none,1,sleep_suggestion,15
2,night,6,1,none,none,999,outside,75.2,65.6,9,4.2,7.5,rain,31.2,76.1,1,0,music,1,no_action,7
11,morning,2,0,social,date,139,outside,20.8,88.8,4,0.62,3.2,clear,73.9,79.8,0,0,none,0,no_action,7
15,afternoon,2,0,social,family_time,174,home,51.2,88.8,2,1.02,54.5,rain,93.7,81.9,0,4,music,0,no_action,7
22,night,3,0,work,focus_work,59,work,68.0,100.0,0,1.65,139.8,clear,19.6,75.8,0,1,podcast,1,take_break,20
12,afternoon,2,0,school,lecture,150,school,24.7,94.6,3,2.06,145.8,clear,72.5,66.5,0,0,music,0,take_break,20
16,afternoon,1,0,school,exam,21,school,78.5,29.8,4,0.87,170.8,rain,92.9,47.0,1,5,music,0,take_break,20
12,afternoon,6,1,school,study_session,-25,school,14.5,36.4,1,3.71,176.6,snow,24.2,58.3,1,3,podcast,0,send_late_message,13
15,afternoon,2,0,none,none,999,home,49.3,32.0,5,1.8,13.2,clear,1.4,76.6,1,4,podcast,0,read_email_alert,12
1,night,0,0,none,none,999,outside,78.2,82.6,3,0.35,85.8,clear,64.1,65.5,0,2,podcast,1,no_action,7
17,evening,5,1,none,none,999,outside,80.6,100.0,10,0.95,99.4,clear,80.8,73.7,0,2,none,0,focus_session,5
2,night,3,0,none,none,999,outside,45.8,63.0,8,5.04,178.8,rain,37.2,48.8,0,4,none,1,no_action,7
2,night,0,0,none,none,999,outside,99.3,91.6,1,0.98,103.3,rain,24.0,29.0,0,4,podcast,1,no_action,7
22,night,1,0,none,none,999,home,96.1,51.9,8,0.32,122.3,fog,58.2,83.7,0,2,music,1,wind_down,22
11,morning,1,0,health,medication_reminder,78,home,95.2,91.5,3,4.46,75.5,snow,88.9,57.7,0,4,music,0,no_action,7
8,morning,2,0,social,dinner,15,restaurant,83.0,6.9,1,3.61,59.8,rain,35.3,70.0,1,1,podcast,0,charge_phone,0
22,night,4,0,none,none,999,home,21.5,59.4,8,2.9,0.0,clear,36.2,63.0,0,5,none,1,wind_down,22
19,evening,2,0,none,none,999,outside,67.7,99.7,9,1.08,136.6,clear,32.5,42.3,0,2,none,0,focus_session,5
15,afternoon,2,0,none,none,999,outside,78.6,37.6,10,1.56,26.9,clear,75.4,53.4,0,1,podcast,0,focus_session,5
8,morning,0,0,none,none,999,home,74.3,32.3,0,2.85,18.5,rain,17.2,84.8,1,1,music,0,read_email_alert,12
6,morning,2,0,health,medication_reminder,120,outside,14.7,66.9,3,0.31,38.4,fog,85.7,63.3,0,3,music,0,no_action,7
12,afternoon,6,1,health,therapy,50,home,80.8,44.7,2,2.65,69.2,rain,12.4,55.3,1,0,podcast,0,no_action,7
22,night,3,0,none,none,999,home,58.1,100.0,4,1.56,77.3,rain,86.3,65.2,0,5,music,1,wind_down,22
11,morning,2,0,none,none,999,home,66.3,86.5,8,0.76,147.0,rain,25.0,90.3,0,2,podcast,0,focus_session,5
22,night,2,0,none,none,999,home,26.8,55.4,4,0.04,70.3,clear,62.1,52.6,0,0,podcast,1,wind_down,22
4,night,5,1,health,medication_reminder,2,commuting,71.7,58.6,6,0.81,10.2,fog,64.2,22.3,0,5,podcast,1,find_parking,4
21,night,4,0,school,exam,-2,school,92.3,82.6,9,0.02,81.0,clear,97.1,60.8,0,5,music,1,silence_phone,14
17,evening,1,0,social,family_time,146,home,33.8,44.3,1,0.46,86.9,clear,65.7,23.5,1,2,music,0,no_action,7
14,afternoon,5,1,work,deadline,10,work,66.1,76.9,1,2.09,48.1,rain,37.3,44.7,0,0,music,0,no_action,7
15,afternoon,5,1,social,friends_hangout,69,outside,29.2,100.0,7,5.6,1.2,rain,70.1,40.6,0,3,music,0,no_action,7
12,afternoon,3,0,none,none,999,home,29.8,89.5,5,2.59,111.1,fog,10.2,66.7,0,5,none,0,no_action,7
19,evening,2,0,school,lecture,122,school,49.1,31.9,7,2.57,1.6,clear,54.7,54.0,0,1,music,0,no_action,7
7,morning,6,1,social,date,120,outside,11.4,70.1,10,0.16,164.0,clear,73.3,58.9,0,2,music,0,no_action,7
15,afternoon,6,1,none,none,999,home,93.9,84.5,9,1.57,36.1,clear,25.3,76.8,1,2,podcast,0,read_email_alert,12
16,afternoon,0,0,school,exam,76,school,43.2,29.1,7,4.51,120.0,rain,41.1,72.1,1,2,music,0,study_for_class,18
7,morning,3,0,work,deadline,76,work,50.0,58.3,6,0.04,54.2,clear,49.1,86.5,1,0,podcast,0,no_action,7
13,afternoon,5,1,none,none,999,home,24.4,54.5,4,0.15,33.4,rain,72.1,52.7,1,2,none,0,read_email_alert,12
4,night,0,0,none,none,999,home,58.2,74.5,3,0.88,63.7,snow,82.8,23.5,0,4,none,1,no_action,7
9,morning,0,0,work,team_meeting,8,commuting,91.3,53.5,6,0.16,149.2,clear,85.9,37.7,0,0,none,0,find_parking,4
15,afternoon,2,0,work,focus_work,96,work,70.6,44.4,6,0.4,124.9,clear,74.1,74.0,1,4,music,0,take_break,20
17,evening,5,1,social,date,2,commuting,75.9,47.3,2,4.27,21.9,clear,51.9,20.4,0,5,none,0,find_parking,4
14,afternoon,5,1,social,date,87,outside,47.4,97.5,9,1.12,97.4,clear,75.4,100.0,0,1,music,0,no_action,7
21,night,0,0,social,dinner,145,restaurant,54.6,75.3,7,5.41,79.0,rain,20.6,72.5,0,0,music,1,no_action,7
16,afternoon,6,1,social,family_time,31,outside,66.6,100.0,8,2.33,45.6,rain,69.7,37.2,1,4,podcast,0,start_commute,17
15,afternoon,0,0,work,deadline,148,work,56.0,78.7,2,3.44,72.8,clear,41.0,19.8,0,1,podcast,0,no_action,7
15,afternoon,1,0,school,exam,-9,school,76.9,38.5,0,3.77,98.2,clear,37.5,62.8,1,3,podcast,0,silence_phone,14
9,morning,4,0,work,presentation,-28,commuting,16.2,40.6,3,0.92,83.6,clear,35.0,28.2,1,5,none,0,send_late_message,13
16,afternoon,0,0,school,exam,93,school,48.3,74.6,6,1.59,93.8,rain,75.9,50.5,0,2,music,0,study_for_class,18
6,morning,3,0,school,exam,103,school,78.3,80.9,3,1.82,117.7,snow,54.2,70.4,1,3,music,0,study_for_class,18
12,afternoon,2,0,work,deadline,-23,work,64.0,40.6,9,3.95,156.4,clear,18.8,73.8,0,1,none,0,send_late_message,13
18,evening,1,0,work,team_meeting,31,work,72.3,55.6,0,0.61,169.0,clear,82.6,86.4,0,5,none,0,take_break,20
3,night,6,1,none,none,999,outside,80.0,98.1,3,2.86,33.8,rain,74.8,78.4,0,0,music,1,no_action,7
21,night,5,1,social,family_time,65,home,13.5,80.7,7,2.2,58.1,clear,51.4,25.9,0,4,podcast,1,no_action,7
1,night,2,0,none,none,999,home,37.4,100.0,10,0.77,173.0,clear,78.4,35.6,0,3,music,1,sleep_suggestion,15
2,night,5,1,school,exam,175,school,37.8,78.0,9,0.28,92.1,rain,62.5,77.1,1,1,none,1,sleep_suggestion,15
3,night,4,0,none,none,999,home,22.5,94.1,6,1.73,102.5,fog,92.9,94.2,0,4,music,1,sleep_suggestion,15
4,night,2,0,none,none,999,home,51.5,100.0,10,5.62,90.7,snow,36.2,64.5,1,2,none,1,no_action,7
4,night,6,1,none,none,999,home,34.8,97.3,3,0.34,114.5,clear,20.4,98.5,0,1,music,1,sleep_suggestion,15
13,afternoon,5,1,work,deadline,147,work,73.0,85.1,5,3.64,144.5,clear,48.8,98.3,0,4,music,0,take_break,20
16,afternoon,5,1,health,medication_reminder,151,home,41.9,100.0,7,0.11,5.7,clear,91.6,100.0,0,5,music,0,no_action,7
6,morning,4,0,none,none,999,home,82.0,46.7,2,4.32,22.5,clear,89.7,100.0,0,0,music,0,exercise_suggestion,2
20,evening,5,1,social,dinner,93,restaurant,94.4,80.6,1,0.18,69.4,clear,16.8,72.7,0,1,none,0,no_action,7
9,morning,3,0,work,presentation,53,commuting,35.1,70.5,7,3.2,58.7,clear,2.1,77.0,1,3,none,0,play_music,9
12,afternoon,3,0,school,assignment_due,55,school,16.9,77.0,5,8.64,48.8,clear,30.2,72.2,0,5,none,0,eat_something,1
5,morning,1,0,none,none,999,home,34.6,80.7,6,1.34,14.8,fog,39.6,39.9,0,4,music,1,no_action,7
8,morning,5,1,none,none,999,home,79.9,100.0,6,3.96,56.5,snow,98.9,85.4,1,3,none,0,read_email_alert,12
20,evening,1,0,work,focus_work,170,work,85.4,5.0,1,0.9,154.8,clear,69.9,28.3,0,5,podcast,0,charge_phone,0
12,afternoon,0,0,health,therapy,103,outside,54.1,100.0,6,2.07,41.4,fog,74.2,100.0,0,5,podcast,0,no_action,7
20,evening,5,1,none,none,999,home,91.3,7.7,6,1.85,103.8,rain,14.3,58.6,0,2,podcast,0,charge_phone,0
11,morning,0,0,health,gym,62,gym,70.5,58.7,9,0.5,39.3,clear,58.9,77.1,1,4,podcast,0,no_action,7
17,evening,0,0,social,family_time,174,home,59.9,52.8,7,0.45,52.9,fog,4.0,43.1,0,2,none,0,no_action,7
12,afternoon,6,1,school,study_session,125,school,53.9,56.8,6,1.12,107.4,fog,37.6,76.4,0,1,none,0,take_break,20
20,evening,5,1,social,dinner,24,restaurant,70.3,41.5,4,1.26,139.2,clear,3.5,81.3,0,3,podcast,0,get_ready,6
14,afternoon,0,0,health,gym,44,gym,14.5,33.2,8,2.58,20.1,clear,92.2,57.5,0,2,podcast,0,no_action,7
18,evening,2,0,social,friends_hangout,64,home,71.0,53.7,5,1.67,167.2,clear,31.8,83.9,0,2,music,0,no_action,7
8,morning,0,0,school,study_session,108,school,36.4,47.1,10,0.08,114.7,rain,67.8,34.2,0,1,music,0,study_for_class,18
4,night,2,0,none,none,999,outside,40.6,88.9,0,1.22,122.1,rain,62.3,58.9,1,1,none,1,sleep_suggestion,15
13,afternoon,2,0,health,gym,139,gym,94.2,96.9,3,0.41,67.1,clear,16.5,53.3,0,3,none,0,no_action,7
22,night,5,1,none,none,999,outside,34.6,78.6,2,0.39,53.0,rain,5.6,83.1,0,3,podcast,1,wind_down,22
11,morning,1,0,health,doctor_appointment,64,home,36.6,100.0,5,0.71,19.3,clear,18.5,47.3,0,0,podcast,0,no_action,7
19,evening,5,1,social,dinner,85,restaurant,37.0,70.4,4,1.81,78.1,rain,39.0,18.7,0,2,none,0,no_action,7
14,afternoon,6,1,none,none,999,home,90.9,100.0,0,1.02,58.8,clear,25.4,85.2,1,1,music,0,read_email_alert,12
22,night,4,0,social,date,71,home,12.9,100.0,6,2.15,95.8,clear,56.8,80.1,0,4,none,1,no_action,7
8,morning,6,1,none,none,999,home,14.5,24.3,6,0.11,124.6,clear,98.9,43.5,0,0,music,0,no_action,7
21,night,1,0,health,medication_reminder,178,outside,14.7,59.8,5,1.63,28.1,clear,48.2,75.5,1,5,none,1,no_action,7
7,morning,4,0,social,family_time,-4,commuting,28.4,54.1,9,0.03,122.3,rain,53.2,87.4,0,4,none,0,play_music,9
5,morning,5,1,none,none,999,outside,93.5,33.6,6,3.73,40.3,clear,77.4,92.3,0,2,none,1,no_action,7
18,evening,3,0,social,family_time,129,outside,90.9,56.1,3,6.55,79.9,clear,67.6,18.6,0,5,none,0,eat_something,1
15,afternoon,3,0,none,none,999,outside,56.6,61.0,7,2.48,17.2,clear,73.1,51.5,1,4,podcast,0,read_email_alert,12
6,morning,3,0,none,none,999,home,46.3,100.0,4,2.79,95.6,rain,39.8,100.0,0,5,none,0,no_action,7
4,night,5,1,none,none,999,outside,44.1,66.2,1,4.93,45.2,clear,54.7,94.1,0,1,music,1,sleep_suggestion,15
15,afternoon,2,0,social,family_time,75,outside,75.6,69.6,5,0.85,120.8,clear,13.2,75.5,0,2,music,0,no_action,7
9,morning,2,0,none,none,999,home,48.8,67.5,9,0.73,35.7,rain,22.3,30.9,0,5,podcast,0,no_action,7
1,night,4,0,none,none,999,outside,75.2,100.0,8,2.34,61.3,clear,16.0,58.2,0,1,none,1,no_action,7
10,morning,4,0,health,therapy,142,outside,35.2,45.0,1,0.65,6.5,clear,3.9,42.6,0,1,podcast,0,no_action,7
15,afternoon,5,1,none,none,999,outside,72.8,44.5,5,0.91,101.9,clear,27.5,44.7,0,5,none,0,focus_session,5
11,morning,4,0,health,medication_reminder,-14,commuting,33.3,54.5,3,0.18,16.2,clear,33.7,38.3,1,5,none,0,play_music,9
13,afternoon,1,0,social,friends_hangout,149,outside,40.1,5.0,2,1.0,95.4,clear,20.9,55.6,0,3,music,0,charge_phone,0
5,morning,6,1,none,none,999,home,15.1,100.0,6,0.07,70.5,snow,24.7,43.4,1,3,podcast,1,no_action,7
19,evening,6,1,social,family_time,116,home,81.1,93.6,1,0.3,98.2,clear,15.6,73.5,0,4,none,0,no_action,7
3,night,4,0,none,none,999,outside,55.4,70.6,2,0.25,30.4,rain,86.6,53.4,0,4,podcast,1,no_action,7
19,evening,1,0,work,focus_work,29,work,68.0,72.2,7,0.05,77.3,snow,55.6,100.0,1,1,music,0,no_action,7
11,morning,6,1,health,therapy,172,home,32.8,88.6,9,4.01,18.5,clear,9.3,46.9,1,2,none,0,no_action,7
9,morning,2,0,social,friends_hangout,163,outside,39.1,89.1,4,2.16,117.4,rain,21.2,63.6,0,1,none,0,no_action,7
8,morning,1,0,school,exam,58,commuting,51.9,66.8,1,0.03,14.7,snow,48.3,78.3,1,2,music,0,play_music,9
23,night,5,1,none,none,999,outside,14.5,77.5,6,4.42,103.8,clear,6.9,66.9,0,1,none,1,sleep_suggestion,15
1,night,1,0,none,none,999,outside,36.4,83.0,3,1.49,125.6,rain,30.8,46.7,1,3,podcast,1,sleep_suggestion,15
2,night,6,1,school,lecture,92,school,49.8,51.9,0,0.09,123.2,rain,55.7,55.6,0,3,podcast,1,study_for_class,18
21,night,6,1,health,medication_reminder,-26,commuting,75.6,66.6,0,3.03,21.3,clear,32.3,43.2,0,5,none,1,take_medication,21
22,night,4,0,none,none,999,home,17.7,87.2,4,1.59,68.4,clear,24.0,100.0,0,3,none,1,wind_down,22
10,morning,6,1,none,none,999,outside,88.6,100.0,0,10.0,104.9,clear,47.6,5.0,0,1,music,0,eat_something,1
5,morning,4,0,none,none,999,home,70.0,100.0,3,0.25,103.1,rain,87.3,45.9,0,5,none,1,no_action,7
10,morning,4,0,social,date,154,home,65.5,60.5,3,3.79,35.3,rain,52.4,21.5,0,2,none,0,no_action,7
8,morning,3,0,social,dinner,8,restaurant,16.0,71.4,10,0.1,53.2,clear,49.8,76.0,0,5,music,0,get_ready,6
16,afternoon,1,0,school,lecture,68,school,75.7,80.6,3,0.91,115.4,clear,70.2,97.2,0,2,podcast,0,study_for_class,18
4,night,5,1,none,none,999,home,97.0,59.1,6,1.98,167.5,clear,41.2,86.8,1,4,none,1,no_action,7
10,morning,6,1,social,dinner,122,restaurant,55.5,67.5,0,0.35,118.5,clear,11.4,52.6,1,4,none,0,no_action,7
23,night,0,0,none,none,999,home,49.8,100.0,6,2.09,11.1,clear,73.0,37.1,0,0,none,1,wind_down,22
9,morning,0,0,social,date,94,outside,70.8,51.0,5,0.08,111.6,clear,55.2,52.4,0,0,none,0,no_action,7
7,morning,4,0,work,deadline,5,commuting,60.9,51.6,2,4.77,71.3,clear,43.3,67.0,0,0,music,0,find_parking,4
13,afternoon,1,0,work,deadline,101,work,81.2,56.4,9,4.95,64.8,clear,94.1,39.8,0,1,podcast,0,no_action,7
12,afternoon,5,1,none,none,999,home,56.5,69.5,8,1.74,168.5,snow,14.9,52.7,1,5,none,0,read_email_alert,12
8,morning,5,1,work,presentation,-2,commuting,49.6,55.1,5,2.07,68.6,clear,18.9,54.9,0,5,none,0,play_music,9
0,night,3,0,school,lecture,91,school,33.8,37.7,1,1.4,12.3,snow,63.1,58.3,1,0,none,1,sleep_suggestion,15
15,afternoon,6,1,health,gym,125,gym,53.1,66.2,4,0.04,147.5,rain,76.4,64.0,0,1,music,0,no_action,7
14,afternoon,6,1,social,friends_hangout,80,home,32.0,82.8,5,1.82,69.3,clear,48.3,49.1,0,1,none,0,no_action,7
3,night,2,0,work,presentation,14,work,99.5,98.4,4,0.45,46.5,clear,9.8,100.0,0,0,podcast,1,prepare_for_meeting,11
16,afternoon,4,0,work,deadline,-21,work,25.3,60.6,8,0.27,22.2,clear,5.9,59.5,0,4,podcast,0,send_late_message,13
17,evening,5,1,social,dinner,47,restaurant,25.3,96.3,8,0.11,59.6,clear,2.4,34.9,0,5,podcast,0,no_action,7
15,afternoon,2,0,none,none,999,home,20.3,85.2,3,1.35,30.5,clear,79.8,66.4,0,4,music,0,no_action,7
11,morning,6,1,social,friends_hangout,80,home,99.3,100.0,5,0.55,157.4,rain,49.0,49.3,0,2,podcast,0,no_action,7
22,night,5,1,social,friends_hangout,45,outside,62.1,58.1,0,3.57,144.7,fog,89.0,100.0,0,5,music,1,no_action,7
22,night,3,0,none,none,999,home,45.6,82.0,6,0.29,28.6,rain,43.4,44.3,0,0,none,1,wind_down,22
22,night,2,0,none,none,999,outside,42.2,6.3,0,1.8,103.6,rain,19.9,52.0,0,3,none,1,charge_phone,0
18,evening,6,1,school,assignment_due,139,school,72.9,57.1,8,0.8,134.1,rain,73.5,64.1,0,4,music,0,take_break,20
19,evening,4,0,none,none,999,outside,26.4,76.1,10,0.77,74.8,clear,73.5,55.8,0,5,none,0,no_action,7
2,night,6,1,none,none,999,home,21.3,49.8,8,0.59,115.6,clear,86.2,99.5,0,0,none,1,sleep_suggestion,15
18,evening,6,1,social,family_time,-15,commuting,39.5,46.2,7,0.36,32.6,clear,30.6,43.5,0,5,music,0,send_late_message,13
5,morning,0,0,work,presentation,8,commuting,74.3,94.9,8,1.73,2.6,rain,38.7,83.7,1,4,podcast,1,find_parking,4
3,night,0,0,school,study_session,68,school,69.6,100.0,3,3.3,159.5,fog,72.0,77.3,0,2,none,1,study_for_class,18
13,afternoon,0,0,school,assignment_due,-20,school,87.3,60.2,9,1.39,121.5,fog,4.0,55.9,0,5,music,0,send_late_message,13
22,night,6,1,none,none,999,home,37.3,86.0,8,3.05,137.9,clear,32.9,69.7,0,4,music,1,wind_down,22
12,afternoon,1,0,social,friends_hangout,75,home,23.3,51.6,4,0.46,56.4,clear,40.5,99.6,0,5,podcast,0,no_action,7
23,night,0,0,none,none,999,home,86.2,82.5,6,0.4,172.1,clear,78.8,71.7,1,5,none,1,wind_down,22
7,morning,1,0,work,focus_work,52,commuting,87.3,62.6,8,3.89,137.6,fog,9.8,82.9,1,5,none,0,play_music,9
16,afternoon,5,1,health,medication_reminder,-5,commuting,15.7,52.0,2,0.39,0.9,fog,32.9,38.5,0,5,podcast,0,suggest_repeat_action,19
18,evening,3,0,work,focus_work,28,work,68.2,53.0,7,1.96,114.9,snow,95.9,69.4,0,3,none,0,take_break,20
10,morning,1,0,work,team_meeting,147,work,37.7,100.0,2,1.3,142.8,rain,10.5,18.9,1,4,podcast,0,take_break,20
16,afternoon,3,0,health,doctor_appointment,120,home,39.3,33.2,1,0.15,63.0,rain,27.1,87.4,0,4,none,0,no_action,7
23,night,4,0,social,date,85,home,43.2,82.6,1,0.88,61.9,clear,46.3,66.0,0,4,music,1,sleep_suggestion,15
13,afternoon,2,0,school,exam,178,school,57.7,98.9,5,1.26,73.9,clear,82.0,61.4,0,0,none,0,no_action,7
15,afternoon,1,0,school,exam,101,school,63.6,21.5,3,10.0,78.3,clear,37.6,68.6,0,0,music,0,eat_something,1
1,night,0,0,none,none,999,home,84.0,26.6,0,2.8,131.9,rain,92.9,67.7,0,3,music,1,no_action,7
17,evening,2,0,work,deadline,1,work,77.4,47.6,1,5.0,19.4,clear,19.0,84.4,0,4,none,0,no_action,7
21,night,4,0,health,medication_reminder,140,outside,87.5,74.6,9,4.02,1.8,clear,3.8,100.0,1,1,podcast,1,no_action,7
7,morning,5,1,social,friends_hangout,162,home,87.7,66.0,8,0.62,96.2,clear,40.3,87.9,0,2,none,0,no_action,7
19,evening,2,0,school,lecture,34,school,48.5,38.5,5,0.13,40.3,fog,80.8,69.0,0,1,none,0,study_for_class,18
15,afternoon,1,0,work,presentation,-14,work,86.0,100.0,6,4.95,129.2,clear,7.1,35.0,1,4,none,0,send_late_message,13
20,evening,4,0,school,assignment_due,34,school,86.9,66.9,0,0.03,92.1,snow,50.2,70.5,0,2,podcast,0,take_break,20
11,morning,4,0,work,deadline,48,work,63.3,63.5,0,2.41,35.0,clear,79.6,100.0,0,3,music,0,no_action,7
14,afternoon,4,0,work,team_meeting,115,work,95.6,56.4,10,0.47,47.0,clear,4.3,51.2,0,2,podcast,0,no_action,7
1,night,6,1,none,none,999,home,53.0,100.0,2,1.3,138.2,clear,14.6,69.0,1,2,podcast,1,no_action,7
17,evening,2,0,school,lecture,-30,school,93.4,100.0,3,1.93,148.5,rain,24.2,82.1,0,2,none,0,send_late_message,13
9,morning,2,0,social,family_time,25,home,78.3,90.9,10,2.49,34.8,snow,18.0,100.0,0,4,none,0,start_commute,17
22,night,3,0,school,assignment_due,160,school,75.3,99.8,8,0.89,15.7,clear,14.7,71.0,0,0,none,1,no_action,7
1,night,0,0,health,therapy,106,outside,61.3,52.5,4,1.74,128.6,clear,88.4,57.1,0,4,podcast,1,no_action,7
9,morning,3,0,none,none,999,home,78.4,44.6,3,0.83,171.4,rain,57.9,28.1,0,4,none,0,exercise_suggestion,2
14,afternoon,3,0,school,exam,-12,school,72.2,71.3,4,0.61,112.4,clear,91.7,43.2,0,3,podcast,0,send_late_message,13
16,afternoon,6,1,none,none,999,home,98.7,84.7,3,3.13,108.2,snow,84.5,76.3,0,0,none,0,exercise_suggestion,2
21,night,1,0,social,friends_hangout,61,home,69.6,62.3,6,0.49,20.3,clear,2.7,100.0,0,2,podcast,1,no_action,7
10,morning,1,0,work,deadline,-1,work,71.3,100.0,3,2.2,92.0,clear,2.2,82.1,0,4,music,0,take_break,20
15,afternoon,3,0,health,medication_reminder,-11,commuting,75.8,88.8,2,2.94,175.6,clear,64.8,100.0,0,3,none,0,take_medication,21
11,morning,3,0,health,therapy,86,outside,86.9,57.1,10,0.83,156.5,clear,35.6,5.2,0,2,none,0,no_action,7
22,night,4,0,none,none,999,home,29.1,42.8,10,0.08,58.0,rain,92.9,78.0,0,5,none,1,wind_down,22
9,morning,3,0,school,exam,88,school,37.2,56.8,3,1.52,101.6,clear,70.7,74.1,0,0,podcast,0,study_for_class,18
4,night,2,0,none,none,999,home,27.3,84.7,8,2.2,112.2,clear,28.0,100.0,0,3,none,1,sleep_suggestion,15
19,evening,3,0,school,lecture,173,school,77.5,100.0,6,3.27,24.6,snow,38.8,65.5,0,1,music,0,no_action,7
21,night,4,0,work,team_meeting,13,work,15.7,75.5,4,0.78,121.1,clear,61.4,52.4,0,0,music,1,prepare_for_meeting,11
23,night,3,0,social,friends_hangout,65,home,44.0,89.9,6,7.95,83.9,clear,5.3,51.6,1,4,music,1,sleep_suggestion,15
6,morning,0,0,health,therapy,-13,commuting,65.5,66.4,1,3.94,62.3,clear,31.6,43.9,0,3,none,0,play_music,9
22,night,3,0,none,none,999,home,56.5,76.7,9,0.67,93.1,rain,45.6,91.5,0,2,none,1,wind_down,22
0,night,3,0,none,none,999,home,92.2,71.4,2,1.89,98.4,clear,85.2,47.8,0,1,podcast,1,no_action,7
1,night,2,0,none,none,999,home,72.5,100.0,9,0.02,70.9,rain,12.6,67.6,0,3,podcast,1,no_action,7
14,afternoon,4,0,work,deadline,172,work,21.8,78.3,6,0.74,36.3,rain,67.6,85.2,0,3,podcast,0,no_action,7
0,night,3,0,health,medication_reminder,-5,commuting,49.9,31.5,10,3.76,37.1,clear,76.9,56.9,0,4,none,1,take_medication,21
11,morning,3,0,work,focus_work,66,work,92.2,74.0,4,0.98,149.3,fog,18.7,43.5,0,4,music,0,take_break,20
13,afternoon,2,0,none,none,999,home,73.1,49.2,9,2.9,167.3,clear,23.6,34.5,0,4,none,0,focus_session,5
18,evening,1,0,work,deadline,-27,work,31.5,46.9,4,1.98,115.3,clear,94.8,22.3,0,1,podcast,0,send_late_message,13
3,night,4,0,none,none,999,home,30.5,100.0,9,0.12,54.0,clear,66.4,55.7,0,2,none,1,sleep_suggestion,15
2,night,5,1,none,none,999,home,69.8,79.7,8,1.09,126.2,rain,25.6,37.6,1,5,none,1,no_action,7
14,afternoon,2,0,work,team_meeting,152,work,62.4,78.4,3,3.2,155.6,fog,29.5,77.1,0,2,music,0,take_break,20
21,night,1,0,none,none,999,home,59.5,52.9,9,1.08,158.0,snow,55.8,64.1,0,3,none,1,wind_down,22
20,evening,6,1,health,gym,6,gym,27.3,61.2,3,0.28,53.6,fog,20.1,84.8,0,4,none,0,no_action,7
1,night,1,0,none,none,999,home,26.1,71.8,5,4.44,82.9,clear,70.6,72.7,0,0,music,1,sleep_suggestion,15
6,morning,5,1,social,date,18,commuting,64.5,69.6,3,1.12,4.9,rain,11.2,37.3,0,5,music,0,play_music,9
16,afternoon,3,0,work,presentation,-21,work,80.7,94.4,7,1.34,170.2,fog,5.1,65.5,0,0,podcast,0,silence_phone,14
23,night,4,0,none,none,999,outside,46.4,47.4,4,10.0,9.9,clear,44.8,40.8,0,4,music,1,eat_something,1
22,night,3,0,none,none,999,home,97.0,65.6,0,5.79,60.3,fog,0.6,51.5,1,2,music,1,wind_down,22
21,night,6,1,health,doctor_appointment,28,home,33.2,64.0,0,1.2,124.7,clear,86.7,65.6,1,0,podcast,1,start_commute,17
7,morning,4,0,school,lecture,122,school,64.3,71.9,4,0.52,97.9,clear,99.0,94.5,0,0,podcast,0,take_break,20
10,morning,2,0,school,exam,98,school,80.4,50.7,5,1.32,142.9,rain,33.8,17.2,0,4,none,0,study_for_class,18
0,night,1,0,none,none,999,outside,97.0,5.0,6,1.69,155.4,snow,24.4,79.8,0,5,music,1,charge_phone,0
3,night,1,0,social,family_time,156,home,32.0,96.9,4,6.81,172.5,clear,69.0,57.8,1,0,podcast,1,sleep_suggestion,15
1,night,2,0,social,date,128,outside,14.6,95.5,0,0.1,69.5,rain,4.8,42.5,1,3,none,1,sleep_suggestion,15
5,morning,3,0,none,none,999,home,61.9,39.0,8,8.19,43.5,rain,60.7,11.9,0,1,none,1,eat_something,1
5,morning,4,0,none,none,999,home,12.7,84.7,2,3.71,82.9,fog,67.7,54.2,0,4,none,1,no_action,7
15,afternoon,0,0,social,dinner,89,restaurant,78.4,47.2,2,2.56,1.3,clear,86.6,88.4,1,2,podcast,0,no_action,7
4,night,5,1,none,none,999,outside,18.2,60.1,5,2.75,2.3,rain,31.3,24.1,0,0,podcast,1,sleep_suggestion,15
12,afternoon,3,0,school,assignment_due,61,school,37.4,98.2,9,3.34,52.9,fog,91.0,84.0,1,4,none,0,no_action,7
20,evening,4,0,social,friends_hangout,89,outside,48.8,15.3,7,1.68,0.4,clear,57.9,41.9,1,1,music,0,no_action,7
1,night,2,0,work,presentation,44,work,93.7,26.8,1,0.27,117.4,clear,46.4,53.7,0,0,music,1,take_break,20
5,morning,4,0,none,none,999,outside,91.0,34.6,0,1.98,79.0,snow,57.7,87.8,0,5,podcast,1,no_action,7
4,night,6,1,none,none,999,home,33.9,24.6,6,1.13,179.8,clear,10.4,64.8,0,3,music,1,sleep_suggestion,15
12,afternoon,0,0,work,focus_work,38,work,84.5,94.2,9,1.97,13.6,rain,22.0,74.0,0,4,none,0,no_action,7
4,night,6,1,none,none,999,outside,55.6,70.8,5,1.7,167.8,rain,34.1,77.0,1,2,podcast,1,no_action,7
19,evening,2,0,school,lecture,155,school,11.9,28.5,10,0.19,122.6,rain,12.8,38.7,0,0,podcast,0,take_break,20
5,morning,3,0,school,study_session,20,commuting,87.2,100.0,9,1.25,141.2,clear,39.8,73.6,1,5,podcast,1,play_podcast,10
2,night,1,0,none,none,999,outside,73.0,86.3,4,0.73,10.3,clear,65.6,83.2,0,4,none,1,no_action,7
14,afternoon,6,1,none,none,999,home,88.2,71.9,10,2.67,90.2,clear,93.8,74.3,0,0,music,0,focus_session,5
5,morning,4,0,none,none,999,home,74.9,66.2,1,1.44,109.0,clear,54.6,66.6,0,1,podcast,1,no_action,7
21,night,3,0,school,assignment_due,87,school,45.7,86.4,5,0.27,94.6,clear,99.8,61.8,0,0,music,1,take_break,20
23,night,4,0,school,assignment_due,148,school,74.4,89.7,9,2.32,160.8,clear,12.6,52.5,0,0,podcast,1,take_break,20
0,night,6,1,none,none,999,home,65.6,80.1,6,3.04,126.6,snow,67.3,97.1,0,3,music,1,no_action,7
16,afternoon,2,0,none,none,999,outside,25.0,74.0,5,2.49,31.7,rain,4.8,53.5,0,1,podcast,0,no_action,7
3,night,2,0,none,none,999,outside,71.5,57.3,2,1.8,135.9,fog,92.8,53.5,0,2,none,1,no_action,7
6,morning,0,0,work,presentation,168,work,33.9,79.9,1,4.52,18.6,fog,16.9,60.3,1,1,music,0,no_action,7
12,afternoon,0,0,work,deadline,4,work,22.9,57.7,0,0.22,76.1,clear,42.3,58.1,0,4,none,0,no_action,7
20,evening,3,0,school,exam,5,school,21.2,56.3,3,0.91,41.3,rain,62.9,52.6,0,5,none,0,no_action,7
16,afternoon,3,0,social,family_time,42,outside,26.5,25.8,0,0.01,84.1,fog,68.7,43.0,0,3,none,0,no_action,7
8,morning,2,0,none,none,999,home,54.0,66.7,4,0.49,14.1,rain,93.6,97.8,1,0,podcast,0,read_email_alert,12
9,morning,0,0,social,friends_hangout,69,outside,10.3,62.7,5,0.35,62.9,rain,2.8,80.3,0,1,music,0,no_action,7
16,afternoon,3,0,none,none,999,home,14.2,67.8,3,1.73,164.3,snow,99.9,69.7,0,3,music,0,no_action,7
0,night,3,0,health,doctor_appointment,-23,commuting,22.2,100.0,0,7.58,173.6,clear,10.0,65.4,0,2,none,1,sleep_suggestion,15
8,morning,1,0,work,team_meeting,-28,commuting,25.0,42.6,8,8.56,147.8,clear,14.4,100.0,0,3,podcast,0,eat_something,1
17,evening,4,0,health,medication_reminder,27,home,98.5,76.0,6,0.9,135.5,clear,58.2,49.4,0,2,music,0,start_commute,17
23,night,4,0,none,none,999,home,83.2,94.0,1,2.51,44.8,clear,14.4,58.8,0,5,music,1,wind_down,22
20,evening,2,0,work,deadline,94,work,24.6,73.7,8,6.43,153.3,rain,34.3,14.5,0,2,none,0,eat_something,1
7,morning,1,0,work,focus_work,52,commuting,48.0,66.0,2,2.53,79.7,clear,98.2,65.2,0,3,none,0,play_music,9
9,morning,3,0,school,lecture,146,school,88.0,33.4,10,2.21,80.7,rain,5.6,51.5,1,4,podcast,0,no_action,7
15,afternoon,0,0,school,assignment_due,99,school,62.8,100.0,6,1.36,34.6,clear,25.0,55.2,1,5,podcast,0,no_action,7
6,morning,3,0,social,family_time,-9,commuting,23.4,69.5,9,5.32,82.6,rain,22.0,88.3,0,1,podcast,0,play_podcast,10
1,night,2,0,none,none,999,home,12.5,64.6,0,3.86,64.6,rain,43.0,41.6,0,3,music,1,sleep_suggestion,15
10,morning,0,0,health,doctor_appointment,166,home,55.8,50.1,7,0.05,73.2,clear,73.3,60.2,0,5,podcast,0,no_action,7
15,afternoon,5,1,school,study_session,64,school,10.6,40.2,9,2.28,148.6,fog,65.0,33.8,0,0,none,0,study_for_class,18
21,night,1,0,none,none,999,home,20.4,47.9,6,3.72,25.1,rain,48.4,73.1,1,2,none,1,wind_down,22
19,evening,2,0,health,medication_reminder,173,outside,97.1,77.5,4,0.32,169.4,clear,15.0,28.0,0,0,none,0,no_action,7
13,afternoon,4,0,none,none,999,outside,33.2,77.8,1,2.42,2.6,rain,82.3,100.0,0,4,podcast,0,no_action,7
19,evening,6,1,none,none,999,home,78.9,51.7,2,0.47,58.2,rain,17.2,74.1,1,3,music,0,read_email_alert,12
18,evening,2,0,work,presentation,-26,work,12.8,32.7,3,0.25,112.0,clear,45.5,79.3,1,1,music,0,send_late_message,13
15,afternoon,1,0,work,deadline,174,work,21.6,86.6,10,2.55,18.2,fog,69.7,55.7,0,4,none,0,no_action,7
8,morning,1,0,none,none,999,outside,48.5,47.1,6,0.35,126.1,snow,58.1,71.2,0,4,podcast,0,no_action,7
10,morning,0,0,work,presentation,62,work,54.4,99.0,0,1.28,88.3,snow,40.4,56.8,0,4,music,0,no_action,7
18,evening,2,0,none,none,999,outside,60.2,87.9,10,7.66,139.2,clear,16.9,100.0,0,0,none,0,eat_something,1
15,afternoon,2,0,work,deadline,137,work,70.5,66.1,8,0.8,50.1,clear,27.6,52.7,0,0,music,0,no_action,7
5,morning,2,0,none,none,999,home,95.1,97.0,9,4.98,105.0,snow,68.3,41.0,0,1,music,1,no_action,7
9,morning,0,0,work,team_meeting,133,work,59.0,89.0,2,0.63,126.4,fog,26.5,60.0,0,2,none,0,take_break,20
2,night,2,0,none,none,999,home,55.9,86.7,10,0.71,27.2,clear,75.6,80.5,0,1,none,1,no_action,7
19,evening,6,1,health,therapy,19,commuting,98.3,20.6,1,2.7,21.2,clear,51.2,100.0,0,2,podcast,0,suggest_repeat_action,19
10,morning,6,1,none,none,999,home,55.5,85.7,9,2.28,36.5,rain,13.6,45.2,1,3,podcast,0,read_email_alert,12
17,evening,6,1,social,family_time,-27,commuting,28.4,70.0,1,1.67,116.9,clear,62.6,47.4,0,2,none,0,send_late_message,13
5,morning,5,1,school,assignment_due,109,school,38.7,60.7,6,1.8,37.8,clear,39.0,52.7,0,5,none,1,no_action,7
23,night,5,1,none,none,999,home,33.6,73.3,10,2.92,166.8,clear,40.2,89.3,0,1,podcast,1,sleep_suggestion,15
20,evening,3,0,work,focus_work,-26,work,56.8,64.5,4,1.67,2.8,rain,70.7,52.3,0,5,none,0,send_late_message,13
13,afternoon,4,0,school,study_session,101,school,55.3,67.0,9,1.36,0.7,fog,15.9,50.2,0,2,none,0,study_for_class,18
22,night,4,0,health,therapy,3,commuting,78.1,100.0,9,1.87,30.0,clear,9.1,72.6,0,2,none,1,find_parking,4
3,night,2,0,school,study_session,-3,school,29.4,96.2,2,0.26,153.3,clear,46.2,76.8,1,3,podcast,1,sleep_suggestion,15
10,morning,2,0,work,focus_work,92,work,15.9,86.7,6,1.59,106.4,rain,62.2,59.9,0,5,none,0,take_break,20
7,morning,4,0,social,family_time,124,home,50.0,68.0,7,0.31,18.4,fog,45.2,49.8,0,2,podcast,0,no_action,7
14,afternoon,4,0,none,none,999,outside,70.5,45.1,5,2.42,66.9,rain,44.3,90.9,0,0,none,0,focus_session,5
7,morning,5,1,health,doctor_appointment,61,home,82.8,83.0,3,0.9,94.4,rain,31.6,8.9,0,0,music,0,no_action,7
20,evening,1,0,social,dinner,-21,restaurant,42.4,100.0,7,0.16,76.7,clear,95.1,90.5,0,3,podcast,0,send_late_message,13
16,afternoon,0,0,none,none,999,home,47.9,35.6,0,0.2,22.6,clear,46.1,47.2,0,2,music,0,no_action,7
5,morning,2,0,none,none,999,outside,47.3,77.0,10,2.39,48.3,clear,1.0,69.4,0,1,music,1,no_action,7
7,morning,0,0,work,deadline,46,commuting,51.9,60.1,1,0.55,84.6,rain,35.7,69.7,0,0,podcast,0,play_podcast,10
11,morning,4,0,work,focus_work,169,work,57.3,100.0,4,2.53,104.7,fog,89.0,89.1,0,3,music,0,take_break,20
18,evening,2,0,none,none,999,home,99.3,73.6,5,0.62,150.0,clear,41.4,100.0,1,5,none,0,read_email_alert,12
11,morning,5,1,health,doctor_appointment,105,home,71.6,100.0,3,4.28,36.6,fog,66.0,60.3,0,5,music,0,no_action,7
8,morning,3,0,school,exam,13,commuting,21.3,57.7,8,0.75,159.5,rain,79.7,51.4,0,3,music,0,play_music,9
2,night,1,0,none,none,999,home,95.3,42.5,9,2.91,48.3,clear,73.5,59.5,0,0,music,1,no_action,7
5,morning,2,0,none,none,999,home,88.7,83.9,7,2.46,128.5,rain,3.2,61.8,0,1,podcast,1,no_action,7
21,night,0,0,school,exam,23,school,18.5,58.3,7,0.07,89.9,clear,61.5,68.1,0,5,music,1,no_action,7
16,afternoon,3,0,social,family_time,127,home,94.1,52.8,9,2.91,118.4,clear,79.6,66.7,0,1,podcast,0,no_action,7
16,afternoon,5,1,none,none,999,outside,42.4,91.9,7,1.04,174.7,clear,49.2,99.9,1,0,none,0,read_email_alert,12
12,afternoon,1,0,health,medication_reminder,24,outside,12.3,63.9,6,0.5,140.5,clear,47.4,41.6,0,3,music,0,start_commute,17
3,night,3,0,none,none,999,outside,93.1,49.7,1,0.46,157.3,rain,50.8,32.4,0,4,music,1,no_action,7
6,morning,6,1,health,therapy,3,commuting,81.3,54.7,0,0.41,12.0,rain,73.5,48.5,0,4,podcast,0,find_parking,4
8,morning,5,1,social,dinner,167,restaurant,89.9,92.0,9,1.23,109.3,fog,55.9,35.6,0,5,music,0,no_action,7
0,night,6,1,none,none,999,outside,77.5,92.0,0,0.76,87.1,clear,76.1,43.7,0,2,music,1,no_action,7
13,afternoon,4,0,work,focus_work,123,work,26.5,52.8,3,1.72,27.9,snow,11.7,36.8,0,0,music,0,no_action,7
6,morning,3,0,work,deadline,25,commuting,34.4,83.5,8,0.93,102.4,rain,91.3,70.7,1,1,music,0,play_music,9
13,afternoon,0,0,work,deadline,2,work,42.1,47.3,2,0.39,125.1,snow,74.9,44.0,0,5,none,0,take_break,20
11,morning,4,0,none,none,999,home,95.0,100.0,1,0.48,93.6,clear,12.9,14.7,0,3,none,0,exercise_suggestion,2
22,night,2,0,none,none,999,home,28.0,79.3,2,0.93,90.3,clear,52.5,52.3,0,2,music,1,wind_down,22
13,afternoon,3,0,work,focus_work,135,work,73.0,85.3,0,1.06,24.9,fog,94.8,100.0,0,0,podcast,0,no_action,7
22,night,4,0,work,deadline,157,work,64.2,44.6,10,2.39,16.3,clear,89.9,82.8,1,0,podcast,1,no_action,7
6,morning,6,1,none,none,999,home,31.5,47.9,5,1.08,45.2,clear,72.9,51.5,0,0,podcast,0,no_action,7
20,evening,3,0,health,therapy,118,home,77.0,52.9,0,0.33,23.5,rain,87.3,94.2,0,3,none,0,no_action,7
12,afternoon,4,0,work,team_meeting,-5,work,11.6,80.8,5,1.46,95.3,clear,35.2,78.1,0,3,podcast,0,silence_phone,14
9,morning,5,1,social,dinner,11,restaurant,76.7,78.9,9,2.17,64.0,clear,30.5,98.9,0,3,none,0,get_ready,6
21,night,1,0,none,none,999,home,32.0,55.8,8,0.52,61.1,clear,70.9,85.8,1,2,none,1,wind_down,22
5,morning,2,0,none,none,999,home,63.2,67.1,5,4.36,160.0,clear,59.6,24.7,0,5,none,1,no_action,7
0,night,1,0,none,none,999,home,94.0,34.2,3,0.85,29.0,rain,17.8,59.5,1,1,none,1,no_action,7
18,evening,0,0,social,friends_hangout,94,outside,49.0,85.8,4,2.75,180.0,clear,55.8,73.6,0,3,music,0,no_action,7
8,morning,5,1,health,doctor_appointment,160,outside,63.8,53.9,1,1.84,11.6,rain,90.6,63.6,1,3,music,0,no_action,7
7,morning,1,0,work,deadline,54,commuting,24.8,80.4,9,1.12,51.7,clear,31.3,87.9,0,1,music,0,play_music,9
20,evening,0,0,social,friends_hangout,157,home,94.5,87.3,1,3.27,153.1,clear,33.3,74.4,0,4,none,0,no_action,7
15,afternoon,6,1,social,family_time,-8,commuting,57.4,56.3,9,0.12,19.9,clear,53.5,57.7,1,0,music,0,suggest_repeat_action,19
9,morning,4,0,social,friends_hangout,147,home,31.2,44.6,8,5.39,154.7,snow,80.0,63.3,1,1,podcast,0,no_action,7
5,morning,1,0,none,none,999,outside,70.8,57.3,4,1.04,167.7,clear,93.5,49.5,0,2,none,1,no_action,7
10,morning,4,0,work,team_meeting,117,work,63.9,38.7,6,0.15,40.8,fog,78.1,10.6,0,4,music,0,no_action,7
7,morning,2,0,social,date,123,outside,83.3,83.2,8,0.53,36.1,clear,57.8,56.7,1,2,music,0,no_action,7
20,evening,5,1,social,date,28,home,27.2,38.6,8,2.93,47.8,clear,7.5,57.9,0,5,podcast,0,start_commute,17
10,morning,5,1,social,dinner,14,restaurant,69.3,70.5,3,1.43,85.9,clear,49.2,95.7,1,1,none,0,get_ready,6
17,evening,5,1,health,doctor_appointment,-12,commuting,78.7,80.8,3,2.9,64.1,snow,85.1,89.5,0,4,none,0,no_action,7
10,morning,3,0,school,exam,144,school,70.5,100.0,10,1.52,17.8,clear,56.6,48.9,0,4,music,0,no_action,7
3,night,3,0,none,none,999,outside,68.9,89.2,7,1.43,28.6,fog,47.5,75.6,0,4,none,1,no_action,7
21,night,4,0,health,gym,111,gym,61.0,63.8,10,2.88,24.6,fog,79.1,68.1,0,2,music,1,no_action,7
2,night,4,0,none,none,999,home,71.0,87.5,2,2.43,172.1,clear,96.9,11.7,1,1,none,1,no_action,7
22,night,5,1,none,none,999,home,20.1,65.2,7,0.16,103.9,snow,29.3,92.7,0,5,podcast,1,wind_down,22
21,night,0,0,social,friends_hangout,119,home,85.1,90.4,6,3.7,54.6,clear,80.5,66.5,0,4,podcast,1,no_action,7
14,afternoon,0,0,school,lecture,71,school,73.5,45.7,8,3.44,42.5,clear,83.1,8.4,1,0,none,0,study_for_class,18
14,afternoon,2,0,health,doctor_appointment,88,home,32.5,53.4,1,3.28,50.3,rain,2.1,48.5,0,4,none,0,no_action,7
18,evening,3,0,school,study_session,69,school,54.4,83.5,0,0.08,177.2,clear,0.9,97.5,1,3,music,0,study_for_class,18
8,morning,4,0,work,deadline,109,work,55.5,87.0,8,0.04,167.9,rain,78.5,26.3,1,0,music,0,take_break,20
7,morning,4,0,work,team_meeting,116,work,20.8,26.0,0,3.25,44.5,clear,46.0,5.0,0,3,music,0,no_action,7
23,night,6,1,none,none,999,home,23.9,71.9,6,0.4,65.7,rain,7.4,51.7,0,0,none,1,sleep_suggestion,15
0,night,0,0,none,none,999,home,36.8,47.1,10,0.07,106.2,rain,31.0,6.9,0,3,music,1,sleep_suggestion,15
0,night,0,0,school,lecture,107,school,13.9,100.0,7,0.54,160.2,clear,99.8,73.0,1,5,none,1,sleep_suggestion,15
6,morning,1,0,social,date,-21,commuting,74.8,66.7,4,5.01,73.4,clear,90.8,89.3,1,0,none,0,play_music,9
22,night,6,1,none,none,999,home,62.6,100.0,5,0.17,137.8,clear,32.5,63.9,1,1,music,1,wind_down,22
5,morning,5,1,social,date,1,commuting,69.1,93.5,1,1.28,102.9,fog,72.0,83.5,1,5,music,1,find_parking,4
20,evening,0,0,work,team_meeting,52,work,84.0,64.0,3,1.46,83.1,clear,73.7,78.6,0,1,music,0,no_action,7
22,night,2,0,none,none,999,home,31.8,30.0,2,1.32,159.6,snow,35.6,57.6,0,4,podcast,1,wind_down,22
23,night,1,0,health,medication_reminder,126,outside,80.2,59.8,2,2.95,41.1,rain,38.0,29.1,0,1,podcast,1,no_action,7
17,evening,5,1,none,none,999,home,33.7,75.7,5,0.51,83.8,fog,36.9,68.0,0,1,none,0,social_suggestion,16
16,afternoon,0,0,work,team_meeting,-26,work,44.5,57.9,8,3.17,82.1,snow,7.1,27.6,1,0,music,0,silence_phone,14
10,morning,4,0,health,therapy,40,outside,37.2,58.4,8,4.51,175.0,clear,56.9,55.6,0,2,none,0,start_commute,17
6,morning,3,0,work,focus_work,156,work,65.2,63.4,1,4.06,119.1,snow,90.6,12.9,0,1,music,0,take_break,20
4,night,5,1,work,deadline,136,work,83.1,68.7,1,3.84,164.6,fog,62.8,68.6,0,0,none,1,take_break,20
14,afternoon,1,0,health,medication_reminder,110,outside,83.5,55.5,5,1.05,58.8,clear,4.9,92.1,0,1,none,0,no_action,7
3,night,1,0,social,friends_hangout,139,home,37.1,97.6,0,0.2,136.5,rain,5.4,60.2,0,0,music,1,sleep_suggestion,15
8,morning,5,1,none,none,999,outside,96.6,22.7,0,1.59,11.6,clear,97.8,82.0,0,3,none,0,exercise_suggestion,2
17,evening,1,0,health,gym,114,gym,89.9,30.6,2,0.08,164.5,rain,48.0,52.2,0,4,podcast,0,no_action,7
14,afternoon,0,0,work,deadline,117,work,49.8,74.7,0,5.95,44.3,rain,40.3,57.0,0,2,none,0,no_action,7
9,morning,4,0,health,medication_reminder,-19,commuting,87.5,36.7,4,5.7,93.3,clear,5.0,74.1,0,0,music,0,play_music,9
15,afternoon,3,0,work,focus_work,23,work,21.5,48.6,4,0.26,111.5,rain,94.1,18.3,0,0,none,0,take_break,20
15,afternoon,4,0,school,lecture,116,school,73.4,79.4,4,1.21,97.3,clear,73.2,59.0,0,0,music,0,study_for_class,18
15,afternoon,2,0,social,dinner,77,restaurant,36.9,55.6,3,0.61,29.4,clear,68.3,22.3,0,5,none,0,no_action,7
17,evening,4,0,social,date,147,outside,90.5,35.2,6,0.05,62.7,rain,2.5,85.1,1,5,none,0,no_action,7
10,morning,2,0,school,lecture,103,school,66.3,44.0,4,0.33,84.4,rain,51.3,91.7,0,0,music,0,study_for_class,18
3,night,6,1,none,none,999,outside,71.9,23.8,0,3.99,53.8,clear,71.4,69.0,0,4,none,1,no_action,7
20,evening,3,0,work,team_meeting,-27,work,15.0,100.0,0,4.38,126.5,clear,19.3,70.0,0,3,podcast,0,send_late_message,13
2,night,4,0,none,none,999,home,50.6,74.7,2,2.8,172.0,snow,76.1,69.0,0,4,none,1,no_action,7
20,evening,1,0,work,deadline,7,work,99.9,96.5,5,1.87,72.8,clear,47.9,71.9,0,0,none,0,no_action,7
11,morning,0,0,work,focus_work,109,work,40.1,100.0,8,3.41,6.9,rain,69.9,100.0,1,1,music,0,no_action,7
12,afternoon,2,0,school,exam,21,school,54.7,67.4,0,1.03,122.2,snow,95.8,37.6,1,5,music,0,take_break,20
22,night,5,1,none,none,999,outside,55.3,83.9,3,4.04,171.5,clear,97.2,32.0,0,5,music,1,wind_down,22
0,night,3,0,none,none,999,home,26.7,76.0,7,0.51,88.9,clear,60.9,89.8,1,3,music,1,sleep_suggestion,15
0,night,1,0,none,none,999,home,69.2,100.0,2,6.39,167.6,rain,27.4,41.5,1,1,none,1,eat_something,1
20,evening,2,0,health,therapy,119,home,73.1,100.0,9,3.11,63.2,snow,29.2,65.0,1,2,music,0,no_action,7
9,morning,0,0,school,study_session,39,commuting,94.8,32.6,1,1.85,18.9,clear,66.2,58.8,0,4,music,0,play_music,9
0,night,2,0,none,none,999,home,76.2,100.0,0,2.18,20.4,clear,39.3,68.1,0,0,podcast,1,no_action,7
21,night,1,0,work,focus_work,153,work,10.8,83.2,10,0.37,104.5,fog,70.5,49.0,0,4,music,1,take_break,20
8,morning,0,0,health,therapy,141,outside,75.8,51.2,5,1.48,13.4,fog,4.8,100.0,1,0,none,0,no_action,7
18,evening,5,1,social,friends_hangout,100,home,37.4,91.1,0,0.39,141.6,fog,84.1,43.1,1,5,podcast,0,no_action,7
13,afternoon,2,0,work,deadline,81,work,32.1,66.6,0,1.19,57.7,fog,96.2,85.9,0,4,none,0,no_action,7
2,night,2,0,none,none,999,home,23.1,46.1,10,1.04,20.3,clear,60.3,100.0,0,2,podcast,1,sleep_suggestion,15
2,night,6,1,none,none,999,home,97.7,95.6,4,0.09,64.0,clear,68.9,68.4,0,3,music,1,no_action,7
19,evening,1,0,health,medication_reminder,147,home,77.8,86.7,8,2.52,120.5,rain,3.8,83.2,0,4,none,0,no_action,7
8,morning,5,1,social,dinner,177,restaurant,47.4,91.0,7,2.9,31.4,clear,51.8,77.8,0,0,podcast,0,no_action,7
12,afternoon,0,0,school,assignment_due,100,school,60.0,79.4,1,2.69,89.9,rain,31.2,34.5,0,0,music,0,no_action,7
18,evening,2,0,social,dinner,112,restaurant,86.0,69.3,0,4.56,47.6,clear,3.4,38.3,0,3,podcast,0,no_action,7
18,evening,6,1,school,assignment_due,64,school,50.3,39.6,10,0.15,171.7,rain,14.2,48.6,0,2,music,0,take_break,20
18,evening,0,0,school,assignment_due,-9,school,14.9,90.7,2,1.09,127.4,clear,52.7,67.9,0,0,podcast,0,take_break,20
15,afternoon,6,1,health,gym,59,gym,17.1,87.6,9,1.85,29.5,snow,99.0,37.5,0,1,none,0,no_action,7
11,morning,4,0,work,presentation,162,work,83.4,68.1,9,4.4,93.5,rain,26.2,38.5,1,5,music,0,take_break,20
15,afternoon,6,1,work,focus_work,-18,work,69.3,100.0,6,1.96,50.9,snow,64.8,45.5,0,5,music,0,send_late_message,13
0,night,4,0,none,none,999,outside,90.8,99.2,7,1.46,82.0,clear,63.8,50.7,0,5,none,1,no_action,7
13,afternoon,5,1,health,therapy,-10,commuting,29.7,100.0,3,1.12,117.4,clear,14.7,100.0,1,0,none,0,no_action,7
0,night,6,1,social,dinner,138,restaurant,44.3,41.6,1,9.36,44.6,clear,2.1,93.6,0,0,music,1,sleep_suggestion,15
17,evening,0,0,work,presentation,0,work,94.6,30.1,1,4.73,102.0,clear,41.2,67.7,0,4,podcast,0,silence_phone,14
11,morning,2,0,school,study_session,13,school,28.0,49.9,5,1.07,37.1,clear,66.2,68.3,0,5,music,0,no_action,7
16,afternoon,5,1,none,none,999,home,16.1,28.8,2,1.25,147.7,snow,3.3,100.0,1,0,none,0,read_email_alert,12
8,morning,6,1,none,none,999,outside,47.9,71.0,8,1.06,41.6,snow,40.9,17.7,0,1,none,0,no_action,7
11,morning,0,0,work,deadline,1,work,98.6,64.9,10,0.71,107.9,rain,32.9,32.9,0,5,none,0,take_break,20
15,afternoon,3,0,school,lecture,103,school,59.5,70.4,5,4.38,18.8,rain,38.4,48.5,1,4,music,0,study_for_class,18
15,afternoon,0,0,work,team_meeting,132,work,86.4,60.4,4,2.45,88.3,snow,57.7,5.0,0,4,music,0,no_action,7
0,night,2,0,none,none,999,outside,17.9,94.4,10,3.28,120.5,clear,4.9,50.0,0,0,music,1,sleep_suggestion,15
22,night,4,0,social,date,71,home,26.1,100.0,3,0.17,169.3,rain,10.6,88.2,0,0,none,1,no_action,7
3,night,4,0,none,none,999,outside,41.6,47.4,7,10.0,160.0,clear,64.1,61.5,1,0,none,1,sleep_suggestion,15
23,night,3,0,none,none,999,home,25.4,41.3,5,0.16,124.8,snow,53.0,97.5,0,3,podcast,1,sleep_suggestion,15
10,morning,1,0,health,doctor_appointment,-7,commuting,63.8,69.7,9,0.06,49.5,fog,23.4,38.0,0,4,none,0,play_music,9
10,morning,6,1,social,dinner,90,restaurant,34.3,64.9,2,3.27,110.8,rain,22.0,63.7,0,1,none,0,no_action,7
2,night,4,0,none,none,999,home,30.6,83.3,8,0.64,56.7,fog,62.7,89.7,0,0,music,1,sleep_suggestion,15
17,evening,1,0,work,presentation,-14,work,42.7,75.2,7,2.83,46.3,rain,5.6,84.4,0,0,music,0,silence_phone,14
2,night,3,0,none,none,999,outside,65.6,68.2,9,1.22,160.9,clear,33.6,100.0,0,0,none,1,no_action,7
13,afternoon,1,0,health,medication_reminder,30,outside,15.4,87.4,8,1.89,68.1,clear,79.4,78.2,0,1,none,0,start_commute,17
5,morning,1,0,none,none,999,home,94.8,70.4,0,4.38,18.4,clear,70.8,48.7,0,3,none,1,no_action,7
18,evening,0,0,health,therapy,32,home,45.8,96.3,8,0.82,42.2,clear,86.0,80.6,0,3,podcast,0,start_commute,17
20,evening,4,0,school,exam,35,school,50.4,20.1,1,1.69,78.4,rain,6.9,59.1,0,0,none,0,study_for_class,18
1,night,3,0,none,none,999,outside,38.2,65.8,3,0.31,38.5,snow,44.8,7.5,0,5,none,1,sleep_suggestion,15
3,night,5,1,none,none,999,home,97.8,100.0,3,1.52,163.0,clear,74.8,30.4,0,3,podcast,1,no_action,7
11,morning,5,1,social,date,37,outside,66.4,38.5,5,2.31,22.6,fog,66.3,57.0,0,2,music,0,start_commute,17
8,morning,3,0,health,doctor_appointment,23,home,66.6,26.2,8,0.25,117.9,clear,10.8,71.5,0,0,podcast,0,start_commute,17
18,evening,1,0,health,medication_reminder,-29,commuting,81.2,45.3,8,0.29,55.9,rain,40.4,100.0,1,4,music,0,suggest_repeat_action,19
18,evening,1,0,work,deadline,82,work,37.5,56.1,10,3.04,65.9,clear,82.4,73.6,0,2,none,0,no_action,7
9,morning,1,0,work,focus_work,140,work,53.2,90.4,0,1.35,130.0,clear,36.3,100.0,0,2,none,0,take_break,20
0,night,3,0,none,none,999,home,69.3,56.4,0,4.81,176.8,rain,4.0,46.9,0,0,none,1,no_action,7
20,evening,1,0,work,focus_work,130,work,40.1,35.9,5,0.8,3.6,clear,33.5,67.9,0,0,none,0,no_action,7
7,morning,4,0,work,focus_work,49,commuting,44.0,88.4,0,2.18,45.9,clear,30.5,61.5,0,3,podcast,0,play_podcast,10
15,afternoon,4,0,none,none,999,home,19.6,52.3,4,2.33,176.2,rain,87.1,99.3,0,4,podcast,0,no_action,7
0,night,1,0,none,none,999,outside,63.0,49.8,4,1.49,36.5,clear,32.4,56.7,0,4,music,1,no_action,7
4,night,5,1,none,none,999,home,71.0,83.8,5,0.05,74.1,rain,36.0,45.5,0,2,podcast,1,no_action,7
19,evening,6,1,none,none,999,outside,87.4,40.3,8,0.58,176.6,clear,21.0,100.0,0,2,podcast,0,focus_session,5
15,afternoon,6,1,none,none,999,home,72.6,100.0,6,0.84,19.4,clear,88.6,25.5,0,1,music,0,focus_session,5
16,afternoon,0,0,social,family_time,131,home,62.9,62.8,9,3.76,79.4,rain,89.8,85.2,0,3,music,0,no_action,7
23,night,4,0,none,none,999,outside,96.1,80.5,6,2.4,37.4,clear,51.4,73.7,0,4,none,1,wind_down,22
11,morning,5,1,social,friends_hangout,-12,commuting,65.5,90.6,9,8.53,115.2,rain,39.6,81.4,0,0,music,0,eat_something,1
11,morning,6,1,health,doctor_appointment,95,home,74.1,85.9,7,0.47,121.1,fog,86.4,14.2,0,5,none,0,no_action,7
4,night,5,1,social,dinner,139,restaurant,94.7,67.2,8,1.33,83.3,rain,16.4,100.0,0,1,podcast,1,no_action,7
15,afternoon,6,1,none,none,999,outside,85.1,85.0,5,1.35,137.3,clear,89.2,63.2,0,2,none,0,focus_session,5
23,night,0,0,none,none,999,outside,97.1,96.5,2,3.98,80.8,clear,43.7,98.1,0,1,music,1,wind_down,22
1,night,1,0,none,none,999,home,40.7,40.9,6,0.78,105.7,snow,25.8,65.0,0,3,music,1,sleep_suggestion,15
12,afternoon,0,0,work,presentation,104,work,15.8,54.0,7,1.72,64.4,snow,36.7,78.7,0,4,podcast,0,no_action,7
13,afternoon,6,1,none,none,999,home,16.0,65.9,3,0.0,94.2,fog,35.0,93.1,0,3,podcast,0,social_suggestion,16
7,morning,2,0,health,doctor_appointment,100,outside,66.7,59.3,9,4.77,75.4,clear,11.7,7.5,1,0,none,0,no_action,7
21,night,2,0,school,study_session,122,school,12.0,64.1,10,2.05,74.5,clear,65.4,25.1,0,4,music,1,no_action,7
0,night,5,1,none,none,999,home,35.1,45.2,2,4.54,114.5,clear,94.5,45.2,0,0,none,1,sleep_suggestion,15
23,night,0,0,health,gym,142,gym,82.3,65.1,6,10.0,45.5,clear,61.1,77.1,1,0,none,1,eat_something,1
15,afternoon,3,0,school,assignment_due,161,school,17.7,81.6,5,2.1,117.7,clear,11.0,82.6,0,3,music,0,take_break,20
11,morning,4,0,school,lecture,175,school,94.7,74.2,1,4.04,51.8,fog,55.6,66.7,0,0,podcast,0,no_action,7
18,evening,6,1,health,doctor_appointment,177,home,35.9,91.4,7,0.41,117.3,snow,4.8,69.5,0,4,podcast,0,no_action,7
17,evening,2,0,work,presentation,38,work,81.4,71.0,9,2.17,19.4,clear,44.4,33.7,1,4,music,0,no_action,7
6,morning,6,1,school,lecture,146,school,23.7,100.0,4,0.39,51.4,clear,87.8,19.0,0,4,none,0,no_action,7
23,night,2,0,none,none,999,home,82.2,97.8,10,3.74,20.8,rain,41.3,51.5,0,3,music,1,wind_down,22
9,morning,6,1,social,family_time,62,outside,96.9,49.9,10,2.3,142.6,clear,91.9,100.0,1,2,none,0,no_action,7
15,afternoon,0,0,work,deadline,101,work,99.9,56.1,4,0.62,59.2,clear,21.6,43.1,0,2,podcast,0,no_action,7
16,afternoon,0,0,work,team_meeting,120,work,58.4,88.7,5,0.74,26.1,clear,90.7,80.5,0,2,podcast,0,no_action,7
0,night,0,0,none,none,999,outside,84.1,100.0,5,4.23,87.8,rain,25.0,64.5,0,3,none,1,no_action,7
22,night,4,0,none,none,999,home,45.5,94.0,4,7.94,136.6,clear,84.5,68.9,0,2,podcast,1,eat_something,1
19,evening,3,0,social,friends_hangout,58,outside,71.8,61.4,0,2.24,39.9,clear,97.8,82.7,1,2,podcast,0,no_action,7
14,afternoon,2,0,social,dinner,-7,restaurant,33.9,31.0,4,1.54,80.8,fog,58.9,51.3,0,4,none,0,no_action,7
18,evening,1,0,school,lecture,47,school,53.1,68.3,9,4.55,71.1,snow,43.4,40.7,0,2,podcast,0,study_for_class,18
18,evening,5,1,health,doctor_appointment,135,outside,12.3,84.0,3,0.13,39.8,clear,3.4,39.3,0,1,music,0,no_action,7
16,afternoon,3,0,work,focus_work,56,work,40.3,81.6,5,1.76,56.8,clear,60.6,35.6,0,1,music,0,no_action,7
11,morning,1,0,school,exam,43,school,41.5,44.0,0,1.98,141.2,clear,50.4,6.6,0,5,none,0,study_for_class,18
7,morning,4,0,health,gym,29,gym,76.8,92.1,4,3.75,11.5,fog,82.4,78.1,0,1,none,0,no_action,7
0,night,5,1,none,none,999,home,29.3,55.3,10,0.88,51.1,rain,25.2,100.0,0,0,podcast,1,sleep_suggestion,15
1,night,0,0,social,dinner,-18,restaurant,47.7,100.0,2,1.13,9.7,clear,61.7,100.0,1,4,none,1,send_late_message,13
14,afternoon,2,0,social,friends_hangout,161,home,96.2,54.3,7,3.86,41.5,rain,41.8,51.5,0,5,music,0,no_action,7
19,evening,1,0,social,family_time,118,home,45.9,62.8,6,0.37,45.8,clear,3.7,72.2,0,5,none,0,no_action,7
4,night,0,0,none,none,999,home,83.1,55.4,2,0.77,29.4,clear,1.6,95.4,0,4,none,1,no_action,7
4,night,0,0,none,none,999,home,39.1,35.4,1,0.05,90.1,clear,47.7,97.5,1,5,music,1,sleep_suggestion,15
17,evening,5,1,none,none,999,home,79.1,64.8,6,0.08,22.1,clear,84.6,93.8,0,0,none,0,focus_session,5
19,evening,4,0,health,therapy,-24,commuting,17.5,26.0,7,9.87,22.9,rain,13.7,87.5,0,4,music,0,eat_something,1
23,night,0,0,none,none,999,home,10.7,76.5,6,3.03,120.0,clear,79.8,52.3,1,0,music,1,sleep_suggestion,15
1,night,3,0,health,therapy,-6,commuting,99.3,73.3,0,2.11,11.0,clear,2.9,31.0,0,3,music,1,no_action,7
7,morning,6,1,social,date,160,home,55.5,100.0,5,3.4,155.0,snow,72.4,94.1,1,2,music,0,no_action,7
22,night,1,0,none,none,999,home,10.4,81.8,10,5.17,20.3,rain,91.5,44.1,0,5,music,1,wind_down,22
9,morning,0,0,school,assignment_due,159,school,10.7,19.9,3,0.13,77.2,clear,27.2,81.8,1,3,none,0,no_action,7
8,morning,6,1,social,date,47,home,39.3,73.1,3,0.34,60.9,rain,60.7,82.4,0,5,music,0,no_action,7
11,morning,0,0,school,exam,19,school,88.5,93.8,0,0.49,15.1,clear,82.9,83.3,0,2,none,0,no_action,7
4,night,0,0,none,none,999,home,63.4,79.8,10,0.36,22.2,clear,22.7,36.8,0,5,music,1,no_action,7
19,evening,4,0,social,family_time,3,commuting,82.9,63.4,4,0.62,38.7,fog,24.6,47.2,0,5,podcast,0,find_parking,4
23,night,1,0,none,none,999,home,68.0,40.2,6,3.81,109.7,rain,19.2,36.2,0,2,none,1,wind_down,22
16,afternoon,4,0,work,team_meeting,135,work,71.1,100.0,3,1.87,70.9,clear,69.4,10.4,0,4,music,0,no_action,7
12,afternoon,2,0,health,therapy,89,home,11.0,92.0,1,2.38,67.7,clear,45.9,100.0,0,4,music,0,no_action,7
15,afternoon,6,1,health,doctor_appointment,54,home,60.7,58.6,0,0.1,7.4,clear,63.0,96.0,0,0,music,0,no_action,7
8,morning,2,0,school,assignment_due,130,school,17.6,50.1,10,0.11,45.6,rain,61.7,29.8,0,2,music,0,no_action,7
18,evening,2,0,none,none,999,outside,56.6,23.6,5,0.96,101.6,clear,12.5,61.3,0,3,music,0,no_action,7
21,night,2,0,health,medication_reminder,-11,commuting,61.9,11.6,0,2.42,114.1,clear,31.6,76.5,1,1,music,1,charge_phone,0
8,morning,2,0,work,deadline,63,work,93.5,76.3,5,0.74,20.1,clear,57.6,64.4,1,1,podcast,0,no_action,7
22,night,5,1,none,none,999,home,83.1,87.7,7,2.71,132.7,clear,25.3,67.9,0,2,none,1,wind_down,22
1,night,0,0,none,none,999,home,43.3,86.7,6,2.7,141.2,clear,93.3,5.0,0,5,music,1,sleep_suggestion,15
17,evening,2,0,health,therapy,27,home,86.9,90.8,7,3.24,7.4,clear,7.1,100.0,0,4,podcast,0,start_commute,17
22,night,5,1,none,none,999,home,39.2,100.0,1,2.52,24.4,fog,80.0,74.0,0,0,music,1,wind_down,22
22,night,1,0,none,none,999,outside,39.3,20.4,2,1.29,108.5,rain,55.1,100.0,0,4,music,1,wind_down,22
16,afternoon,6,1,none,none,999,outside,47.4,83.3,3,1.84,127.8,clear,53.5,62.4,0,5,none,0,social_suggestion,16
13,afternoon,3,0,social,family_time,123,outside,42.4,100.0,9,5.59,96.1,fog,51.1,61.9,0,2,music,0,no_action,7
8,morning,4,0,work,focus_work,35,commuting,67.1,57.0,10,3.41,115.4,rain,21.0,78.6,0,3,music,0,play_music,9
8,morning,5,1,health,gym,-12,gym,54.7,43.9,7,0.65,96.3,clear,28.6,48.4,0,4,none,0,no_action,7
10,morning,0,0,work,deadline,-28,work,94.1,100.0,8,0.02,8.6,clear,11.4,93.7,0,1,music,0,send_late_message,13
23,night,2,0,health,medication_reminder,138,home,95.1,90.0,2,1.17,107.9,clear,16.2,100.0,0,5,podcast,1,no_action,7
11,morning,5,1,none,none,999,outside,39.6,63.9,7,1.54,163.9,rain,63.5,63.3,0,3,music,0,no_action,7
23,night,3,0,none,none,999,home,90.1,68.0,9,0.97,132.6,clear,75.7,82.7,0,2,music,1,wind_down,22
10,morning,5,1,health,doctor_appointment,65,outside,40.1,100.0,5,2.38,125.8,clear,23.7,64.0,0,4,music,0,no_action,7
20,evening,5,1,social,family_time,29,home,37.4,38.9,3,2.95,58.9,clear,99.0,82.6,0,3,music,0,start_commute,17
14,afternoon,2,0,social,date,176,outside,80.8,85.6,9,1.67,172.3,clear,31.0,48.5,0,5,music,0,no_action,7
8,morning,3,0,work,focus_work,-14,commuting,74.9,87.9,3,0.18,152.3,rain,60.9,62.1,0,3,podcast,0,send_late_message,13
12,afternoon,5,1,health,doctor_appointment,130,outside,91.2,87.5,3,4.17,144.3,clear,79.1,67.2,0,2,music,0,no_action,7
4,night,5,1,social,dinner,-5,restaurant,45.8,98.1,10,0.63,62.6,rain,90.4,64.6,0,2,podcast,1,no_action,7
16,afternoon,2,0,work,team_meeting,21,work,65.5,79.7,0,1.12,32.8,fog,84.4,59.2,0,5,podcast,0,prepare_for_meeting,11
14,afternoon,6,1,none,none,999,home,44.8,100.0,4,0.47,113.9,rain,69.5,53.3,0,4,podcast,0,social_suggestion,16
8,morning,2,0,school,lecture,140,school,39.2,95.6,10,1.01,73.2,clear,87.6,71.5,0,3,music,0,no_action,7
8,morning,3,0,social,family_time,119,outside,56.8,83.0,7,3.55,75.5,clear,6.9,85.8,1,1,podcast,0,no_action,7
9,morning,3,0,health,doctor_appointment,137,home,60.8,71.0,3,2.12,166.1,clear,17.8,100.0,1,0,music,0,no_action,7
6,morning,3,0,none,none,999,home,40.5,85.7,6,0.15,104.4,clear,63.4,91.0,0,5,none,0,no_action,7
16,afternoon,3,0,work,deadline,145,work,85.7,42.1,0,0.02,56.2,clear,23.2,55.2,0,4,music,0,no_action,7
11,morning,0,0,health,doctor_appointment,-11,commuting,52.1,60.7,5,0.15,107.7,snow,0.8,72.3,0,1,music,0,play_music,9
16,afternoon,4,0,none,none,999,home,86.0,53.8,1,1.13,149.2,fog,35.4,88.6,0,5,none,0,exercise_suggestion,2
12,afternoon,5,1,none,none,999,outside,19.4,51.5,3,0.54,68.4,clear,60.1,78.4,0,1,none,0,no_action,7
19,evening,0,0,work,focus_work,137,work,41.9,59.7,4,0.15,121.2,clear,99.0,22.1,0,1,none,0,take_break,20
0,night,3,0,none,none,999,home,51.9,15.9,6,2.34,159.1,clear,59.4,69.9,0,2,none,1,no_action,7
17,evening,4,0,social,friends_hangout,164,home,82.4,92.7,0,4.59,112.3,clear,43.3,27.2,0,3,music,0,no_action,7
23,night,6,1,none,none,999,home,51.8,84.3,6,1.37,77.0,clear,61.6,38.2,0,5,music,1,wind_down,22
11,morning,0,0,work,deadline,7,work,15.5,74.4,1,6.37,25.5,rain,62.4,52.5,0,1,music,0,eat_something,1
1,night,0,0,health,gym,85,gym,94.5,96.6,1,2.23,13.5,fog,94.9,25.4,0,5,none,1,no_action,7
2,night,2,0,none,none,999,home,79.7,100.0,2,0.07,106.8,clear,29.0,42.7,1,5,none,1,no_action,7
4,night,6,1,none,none,999,outside,18.8,100.0,1,2.43,60.8,rain,64.5,60.2,1,1,none,1,sleep_suggestion,15
9,morning,4,0,health,medication_reminder,27,home,44.1,80.6,9,0.83,111.7,snow,49.0,100.0,0,0,none,0,start_commute,17
1,night,0,0,work,deadline,-15,work,24.2,100.0,4,0.58,28.2,clear,33.7,41.9,0,4,podcast,1,sleep_suggestion,15
21,night,3,0,school,lecture,37,school,55.9,100.0,0,0.27,133.0,rain,15.3,50.4,1,4,none,1,study_for_class,18
23,night,2,0,none,none,999,outside,83.2,100.0,9,1.36,37.0,snow,46.8,81.7,0,2,podcast,1,wind_down,22
1,night,0,0,none,none,999,home,92.9,51.4,2,1.1,50.2,clear,74.2,52.1,0,2,podcast,1,no_action,7
15,afternoon,5,1,social,family_time,37,outside,72.6,44.9,6,0.22,119.7,clear,80.1,55.9,1,1,music,0,start_commute,17
17,evening,2,0,work,focus_work,-14,work,55.7,55.5,2,0.35,74.9,clear,59.0,71.8,0,0,none,0,no_action,7
13,afternoon,1,0,social,friends_hangout,-7,commuting,27.6,88.2,4,2.05,147.1,clear,87.0,67.3,0,5,none,0,no_action,7
9,morning,4,0,work,focus_work,130,work,51.0,96.1,9,2.4,69.8,clear,42.5,82.6,0,3,none,0,no_action,7
6,morning,3,0,work,team_meeting,-8,commuting,92.3,63.0,9,0.04,173.2,clear,29.8,69.7,0,1,none,0,play_music,9
2,night,5,1,none,none,999,home,28.6,99.4,2,4.61,94.1,clear,80.9,46.4,1,4,music,1,sleep_suggestion,15
23,night,2,0,none,none,999,outside,94.7,85.3,1,4.01,90.0,clear,64.8,65.1,0,1,music,1,wind_down,22
4,night,5,1,health,medication_reminder,5,commuting,81.4,76.9,4,0.28,93.4,clear,16.3,48.7,0,0,music,1,find_parking,4
15,afternoon,3,0,work,presentation,44,work,80.5,66.9,6,2.74,108.8,clear,62.2,100.0,0,5,none,0,take_break,20
11,morning,6,1,none,none,999,outside,81.3,94.3,6,0.73,6.5,snow,64.7,37.2,0,1,podcast,0,focus_session,5
3,night,5,1,none,none,999,outside,93.3,80.3,8,0.32,174.8,rain,35.5,31.7,1,5,podcast,1,no_action,7
6,morning,2,0,work,focus_work,82,work,47.9,46.6,7,3.16,83.7,clear,3.5,52.4,0,3,none,0,no_action,7
11,morning,0,0,social,friends_hangout,78,home,13.0,100.0,3,0.0,14.2,clear,1.5,98.6,0,5,music,0,no_action,7
0,night,3,0,none,none,999,home,80.6,89.7,8,0.45,23.6,rain,79.0,61.5,0,1,music,1,no_action,7
17,evening,2,0,work,team_meeting,111,work,78.8,89.0,9,0.04,90.3,clear,63.6,55.7,1,5,music,0,take_break,20
14,afternoon,2,0,none,none,999,home,45.8,76.8,6,0.91,2.2,rain,60.4,89.5,1,3,none,0,read_email_alert,12
0,night,6,1,none,none,999,home,84.1,61.2,4,2.28,142.2,snow,36.8,98.9,0,1,none,1,no_action,7
8,morning,5,1,health,doctor_appointment,109,outside,53.3,98.8,6,0.16,100.9,clear,84.9,70.5,0,0,music,0,no_action,7
6,morning,0,0,social,date,6,commuting,56.5,58.3,1,0.61,37.8,clear,49.6,44.1,0,2,music,0,find_parking,4
1,night,5,1,none,none,999,home,94.3,22.7,9,0.11,121.2,clear,18.0,89.1,0,4,none,1,no_action,7
23,night,1,0,none,none,999,outside,97.2,91.5,8,1.7,39.6,clear,2.3,81.5,0,2,music,1,wind_down,22
5,morning,2,0,none,none,999,outside,94.5,47.0,10,0.26,38.2,fog,30.5,100.0,0,0,music,1,no_action,7
2,night,3,0,none,none,999,home,38.0,98.3,1,1.68,176.7,clear,30.4,82.8,0,5,music,1,sleep_suggestion,15
15,afternoon,6,1,none,none,999,home,17.2,46.2,3,3.63,14.2,clear,33.1,80.2,0,3,music,0,social_suggestion,16
14,afternoon,5,1,none,none,999,home,25.0,36.6,6,0.86,133.5,rain,23.4,48.9,0,0,podcast,0,social_suggestion,16
9,morning,1,0,school,lecture,-3,commuting,19.9,100.0,10,2.77,24.5,rain,83.2,78.0,1,0,music,0,play_music,9
19,evening,1,0,work,focus_work,0,work,62.2,48.6,0,2.19,79.0,snow,55.8,72.2,0,5,music,0,no_action,7
13,afternoon,6,1,health,doctor_appointment,63,home,91.5,71.4,8,3.6,26.5,fog,39.7,81.5,0,3,none,0,no_action,7
15,afternoon,5,1,none,none,999,home,94.5,67.2,8,0.92,9.7,snow,72.9,76.4,1,2,none,0,read_email_alert,12
10,morning,5,1,health,medication_reminder,-10,commuting,77.4,74.3,6,5.51,106.5,rain,15.2,75.5,1,3,music,0,play_music,9
21,night,0,0,work,team_meeting,124,work,90.4,40.6,7,0.69,101.3,clear,99.3,97.2,0,5,music,1,take_break,20
7,morning,2,0,social,family_time,169,outside,67.8,66.1,2,4.47,159.3,fog,41.0,63.4,0,1,none,0,no_action,7
15,afternoon,5,1,health,medication_reminder,114,home,20.9,100.0,5,1.88,126.5,snow,74.3,72.0,1,2,podcast,0,no_action,7
21,night,5,1,social,friends_hangout,55,home,67.0,73.7,1,1.73,46.7,rain,55.7,37.8,0,5,music,1,no_action,7
5,morning,5,1,none,none,999,home,41.3,38.6,3,1.33,176.1,clear,58.9,91.8,0,0,none,1,no_action,7
17,evening,3,0,social,friends_hangout,41,home,33.5,47.3,0,1.43,57.5,clear,55.6,83.1,0,2,music,0,no_action,7
1,night,6,1,none,none,999,outside,96.2,79.8,6,0.02,178.3,rain,1.5,69.6,1,5,music,1,no_action,7
13,afternoon,5,1,health,gym,33,gym,13.6,54.3,3,0.03,21.5,rain,6.5,100.0,0,4,music,0,no_action,7
22,night,4,0,none,none,999,home,80.6,100.0,3,1.46,154.4,clear,17.7,79.3,0,3,music,1,wind_down,22
20,evening,3,0,work,presentation,4,work,52.7,100.0,0,0.99,164.8,clear,34.5,89.4,0,5,music,0,silence_phone,14
18,evening,0,0,work,presentation,167,work,58.8,99.1,5,2.34,84.5,rain,67.9,59.3,0,3,none,0,no_action,7
21,night,6,1,health,doctor_appointment,20,home,11.9,39.8,3,1.47,122.4,clear,92.9,57.0,0,4,music,1,start_commute,17
22,night,2,0,none,none,999,outside,86.6,38.6,7,1.12,173.2,rain,16.7,76.3,0,4,music,1,wind_down,22
16,afternoon,5,1,none,none,999,home,73.5,40.2,4,0.69,50.9,fog,26.0,65.2,0,4,music,0,focus_session,5
16,afternoon,2,0,social,family_time,34,home,39.8,74.3,5,3.94,85.3,fog,8.4,22.1,0,0,none,0,start_commute,17
6,morning,3,0,work,team_meeting,13,commuting,55.9,100.0,10,0.28,135.0,fog,2.0,42.6,0,0,podcast,0,play_podcast,10
11,morning,1,0,none,none,999,home,90.5,43.0,0,0.41,38.4,rain,68.0,83.3,0,0,podcast,0,exercise_suggestion,2
19,evening,2,0,none,none,999,outside,65.0,100.0,8,3.02,129.4,fog,48.0,52.5,0,1,music,0,focus_session,5
21,night,3,0,social,family_time,27,home,84.6,88.6,4,0.23,19.5,clear,95.6,60.1,0,2,music,1,start_commute,17
10,morning,4,0,social,dinner,163,restaurant,59.0,85.1,10,0.34,45.2,snow,12.8,79.8,1,1,music,0,no_action,7
8,morning,1,0,school,lecture,64,school,97.9,65.2,0,0.66,171.6,clear,94.0,79.6,0,3,none,0,study_for_class,18
0,night,6,1,none,none,999,home,48.0,56.1,9,3.09,175.3,clear,23.3,84.4,0,4,none,1,no_action,7
12,afternoon,5,1,none,none,999,home,32.5,83.7,5,1.08,63.1,rain,96.9,51.4,0,3,podcast,0,no_action,7
1,night,5,1,none,none,999,home,62.0,27.8,7,2.34,19.2,clear,31.7,100.0,0,5,none,1,no_action,7
5,morning,5,1,none,none,999,home,64.1,60.2,0,1.86,65.7,rain,18.3,93.0,0,2,music,1,no_action,7
13,afternoon,1,0,work,team_meeting,123,work,49.1,82.2,4,0.85,3.5,fog,86.8,87.9,1,4,music,0,no_action,7
20,evening,1,0,work,presentation,43,work,48.1,47.0,5,1.97,51.6,clear,15.9,23.3,0,1,none,0,no_action,7
17,evening,6,1,health,therapy,12,commuting,81.4,45.1,3,3.08,42.7,clear,19.4,73.6,0,3,none,0,no_action,7
14,afternoon,3,0,social,dinner,132,restaurant,77.1,68.0,3,0.46,52.7,rain,84.7,20.6,0,3,none,0,no_action,7
12,afternoon,0,0,social,dinner,126,restaurant,35.8,65.8,6,1.39,82.1,snow,93.1,83.4,0,5,podcast,0,no_action,7
7,morning,5,1,none,none,999,home,52.8,100.0,6,10.0,131.2,clear,88.1,40.9,0,1,music,0,eat_something,1
12,afternoon,5,1,social,family_time,138,outside,51.5,65.1,7,0.04,3.0,clear,36.9,34.7,0,0,none,0,no_action,7
18,evening,1,0,work,team_meeting,144,work,28.8,84.0,5,1.24,163.9,clear,48.7,87.4,0,2,music,0,take_break,20
6,morning,4,0,work,deadline,38,commuting,32.2,35.1,4,0.02,42.4,rain,30.4,91.4,0,1,music,0,play_music,9
7,morning,6,1,school,exam,82,school,79.0,54.0,4,2.54,158.7,rain,27.4,66.3,0,1,none,0,study_for_class,18
12,afternoon,0,0,health,gym,34,gym,87.5,87.3,5,0.51,169.4,fog,9.0,17.8,0,5,podcast,0,no_action,7
2,night,5,1,work,focus_work,-1,work,48.5,75.2,8,0.8,16.3,rain,82.0,50.2,1,3,none,1,no_action,7
8,morning,0,0,work,deadline,160,work,29.0,69.4,2,0.96,97.8,rain,58.3,100.0,0,3,none,0,take_break,20
13,afternoon,1,0,school,lecture,65,school,57.2,75.4,5,1.57,70.5,rain,63.0,65.1,1,5,none,0,study_for_class,18
3,night,4,0,none,none,999,home,87.1,100.0,6,0.68,33.1,snow,1.0,48.2,0,4,none,1,no_action,7
16,afternoon,4,0,none,none,999,home,79.9,62.6,8,1.97,73.6,clear,1.8,72.9,0,5,music,0,focus_session,5
1,night,1,0,none,none,999,home,69.5,57.9,1,4.84,72.7,clear,96.3,50.2,0,5,podcast,1,no_action,7
14,afternoon,6,1,social,friends_hangout,106,home,56.0,42.9,1,5.29,157.4,clear,35.8,25.0,0,3,podcast,0,no_action,7
16,afternoon,5,1,health,gym,33,gym,65.6,100.0,1,1.04,54.8,clear,95.9,55.5,0,2,music,0,no_action,7
3,night,6,1,social,family_time,19,commuting,95.1,70.5,8,0.48,13.3,clear,45.9,89.2,1,2,podcast,1,get_ready,6
9,morning,6,1,none,none,999,home,26.3,100.0,9,1.56,49.4,snow,71.5,62.9,0,5,music,0,no_action,7
12,afternoon,2,0,school,exam,145,school,47.2,66.9,7,1.24,46.2,clear,18.2,62.1,0,3,podcast,0,no_action,7
19,evening,3,0,school,study_session,104,school,41.8,67.0,5,0.31,166.4,clear,22.6,66.0,1,3,music,0,study_for_class,18
9,morning,1,0,none,none,999,home,82.9,77.4,8,6.88,86.0,clear,2.2,60.7,0,0,podcast,0,eat_something,1
15,afternoon,5,1,health,medication_reminder,72,home,18.5,100.0,8,2.15,57.0,fog,76.2,42.4,1,5,none,0,no_action,7
3,night,3,0,school,assignment_due,1,school,18.5,68.5,7,10.0,48.2,clear,37.2,74.2,0,0,music,1,sleep_suggestion,15
8,morning,4,0,social,dinner,120,restaurant,28.9,32.3,2,2.99,87.6,clear,39.4,97.3,0,0,none,0,no_action,7
7,morning,4,0,social,dinner,167,restaurant,48.4,64.0,0,1.86,100.4,rain,3.1,64.2,0,2,none,0,no_action,7
16,afternoon,5,1,school,exam,150,school,68.1,50.8,1,0.25,170.7,rain,47.2,43.1,0,4,none,0,take_break,20
2,night,5,1,none,none,999,home,24.8,98.3,1,1.17,88.9,clear,91.7,79.4,0,0,music,1,sleep_suggestion,15
13,afternoon,0,0,school,exam,-10,school,49.0,72.7,0,0.95,127.3,clear,34.1,93.3,0,3,podcast,0,silence_phone,14
16,afternoon,5,1,social,friends_hangout,39,home,63.6,88.6,2,2.15,11.5,clear,77.6,66.0,0,4,none,0,start_commute,17
2,night,2,0,none,none,999,home,90.1,88.0,3,2.41,36.3,rain,13.5,100.0,0,3,none,1,no_action,7
15,afternoon,1,0,work,deadline,165,work,19.6,45.5,2,6.96,35.9,fog,54.9,51.8,1,0,music,0,eat_something,1
13,afternoon,5,1,none,none,999,home,52.4,100.0,5,4.06,52.5,snow,58.7,63.0,1,1,podcast,0,read_email_alert,12
17,evening,4,0,work,deadline,102,work,35.8,69.0,3,0.22,137.4,snow,60.6,41.4,1,0,none,0,take_break,20
23,night,0,0,none,none,999,outside,28.5,59.5,1,2.08,152.3,clear,62.2,78.0,0,3,music,1,sleep_suggestion,15
4,night,4,0,health,medication_reminder,78,home,93.9,48.8,3,0.94,14.5,clear,21.1,67.5,0,2,none,1,no_action,7
3,night,0,0,none,none,999,outside,23.8,100.0,2,0.14,38.9,fog,80.0,25.5,0,1,podcast,1,sleep_suggestion,15
19,evening,3,0,social,friends_hangout,-26,commuting,93.6,82.9,7,0.33,32.4,clear,25.4,39.9,0,3,none,0,send_late_message,13
6,morning,3,0,social,dinner,111,restaurant,71.1,83.9,3,0.02,86.6,clear,83.4,64.1,0,5,none,0,no_action,7
3,night,4,0,school,lecture,164,school,49.0,88.2,9,0.43,162.8,clear,0.3,47.9,0,0,none,1,take_break,20
17,evening,2,0,work,team_meeting,164,work,91.5,60.0,8,8.0,63.0,clear,3.3,91.3,1,0,music,0,eat_something,1
9,morning,1,0,social,dinner,163,restaurant,53.7,78.3,9,0.87,160.5,fog,9.3,15.7,0,5,none,0,no_action,7
21,night,2,0,school,assignment_due,133,school,94.4,63.1,9,2.67,82.4,clear,75.9,100.0,0,3,none,1,no_action,7
7,morning,3,0,school,lecture,155,school,69.4,81.6,3,1.91,152.9,rain,83.6,85.0,1,2,music,0,take_break,20
18,evening,6,1,health,medication_reminder,26,home,38.3,78.6,10,0.11,170.8,snow,67.6,38.8,1,2,music,0,start_commute,17
21,night,1,0,work,team_meeting,-21,work,27.4,73.7,6,4.45,5.6,rain,4.2,93.4,1,3,music,1,send_late_message,13
20,evening,1,0,health,medication_reminder,48,outside,11.4,100.0,9,0.64,0.4,rain,79.9,62.0,1,5,music,0,no_action,7
11,morning,3,0,school,lecture,135,school,93.2,100.0,8,2.49,66.3,clear,49.0,81.6,1,0,none,0,no_action,7
0,night,4,0,none,none,999,home,25.0,88.1,0,2.53,135.9,clear,72.1,68.7,0,1,none,1,sleep_suggestion,15
20,evening,4,0,work,deadline,163,work,92.0,28.9,3,0.92,8.2,clear,54.8,71.0,0,4,podcast,0,no_action,7
11,morning,2,0,work,team_meeting,143,work,49.6,12.2,2,1.27,138.5,clear,64.7,68.2,1,0,music,0,charge_phone,0
13,afternoon,5,1,social,family_time,-16,commuting,84.4,100.0,3,2.63,178.1,clear,35.3,38.6,1,2,none,0,send_late_message,13
2,night,2,0,none,none,999,home,67.7,96.3,4,0.47,5.5,clear,17.2,32.6,1,0,music,1,no_action,7
12,afternoon,4,0,school,lecture,118,school,67.1,58.7,5,0.04,130.0,rain,90.2,34.6,0,0,podcast,0,study_for_class,18
23,night,2,0,none,none,999,home,24.6,88.4,7,0.74,162.0,clear,78.6,100.0,0,3,none,1,sleep_suggestion,15
13,afternoon,4,0,social,friends_hangout,18,commuting,87.6,19.1,3,3.85,4.0,rain,43.4,54.4,0,4,podcast,0,suggest_repeat_action,19
17,evening,4,0,none,none,999,home,91.2,75.4,5,0.02,89.7,clear,6.2,46.7,0,1,podcast,0,focus_session,5
23,night,6,1,none,none,999,outside,59.9,81.0,8,1.83,175.9,clear,72.4,69.0,1,4,music,1,wind_down,22
7,morning,2,0,school,study_session,127,school,77.0,78.0,3,3.6,63.3,rain,12.8,78.5,0,3,music,0,no_action,7
4,night,1,0,none,none,999,home,83.8,100.0,4,2.87,177.8,fog,77.7,71.1,0,3,none,1,no_action,7
20,evening,3,0,health,doctor_appointment,131,home,36.5,91.2,1,0.12,9.4,clear,44.1,52.1,0,1,none,0,no_action,7
22,night,5,1,none,none,999,outside,85.8,48.7,9,0.02,114.6,clear,65.8,38.8,1,4,none,1,wind_down,22
14,afternoon,4,0,work,focus_work,-20,work,11.7,100.0,2,1.39,105.9,rain,22.8,77.7,0,4,none,0,send_late_message,13
13,afternoon,5,1,health,gym,172,gym,91.2,85.8,0,0.8,171.4,clear,82.9,72.6,0,5,none,0,no_action,7
16,afternoon,2,0,social,date,152,home,28.7,86.0,6,0.78,114.6,clear,9.0,27.8,0,2,none,0,no_action,7
22,night,2,0,none,none,999,home,33.6,86.1,5,0.56,173.8,rain,22.2,82.1,0,3,none,1,wind_down,22
14,afternoon,3,0,health,medication_reminder,119,home,30.2,70.6,8,3.84,45.7,snow,30.9,87.9,0,1,music,0,no_action,7
3,night,1,0,none,none,999,home,36.6,38.5,4,5.8,177.8,snow,73.7,87.3,0,1,none,1,sleep_suggestion,15
8,morning,1,0,health,therapy,21,home,95.2,19.7,4,1.85,104.2,clear,70.7,48.6,0,2,none,0,start_commute,17
13,afternoon,5,1,school,exam,4,school,93.1,93.9,9,0.83,90.5,clear,17.8,37.4,1,2,podcast,0,silence_phone,14
9,morning,3,0,work,team_meeting,-19,commuting,20.4,71.2,5,1.15,151.6,rain,18.5,100.0,1,2,music,0,send_late_message,13
22,night,6,1,none,none,999,outside,11.6,69.3,2,0.43,135.4,rain,42.0,56.2,1,4,none,1,wind_down,22
7,morning,1,0,social,date,107,home,92.6,64.3,3,1.2,134.0,snow,38.3,99.2,0,1,music,0,no_action,7
18,evening,1,0,work,deadline,30,work,11.0,71.5,5,0.37,117.5,rain,12.7,67.5,0,3,music,0,take_break,20
7,morning,0,0,none,none,999,home,14.8,100.0,6,3.76,113.3,rain,50.6,58.3,0,5,podcast,0,no_action,7
5,morning,5,1,work,presentation,114,work,62.2,78.5,2,1.81,52.4,rain,26.0,50.3,1,3,music,1,no_action,7
22,night,0,0,none,none,999,home,50.4,46.3,1,0.8,145.5,fog,63.5,100.0,1,1,none,1,wind_down,22
21,night,4,0,school,study_session,55,school,50.0,34.4,6,1.32,149.7,clear,1.8,71.1,1,4,none,1,study_for_class,18
22,night,6,1,none,none,999,home,42.8,100.0,0,0.52,84.6,clear,8.1,42.6,0,0,none,1,wind_down,22
16,afternoon,4,0,school,exam,24,school,46.1,96.5,8,3.54,27.8,clear,70.3,75.2,0,4,podcast,0,no_action,7
5,morning,4,0,none,none,999,outside,60.2,32.1,2,1.72,29.8,rain,25.0,100.0,0,3,music,1,no_action,7
20,evening,4,0,work,team_meeting,147,work,41.3,62.5,1,6.71,88.1,clear,99.9,72.8,0,2,none,0,eat_something,1
14,afternoon,3,0,none,none,999,home,95.4,52.0,6,1.34,90.5,clear,59.8,57.6,1,2,none,0,read_email_alert,12
13,afternoon,3,0,work,deadline,40,work,86.9,82.8,1,2.32,3.2,rain,36.8,46.4,0,2,podcast,0,no_action,7
14,afternoon,0,0,school,assignment_due,-21,school,86.6,65.1,3,4.73,91.1,rain,33.9,40.9,0,1,none,0,send_late_message,13
11,morning,0,0,work,deadline,122,work,59.3,89.0,6,6.12,32.5,snow,46.4,65.4,1,0,music,0,eat_something,1
17,evening,6,1,none,none,999,home,88.3,33.9,9,1.13,145.5,clear,49.5,51.7,0,4,podcast,0,focus_session,5
6,morning,0,0,school,study_session,8,commuting,54.6,28.0,6,1.39,4.2,rain,64.0,81.3,0,3,none,0,find_parking,4
3,night,2,0,none,none,999,outside,40.3,95.5,3,0.7,157.1,clear,15.1,63.4,0,5,music,1,sleep_suggestion,15
15,afternoon,6,1,none,none,999,home,41.6,100.0,4,0.37,6.0,snow,85.6,51.7,1,5,podcast,0,read_email_alert,12
2,night,5,1,none,none,999,home,92.6,67.7,8,0.3,99.3,clear,5.0,63.3,0,4,music,1,no_action,7
17,evening,0,0,work,focus_work,113,work,17.0,31.3,8,0.31,125.9,rain,48.2,80.6,0,5,music,0,take_break,20
10,morning,5,1,social,friends_hangout,80,outside,71.1,85.1,2,0.67,45.4,rain,7.4,6.7,0,3,music,0,no_action,7
16,afternoon,1,0,work,focus_work,112,work,90.3,90.1,9,4.9,38.8,clear,69.6,9.0,1,2,none,0,no_action,7
16,afternoon,4,0,school,lecture,-30,school,20.4,41.7,1,1.73,65.6,snow,19.8,57.2,0,4,podcast,0,send_late_message,13
5,morning,1,0,none,none,999,home,76.1,69.0,7,0.38,51.4,fog,26.1,42.3,0,2,podcast,1,no_action,7
10,morning,2,0,school,lecture,13,school,60.1,80.6,3,2.16,59.9,fog,37.5,64.4,0,3,none,0,no_action,7
13,afternoon,1,0,work,team_meeting,154,work,22.1,93.1,9,1.46,138.3,rain,76.1,32.9,0,3,music,0,take_break,20
20,evening,4,0,health,doctor_appointment,75,home,54.7,56.7,1,1.05,125.8,clear,70.9,55.3,0,4,podcast,0,no_action,7
12,afternoon,5,1,health,doctor_appointment,157,home,98.6,26.7,5,3.36,29.6,snow,6.1,50.4,1,0,music,0,no_action,7
12,afternoon,3,0,health,medication_reminder,66,home,82.9,76.9,8,3.65,163.7,clear,7.4,5.0,1,2,none,0,no_action,7
6,morning,0,0,social,family_time,114,home,96.0,87.2,9,1.44,143.7,clear,22.1,73.0,1,1,none,0,no_action,7
19,evening,4,0,none,none,999,home,60.5,42.5,8,2.51,131.1,clear,73.2,90.8,0,5,music,0,focus_session,5
12,afternoon,0,0,school,assignment_due,-17,school,50.5,86.7,1,2.85,12.2,clear,39.5,100.0,0,5,none,0,send_late_message,13
13,afternoon,4,0,none,none,999,home,14.7,80.5,10,0.06,19.0,clear,75.6,50.5,0,3,none,0,no_action,7
1,night,4,0,none,none,999,outside,37.9,89.9,3,5.11,118.2,fog,18.8,45.6,1,1,none,1,sleep_suggestion,15
13,afternoon,6,1,none,none,999,outside,51.6,86.8,9,10.0,151.0,snow,63.4,49.5,1,4,none,0,eat_something,1
7,morning,1,0,social,family_time,71,home,42.5,95.3,5,1.97,5.5,clear,97.4,5.0,0,4,podcast,0,no_action,7
14,afternoon,1,0,school,assignment_due,137,school,34.6,100.0,1,1.97,149.0,snow,93.8,72.7,1,2,none,0,take_break,20
22,night,4,0,none,none,999,home,66.2,30.7,0,3.49,168.6,snow,27.5,39.9,0,3,music,1,wind_down,22
11,morning,3,0,school,lecture,104,school,64.0,100.0,8,0.86,79.9,clear,33.7,44.9,0,2,music,0,study_for_class,18
10,morning,3,0,health,therapy,172,home,73.2,52.1,5,2.82,140.4,clear,10.2,100.0,0,4,music,0,no_action,7
4,night,5,1,none,none,999,outside,30.8,80.4,9,0.21,176.3,clear,32.4,73.9,1,1,music,1,sleep_suggestion,15
16,afternoon,6,1,social,friends_hangout,81,outside,73.4,74.6,10,4.42,164.9,clear,86.0,100.0,1,0,none,0,no_action,7
12,afternoon,5,1,health,therapy,86,outside,11.8,83.8,2,0.25,152.0,snow,67.8,43.0,1,1,none,0,no_action,7
4,night,4,0,social,friends_hangout,2,commuting,50.8,77.5,0,4.2,18.0,clear,24.6,30.6,0,0,music,1,find_parking,4
10,morning,0,0,none,none,999,home,52.1,92.7,7,0.64,25.5,clear,57.3,62.4,0,4,music,0,no_action,7
5,morning,2,0,social,friends_hangout,-24,commuting,73.7,94.4,5,1.04,5.6,snow,30.7,77.3,1,0,music,1,play_music,9
19,evening,6,1,none,none,999,home,19.6,61.0,3,0.27,162.8,clear,97.9,70.9,1,5,podcast,0,read_email_alert,12
17,evening,0,0,work,presentation,106,work,86.9,100.0,2,7.32,79.1,rain,2.6,18.5,0,5,none,0,eat_something,1
0,night,5,1,school,assignment_due,141,school,58.9,98.1,6,0.54,153.2,clear,62.4,68.0,0,2,music,1,take_break,20
2,night,5,1,work,focus_work,50,work,39.7,59.5,8,2.1,136.3,clear,40.4,45.9,0,3,none,1,sleep_suggestion,15
5,morning,5,1,none,none,999,home,68.2,81.2,2,5.33,77.1,fog,86.3,99.1,0,1,none,1,no_action,7
21,night,2,0,school,lecture,-22,school,27.0,96.5,7,1.59,4.3,clear,58.6,58.8,0,5,none,1,send_late_message,13
1,night,2,0,none,none,999,home,65.1,97.7,5,1.59,49.1,rain,32.5,100.0,0,4,none,1,no_action,7
10,morning,1,0,none,none,999,outside,20.7,68.4,1,0.06,20.3,clear,84.8,54.1,1,0,music,0,read_email_alert,12
9,morning,0,0,none,none,999,home,31.3,86.9,9,0.85,135.5,rain,76.0,72.8,0,5,podcast,0,no_action,7
0,night,2,0,none,none,999,outside,62.1,33.3,1,1.73,37.2,rain,31.8,67.5,0,0,none,1,no_action,7
10,morning,2,0,health,medication_reminder,107,home,19.1,83.6,9,1.77,81.4,clear,47.4,95.6,0,1,podcast,0,no_action,7
7,morning,0,0,health,medication_reminder,39,home,22.4,59.8,8,2.24,107.3,clear,51.9,5.0,1,5,none,0,start_commute,17
21,night,1,0,social,dinner,100,restaurant,65.1,90.6,3,0.95,0.2,rain,36.2,49.4,0,5,music,1,no_action,7
8,morning,1,0,school,lecture,141,school,53.6,74.6,5,0.22,50.0,clear,41.3,53.7,0,2,podcast,0,no_action,7
22,night,0,0,none,none,999,home,14.8,57.0,7,6.73,153.4,snow,16.2,45.9,0,1,podcast,1,eat_something,1
7,morning,0,0,school,study_session,-26,commuting,30.9,26.4,2,1.92,91.6,clear,86.2,90.1,0,5,music,0,send_late_message,13
14,afternoon,1,0,school,exam,154,school,52.0,47.8,0,0.21,60.5,clear,33.5,52.6,0,0,podcast,0,no_action,7
8,morning,3,0,school,exam,84,school,52.6,66.6,5,6.92,138.9,clear,76.2,57.7,0,3,none,0,eat_something,1
15,afternoon,0,0,school,lecture,126,school,97.3,68.0,6,2.2,140.1,clear,0.8,59.5,0,5,none,0,take_break,20
13,afternoon,3,0,work,presentation,141,work,76.6,62.5,9,1.18,12.3,clear,61.1,26.4,0,5,none,0,no_action,7
8,morning,4,0,none,none,999,home,65.6,74.2,1,5.8,116.4,fog,21.4,67.7,0,3,podcast,0,exercise_suggestion,2
9,morning,5,1,social,date,79,outside,46.9,71.2,2,8.91,84.6,fog,70.2,59.5,0,2,none,0,eat_something,1
23,night,4,0,none,none,999,outside,66.3,28.1,3,4.83,49.3,clear,42.3,90.3,0,1,music,1,wind_down,22
9,morning,6,1,social,dinner,-1,restaurant,11.1,55.1,6,1.02,82.9,fog,43.2,9.6,1,1,none,0,no_action,7
22,night,3,0,none,none,999,outside,68.9,100.0,1,0.1,18.6,clear,17.8,81.7,0,0,none,1,wind_down,22
6,morning,1,0,health,therapy,0,commuting,86.1,70.7,1,5.81,155.6,snow,15.6,69.0,1,0,none,0,find_parking,4
17,evening,6,1,none,none,999,outside,96.0,78.5,5,1.37,70.8,rain,14.5,27.3,0,5,music,0,focus_session,5
19,evening,3,0,work,deadline,-22,work,84.8,45.1,7,0.88,50.7,fog,84.9,73.4,1,3,none,0,send_late_message,13
15,afternoon,0,0,health,medication_reminder,159,outside,66.2,82.3,8,0.03,134.6,clear,49.0,84.4,0,0,none,0,no_action,7
0,night,3,0,none,none,999,home,96.5,82.9,8,0.26,132.8,snow,36.0,100.0,0,0,none,1,no_action,7
13,afternoon,1,0,work,deadline,178,work,34.2,10.2,2,10.0,12.9,rain,68.5,84.5,0,3,music,0,charge_phone,0
14,afternoon,3,0,school,lecture,32,school,10.1,41.9,1,3.84,128.7,clear,97.8,55.7,0,0,music,0,study_for_class,18
5,morning,0,0,none,none,999,home,87.3,93.8,4,2.11,34.0,snow,56.2,100.0,0,3,none,1,no_action,7
17,evening,5,1,social,family_time,35,home,23.8,72.8,0,1.92,27.9,snow,4.3,37.7,0,3,podcast,0,start_commute,17
14,afternoon,5,1,school,lecture,158,school,42.2,79.2,2,0.18,131.4,fog,92.7,100.0,1,5,podcast,0,take_break,20
6,morning,5,1,health,medication_reminder,-30,commuting,64.5,75.9,1,2.44,122.4,rain,54.6,37.5,0,2,none,0,play_music,9
7,morning,6,1,none,none,999,home,11.4,33.7,6,1.22,4.6,clear,84.0,28.2,0,1,podcast,0,no_action,7
19,evening,5,1,social,friends_hangout,25,home,78.9,85.9,6,3.67,145.2,clear,66.8,100.0,0,5,music,0,start_commute,17
5,morning,4,0,work,team_meeting,139,work,81.4,73.5,1,1.13,84.3,snow,63.3,34.3,1,4,podcast,1,no_action,7
18,evening,2,0,work,team_meeting,115,work,39.8,43.9,10,6.19,60.0,clear,14.9,46.3,0,4,music,0,eat_something,1
12,afternoon,6,1,school,study_session,142,school,95.1,68.6,4,0.49,46.2,rain,30.6,45.5,0,3,music,0,no_action,7
8,morning,4,0,work,focus_work,158,work,80.7,99.7,5,0.7,136.1,clear,67.8,100.0,1,3,music,0,take_break,20
21,night,4,0,none,none,999,outside,59.3,81.3,8,1.36,56.0,clear,9.9,43.6,0,1,none,1,wind_down,22
4,night,0,0,none,none,999,outside,71.6,76.9,7,1.53,120.1,clear,39.1,49.3,0,1,none,1,no_action,7
6,morning,5,1,social,friends_hangout,88,home,52.1,86.0,3,1.71,69.3,snow,45.1,93.2,0,0,podcast,0,no_action,7
21,night,3,0,school,lecture,100,school,68.4,83.8,6,0.17,24.4,snow,72.1,58.6,0,0,podcast,1,study_for_class,18
2,night,3,0,none,none,999,outside,92.3,54.7,7,1.71,132.9,clear,56.3,33.2,0,2,music,1,no_action,7
9,morning,6,1,none,none,999,home,61.1,96.9,0,7.55,49.1,clear,68.4,40.0,0,4,music,0,eat_something,1
7,morning,1,0,work,deadline,26,commuting,46.1,30.7,10,2.54,157.7,clear,34.7,65.9,1,0,none,0,play_music,9
23,night,0,0,health,doctor_appointment,131,home,14.6,76.3,5,0.82,135.6,clear,88.3,43.7,0,5,music,1,sleep_suggestion,15
15,afternoon,6,1,social,friends_hangout,103,home,67.6,92.6,2,0.38,122.9,clear,98.7,66.0,0,0,music,0,no_action,7
8,morning,6,1,social,family_time,41,outside,77.9,29.4,10,2.56,25.4,clear,79.7,62.9,0,5,music,0,no_action,7
14,afternoon,5,1,health,gym,176,gym,20.1,46.2,9,0.15,133.9,snow,61.3,68.4,0,3,podcast,0,no_action,7
2,night,4,0,none,none,999,home,37.5,78.5,6,0.49,58.9,clear,25.9,95.9,0,1,music,1,sleep_suggestion,15
20,evening,2,0,school,exam,124,school,53.9,94.1,9,0.41,161.0,clear,9.5,100.0,0,3,none,0,take_break,20
14,afternoon,0,0,school,assignment_due,88,school,70.4,93.6,1,2.22,120.1,clear,15.1,81.7,0,4,music,0,take_break,20
19,evening,2,0,social,friends_hangout,98,outside,84.1,50.1,5,1.77,110.3,clear,46.8,52.7,0,5,music,0,no_action,7
22,night,6,1,none,none,999,home,22.3,88.8,0,0.58,97.7,clear,98.4,72.6,0,3,music,1,wind_down,22
12,afternoon,0,0,school,study_session,87,school,95.7,69.4,6,3.47,86.6,clear,24.4,78.5,0,0,music,0,study_for_class,18
4,night,1,0,none,none,999,home,39.1,58.7,7,1.31,107.4,rain,10.1,81.5,0,4,none,1,sleep_suggestion,15
3,night,6,1,none,none,999,home,56.1,70.0,0,0.32,99.2,clear,85.5,77.9,1,5,podcast,1,no_action,7
17,evening,3,0,work,team_meeting,160,work,48.2,77.1,1,1.63,38.4,fog,45.8,47.9,0,0,music,0,no_action,7
8,morning,3,0,school,study_session,17,commuting,23.8,86.6,0,1.3,96.8,snow,67.0,66.4,0,2,none,0,play_music,9
5,morning,6,1,none,none,999,home,86.6,80.2,9,5.37,175.1,clear,52.1,44.6,1,4,music,1,no_action,7
20,evening,2,0,health,gym,124,gym,43.4,88.0,4,0.16,172.5,rain,66.6,73.9,0,1,none,0,no_action,7
7,morning,1,0,none,none,999,home,17.2,68.1,0,2.78,25.4,rain,51.8,57.8,0,5,music,0,plan_day,8
17,evening,3,0,work,focus_work,93,work,40.5,31.1,9,0.44,154.9,snow,86.4,39.3,0,1,podcast,0,take_break,20
7,morning,5,1,social,date,81,home,65.2,10.9,5,0.12,91.2,rain,91.8,64.9,0,3,none,0,charge_phone,0
18,evening,3,0,school,lecture,21,school,83.6,66.5,5,1.53,60.9,clear,62.2,99.8,0,4,podcast,0,no_action,7
14,afternoon,3,0,school,exam,71,school,84.7,65.7,7,2.38,103.5,clear,44.4,60.2,1,4,none,0,study_for_class,18
16,afternoon,2,0,school,study_session,48,school,15.5,60.0,2,0.54,76.7,fog,88.3,77.9,1,0,podcast,0,study_for_class,18
13,afternoon,3,0,social,family_time,103,outside,14.7,82.3,2,0.69,165.8,clear,9.3,38.8,1,0,none,0,no_action,7
22,night,3,0,none,none,999,home,80.1,63.1,2,1.57,149.8,fog,93.5,47.1,0,1,podcast,1,wind_down,22
12,afternoon,1,0,school,lecture,72,school,83.1,100.0,5,0.43,42.6,fog,96.6,77.8,0,0,music,0,study_for_class,18
20,evening,2,0,health,medication_reminder,-18,commuting,78.7,70.6,3,6.45,49.7,fog,58.2,61.4,1,2,music,0,eat_something,1
19,evening,1,0,school,assignment_due,13,school,20.1,84.9,5,2.28,46.9,clear,32.3,56.8,0,2,music,0,no_action,7
19,evening,1,0,social,family_time,2,commuting,97.8,100.0,0,0.91,37.4,clear,56.1,100.0,1,5,none,0,find_parking,4
7,morning,2,0,work,presentation,119,work,34.7,74.5,8,0.07,147.8,clear,16.6,51.9,0,0,none,0,take_break,20
17,evening,6,1,health,gym,140,gym,34.2,75.4,9,1.51,158.9,clear,95.1,5.1,0,1,none,0,no_action,7
2,night,5,1,none,none,999,outside,87.1,43.9,10,4.29,53.4,clear,9.9,51.9,1,5,music,1,no_action,7
13,afternoon,5,1,none,none,999,home,21.5,79.1,7,2.81,38.6,clear,35.2,73.3,0,3,none,0,social_suggestion,16
14,afternoon,0,0,health,medication_reminder,139,home,53.1,55.4,3,2.61,102.0,rain,68.5,58.7,1,1,music,0,no_action,7
14,afternoon,0,0,work,presentation,95,work,28.2,100.0,1,2.21,32.8,clear,65.4,79.0,1,5,none,0,no_action,7
18,evening,2,0,school,exam,72,school,95.9,19.6,1,2.39,97.1,fog,61.1,56.0,0,0,podcast,0,study_for_class,18
2,night,3,0,none,none,999,home,19.2,51.7,5,1.27,95.4,fog,14.0,61.8,0,2,none,1,sleep_suggestion,15
20,evening,4,0,work,presentation,155,work,72.4,78.5,2,1.52,78.2,rain,79.0,31.9,0,5,podcast,0,no_action,7
18,evening,6,1,social,date,13,commuting,61.5,59.0,4,4.05,167.3,snow,23.6,37.7,1,5,podcast,0,suggest_repeat_action,19
13,afternoon,2,0,work,presentation,7,work,60.3,75.0,1,3.79,179.3,clear,74.3,46.2,0,4,music,0,prepare_for_meeting,11
5,morning,6,1,none,none,999,home,66.5,93.4,3,3.67,26.7,rain,17.0,65.2,0,3,none,1,no_action,7
17,evening,1,0,school,study_session,10,school,42.4,95.8,9,1.11,176.7,snow,0.6,76.6,0,0,music,0,take_break,20
2,night,1,0,social,dinner,120,restaurant,23.1,79.9,1,2.59,37.3,fog,23.7,91.9,0,1,music,1,sleep_suggestion,15
16,afternoon,0,0,work,team_meeting,15,work,75.3,83.4,0,2.24,60.5,clear,50.8,45.2,0,2,none,0,prepare_for_meeting,11
5,morning,5,1,none,none,999,outside,13.3,65.3,2,0.41,134.4,clear,18.4,47.3,0,5,podcast,1,no_action,7
18,evening,2,0,health,doctor_appointment,109,outside,67.8,71.1,9,6.97,24.8,snow,93.2,71.6,0,3,music,0,eat_something,1
5,morning,2,0,none,none,999,home,81.1,49.7,7,3.24,129.5,rain,74.7,12.3,0,2,none,1,no_action,7
22,night,1,0,work,presentation,94,work,85.4,66.5,8,0.75,102.6,clear,53.6,83.8,1,5,music,1,take_break,20
3,night,5,1,none,none,999,outside,37.5,72.6,3,1.23,33.6,clear,9.9,84.1,0,0,music,1,sleep_suggestion,15
12,afternoon,1,0,social,date,11,commuting,50.3,92.7,2,2.15,9.1,clear,65.2,18.3,1,4,none,0,find_gas_station,3
7,morning,1,0,none,none,999,home,87.1,100.0,4,0.74,70.7,clear,38.4,51.8,0,0,music,0,exercise_suggestion,2
7,morning,2,0,social,friends_hangout,67,home,55.2,64.3,10,4.63,47.0,snow,10.2,31.3,0,5,none,0,no_action,7
6,morning,1,0,none,none,999,home,44.3,46.0,3,0.88,67.0,snow,65.2,43.3,0,1,podcast,0,no_action,7
12,afternoon,6,1,none,none,999,outside,61.0,52.5,10,4.59,174.6,rain,8.4,100.0,0,1,none,0,focus_session,5
11,morning,0,0,work,deadline,21,work,69.0,81.4,6,2.65,65.9,clear,88.9,82.5,0,2,music,0,no_action,7
16,afternoon,1,0,work,presentation,138,work,52.3,41.7,0,0.62,62.1,snow,18.4,100.0,1,4,music,0,no_action,7
3,night,4,0,none,none,999,home,73.2,74.2,4,1.3,56.2,snow,69.0,100.0,1,4,podcast,1,no_action,7
11,morning,1,0,school,assignment_due,15,school,94.2,53.9,5,0.69,93.7,clear,38.8,57.1,0,5,podcast,0,take_break,20
8,morning,4,0,work,presentation,11,commuting,10.7,59.0,1,2.84,112.7,rain,83.1,34.0,0,3,none,0,play_music,9
10,morning,4,0,work,focus_work,72,work,57.3,81.7,2,0.69,107.1,clear,36.1,100.0,1,0,none,0,take_break,20
11,morning,3,0,school,assignment_due,61,school,100.0,10.7,0,0.98,69.7,clear,9.2,100.0,0,5,none,0,charge_phone,0
13,afternoon,6,1,school,assignment_due,39,school,99.2,75.1,5,1.52,122.9,clear,94.5,60.5,0,1,none,0,take_break,20
20,evening,6,1,none,none,999,home,18.5,88.3,1,0.93,127.6,clear,50.6,60.3,0,1,music,0,social_suggestion,16
1,night,1,0,none,none,999,home,27.9,44.0,3,3.86,35.0,rain,4.6,94.2,0,1,podcast,1,sleep_suggestion,15
8,morning,1,0,none,none,999,outside,21.0,100.0,2,4.15,10.7,clear,91.5,90.9,0,3,podcast,0,plan_day,8
20,evening,6,1,social,date,50,home,85.1,100.0,1,0.73,84.4,clear,92.4,52.4,0,1,music,0,no_action,7
4,night,6,1,none,none,999,outside,20.0,65.0,5,2.44,131.1,snow,40.0,83.5,0,4,music,1,sleep_suggestion,15
23,night,1,0,work,deadline,54,work,53.6,50.2,6,3.36,171.7,clear,95.3,93.2,1,1,music,1,take_break,20
22,night,2,0,none,none,999,outside,63.3,100.0,5,0.21,179.1,rain,15.4,97.0,0,1,podcast,1,wind_down,22
13,afternoon,1,0,work,team_meeting,-11,work,92.8,61.1,5,4.23,82.2,rain,60.6,28.0,0,1,podcast,0,send_late_message,13
5,morning,0,0,social,dinner,71,restaurant,23.3,62.3,1,0.95,123.1,clear,88.6,64.8,0,2,none,1,no_action,7
20,evening,3,0,work,focus_work,109,work,20.3,37.8,3,0.3,153.6,rain,45.4,47.7,0,1,music,0,take_break,20
7,morning,3,0,none,none,999,home,22.9,68.4,3,2.16,119.1,rain,70.5,62.0,0,4,music,0,no_action,7
12,afternoon,6,1,health,medication_reminder,-16,commuting,65.2,100.0,1,2.54,115.7,rain,96.8,85.1,0,4,none,0,take_medication,21
12,afternoon,0,0,work,deadline,-2,work,38.7,52.7,5,3.83,39.6,rain,68.8,100.0,0,2,music,0,no_action,7
22,night,0,0,none,none,999,home,12.3,68.1,5,0.19,51.6,rain,37.3,69.2,1,0,podcast,1,wind_down,22
1,night,2,0,none,none,999,home,37.1,73.2,7,0.67,70.1,fog,29.1,48.7,1,0,music,1,sleep_suggestion,15
16,afternoon,5,1,none,none,999,home,54.6,47.4,4,3.31,61.3,clear,94.6,100.0,0,0,music,0,social_suggestion,16
5,morning,6,1,none,none,999,home,98.1,85.2,10,1.36,168.6,clear,78.5,57.1,0,0,none,1,no_action,7
7,morning,2,0,health,gym,115,gym,56.0,43.0,8,1.08,39.4,clear,31.8,56.1,1,2,none,0,no_action,7
9,morning,4,0,work,deadline,172,work,88.4,63.1,4,0.64,14.6,rain,93.8,73.7,0,5,podcast,0,no_action,7
12,afternoon,3,0,school,study_session,179,school,78.7,100.0,1,0.77,26.3,clear,82.0,84.6,0,4,podcast,0,no_action,7
20,evening,0,0,school,exam,58,school,17.8,70.7,6,1.8,136.6,clear,53.1,100.0,1,2,podcast,0,study_for_class,18
10,morning,1,0,work,deadline,169,work,72.7,100.0,5,10.0,2.5,clear,76.9,73.3,0,0,music,0,eat_something,1
4,night,2,0,none,none,999,home,32.8,45.2,1,1.98,137.2,clear,74.6,85.8,1,1,podcast,1,sleep_suggestion,15
15,afternoon,5,1,school,exam,-19,school,45.6,63.6,9,0.63,52.5,clear,90.8,71.7,0,2,none,0,send_late_message,13
15,afternoon,6,1,social,dinner,-3,restaurant,95.6,68.3,3,3.7,69.8,fog,39.7,60.5,0,1,music,0,no_action,7
13,afternoon,2,0,school,study_session,152,school,70.5,100.0,10,1.13,20.8,snow,46.4,84.9,0,3,podcast,0,no_action,7
14,afternoon,0,0,work,team_meeting,-24,work,72.9,45.9,8,1.22,95.6,fog,79.1,59.8,0,0,none,0,silence_phone,14
8,morning,0,0,school,study_session,137,school,46.7,73.7,7,0.74,53.5,snow,25.4,91.6,0,4,podcast,0,no_action,7
11,morning,2,0,work,presentation,73,work,89.4,97.8,0,1.03,12.0,fog,26.4,30.6,0,2,music,0,no_action,7
11,morning,5,1,none,none,999,home,92.7,65.1,9,2.22,2.4,clear,44.0,53.9,0,5,none,0,focus_session,5
15,afternoon,3,0,social,family_time,130,home,34.6,68.6,10,0.98,28.8,clear,72.0,53.0,0,1,none,0,no_action,7
1,night,0,0,school,exam,137,school,62.4,73.2,0,0.44,8.8,clear,74.7,62.5,1,5,none,1,no_action,7
20,evening,6,1,social,friends_hangout,108,home,66.3,100.0,4,1.08,173.7,clear,74.5,45.3,0,0,none,0,no_action,7
5,morning,0,0,none,none,999,home,78.7,85.9,10,1.12,155.1,clear,94.9,40.4,0,5,none,1,no_action,7
13,afternoon,4,0,school,lecture,169,school,86.6,45.0,0,2.43,15.6,rain,96.3,51.5,0,0,music,0,no_action,7
8,morning,4,0,work,focus_work,89,work,94.0,85.9,0,0.07,138.5,clear,65.3,24.4,0,4,music,0,take_break,20
2,night,2,0,none,none,999,home,68.5,93.2,10,1.0,109.5,rain,10.0,84.9,0,4,none,1,no_action,7
1,night,6,1,none,none,999,home,27.0,76.1,3,0.9,155.2,fog,49.8,46.4,0,3,podcast,1,sleep_suggestion,15
2,night,2,0,none,none,999,home,98.3,93.5,5,5.37,132.6,clear,10.4,81.1,0,2,none,1,no_action,7
23,night,1,0,social,family_time,143,home,63.3,40.8,9,1.55,88.9,rain,1.6,72.2,0,0,music,1,no_action,7
4,night,0,0,work,team_meeting,31,work,79.2,83.1,9,0.68,73.6,clear,44.9,26.8,0,1,music,1,no_action,7
8,morning,5,1,social,date,-27,commuting,70.5,42.6,4,1.78,40.2,rain,46.5,100.0,0,1,podcast,0,send_late_message,13
17,evening,3,0,work,deadline,85,work,37.0,95.5,0,0.4,80.2,clear,54.6,67.9,0,1,music,0,no_action,7
23,night,1,0,none,none,999,home,44.5,41.5,0,1.99,79.6,snow,97.2,36.2,0,1,none,1,sleep_suggestion,15
5,morning,4,0,none,none,999,home,21.4,24.7,7,1.32,94.5,rain,89.5,78.3,0,1,none,1,no_action,7
15,afternoon,1,0,health,gym,103,gym,37.2,44.2,7,1.33,76.0,clear,28.2,77.5,0,5,none,0,no_action,7
10,morning,4,0,school,exam,2,school,68.1,42.9,7,0.88,121.3,clear,45.9,100.0,0,4,none,0,silence_phone,14
16,afternoon,5,1,social,date,47,home,20.6,92.5,5,0.92,27.3,rain,56.8,45.1,0,1,music,0,no_action,7
4,night,2,0,none,none,999,home,15.4,100.0,7,7.22,83.8,rain,87.3,79.6,0,0,podcast,1,sleep_suggestion,15
9,morning,6,1,none,none,999,home,69.9,84.2,4,2.41,121.3,rain,7.0,89.2,0,2,podcast,0,focus_session,5
9,morning,4,0,school,assignment_due,38,commuting,92.7,76.9,9,3.01,175.8,snow,31.9,59.2,0,0,podcast,0,play_podcast,10
3,night,2,0,none,none,999,outside,77.7,55.3,3,3.15,41.9,clear,62.7,11.3,0,0,music,1,no_action,7
3,night,2,0,none,none,999,outside,65.5,78.2,7,0.53,97.6,clear,88.8,47.4,1,1,none,1,no_action,7
17,evening,3,0,work,focus_work,148,work,45.0,88.0,2,0.25,14.5,rain,85.8,55.4,0,4,podcast,0,no_action,7
16,afternoon,6,1,health,gym,156,gym,72.1,78.4,7,2.33,126.9,clear,70.5,89.4,0,1,none,0,no_action,7
8,morning,2,0,social,dinner,133,restaurant,25.8,73.9,5,3.28,159.9,clear,75.9,20.8,0,1,music,0,no_action,7
6,morning,1,0,none,none,999,home,83.5,100.0,9,4.95,53.6,clear,8.2,63.0,0,2,music,0,exercise_suggestion,2
16,afternoon,2,0,school,lecture,-24,school,48.0,72.0,0,0.38,64.5,rain,50.6,16.6,0,2,podcast,0,send_late_message,13
8,morning,0,0,none,none,999,home,70.1,100.0,0,1.19,124.1,fog,70.4,90.5,1,5,none,0,read_email_alert,12
22,night,1,0,social,family_time,81,outside,24.0,100.0,1,2.1,15.1,clear,65.4,65.3,0,5,none,1,no_action,7
0,night,6,1,health,gym,42,gym,79.8,52.4,3,2.54,22.8,rain,3.7,100.0,0,3,none,1,no_action,7
1,night,4,0,none,none,999,home,36.7,27.7,4,0.33,24.9,rain,44.1,34.3,1,2,podcast,1,sleep_suggestion,15
22,night,5,1,none,none,999,home,39.2,53.9,2,0.4,25.8,rain,67.7,10.6,0,1,music,1,wind_down,22
14,afternoon,4,0,work,team_meeting,48,work,18.3,89.4,2,0.11,144.2,fog,32.9,81.2,1,1,none,0,take_break,20
8,morning,2,0,social,family_time,97,home,79.3,78.8,4,6.54,140.3,rain,76.1,64.5,0,5,none,0,eat_something,1
12,afternoon,1,0,health,gym,156,gym,36.8,75.3,8,0.32,149.3,fog,92.0,81.9,0,2,none,0,no_action,7
18,evening,3,0,health,medication_reminder,40,outside,31.8,76.9,0,2.08,54.7,rain,20.7,66.1,0,2,none,0,start_commute,17
6,morning,3,0,social,family_time,32,outside,64.9,100.0,2,0.51,110.3,clear,8.3,71.3,1,2,none,0,start_commute,17
8,morning,0,0,work,presentation,46,commuting,26.5,100.0,5,0.02,62.1,clear,8.8,61.9,1,5,music,0,play_music,9
6,morning,2,0,social,friends_hangout,74,outside,49.8,100.0,1,2.13,61.3,snow,24.9,42.8,1,1,none,0,no_action,7
4,night,2,0,none,none,999,outside,96.1,100.0,5,4.36,30.5,clear,86.0,59.1,0,3,none,1,no_action,7
8,morning,3,0,health,doctor_appointment,94,home,93.0,81.1,2,0.07,138.0,fog,8.7,90.4,1,1,music,0,no_action,7
12,afternoon,1,0,health,gym,134,gym,17.2,51.1,3,1.65,2.4,rain,98.7,47.7,1,0,podcast,0,no_action,7
13,afternoon,4,0,work,deadline,15,work,32.0,40.8,8,1.92,57.4,rain,44.5,47.9,0,1,podcast,0,no_action,7
0,night,2,0,none,none,999,home,96.3,86.9,8,0.05,178.2,snow,18.0,72.0,0,3,none,1,no_action,7
17,evening,3,0,work,presentation,36,work,52.2,47.7,2,1.11,92.7,clear,82.6,28.0,0,3,music,0,take_break,20
16,afternoon,5,1,health,gym,66,gym,30.6,100.0,4,2.07,60.3,rain,27.8,100.0,0,5,none,0,no_action,7
18,evening,4,0,social,date,156,home,37.7,100.0,9,0.27,136.9,rain,44.3,85.7,0,5,music,0,no_action,7
23,night,4,0,none,none,999,home,41.3,86.0,2,0.41,62.6,snow,77.1,100.0,0,5,podcast,1,sleep_suggestion,15
15,afternoon,3,0,social,friends_hangout,119,outside,24.8,66.5,5,0.28,32.3,clear,46.3,59.1,0,5,podcast,0,no_action,7
18,evening,5,1,social,friends_hangout,62,home,88.8,89.3,3,2.26,118.4,fog,98.9,68.7,0,5,none,0,no_action,7
0,night,3,0,none,none,999,outside,26.3,81.4,7,6.66,104.2,clear,48.6,5.0,1,3,music,1,sleep_suggestion,15
12,afternoon,6,1,social,date,109,home,71.1,91.9,1,0.3,79.9,clear,33.3,22.4,0,4,none,0,no_action,7
5,morning,3,0,none,none,999,home,56.2,27.5,10,0.57,155.5,clear,75.2,82.9,0,1,none,1,no_action,7
21,night,1,0,none,none,999,home,67.7,70.4,8,1.07,53.8,clear,69.7,100.0,0,4,none,1,wind_down,22
10,morning,3,0,work,team_meeting,-16,work,58.2,56.0,10,0.29,96.9,clear,91.8,92.3,1,1,music,0,send_late_message,13
3,night,4,0,none,none,999,home,46.5,86.2,9,4.12,94.4,rain,30.7,48.1,0,5,none,1,no_action,7
10,morning,5,1,none,none,999,outside,84.6,68.7,2,0.42,145.3,snow,62.5,76.5,0,3,none,0,exercise_suggestion,2
17,evening,5,1,health,therapy,45,home,61.6,72.6,3,4.91,91.1,clear,26.9,57.8,0,5,music,0,no_action,7
12,afternoon,2,0,work,focus_work,171,work,93.9,44.3,6,4.5,34.2,clear,98.2,67.5,0,1,none,0,no_action,7
4,night,4,0,none,none,999,home,19.6,100.0,8,6.66,103.2,clear,1.8,100.0,0,5,podcast,1,sleep_suggestion,15
13,afternoon,1,0,none,none,999,home,48.5,100.0,4,0.24,78.1,fog,95.2,74.8,1,2,music,0,read_email_alert,12
23,night,0,0,none,none,999,home,22.7,51.0,4,3.51,137.1,clear,57.1,52.7,1,5,music,1,sleep_suggestion,15
21,night,4,0,none,none,999,home,74.1,100.0,4,1.33,40.4,snow,47.2,75.7,0,5,podcast,1,wind_down,22
1,night,6,1,none,none,999,outside,44.6,74.2,5,0.29,69.4,snow,52.4,73.3,0,0,music,1,sleep_suggestion,15
12,afternoon,3,0,social,date,-8,commuting,30.3,76.4,9,7.32,70.3,rain,96.5,31.3,1,0,podcast,0,eat_something,1
17,evening,4,0,school,study_session,-24,school,97.4,84.7,2,0.59,87.4,clear,99.6,89.3,0,3,music,0,send_late_message,13
15,afternoon,1,0,school,study_session,125,school,83.5,100.0,3,3.16,148.3,clear,48.5,64.8,1,0,podcast,0,take_break,20
16,afternoon,1,0,work,team_meeting,88,work,73.9,56.8,2,1.44,167.5,clear,33.9,26.0,0,0,music,0,take_break,20
6,morning,4,0,health,gym,23,gym,29.4,63.9,8,1.8,12.1,rain,74.9,82.2,0,5,music,0,no_action,7
4,night,0,0,health,medication_reminder,10,commuting,45.2,63.3,9,0.77,27.2,rain,4.3,76.0,0,5,none,1,take_medication,21
22,night,0,0,none,none,999,home,79.7,100.0,9,1.87,4.1,rain,3.4,47.6,1,0,none,1,wind_down,22
3,night,0,0,none,none,999,outside,88.2,50.4,8,0.65,36.6,rain,7.4,64.7,0,2,none,1,no_action,7
11,morning,1,0,work,deadline,110,work,22.3,71.5,10,0.35,13.8,rain,2.9,62.1,0,0,music,0,no_action,7
20,evening,3,0,school,exam,59,school,64.5,100.0,4,1.0,21.3,rain,32.4,72.6,0,3,music,0,study_for_class,18
14,afternoon,4,0,school,assignment_due,47,school,32.6,64.0,10,0.52,45.0,clear,50.3,66.2,0,1,podcast,0,no_action,7
2,night,5,1,none,none,999,home,42.0,84.7,0,0.55,40.0,fog,72.5,87.5,1,0,none,1,sleep_suggestion,15
4,night,1,0,none,none,999,outside,49.0,59.5,5,2.24,76.0,rain,88.9,62.8,1,5,music,1,no_action,7
17,evening,3,0,work,focus_work,89,work,48.8,100.0,4,0.81,74.0,clear,88.8,51.2,1,5,none,0,no_action,7
1,night,1,0,none,none,999,home,76.7,88.3,10,0.6,61.9,clear,84.2,40.5,0,2,podcast,1,no_action,7
6,morning,0,0,social,dinner,100,restaurant,45.9,35.0,2,2.84,117.2,clear,79.6,76.3,0,3,podcast,0,no_action,7
15,afternoon,4,0,none,none,999,outside,59.2,100.0,0,0.59,120.8,clear,6.8,55.3,0,2,none,0,no_action,7
14,afternoon,3,0,school,assignment_due,-7,school,27.3,100.0,0,2.33,49.0,fog,10.4,67.6,0,0,none,0,no_action,7
3,night,1,0,none,none,999,outside,13.7,83.7,10,5.02,109.6,clear,8.6,68.8,0,0,music,1,sleep_suggestion,15
1,night,6,1,school,exam,-14,school,52.2,61.3,5,2.17,137.9,snow,77.6,69.7,0,5,music,1,send_late_message,13
7,morning,1,0,school,lecture,113,school,49.5,43.4,7,0.03,27.3,rain,19.3,83.5,1,4,music,0,study_for_class,18
8,morning,0,0,work,presentation,168,work,93.9,63.7,7,1.48,7.8,fog,16.9,67.0,1,0,music,0,no_action,7
23,night,3,0,social,friends_hangout,53,home,21.3,78.8,1,1.19,102.6,clear,63.9,29.2,0,5,music,1,sleep_suggestion,15
23,night,6,1,none,none,999,home,30.3,81.9,6,1.49,23.0,rain,14.7,54.3,1,1,music,1,sleep_suggestion,15
11,morning,5,1,social,date,-2,commuting,90.5,84.7,9,0.12,107.5,clear,51.4,89.4,0,0,music,0,play_music,9
9,morning,2,0,school,study_session,130,school,98.6,40.6,9,4.84,5.2,rain,66.2,43.8,0,2,none,0,no_action,7
10,morning,1,0,health,medication_reminder,77,home,30.4,78.0,9,0.07,10.7,clear,70.5,51.7,1,0,none,0,no_action,7
18,evening,3,0,work,team_meeting,111,work,33.2,86.4,7,0.81,79.5,rain,33.0,28.7,0,2,none,0,no_action,7
12,afternoon,2,0,school,exam,19,school,99.8,32.5,6,1.32,144.9,fog,8.5,35.3,0,4,music,0,take_break,20
3,night,0,0,social,friends_hangout,-12,commuting,28.9,27.4,1,0.18,28.0,clear,55.2,69.3,1,5,music,1,sleep_suggestion,15
10,morning,5,1,none,none,999,home,60.7,79.2,7,0.87,109.1,rain,52.2,70.3,0,4,music,0,focus_session,5
12,afternoon,0,0,health,therapy,54,home,20.8,76.7,0,5.44,52.5,clear,52.7,32.6,0,1,none,0,no_action,7
3,night,1,0,none,none,999,outside,84.7,61.8,6,4.46,33.6,fog,46.4,41.3,0,1,podcast,1,no_action,7
12,afternoon,0,0,health,medication_reminder,-15,commuting,95.9,32.8,3,0.34,34.1,snow,95.3,100.0,0,3,none,0,take_medication,21
5,morning,4,0,social,friends_hangout,62,home,80.5,88.0,2,0.4,144.0,clear,49.9,70.3,0,4,music,1,no_action,7
11,morning,0,0,school,study_session,55,school,46.8,92.4,10,1.01,171.8,rain,37.5,81.5,0,3,none,0,study_for_class,18
3,night,6,1,social,date,118,home,58.3,69.5,6,2.71,125.3,fog,34.4,85.2,0,5,music,1,no_action,7
18,evening,1,0,work,team_meeting,5,work,66.3,67.8,3,1.0,178.1,clear,38.2,71.0,0,4,music,0,prepare_for_meeting,11
15,afternoon,1,0,work,presentation,179,work,11.1,50.7,2,0.38,150.9,clear,38.1,77.5,0,3,podcast,0,take_break,20
3,night,1,0,work,deadline,-13,work,34.9,21.5,4,0.82,115.0,rain,69.9,79.8,0,5,podcast,1,sleep_suggestion,15
15,afternoon,0,0,work,deadline,62,work,45.4,77.4,4,0.64,0.6,snow,39.5,54.0,0,2,music,0,no_action,7
14,afternoon,0,0,school,lecture,110,school,98.1,82.1,6,1.52,38.5,clear,31.9,43.7,1,3,none,0,study_for_class,18
0,night,2,0,school,study_session,3,school,80.4,49.9,7,0.32,85.2,rain,48.8,82.5,0,0,none,1,no_action,7
18,evening,4,0,none,none,999,outside,73.7,89.4,8,5.11,128.4,fog,65.6,39.6,0,3,none,0,focus_session,5
15,afternoon,4,0,social,friends_hangout,178,home,82.8,58.4,9,5.06,76.9,snow,52.9,86.3,0,2,none,0,no_action,7
10,morning,5,1,social,family_time,130,outside,26.0,100.0,6,1.52,64.1,rain,88.3,60.0,0,2,none,0,no_action,7
14,afternoon,3,0,work,deadline,11,work,71.8,37.7,3,0.49,127.7,rain,16.4,37.2,0,3,podcast,0,take_break,20
15,afternoon,5,1,health,doctor_appointment,36,home,42.9,64.7,8,1.57,172.3,clear,69.6,89.8,0,5,music,0,start_commute,17
15,afternoon,6,1,social,date,87,home,61.6,71.9,1,0.36,161.0,snow,2.2,70.6,0,3,music,0,no_action,7
7,morning,0,0,work,deadline,13,commuting,67.5,93.4,0,4.57,113.4,fog,79.1,51.6,0,1,music,0,play_music,9
9,morning,5,1,social,date,20,outside,95.8,80.3,8,0.4,109.1,clear,9.4,100.0,0,1,none,0,start_commute,17
23,night,1,0,none,none,999,home,27.2,71.6,6,1.61,73.3,clear,19.4,100.0,0,4,none,1,sleep_suggestion,15
16,afternoon,6,1,none,none,999,outside,69.7,86.0,0,3.72,137.9,rain,78.7,60.7,1,0,none,0,read_email_alert,12
14,afternoon,0,0,school,study_session,82,school,64.8,56.0,2,0.01,178.2,clear,90.4,9.4,1,4,podcast,0,study_for_class,18
14,afternoon,2,0,none,none,999,outside,28.5,66.5,4,0.47,27.3,rain,53.5,100.0,0,5,music,0,no_action,7
13,afternoon,5,1,health,medication_reminder,56,home,67.9,92.4,7,0.56,4.0,clear,39.4,94.4,1,0,music,0,no_action,7
11,morning,2,0,none,none,999,outside,29.7,73.5,5,3.2,38.5,rain,12.1,87.4,0,2,music,0,no_action,7
5,morning,6,1,none,none,999,home,25.0,66.6,8,1.71,83.4,clear,50.0,71.7,0,0,none,1,no_action,7
4,night,1,0,none,none,999,home,28.7,63.7,6,1.01,20.0,rain,6.5,49.7,0,4,music,1,sleep_suggestion,15
18,evening,2,0,school,exam,-30,school,51.6,100.0,1,3.26,20.2,clear,78.4,86.0,0,0,music,0,silence_phone,14
20,evening,6,1,none,none,999,home,88.4,51.0,4,0.74,98.3,clear,42.8,32.3,0,3,podcast,0,social_suggestion,16
17,evening,2,0,health,therapy,134,home,40.3,100.0,3,1.96,89.7,clear,97.8,59.9,0,5,podcast,0,no_action,7
3,night,3,0,work,focus_work,11,work,24.9,93.6,0,2.18,36.8,fog,80.9,59.9,1,2,none,1,sleep_suggestion,15
2,night,0,0,health,medication_reminder,-23,commuting,28.1,61.4,0,0.09,174.7,clear,30.1,76.9,0,1,music,1,sleep_suggestion,15
19,evening,3,0,work,deadline,49,work,15.0,74.3,5,1.92,123.3,rain,52.7,55.9,0,2,none,0,take_break,20
13,afternoon,1,0,none,none,999,outside,98.7,43.1,2,1.25,107.5,clear,23.2,72.7,1,0,podcast,0,read_email_alert,12
1,night,3,0,none,none,999,home,64.5,89.1,7,0.26,98.8,clear,29.9,23.9,0,0,podcast,1,no_action,7
15,afternoon,5,1,none,none,999,home,94.4,69.6,3,0.53,6.3,clear,88.2,40.5,0,1,none,0,exercise_suggestion,2
9,morning,1,0,social,friends_hangout,63,outside,75.1,71.2,9,1.0,39.1,clear,35.9,48.7,0,1,music,0,no_action,7
14,afternoon,4,0,work,deadline,19,work,58.6,45.5,10,2.44,122.2,rain,6.1,52.5,0,0,music,0,take_break,20
3,night,2,0,none,none,999,outside,85.3,91.3,2,2.19,48.0,snow,69.4,59.5,0,1,music,1,no_action,7
15,afternoon,3,0,school,lecture,-24,school,77.0,100.0,9,1.21,15.0,clear,22.6,48.6,1,0,none,0,silence_phone,14
3,night,6,1,school,exam,17,school,66.5,46.8,8,2.64,70.8,clear,33.4,65.8,0,0,podcast,1,no_action,7
1,night,6,1,none,none,999,outside,29.9,76.5,2,1.91,156.7,clear,64.9,75.3,0,0,music,1,sleep_suggestion,15
10,morning,1,0,school,lecture,88,school,89.7,78.5,1,0.53,20.4,clear,66.4,57.8,1,0,music,0,study_for_class,18
17,evening,5,1,none,none,999,home,17.5,80.8,3,0.64,53.6,rain,18.2,99.4,0,3,none,0,social_suggestion,16
0,night,4,0,social,family_time,6,commuting,41.3,79.0,2,1.32,135.4,rain,93.4,85.6,0,4,none,1,sleep_suggestion,15
2,night,5,1,school,exam,162,school,25.9,67.4,7,2.17,28.4,clear,13.9,36.1,0,0,music,1,sleep_suggestion,15
11,morning,5,1,health,doctor_appointment,171,home,81.7,42.9,1,0.2,32.8,fog,87.4,13.6,0,5,podcast,0,no_action,7
13,afternoon,3,0,school,assignment_due,23,school,25.1,94.2,3,0.02,13.2,clear,50.3,62.8,0,2,none,0,no_action,7
13,afternoon,0,0,work,team_meeting,32,work,13.4,90.8,4,1.39,153.8,rain,73.7,65.5,0,5,music,0,take_break,20
8,morning,2,0,work,team_meeting,-5,commuting,54.1,100.0,1,0.31,10.0,clear,24.4,28.8,1,3,none,0,play_music,9
3,night,0,0,none,none,999,home,65.7,48.4,2,1.93,6.8,clear,42.4,61.7,0,4,none,1,no_action,7
9,morning,2,0,work,presentation,142,work,90.0,69.8,0,0.05,73.1,fog,38.0,59.2,0,1,podcast,0,no_action,7
15,afternoon,2,0,work,presentation,46,work,28.9,63.7,5,0.29,4.4,clear,77.2,50.2,1,3,none,0,no_action,7
0,night,3,0,social,family_time,179,outside,48.3,77.6,4,0.42,39.9,rain,26.5,75.8,0,2,none,1,no_action,7
15,afternoon,3,0,work,presentation,167,work,87.0,100.0,5,1.26,150.3,rain,84.9,67.7,0,0,podcast,0,take_break,20
12,afternoon,6,1,social,family_time,-24,commuting,57.9,100.0,1,1.88,70.8,snow,94.7,44.0,0,2,music,0,send_late_message,13
4,night,6,1,none,none,999,home,97.7,59.9,10,0.5,85.1,clear,38.0,64.3,0,5,music,1,no_action,7
22,night,4,0,none,none,999,home,84.9,35.7,5,1.95,6.7,clear,69.6,53.0,0,5,podcast,1,wind_down,22
17,evening,1,0,health,medication_reminder,7,commuting,32.3,59.4,7,6.44,12.2,snow,76.9,47.6,1,3,podcast,0,eat_something,1
5,morning,1,0,none,none,999,outside,93.0,100.0,3,0.33,102.1,fog,79.7,30.8,0,1,podcast,1,no_action,7
0,night,0,0,none,none,999,outside,42.6,62.0,9,0.27,21.9,clear,55.9,63.6,0,1,none,1,sleep_suggestion,15
22,night,3,0,work,team_meeting,125,work,41.6,94.4,8,1.61,115.6,rain,7.0,72.1,0,1,none,1,take_break,20
4,night,0,0,none,none,999,outside,53.4,53.3,9,2.47,110.2,snow,86.9,53.9,0,1,podcast,1,no_action,7
18,evening,0,0,work,presentation,156,work,63.5,74.4,6,1.68,21.0,clear,77.9,35.1,0,5,podcast,0,no_action,7
18,evening,2,0,work,presentation,24,work,52.0,76.5,4,1.27,68.2,clear,31.7,52.4,1,0,music,0,prepare_for_meeting,11
5,morning,2,0,none,none,999,outside,90.0,100.0,1,0.96,163.5,clear,65.2,84.6,0,4,none,1,no_action,7
13,afternoon,2,0,work,team_meeting,107,work,48.1,51.5,4,6.66,74.1,snow,96.5,53.7,0,5,podcast,0,eat_something,1
8,morning,0,0,work,team_meeting,131,work,60.9,73.2,10,0.71,105.2,clear,5.6,75.2,0,1,none,0,take_break,20
13,afternoon,3,0,social,dinner,65,restaurant,30.6,83.7,4,1.08,144.3,rain,85.1,92.6,1,0,music,0,no_action,7
14,afternoon,6,1,none,none,999,outside,13.2,68.1,3,3.14,159.1,rain,31.2,32.0,1,0,music,0,read_email_alert,12
10,morning,4,0,school,study_session,60,school,15.1,100.0,6,2.0,137.6,clear,12.1,73.1,0,1,music,0,study_for_class,18
9,morning,2,0,school,exam,10,commuting,39.3,5.0,3,2.07,23.6,clear,95.2,62.8,0,5,music,0,charge_phone,0
23,night,5,1,none,none,999,outside,81.0,90.0,5,6.68,109.5,clear,71.4,63.8,0,5,podcast,1,eat_something,1
4,night,2,0,none,none,999,home,28.0,32.3,3,1.56,79.2,clear,85.3,86.0,0,1,none,1,sleep_suggestion,15
21,night,4,0,school,study_session,166,school,11.3,100.0,8,0.79,57.4,rain,43.9,39.9,1,3,music,1,no_action,7
15,afternoon,6,1,social,family_time,4,commuting,71.4,74.4,7,0.82,68.7,rain,93.2,78.7,0,5,none,0,find_parking,4
23,night,4,0,none,none,999,home,36.2,83.5,4,3.14,145.5,rain,63.3,37.5,1,1,music,1,sleep_suggestion,15
3,night,2,0,school,assignment_due,3,school,86.0,85.2,9,0.6,58.6,clear,66.3,52.2,0,2,music,1,no_action,7
19,evening,6,1,social,family_time,13,commuting,20.2,65.0,8,2.29,79.3,rain,91.5,74.6,0,0,music,0,play_music,9
20,evening,4,0,school,assignment_due,90,school,89.5,85.3,8,4.83,172.6,fog,37.4,28.6,1,2,none,0,take_break,20
13,afternoon,4,0,none,none,999,outside,77.2,84.4,5,5.25,116.4,clear,88.9,36.7,1,5,none,0,read_email_alert,12
14,afternoon,3,0,work,team_meeting,179,work,11.4,16.6,1,1.65,22.3,rain,50.7,73.8,1,3,music,0,no_action,7
11,morning,5,1,work,presentation,40,work,81.4,60.1,0,3.49,6.0,clear,1.7,58.2,0,0,podcast,0,no_action,7
15,afternoon,5,1,social,friends_hangout,130,home,47.2,100.0,0,1.09,15.9,rain,91.5,77.7,0,1,none,0,no_action,7
11,morning,5,1,social,friends_hangout,153,home,13.7,65.0,10,2.23,62.1,rain,13.7,73.8,1,5,none,0,no_action,7
20,evening,3,0,work,presentation,63,work,81.6,74.6,10,1.13,81.7,snow,52.9,79.5,0,5,music,0,no_action,7
5,morning,0,0,none,none,999,outside,80.1,100.0,0,1.66,72.4,fog,76.5,89.0,0,5,music,1,no_action,7
19,evening,1,0,school,exam,69,school,63.9,43.5,8,1.17,107.5,rain,83.6,87.6,0,4,none,0,study_for_class,18
9,morning,1,0,health,medication_reminder,29,outside,45.5,48.6,8,0.59,28.2,clear,12.8,100.0,0,3,podcast,0,start_commute,17
11,morning,2,0,work,focus_work,99,work,74.7,73.2,3,0.34,165.7,rain,24.6,100.0,0,3,podcast,0,take_break,20
7,morning,4,0,work,focus_work,77,work,75.6,40.0,7,0.54,61.6,clear,76.9,63.2,0,2,none,0,no_action,7
2,night,0,0,none,none,999,home,43.5,100.0,3,3.12,7.1,clear,64.8,7.4,1,3,music,1,sleep_suggestion,15
19,evening,2,0,school,study_session,41,school,38.5,63.1,2,0.2,77.9,rain,17.9,36.6,0,1,music,0,study_for_class,18
5,morning,3,0,none,none,999,home,61.5,91.8,5,0.14,99.5,clear,62.5,67.1,0,2,music,1,no_action,7
14,afternoon,6,1,health,doctor_appointment,73,home,26.0,57.3,6,3.09,150.5,clear,96.2,73.3,0,5,podcast,0,no_action,7
15,afternoon,2,0,none,none,999,home,82.7,78.4,6,3.61,104.0,clear,61.3,45.7,1,5,music,0,read_email_alert,12
9,morning,0,0,work,deadline,93,work,99.3,78.0,8,0.11,88.4,clear,11.4,100.0,0,1,podcast,0,no_action,7
4,night,6,1,none,none,999,home,83.4,85.1,10,1.97,0.0,clear,0.1,100.0,0,0,podcast,1,no_action,7
23,night,2,0,none,none,999,home,90.6,47.2,1,2.73,19.0,clear,72.4,51.3,0,5,music,1,wind_down,22
21,night,6,1,school,study_session,167,school,52.0,51.4,0,1.15,153.5,rain,95.2,70.4,1,2,music,1,take_break,20
15,afternoon,2,0,school,assignment_due,68,school,14.0,65.3,2,0.46,41.9,clear,55.2,61.8,0,4,none,0,no_action,7
9,morning,6,1,none,none,999,home,62.0,10.9,8,0.59,63.6,rain,67.4,42.5,0,4,podcast,0,charge_phone,0
18,evening,2,0,none,none,999,home,54.3,100.0,2,2.64,102.0,clear,22.8,49.9,0,1,none,0,no_action,7
19,evening,3,0,health,medication_reminder,162,home,84.0,66.5,4,2.09,52.2,clear,62.0,49.7,0,5,podcast,0,no_action,7
11,morning,4,0,work,presentation,178,work,88.4,87.2,3,1.43,101.7,clear,51.7,61.4,0,2,none,0,take_break,20
18,evening,5,1,none,none,999,outside,45.5,100.0,10,3.14,84.3,clear,99.9,76.2,0,2,podcast,0,social_suggestion,16
22,night,5,1,none,none,999,home,84.7,54.9,6,1.6,177.2,snow,26.9,78.2,0,2,podcast,1,wind_down,22
10,morning,6,1,social,family_time,50,home,80.4,47.8,5,0.39,140.9,clear,5.8,93.7,1,0,none,0,no_action,7
3,night,3,0,social,dinner,102,restaurant,75.1,84.0,7,0.94,105.4,clear,73.0,32.7,1,1,podcast,1,no_action,7
2,night,0,0,none,none,999,home,36.8,50.4,1,1.16,56.6,clear,62.6,45.8,1,4,podcast,1,sleep_suggestion,15
5,morning,5,1,school,assignment_due,67,school,72.7,12.8,5,4.62,57.6,snow,91.7,67.7,0,4,none,1,charge_phone,0
14,afternoon,1,0,work,presentation,56,work,91.8,73.8,9,0.49,94.4,clear,79.5,67.5,0,5,none,0,take_break,20
18,evening,2,0,health,doctor_appointment,-8,commuting,48.5,98.4,8,4.59,93.5,clear,74.9,100.0,0,4,music,0,suggest_repeat_action,19
6,morning,0,0,school,study_session,125,school,62.0,88.5,10,0.92,36.9,rain,72.5,91.4,0,2,music,0,no_action,7
9,morning,3,0,none,none,999,home,73.3,30.0,5,0.39,65.4,clear,61.3,34.2,1,3,music,0,read_email_alert,12
3,night,3,0,work,focus_work,121,work,23.2,47.0,1,0.31,30.2,fog,54.1,96.3,0,0,music,1,sleep_suggestion,15
13,afternoon,3,0,work,deadline,157,work,75.1,87.3,9,0.15,122.7,fog,37.3,62.9,0,0,music,0,take_break,20
21,night,3,0,work,deadline,175,work,81.0,50.3,4,2.31,171.0,clear,12.2,60.1,1,3,podcast,1,take_break,20
14,afternoon,3,0,none,none,999,outside,29.3,83.5,8,1.81,16.8,snow,90.6,73.4,1,4,none,0,read_email_alert,12
14,afternoon,5,1,work,team_meeting,110,work,39.5,86.2,0,0.94,161.5,clear,69.4,91.7,1,0,podcast,0,take_break,20
18,evening,0,0,health,gym,128,gym,38.1,61.1,7,0.63,77.7,snow,51.0,21.3,0,4,music,0,no_action,7
22,night,6,1,none,none,999,home,18.2,100.0,6,1.13,40.9,snow,74.4,75.1,0,2,none,1,wind_down,22
1,night,6,1,none,none,999,outside,65.0,51.3,5,1.48,1.4,clear,61.9,46.1,0,1,none,1,no_action,7
5,morning,4,0,none,none,999,home,50.4,52.5,5,0.88,122.8,clear,87.7,52.8,0,4,podcast,1,no_action,7
23,night,2,0,school,study_session,65,school,50.6,71.6,5,0.81,172.4,rain,79.5,50.5,1,1,music,1,study_for_class,18
9,morning,1,0,none,none,999,home,15.7,59.0,0,3.17,111.9,clear,74.3,46.3,0,3,none,0,no_action,7
10,morning,1,0,none,none,999,outside,13.2,100.0,8,0.91,86.3,rain,61.8,67.9,1,5,none,0,read_email_alert,12
20,evening,6,1,none,none,999,home,97.5,77.8,2,7.65,84.8,clear,89.0,48.2,1,5,music,0,eat_something,1
14,afternoon,6,1,social,family_time,43,home,58.1,85.1,2,0.54,133.9,fog,6.1,88.2,0,1,podcast,0,no_action,7
8,morning,4,0,work,deadline,-17,commuting,81.2,79.1,8,0.88,171.7,rain,81.1,46.9,0,5,none,0,send_late_message,13
1,night,6,1,none,none,999,outside,59.3,70.7,7,0.2,67.9,fog,33.6,45.7,0,2,music,1,no_action,7
0,night,5,1,school,study_session,109,school,44.3,67.5,8,5.4,128.7,clear,9.7,91.9,1,5,podcast,1,sleep_suggestion,15
15,afternoon,5,1,work,team_meeting,89,work,69.1,64.6,5,2.83,34.2,rain,31.7,89.2,1,3,music,0,no_action,7
14,afternoon,1,0,work,presentation,104,work,86.3,22.9,1,1.32,149.9,clear,71.8,48.2,1,0,music,0,take_break,20
6,morning,5,1,social,dinner,86,restaurant,26.3,88.4,7,0.19,45.2,clear,57.3,40.4,0,5,music,0,no_action,7
19,evening,0,0,school,assignment_due,110,school,17.0,75.9,8,0.51,121.3,clear,92.4,72.6,0,3,music,0,take_break,20
13,afternoon,5,1,none,none,999,home,65.4,90.8,3,0.78,102.6,clear,82.1,14.4,0,4,podcast,0,exercise_suggestion,2
15,afternoon,5,1,health,medication_reminder,30,home,70.9,100.0,0,2.2,3.1,clear,96.0,83.5,0,2,podcast,0,start_commute,17
16,afternoon,1,0,none,none,999,outside,30.8,73.0,0,0.81,6.4,clear,13.7,66.8,0,3,music,0,no_action,7
2,night,2,0,school,assignment_due,67,school,66.8,85.3,8,1.11,162.4,rain,25.1,82.8,0,1,music,1,take_break,20
2,night,2,0,health,gym,126,gym,53.6,83.3,10,1.71,26.5,clear,56.4,52.5,1,4,none,1,no_action,7
6,morning,0,0,school,lecture,53,commuting,82.1,100.0,2,2.55,126.0,clear,44.0,79.2,1,3,music,0,play_music,9
20,evening,2,0,school,lecture,71,school,44.1,27.8,5,2.51,66.0,clear,72.9,81.2,0,0,music,0,study_for_class,18
19,evening,1,0,social,date,127,outside,25.5,46.2,4,1.69,64.2,clear,42.7,74.4,0,5,music,0,no_action,7
15,afternoon,4,0,health,medication_reminder,20,home,84.9,99.0,3,7.4,115.6,clear,0.1,45.7,1,2,music,0,eat_something,1
21,night,1,0,school,assignment_due,118,school,36.6,69.5,9,0.25,72.9,clear,88.6,59.6,1,4,music,1,no_action,7
16,afternoon,4,0,work,presentation,132,work,65.6,69.0,0,4.21,81.0,rain,14.4,76.2,0,2,none,0,no_action,7
17,evening,1,0,none,none,999,home,33.7,33.3,1,0.55,35.0,clear,56.2,56.7,0,5,podcast,0,no_action,7
14,afternoon,1,0,school,study_session,65,school,73.3,81.2,6,0.2,2.9,clear,72.5,73.1,0,1,none,0,study_for_class,18
12,afternoon,5,1,social,date,-1,commuting,32.9,100.0,8,2.4,88.5,fog,18.1,49.5,0,5,none,0,no_action,7
21,night,1,0,health,therapy,150,outside,78.4,87.0,10,0.99,135.3,rain,80.4,83.5,0,0,none,1,no_action,7
23,night,2,0,none,none,999,outside,17.2,27.1,6,0.9,32.8,clear,22.2,95.4,0,0,none,1,sleep_suggestion,15
22,night,3,0,none,none,999,outside,30.9,100.0,1,2.54,98.5,rain,24.0,65.9,0,3,music,1,wind_down,22
4,night,3,0,school,assignment_due,11,school,49.0,100.0,9,1.59,11.2,clear,5.2,79.5,1,1,none,1,no_action,7
0,night,5,1,none,none,999,home,55.5,100.0,8,1.42,130.6,rain,14.7,76.9,0,4,none,1,no_action,7
10,morning,4,0,school,lecture,-23,school,41.7,66.3,6,1.35,34.3,clear,90.5,100.0,0,5,music,0,send_late_message,13
4,night,0,0,health,medication_reminder,58,home,33.1,96.8,3,1.18,118.6,rain,63.4,81.4,0,5,none,1,sleep_suggestion,15
4,night,3,0,social,dinner,50,restaurant,83.7,97.8,4,1.99,129.0,rain,22.6,62.9,1,1,none,1,no_action,7
2,night,3,0,school,assignment_due,62,school,39.2,55.8,1,0.01,122.7,snow,35.9,49.6,0,5,none,1,sleep_suggestion,15
22,night,5,1,work,focus_work,11,work,29.6,82.7,0,3.2,34.2,clear,75.4,50.2,1,4,music,1,no_action,7
18,evening,4,0,work,team_meeting,146,work,24.5,100.0,6,7.87,126.7,clear,68.7,32.2,0,1,music,0,eat_something,1
2,night,0,0,social,friends_hangout,-5,commuting,44.1,86.4,5,0.98,100.0,clear,44.7,100.0,1,5,music,1,sleep_suggestion,15
17,evening,1,0,school,study_session,109,school,12.0,70.4,4,0.32,4.7,clear,92.4,70.8,1,1,none,0,study_for_class,18
10,morning,3,0,work,presentation,105,work,96.2,92.8,7,1.33,121.4,snow,14.7,86.1,0,1,podcast,0,take_break,20
15,afternoon,3,0,work,team_meeting,136,work,24.1,79.5,6,1.56,17.8,clear,93.7,63.8,0,4,none,0,no_action,7
13,afternoon,1,0,school,assignment_due,90,school,22.1,48.4,4,2.49,68.0,clear,98.6,55.8,0,4,none,0,no_action,7
13,afternoon,4,0,work,presentation,4,work,90.1,71.2,2,2.34,26.2,snow,70.0,62.1,0,0,podcast,0,silence_phone,14
1,night,3,0,none,none,999,home,22.5,53.2,5,0.01,1.7,snow,58.7,59.9,0,2,podcast,1,sleep_suggestion,15
16,afternoon,1,0,health,doctor_appointment,79,home,62.4,81.1,8,1.5,86.5,clear,90.2,34.2,0,4,music,0,no_action,7
20,evening,1,0,work,team_meeting,110,work,14.3,100.0,9,0.81,125.1,clear,73.1,44.0,1,1,podcast,0,take_break,20
8,morning,2,0,school,exam,50,commuting,80.1,79.5,5,1.65,178.8,rain,79.3,9.1,0,0,none,0,find_gas_station,3
4,night,6,1,none,none,999,home,50.6,14.2,4,0.03,138.7,clear,69.1,79.2,1,0,music,1,charge_phone,0
9,morning,4,0,none,none,999,home,89.1,42.6,8,0.08,145.3,rain,92.7,68.6,1,0,music,0,read_email_alert,12
18,evening,2,0,school,exam,115,school,55.1,75.2,4,0.92,19.0,rain,61.5,58.9,1,2,podcast,0,study_for_class,18
15,afternoon,4,0,work,deadline,13,work,80.4,57.4,4,2.46,32.9,snow,77.7,53.5,0,0,music,0,no_action,7
17,evening,1,0,school,exam,45,school,98.8,64.1,8,1.73,113.9,clear,75.6,100.0,0,0,music,0,study_for_class,18
12,afternoon,5,1,social,friends_hangout,60,outside,95.4,74.3,8,9.16,87.1,rain,55.6,55.0,0,4,none,0,eat_something,1
5,morning,4,0,none,none,999,outside,51.2,55.2,1,0.03,31.3,clear,57.5,100.0,0,5,none,1,no_action,7
1,night,1,0,none,none,999,outside,41.3,77.2,8,10.0,54.4,rain,83.5,55.0,0,1,podcast,1,sleep_suggestion,15
5,morning,5,1,none,none,999,outside,87.6,65.4,10,1.54,158.1,clear,56.9,72.3,0,4,podcast,1,no_action,7
20,evening,0,0,none,none,999,outside,88.4,100.0,2,0.48,87.4,clear,77.3,21.1,0,1,podcast,0,wind_down,22
19,evening,3,0,none,none,999,outside,35.4,96.9,5,0.68,163.1,clear,60.1,83.4,0,2,music,0,no_action,7
23,night,6,1,social,friends_hangout,155,outside,79.7,65.3,7,1.08,175.0,rain,60.2,43.1,0,1,none,1,no_action,7
14,afternoon,0,0,health,therapy,91,home,40.9,48.6,9,0.79,43.7,clear,13.7,31.8,1,1,podcast,0,no_action,7
6,morning,4,0,school,exam,89,school,24.3,45.0,9,1.06,13.5,clear,65.8,76.8,0,5,music,0,study_for_class,18
21,night,3,0,health,therapy,149,outside,70.2,63.5,5,3.73,63.8,fog,26.4,63.4,0,3,music,1,no_action,7
4,night,4,0,none,none,999,outside,46.4,68.1,10,0.93,112.9,clear,64.1,17.3,1,3,podcast,1,no_action,7
15,afternoon,3,0,health,medication_reminder,73,outside,73.8,100.0,3,3.53,51.4,fog,71.7,55.4,1,0,music,0,no_action,7
4,night,4,0,none,none,999,outside,99.5,42.1,7,1.66,148.4,snow,17.4,98.4,0,5,podcast,1,no_action,7
5,morning,4,0,none,none,999,home,25.1,68.5,10,1.76,165.2,rain,97.1,60.9,1,5,none,1,no_action,7
1,night,1,0,none,none,999,home,24.5,45.0,0,2.23,145.6,clear,26.9,70.9,0,4,music,1,sleep_suggestion,15
13,afternoon,3,0,health,medication_reminder,138,home,70.9,58.0,0,1.13,20.6,clear,90.5,81.7,1,3,music,0,no_action,7
7,morning,6,1,social,family_time,9,commuting,60.0,37.7,1,0.49,37.1,clear,57.3,57.0,1,2,podcast,0,find_parking,4
7,morning,2,0,work,focus_work,-27,commuting,66.6,94.6,6,0.52,84.3,clear,9.0,72.5,1,5,none,0,send_late_message,13
13,afternoon,5,1,health,doctor_appointment,16,commuting,99.8,96.4,1,0.4,124.9,clear,29.8,74.5,0,4,music,0,suggest_repeat_action,19
6,morning,0,0,work,deadline,107,work,62.1,96.2,4,0.54,47.2,clear,78.1,41.9,1,5,music,0,no_action,7
16,afternoon,2,0,school,study_session,-3,school,80.3,79.2,10,2.93,63.8,clear,53.1,15.5,1,1,podcast,0,no_action,7
1,night,1,0,none,none,999,home,44.3,57.6,1,4.67,3.8,clear,39.8,61.3,1,1,music,1,sleep_suggestion,15
4,night,4,0,none,none,999,home,13.2,46.6,1,0.64,124.8,snow,26.9,44.9,1,0,podcast,1,sleep_suggestion,15
16,afternoon,2,0,work,team_meeting,0,work,15.5,98.3,7,1.34,24.1,clear,57.2,31.3,0,2,podcast,0,silence_phone,14
23,night,6,1,none,none,999,home,72.4,59.8,3,0.4,17.6,clear,30.7,72.3,0,0,podcast,1,wind_down,22
0,night,1,0,none,none,999,home,68.5,100.0,4,1.69,126.7,clear,93.8,74.9,0,1,none,1,no_action,7
6,morning,3,0,work,focus_work,82,work,17.0,5.0,4,0.61,171.6,clear,3.6,44.0,0,0,music,0,charge_phone,0
4,night,6,1,social,dinner,-22,restaurant,82.0,65.7,6,1.24,26.8,clear,49.4,32.5,0,0,music,1,no_action,7
10,morning,4,0,health,medication_reminder,116,outside,43.1,100.0,4,2.44,133.5,rain,76.1,24.0,0,1,music,0,no_action,7
7,morning,4,0,school,lecture,148,school,34.5,88.3,9,0.84,167.5,clear,49.5,74.4,0,5,podcast,0,take_break,20
20,evening,3,0,work,focus_work,104,work,15.6,63.9,2,1.29,48.6,clear,97.8,83.5,0,3,music,0,no_action,7
21,night,5,1,none,none,999,outside,33.8,100.0,3,1.05,106.7,fog,46.5,93.1,0,4,music,1,wind_down,22
23,night,0,0,none,none,999,outside,99.4,82.2,3,4.95,15.3,clear,3.1,61.9,1,4,music,1,wind_down,22
23,night,6,1,none,none,999,home,71.6,79.0,9,0.3,44.1,snow,99.8,29.5,0,4,music,1,wind_down,22
20,evening,6,1,health,doctor_appointment,98,outside,91.1,100.0,10,0.28,47.8,clear,5.7,49.3,0,1,none,0,no_action,7
8,morning,5,1,social,family_time,64,outside,31.6,17.7,4,0.93,20.0,rain,12.8,41.1,0,0,music,0,no_action,7
4,night,4,0,none,none,999,home,22.4,75.6,3,0.09,68.3,clear,50.6,46.1,1,1,none,1,sleep_suggestion,15
1,night,2,0,none,none,999,outside,82.6,70.0,8,0.9,154.5,clear,58.3,86.4,0,3,music,1,no_action,7
5,morning,6,1,social,date,-6,commuting,83.0,83.2,2,1.76,141.8,clear,50.5,34.1,0,0,podcast,1,play_podcast,10
11,morning,5,1,none,none,999,home,75.4,39.8,8,0.73,9.5,rain,32.7,38.2,0,2,none,0,focus_session,5
23,night,4,0,none,none,999,outside,93.3,48.0,2,0.22,9.3,clear,78.0,49.6,0,4,music,1,wind_down,22
6,morning,4,0,social,date,37,home,61.2,79.9,7,0.45,52.7,clear,43.3,64.0,0,5,podcast,0,start_commute,17
5,morning,1,0,none,none,999,home,39.7,100.0,0,4.19,19.4,fog,59.9,36.0,0,4,podcast,1,no_action,7
6,morning,4,0,work,focus_work,128,work,97.6,84.8,6,1.27,113.8,rain,67.1,46.3,0,3,none,0,take_break,20
2,night,1,0,none,none,999,home,83.7,43.9,0,0.9,35.0,rain,28.3,51.7,0,1,podcast,1,no_action,7
7,morning,0,0,school,exam,90,school,62.2,48.7,4,0.97,16.8,clear,48.6,54.9,0,0,podcast,0,study_for_class,18
4,night,4,0,social,dinner,119,restaurant,16.0,44.4,1,0.03,158.6,clear,59.3,87.2,0,4,none,1,sleep_suggestion,15
0,night,1,0,none,none,999,home,20.8,75.4,3,0.48,31.0,rain,82.8,42.4,0,1,podcast,1,sleep_suggestion,15
11,morning,0,0,health,therapy,59,home,17.2,30.7,10,5.61,98.7,rain,12.6,45.9,1,1,music,0,no_action,7
20,evening,6,1,social,date,-26,commuting,15.5,54.3,10,1.58,124.5,clear,71.9,82.2,1,0,music,0,play_music,9
13,afternoon,2,0,school,study_session,130,school,97.7,57.0,0,3.53,23.7,rain,13.3,66.7,0,4,podcast,0,no_action,7
9,morning,6,1,none,none,999,home,57.8,100.0,8,0.87,43.7,clear,88.8,70.5,0,3,none,0,no_action,7
6,morning,1,0,none,none,999,home,94.1,35.1,8,3.19,10.0,rain,32.3,60.9,1,2,music,0,exercise_suggestion,2
11,morning,4,0,school,exam,28,school,17.7,65.1,2,0.75,118.4,clear,43.2,74.9,0,2,podcast,0,take_break,20
6,morning,1,0,work,team_meeting,151,work,83.0,92.8,7,0.84,167.5,snow,75.1,90.8,1,3,music,0,take_break,20
0,night,2,0,none,none,999,home,51.4,67.7,8,2.32,116.3,clear,1.2,53.3,0,3,podcast,1,no_action,7
12,afternoon,0,0,school,exam,111,school,23.8,92.7,9,0.12,104.2,rain,94.6,89.3,0,3,podcast,0,study_for_class,18
0,night,6,1,none,none,999,home,19.0,72.3,9,2.15,101.8,rain,52.5,57.5,0,4,music,1,sleep_suggestion,15
21,night,1,0,none,none,999,home,17.5,100.0,3,0.08,46.7,rain,56.9,73.8,0,3,music,1,wind_down,22
15,afternoon,0,0,social,family_time,148,home,37.7,100.0,3,0.93,14.8,rain,8.4,85.9,1,3,podcast,0,no_action,7
0,night,0,0,health,gym,87,gym,78.8,60.0,7,2.45,110.9,clear,90.4,51.3,1,4,none,1,no_action,7
16,afternoon,0,0,work,focus_work,29,work,10.9,91.4,1,0.92,109.2,rain,42.5,86.5,0,5,music,0,take_break,20
15,afternoon,0,0,work,team_meeting,112,work,27.3,55.8,3,1.2,28.3,rain,6.2,17.2,1,3,podcast,0,no_action,7
7,morning,2,0,none,none,999,home,87.4,100.0,2,0.96,173.7,clear,81.0,38.1,0,3,none,0,exercise_suggestion,2
1,night,0,0,none,none,999,outside,67.1,76.0,8,2.88,27.6,rain,26.2,82.2,0,0,music,1,no_action,7
6,morning,2,0,none,none,999,home,12.5,99.9,7,3.33,54.0,clear,68.0,80.1,1,1,music,0,no_action,7
22,night,5,1,none,none,999,home,43.5,81.7,8,2.64,73.0,clear,40.5,45.2,1,5,none,1,wind_down,22
12,afternoon,3,0,work,presentation,-14,work,82.5,70.6,5,1.11,179.9,clear,40.2,100.0,0,0,none,0,silence_phone,14
3,night,2,0,none,none,999,home,30.6,87.7,0,0.42,93.4,fog,14.5,57.7,0,4,music,1,sleep_suggestion,15
22,night,5,1,social,date,177,outside,31.1,87.8,0,1.59,127.3,fog,66.6,57.8,0,4,none,1,no_action,7
6,morning,2,0,none,none,999,outside,42.6,5.0,1,10.0,20.0,fog,24.4,100.0,1,2,none,0,charge_phone,0
20,evening,3,0,school,study_session,60,school,46.0,61.2,7,4.39,94.5,clear,13.7,91.0,0,5,none,0,study_for_class,18
8,morning,2,0,work,presentation,64,work,86.4,95.2,3,0.7,115.5,rain,18.6,97.1,0,2,none,0,take_break,20
10,morning,4,0,school,lecture,176,school,76.4,100.0,1,5.19,10.6,rain,27.9,51.3,0,1,none,0,no_action,7
3,night,0,0,none,none,999,home,25.4,98.7,2,5.34,95.5,rain,67.0,75.6,0,4,podcast,1,sleep_suggestion,15
20,evening,4,0,work,presentation,60,work,37.6,73.5,10,2.36,8.1,clear,96.0,81.1,0,0,podcast,0,no_action,7
22,night,5,1,none,none,999,outside,39.1,55.9,3,0.74,134.5,clear,82.7,18.1,1,1,podcast,1,wind_down,22
7,morning,2,0,work,deadline,69,work,83.4,40.4,2,3.74,37.2,rain,78.7,49.9,0,3,none,0,no_action,7
12,afternoon,6,1,social,friends_hangout,136,outside,21.0,89.4,0,1.55,110.0,clear,77.7,5.0,1,0,podcast,0,no_action,7
11,morning,2,0,none,none,999,home,96.9,72.8,4,5.88,123.1,clear,90.4,27.4,0,5,none,0,focus_session,5
20,evening,3,0,school,assignment_due,34,school,12.6,79.2,5,0.0,46.1,clear,39.8,69.1,1,3,music,0,no_action,7
1,night,0,0,none,none,999,home,73.2,60.8,6,0.09,69.4,clear,89.2,87.6,0,2,podcast,1,no_action,7
1,night,2,0,none,none,999,home,41.8,61.1,7,0.82,136.7,rain,98.2,55.7,1,2,podcast,1,sleep_suggestion,15
5,morning,4,0,social,family_time,102,home,86.3,72.5,3,3.96,110.9,rain,33.3,27.1,1,5,none,1,no_action,7
22,night,4,0,none,none,999,home,69.7,20.2,2,10.0,4.6,fog,44.9,66.0,0,2,podcast,1,eat_something,1
23,night,3,0,none,none,999,home,79.5,53.8,2,0.49,40.3,fog,59.1,54.8,0,4,music,1,wind_down,22
21,night,2,0,none,none,999,home,40.4,85.7,6,2.41,151.9,rain,79.0,96.2,1,2,none,1,wind_down,22
12,afternoon,2,0,school,study_session,41,school,40.0,62.8,10,0.06,22.3,clear,93.5,73.7,1,3,music,0,study_for_class,18
23,night,0,0,none,none,999,outside,21.4,70.4,9,0.17,34.4,clear,83.1,43.1,0,5,none,1,sleep_suggestion,15
9,morning,3,0,none,none,999,home,96.4,83.2,10,0.58,12.8,clear,42.4,94.3,0,4,none,0,focus_session,5
11,morning,0,0,work,focus_work,161,work,69.5,39.8,0,1.23,66.7,snow,64.3,60.7,1,4,music,0,no_action,7
20,evening,3,0,social,date,97,home,95.3,69.3,7,0.57,169.5,clear,18.8,53.1,0,0,podcast,0,no_action,7
18,evening,4,0,social,dinner,54,restaurant,31.9,94.3,4,1.81,142.9,rain,25.2,94.4,1,4,none,0,no_action,7
11,morning,5,1,work,deadline,74,work,31.2,53.2,2,3.15,16.8,rain,40.3,79.7,0,5,none,0,no_action,7
3,night,4,0,none,none,999,home,10.5,59.5,1,1.05,113.4,clear,77.2,58.9,0,4,music,1,sleep_suggestion,15
21,night,1,0,work,deadline,59,work,58.8,67.6,1,0.72,120.1,rain,11.4,5.0,0,3,music,1,take_break,20
17,evening,6,1,health,medication_reminder,162,outside,83.9,71.1,6,3.03,92.4,clear,56.4,57.9,1,5,music,0,no_action,7
18,evening,1,0,social,dinner,27,restaurant,99.5,71.4,10,1.22,12.2,rain,57.4,99.2,0,2,music,0,get_ready,6
6,morning,1,0,school,study_session,10,commuting,56.8,69.6,0,1.01,53.4,rain,72.1,65.3,1,3,podcast,0,play_podcast,10
2,night,5,1,social,family_time,23,outside,93.2,72.0,10,0.44,115.2,rain,50.1,63.9,1,4,music,1,start_commute,17
21,night,1,0,none,none,999,home,45.0,100.0,10,3.81,114.6,rain,76.6,57.7,0,4,none,1,wind_down,22
10,morning,3,0,work,presentation,53,work,34.4,77.8,7,0.56,46.2,rain,27.7,49.7,0,3,music,0,no_action,7
22,night,1,0,none,none,999,home,87.4,100.0,6,0.3,77.4,clear,1.5,97.8,1,1,podcast,1,wind_down,22
4,night,6,1,none,none,999,outside,86.3,85.7,1,0.99,99.5,clear,7.9,93.3,1,3,podcast,1,no_action,7
3,night,4,0,none,none,999,home,68.0,83.1,7,0.66,177.4,clear,23.0,37.3,0,1,none,1,no_action,7
15,afternoon,4,0,none,none,999,outside,98.8,69.9,4,0.03,91.5,clear,0.2,62.3,1,2,music,0,read_email_alert,12
3,night,5,1,none,none,999,home,76.8,56.0,7,0.9,40.4,rain,33.0,64.0,0,3,music,1,no_action,7
4,night,0,0,health,gym,142,gym,98.3,95.4,0,0.08,102.1,clear,22.5,39.0,0,5,podcast,1,no_action,7
22,night,4,0,none,none,999,outside,25.0,48.0,10,1.18,61.2,fog,48.7,59.4,0,1,none,1,wind_down,22
12,afternoon,3,0,none,none,999,home,29.4,100.0,4,3.53,166.3,clear,70.5,66.0,1,3,podcast,0,read_email_alert,12
12,afternoon,2,0,health,gym,-6,gym,33.8,81.9,3,2.17,109.5,rain,43.2,29.2,1,3,music,0,no_action,7
19,evening,5,1,social,dinner,135,restaurant,55.1,72.9,2,0.97,97.1,clear,31.7,68.5,0,1,none,0,no_action,7
5,morning,5,1,work,presentation,97,work,50.1,89.5,7,8.18,53.3,rain,91.2,68.9,0,3,none,1,eat_something,1
18,evening,3,0,work,presentation,81,work,59.8,53.8,6,5.69,115.7,rain,12.6,28.8,0,1,podcast,0,take_break,20
10,morning,3,0,none,none,999,home,19.9,100.0,10,0.63,172.5,clear,12.9,69.8,0,0,music,0,no_action,7
16,afternoon,0,0,school,assignment_due,105,school,81.3,55.8,6,2.67,162.4,clear,18.4,60.6,0,2,music,0,take_break,20
12,afternoon,5,1,health,gym,76,gym,46.3,65.8,10,1.88,135.5,snow,57.4,86.2,0,2,music,0,no_action,7
18,evening,5,1,health,doctor_appointment,110,outside,43.6,93.4,1,0.3,172.5,clear,2.2,100.0,0,3,podcast,0,no_action,7
5,morning,6,1,none,none,999,home,14.9,72.6,5,1.6,129.3,rain,64.3,54.6,0,2,music,1,no_action,7
4,night,0,0,none,none,999,home,46.5,69.2,5,0.08,65.6,fog,29.6,88.4,0,2,none,1,no_action,7
11,morning,1,0,social,friends_hangout,49,home,39.9,43.9,6,1.66,130.8,snow,38.3,52.6,1,2,podcast,0,no_action,7
16,afternoon,5,1,health,therapy,60,home,46.6,100.0,5,0.77,83.4,clear,88.9,76.7,0,0,none,0,no_action,7
8,morning,3,0,social,dinner,94,restaurant,92.4,65.0,9,4.27,5.8,clear,23.4,58.5,0,0,podcast,0,no_action,7
14,afternoon,2,0,school,assignment_due,143,school,49.9,29.5,10,1.08,58.8,snow,16.2,21.2,0,3,none,0,no_action,7
14,afternoon,3,0,health,medication_reminder,88,outside,76.8,81.4,10,10.0,144.5,fog,15.1,80.2,0,2,podcast,0,eat_something,1
0,night,5,1,none,none,999,home,59.6,94.0,10,0.75,28.9,clear,1.4,42.5,0,0,none,1,no_action,7
13,afternoon,1,0,social,family_time,102,home,45.6,85.6,0,0.05,40.4,clear,86.6,64.3,0,4,none,0,no_action,7
8,morning,0,0,social,date,85,outside,97.4,79.3,0,1.43,115.0,clear,60.1,80.6,0,5,podcast,0,no_action,7
20,evening,6,1,social,dinner,25,restaurant,99.8,100.0,0,0.06,16.4,clear,82.2,85.6,1,5,podcast,0,get_ready,6
4,night,5,1,social,dinner,131,restaurant,40.6,95.0,8,0.96,172.5,rain,81.3,91.7,0,2,music,1,sleep_suggestion,15
3,night,0,0,none,none,999,home,80.0,79.7,5,1.74,51.6,rain,1.3,100.0,1,3,music,1,no_action,7
11,morning,5,1,social,dinner,86,restaurant,87.5,42.9,6,4.66,160.5,rain,99.6,36.0,0,3,podcast,0,no_action,7
1,night,3,0,none,none,999,home,61.4,72.0,0,2.5,140.0,snow,52.6,100.0,1,3,music,1,no_action,7
13,afternoon,2,0,school,assignment_due,28,school,35.6,11.2,0,4.69,33.3,fog,53.9,92.2,1,4,podcast,0,charge_phone,0
15,afternoon,1,0,health,gym,114,gym,70.3,20.6,10,5.57,15.4,clear,36.4,42.7,1,4,music,0,no_action,7
22,night,3,0,none,none,999,home,31.2,60.4,7,1.13,167.1,snow,49.3,51.0,0,5,music,1,wind_down,22
0,night,2,0,none,none,999,home,17.1,33.5,6,0.05,45.2,rain,33.6,74.7,0,3,podcast,1,sleep_suggestion,15
0,night,0,0,none,none,999,home,66.0,49.3,3,6.79,66.9,clear,54.4,32.4,1,1,none,1,eat_something,1
10,morning,6,1,health,therapy,142,home,97.5,52.8,10,0.39,92.0,snow,43.3,41.6,0,0,none,0,no_action,7
20,evening,1,0,school,assignment_due,80,school,69.1,68.1,9,0.36,78.3,clear,93.2,85.1,1,1,podcast,0,no_action,7
23,night,6,1,none,none,999,home,34.2,81.7,6,10.0,106.2,clear,63.1,100.0,0,0,none,1,sleep_suggestion,15
2,night,0,0,none,none,999,outside,76.4,27.1,10,2.7,109.3,fog,55.2,37.0,1,3,none,1,no_action,7
15,afternoon,2,0,school,study_session,106,school,29.7,51.1,2,5.21,102.9,clear,11.4,89.1,0,1,music,0,study_for_class,18
9,morning,1,0,none,none,999,home,11.0,85.8,7,4.24,80.0,clear,44.1,100.0,0,2,music,0,no_action,7
14,afternoon,1,0,work,deadline,131,work,22.3,29.3,5,1.34,130.1,rain,48.2,61.3,1,0,none,0,take_break,20
5,morning,3,0,none,none,999,outside,19.4,49.3,7,0.1,154.5,clear,75.1,45.6,0,5,music,1,no_action,7
23,night,3,0,none,none,999,home,32.6,100.0,10,4.54,101.1,clear,47.4,44.0,1,5,none,1,sleep_suggestion,15
6,morning,2,0,school,lecture,0,commuting,55.6,76.4,10,0.58,121.1,clear,68.9,76.9,0,2,none,0,find_parking,4
1,night,5,1,none,none,999,home,64.5,54.1,8,0.68,143.5,clear,45.7,78.4,1,5,podcast,1,no_action,7
14,afternoon,2,0,school,assignment_due,93,school,75.6,75.1,10,2.02,179.6,clear,40.7,84.7,0,1,none,0,take_break,20
0,night,2,0,health,therapy,-29,commuting,88.9,56.2,10,0.93,103.1,clear,83.4,57.2,0,0,music,1,no_action,7
15,afternoon,6,1,social,date,40,home,33.2,32.8,7,0.08,127.2,clear,97.3,98.2,0,1,none,0,start_commute,17
19,evening,5,1,health,therapy,-23,commuting,10.4,82.0,3,0.75,37.4,rain,59.8,26.8,0,0,none,0,no_action,7
5,morning,5,1,none,none,999,home,23.9,62.5,5,3.61,123.0,clear,45.6,58.1,0,2,podcast,1,no_action,7
22,night,3,0,social,family_time,166,home,28.3,100.0,6,2.08,123.7,rain,68.5,48.4,0,1,music,1,no_action,7
5,morning,4,0,none,none,999,home,84.6,81.6,10,1.83,109.9,clear,45.7,34.7,1,3,none,1,no_action,7
22,night,4,0,none,none,999,outside,54.4,28.1,3,1.15,48.4,fog,17.3,72.8,0,3,podcast,1,wind_down,22
16,afternoon,0,0,work,team_meeting,55,work,48.0,29.3,8,1.33,107.0,clear,41.4,80.7,0,3,music,0,take_break,20
7,morning,3,0,school,exam,43,commuting,24.2,80.9,8,0.11,104.2,clear,21.2,67.6,0,2,none,0,play_music,9
20,evening,1,0,work,presentation,-10,work,49.2,47.7,9,0.01,88.6,rain,36.5,31.7,1,1,none,0,silence_phone,14
23,night,6,1,none,none,999,home,39.2,82.1,2,1.95,16.7,rain,57.8,5.0,0,3,podcast,1,sleep_suggestion,15
6,morning,6,1,social,dinner,155,restaurant,63.7,74.2,4,2.0,134.2,clear,86.2,34.6,0,3,none,0,no_action,7
16,afternoon,2,0,school,assignment_due,86,school,11.6,87.2,4,1.87,88.5,clear,69.6,97.4,0,4,music,0,no_action,7
18,evening,6,1,none,none,999,home,82.5,67.1,8,1.38,71.4,clear,46.7,79.9,0,2,podcast,0,focus_session,5
3,night,4,0,health,gym,36,gym,97.4,80.2,10,0.77,28.9,clear,39.9,22.1,0,2,none,1,no_action,7
12,afternoon,0,0,health,therapy,133,home,24.2,69.2,5,0.15,1.8,rain,58.3,66.2,0,2,music,0,no_action,7
18,evening,5,1,none,none,999,outside,28.8,77.4,9,10.0,139.2,rain,11.5,67.9,0,2,music,0,eat_something,1
14,afternoon,6,1,work,presentation,122,work,29.0,43.3,5,0.01,127.9,clear,6.3,75.9,1,2,none,0,take_break,20
14,afternoon,0,0,none,none,999,home,38.1,89.4,2,0.63,162.3,clear,1.5,51.5,0,4,podcast,0,no_action,7
11,morning,0,0,school,study_session,73,school,38.5,89.6,1,0.49,19.2,rain,80.4,70.4,1,1,none,0,study_for_class,18
11,morning,2,0,school,exam,55,school,73.9,48.3,0,0.9,15.4,clear,50.8,66.8,0,1,podcast,0,study_for_class,18
19,evening,0,0,work,focus_work,108,work,63.4,67.7,4,6.11,47.2,fog,26.9,67.3,1,0,none,0,eat_something,1
10,morning,1,0,health,medication_reminder,13,commuting,42.3,93.6,3,0.37,16.6,fog,33.6,79.9,0,3,none,0,play_music,9
12,afternoon,3,0,school,exam,118,school,95.8,100.0,0,1.85,109.0,rain,59.6,5.0,0,4,music,0,study_for_class,18
12,afternoon,6,1,health,medication_reminder,-5,commuting,21.9,29.9,1,5.06,65.2,snow,60.4,74.5,0,0,podcast,0,suggest_repeat_action,19
15,afternoon,1,0,school,exam,141,school,58.0,54.2,1,2.77,53.2,clear,89.6,53.1,0,2,music,0,no_action,7
4,night,3,0,none,none,999,home,86.2,58.9,8,0.12,1.2,clear,30.4,78.1,0,5,podcast,1,no_action,7
1,night,3,0,none,none,999,home,56.4,65.7,2,2.96,114.8,rain,23.0,60.4,0,2,none,1,no_action,7
2,night,6,1,health,gym,32,gym,97.5,78.8,6,1.83,43.5,fog,86.4,76.2,0,5,music,1,no_action,7
8,morning,1,0,school,exam,137,school,75.2,64.1,1,0.97,13.2,rain,21.7,70.8,0,5,none,0,no_action,7
23,night,0,0,none,none,999,outside,15.6,46.4,6,3.9,56.5,snow,30.5,90.4,0,3,podcast,1,sleep_suggestion,15
16,afternoon,3,0,social,friends_hangout,123,home,92.2,58.7,2,2.21,78.8,clear,31.8,54.9,0,5,music,0,no_action,7
4,night,4,0,none,none,999,outside,23.8,33.9,4,1.27,124.4,rain,3.4,100.0,0,3,podcast,1,sleep_suggestion,15
21,night,5,1,health,therapy,86,outside,52.5,56.5,6,0.45,2.8,clear,56.4,92.2,1,1,music,1,no_action,7
5,morning,5,1,none,none,999,outside,95.3,100.0,2,0.43,163.0,rain,49.5,28.0,0,3,none,1,no_action,7
3,night,0,0,none,none,999,home,98.1,80.7,7,0.25,77.7,clear,7.8,50.6,0,3,music,1,no_action,7
19,evening,5,1,none,none,999,home,57.5,100.0,8,1.91,169.6,clear,5.0,13.2,1,1,music,0,read_email_alert,12
21,night,3,0,school,assignment_due,56,school,99.9,96.1,2,3.79,118.2,rain,60.1,71.3,1,1,music,1,take_break,20
1,night,4,0,work,presentation,105,work,87.6,80.0,5,0.03,176.4,rain,24.9,63.1,0,5,podcast,1,take_break,20
18,evening,4,0,health,therapy,2,commuting,45.7,100.0,9,1.25,37.5,fog,7.2,95.8,0,5,none,0,find_parking,4
10,morning,6,1,health,doctor_appointment,99,home,97.5,87.7,8,1.37,42.2,clear,14.4,71.5,1,4,none,0,no_action,7
16,afternoon,3,0,social,family_time,166,outside,58.0,100.0,10,0.22,143.5,fog,52.9,52.6,0,3,none,0,no_action,7
23,night,2,0,none,none,999,home,57.8,83.5,1,1.85,16.2,clear,34.5,56.9,1,2,podcast,1,wind_down,22
22,night,5,1,none,none,999,outside,83.6,80.3,0,2.11,76.3,clear,53.6,89.6,1,4,none,1,wind_down,22
22,night,1,0,none,none,999,home,35.7,59.3,7,3.15,168.8,clear,15.6,85.9,0,4,none,1,wind_down,22
5,morning,4,0,none,none,999,home,84.2,62.2,8,0.81,79.2,clear,86.2,92.7,0,4,music,1,no_action,7
17,evening,1,0,social,date,108,home,41.9,77.8,3,1.25,59.1,rain,66.1,41.9,0,5,podcast,0,no_action,7
15,afternoon,6,1,social,date,89,home,35.0,56.8,0,1.03,145.2,clear,86.3,100.0,1,0,none,0,no_action,7
19,evening,4,0,health,gym,54,gym,92.0,74.0,10,0.79,28.2,clear,85.5,99.0,0,4,podcast,0,no_action,7
19,evening,3,0,social,friends_hangout,-10,commuting,50.2,78.8,1,4.97,137.1,clear,27.9,64.7,1,2,none,0,no_action,7
21,night,5,1,none,none,999,home,65.5,51.3,9,1.08,90.5,snow,24.4,30.1,0,3,podcast,1,wind_down,22
13,afternoon,0,0,social,date,128,home,70.1,80.2,4,1.27,0.3,rain,3.4,78.6,0,0,none,0,no_action,7
23,night,1,0,none,none,999,home,16.8,83.3,1,1.83,32.2,clear,94.1,47.2,1,4,none,1,sleep_suggestion,15
13,afternoon,4,0,none,none,999,home,84.4,68.8,5,1.1,45.4,clear,94.0,93.6,1,3,none,0,read_email_alert,12
6,morning,1,0,none,none,999,outside,43.8,68.5,9,0.24,74.9,clear,43.2,65.1,0,3,none,0,no_action,7
17,evening,6,1,social,date,13,commuting,42.5,45.2,6,1.95,41.5,rain,92.0,38.9,0,2,none,0,get_ready,6
7,morning,5,1,none,none,999,home,20.6,70.2,4,1.08,151.0,clear,76.0,52.2,0,5,music,0,no_action,7
12,afternoon,5,1,health,medication_reminder,113,home,69.1,40.2,5,0.56,129.8,rain,20.8,94.9,1,5,music,0,no_action,7
6,morning,4,0,work,team_meeting,111,work,59.3,81.7,2,5.22,96.5,rain,85.4,96.6,0,0,none,0,take_break,20
12,afternoon,1,0,work,presentation,100,work,36.7,100.0,3,3.59,29.8,clear,32.3,100.0,0,1,music,0,no_action,7
3,night,0,0,none,none,999,outside,79.7,83.2,2,0.16,149.9,rain,67.6,57.4,0,1,podcast,1,no_action,7
18,evening,3,0,work,team_meeting,81,work,51.7,39.7,7,4.27,162.6,rain,3.9,89.8,0,4,none,0,take_break,20
0,night,5,1,social,friends_hangout,-3,commuting,69.9,87.0,6,1.74,151.8,clear,34.4,53.6,1,1,music,1,no_action,7
14,afternoon,3,0,school,exam,125,school,80.6,100.0,1,0.52,175.1,clear,59.6,45.6,0,5,none,0,take_break,20
11,morning,4,0,work,presentation,39,work,54.0,58.3,1,0.13,87.5,rain,18.5,21.9,0,0,none,0,no_action,7
8,morning,5,1,health,therapy,29,home,46.9,100.0,8,0.75,164.0,fog,61.2,100.0,0,5,none,0,start_commute,17
6,morning,6,1,social,family_time,0,commuting,32.1,71.8,1,1.74,75.6,clear,38.7,83.4,0,1,music,0,find_parking,4
4,night,2,0,none,none,999,home,10.1,16.4,10,1.73,146.8,clear,90.6,76.9,1,5,music,1,sleep_suggestion,15
6,morning,1,0,none,none,999,outside,26.8,51.5,9,2.57,63.6,clear,14.0,44.6,0,3,music,0,no_action,7
18,evening,2,0,none,none,999,home,63.0,27.9,0,0.29,101.1,rain,53.0,52.5,0,4,music,0,no_action,7
3,night,1,0,none,none,999,home,84.2,100.0,5,0.51,60.5,clear,88.5,64.5,0,0,none,1,no_action,7
10,morning,4,0,health,therapy,40,home,71.3,71.3,10,0.18,32.2,fog,40.8,93.5,0,5,podcast,0,start_commute,17
16,afternoon,4,0,none,none,999,outside,73.2,49.5,5,0.03,26.3,rain,36.4,100.0,0,1,podcast,0,focus_session,5
16,afternoon,3,0,school,assignment_due,110,school,64.6,43.3,9,3.41,16.8,rain,69.4,44.0,0,4,none,0,no_action,7
3,night,6,1,none,none,999,home,19.1,100.0,1,1.18,90.6,clear,39.1,41.4,1,1,music,1,sleep_suggestion,15
19,evening,3,0,health,medication_reminder,160,home,17.3,100.0,2,0.08,59.4,clear,41.7,53.4,1,0,none,0,no_action,7
8,morning,2,0,health,therapy,47,home,77.8,85.4,9,7.17,34.2,clear,18.5,46.7,0,0,music,0,eat_something,1
20,evening,3,0,school,exam,81,school,35.8,100.0,9,3.77,27.2,clear,39.1,23.7,0,0,music,0,study_for_class,18
8,morning,3,0,social,date,64,home,55.8,76.5,3,0.76,149.4,clear,73.3,20.7,0,3,podcast,0,no_action,7
10,morning,3,0,work,focus_work,-27,work,35.9,91.9,10,0.34,63.1,clear,90.6,68.1,1,4,music,0,send_late_message,13
22,night,6,1,social,friends_hangout,132,home,49.2,31.3,7,1.45,17.4,clear,48.3,73.6,0,3,music,1,no_action,7
12,afternoon,3,0,work,presentation,75,work,30.9,81.1,6,8.37,90.4,clear,47.2,78.5,0,3,music,0,eat_something,1
5,morning,0,0,none,none,999,home,11.4,46.8,7,2.62,127.9,fog,64.4,35.6,1,5,none,1,no_action,7
9,morning,0,0,work,presentation,1,commuting,91.6,72.9,5,0.4,63.5,clear,4.2,55.4,0,0,none,0,find_parking,4
19,evening,1,0,health,therapy,-28,commuting,52.9,76.0,9,2.1,58.8,rain,11.6,97.2,1,0,none,0,no_action,7
6,morning,6,1,none,none,999,home,22.0,92.1,1,1.39,140.5,clear,90.3,92.1,0,4,music,0,plan_day,8
14,afternoon,2,0,health,medication_reminder,71,home,71.7,67.5,5,1.85,94.5,clear,28.2,79.9,0,4,music,0,no_action,7
3,night,0,0,none,none,999,outside,28.5,67.6,7,0.0,67.1,clear,69.0,68.2,0,3,music,1,sleep_suggestion,15
2,night,1,0,school,assignment_due,69,school,65.7,72.9,4,0.72,174.0,clear,84.5,93.0,0,1,music,1,take_break,20
18,evening,4,0,work,deadline,18,work,41.0,29.3,1,2.86,105.2,clear,91.3,40.7,0,1,podcast,0,take_break,20
3,night,6,1,none,none,999,outside,30.2,76.4,2,0.6,110.0,fog,91.9,27.3,0,0,music,1,sleep_suggestion,15
17,evening,3,0,work,focus_work,25,work,71.0,75.6,0,0.22,85.4,clear,78.8,76.0,0,4,music,0,no_action,7
22,night,3,0,none,none,999,home,94.6,67.3,5,0.58,56.6,snow,6.9,75.4,0,4,none,1,wind_down,22
23,night,6,1,none,none,999,home,83.7,74.1,6,4.37,98.8,clear,54.8,60.0,0,0,podcast,1,wind_down,22
23,night,6,1,none,none,999,outside,55.7,67.7,0,0.22,6.1,rain,69.0,32.1,0,2,podcast,1,wind_down,22
4,night,5,1,social,dinner,77,restaurant,51.7,46.2,7,0.72,120.0,rain,58.4,24.4,0,1,podcast,1,no_action,7
15,afternoon,5,1,none,none,999,outside,79.3,75.7,1,1.46,70.1,fog,18.3,65.5,0,0,podcast,0,exercise_suggestion,2
9,morning,0,0,school,lecture,59,commuting,97.4,80.9,0,2.38,170.1,clear,28.2,100.0,0,3,podcast,0,play_podcast,10
0,night,5,1,none,none,999,home,80.1,69.6,2,0.33,17.1,rain,25.1,86.9,1,5,music,1,no_action,7
7,morning,2,0,social,date,87,outside,82.5,79.7,5,0.3,138.5,clear,72.8,60.6,0,4,music,0,no_action,7
13,afternoon,1,0,school,exam,67,school,21.1,15.1,4,0.97,62.2,snow,37.5,74.3,0,3,none,0,study_for_class,18
4,night,4,0,work,team_meeting,-12,work,84.3,42.1,5,0.15,35.4,clear,30.5,100.0,1,0,music,1,silence_phone,14
15,afternoon,5,1,health,doctor_appointment,-8,commuting,45.6,80.4,4,1.78,46.4,clear,84.4,74.1,0,2,podcast,0,suggest_repeat_action,19
14,afternoon,3,0,social,dinner,154,restaurant,31.7,88.0,0,2.45,104.1,fog,35.9,47.0,0,4,podcast,0,no_action,7
6,morning,6,1,school,exam,-9,commuting,60.2,34.8,7,1.26,103.6,fog,55.2,70.0,1,0,music,0,play_music,9
12,afternoon,3,0,work,deadline,33,work,97.1,53.1,4,0.65,127.9,clear,25.3,100.0,0,3,podcast,0,take_break,20
20,evening,0,0,social,family_time,138,home,81.7,88.0,8,5.6,108.7,clear,7.3,32.1,1,3,music,0,no_action,7
20,evening,4,0,social,friends_hangout,83,outside,78.0,79.0,1,1.85,37.7,rain,68.7,55.2,0,1,music,0,no_action,7
9,morning,3,0,school,assignment_due,76,school,31.7,100.0,3,2.67,130.8,clear,99.9,100.0,0,4,music,0,take_break,20
20,evening,3,0,school,lecture,40,school,56.3,35.9,9,3.19,149.8,clear,39.8,52.9,0,3,music,0,study_for_class,18
4,night,6,1,school,lecture,162,school,53.2,40.8,3,3.71,72.4,clear,2.1,35.1,1,3,none,1,no_action,7
2,night,0,0,social,friends_hangout,127,home,79.7,49.3,6,7.33,48.8,rain,4.4,100.0,0,3,none,1,eat_something,1
3,night,2,0,none,none,999,outside,22.3,76.0,3,1.95,58.4,clear,86.6,58.0,0,0,none,1,sleep_suggestion,15
1,night,4,0,none,none,999,outside,37.1,89.4,3,4.04,91.0,clear,15.4,61.5,1,2,podcast,1,sleep_suggestion,15
1,night,6,1,social,family_time,105,home,87.6,80.3,4,2.96,49.3,clear,56.2,63.9,1,5,podcast,1,no_action,7
19,evening,2,0,health,therapy,-12,commuting,20.7,42.5,2,1.05,83.9,clear,70.0,83.7,0,3,podcast,0,suggest_repeat_action,19
7,morning,6,1,health,doctor_appointment,62,home,20.0,82.9,10,2.3,177.2,clear,57.0,95.5,0,3,podcast,0,no_action,7
11,morning,4,0,work,team_meeting,129,work,24.9,45.2,2,2.15,56.2,clear,76.6,72.1,1,1,none,0,no_action,7
15,afternoon,4,0,school,exam,47,school,81.9,82.2,2,3.0,83.4,clear,94.9,54.7,1,1,music,0,study_for_class,18
15,afternoon,1,0,none,none,999,home,63.5,93.6,8,1.45,28.2,clear,27.4,19.1,0,3,none,0,focus_session,5
10,morning,1,0,social,family_time,4,commuting,17.9,100.0,10,2.49,175.1,rain,54.8,44.1,0,4,music,0,find_parking,4
0,night,4,0,none,none,999,home,28.7,38.8,4,0.65,128.1,rain,78.9,75.8,1,1,music,1,sleep_suggestion,15
11,morning,2,0,school,assignment_due,-16,school,40.3,47.5,7,1.76,93.7,clear,41.4,53.1,0,4,music,0,send_late_message,13
13,afternoon,0,0,health,gym,44,gym,80.8,63.6,9,4.88,87.6,rain,75.4,68.0,0,1,podcast,0,no_action,7
8,morning,5,1,social,family_time,111,home,51.5,73.9,4,2.14,146.9,fog,51.2,75.5,1,3,none,0,no_action,7
5,morning,4,0,none,none,999,outside,27.2,73.2,4,2.0,99.4,fog,68.8,48.3,0,3,music,1,no_action,7
9,morning,1,0,work,presentation,71,work,76.3,55.7,9,1.04,11.3,rain,33.1,53.7,0,5,music,0,no_action,7
8,morning,1,0,work,presentation,-25,commuting,47.5,61.4,2,3.97,51.0,rain,21.1,48.4,0,5,none,0,send_late_message,13
6,morning,5,1,none,none,999,outside,59.7,75.2,1,0.98,152.0,clear,47.5,44.6,0,4,none,0,plan_day,8
20,evening,0,0,health,gym,70,gym,11.3,81.6,7,3.77,130.1,clear,94.8,39.4,0,4,podcast,0,no_action,7
18,evening,1,0,health,gym,78,gym,39.3,90.3,3,2.64,132.6,rain,37.5,58.0,0,0,none,0,no_action,7
21,night,4,0,health,gym,126,gym,24.4,100.0,8,3.02,53.9,clear,87.0,56.5,0,2,music,1,no_action,7
15,afternoon,2,0,none,none,999,home,47.4,100.0,6,4.91,148.3,clear,70.1,81.5,0,4,podcast,0,no_action,7
10,morning,1,0,work,deadline,179,work,89.3,64.1,0,2.61,18.8,clear,71.3,88.7,0,2,music,0,no_action,7
12,afternoon,0,0,health,therapy,136,home,54.8,88.1,8,3.8,44.5,clear,36.7,56.4,0,1,none,0,no_action,7
8,morning,2,0,none,none,999,outside,98.3,38.5,7,3.95,8.1,clear,44.9,29.5,0,4,music,0,focus_session,5
16,afternoon,2,0,none,none,999,home,61.5,60.6,1,6.14,132.4,rain,72.6,80.6,1,4,none,0,eat_something,1
7,morning,2,0,none,none,999,home,34.0,70.7,0,0.44,150.9,clear,83.2,57.5,0,3,music,0,plan_day,8
2,night,2,0,none,none,999,outside,64.0,61.3,10,1.32,35.8,fog,64.6,37.5,0,0,none,1,no_action,7
23,night,1,0,none,none,999,outside,86.6,76.5,4,0.1,144.0,snow,51.0,46.5,0,3,music,1,wind_down,22
0,night,1,0,none,none,999,home,62.9,76.6,8,0.51,105.8,clear,91.0,65.8,1,2,none,1,no_action,7
7,morning,1,0,health,doctor_appointment,-6,commuting,33.2,94.9,3,1.16,50.5,fog,9.5,16.8,0,0,music,0,find_gas_station,3
19,evening,4,0,work,deadline,1,work,18.4,47.4,4,0.83,112.4,snow,17.4,78.3,0,5,music,0,take_break,20
16,afternoon,2,0,work,focus_work,86,work,61.6,8.8,8,0.19,167.4,fog,85.2,38.3,0,2,music,0,charge_phone,0
4,night,6,1,none,none,999,home,15.1,81.9,3,1.88,99.7,snow,85.0,34.7,1,0,music,1,sleep_suggestion,15
1,night,6,1,none,none,999,outside,14.4,63.5,1,3.64,88.1,clear,33.7,69.6,0,4,podcast,1,sleep_suggestion,15
4,night,0,0,none,none,999,home,23.7,72.9,4,2.84,119.8,clear,83.1,47.0,0,4,music,1,sleep_suggestion,15
9,morning,2,0,work,focus_work,166,work,16.0,64.4,3,0.02,28.5,clear,21.0,51.9,0,0,music,0,no_action,7
4,night,4,0,none,none,999,home,17.4,72.8,0,2.22,116.4,clear,88.4,66.6,0,1,none,1,sleep_suggestion,15
22,night,3,0,none,none,999,outside,35.3,90.8,8,8.6,163.1,clear,70.8,13.5,0,3,none,1,eat_something,1
0,night,3,0,social,friends_hangout,31,home,69.5,94.0,7,0.03,32.4,clear,64.0,79.2,0,4,none,1,start_commute,17
16,afternoon,0,0,health,medication_reminder,141,home,33.3,50.0,1,2.91,68.5,clear,86.1,18.4,0,2,music,0,no_action,7
3,night,0,0,none,none,999,outside,53.5,53.3,1,1.2,130.5,clear,84.6,82.3,0,5,podcast,1,no_action,7
7,morning,6,1,social,friends_hangout,134,outside,59.0,100.0,4,0.81,31.5,rain,98.5,5.0,0,3,none,0,no_action,7
21,night,5,1,none,none,999,home,97.3,71.6,6,1.59,82.7,rain,23.0,72.0,0,5,none,1,wind_down,22
21,night,4,0,none,none,999,outside,67.3,63.8,0,2.7,53.0,clear,56.0,63.4,1,0,music,1,wind_down,22
0,night,0,0,none,none,999,outside,45.3,82.9,6,1.49,63.9,clear,47.6,61.8,0,3,music,1,no_action,7
11,morning,5,1,social,family_time,-30,commuting,11.1,61.0,1,1.47,177.1,snow,25.3,100.0,0,4,music,0,send_late_message,13
5,morning,2,0,none,none,999,home,57.6,80.7,0,4.09,52.3,clear,26.6,59.8,1,2,none,1,no_action,7
20,evening,5,1,none,none,999,home,33.0,100.0,1,0.55,149.5,clear,63.8,96.9,1,1,none,0,social_suggestion,16
22,night,0,0,health,gym,173,gym,64.6,51.1,1,2.08,72.9,rain,99.9,100.0,1,0,music,1,no_action,7
9,morning,4,0,work,focus_work,0,commuting,71.3,58.4,1,4.18,9.3,fog,77.8,26.1,1,3,music,0,find_parking,4
19,evening,2,0,work,deadline,71,work,73.3,86.2,3,3.14,140.7,rain,5.9,50.3,0,5,none,0,take_break,20
3,night,0,0,none,none,999,home,35.0,100.0,7,0.4,3.9,rain,51.6,33.7,1,5,podcast,1,sleep_suggestion,15
17,evening,5,1,social,family_time,174,home,72.9,33.9,2,2.84,148.2,clear,8.1,50.6,0,0,music,0,no_action,7
6,morning,3,0,health,therapy,108,home,66.5,91.5,8,0.31,78.5,rain,86.3,68.1,0,2,none,0,no_action,7
9,morning,6,1,health,medication_reminder,121,outside,16.5,100.0,8,0.08,18.3,snow,50.6,86.2,0,2,music,0,no_action,7
23,night,1,0,social,friends_hangout,113,home,62.8,99.9,10,0.58,147.2,clear,4.7,50.2,0,1,podcast,1,no_action,7
19,evening,6,1,social,date,113,outside,18.1,87.6,10,0.4,175.5,clear,36.2,81.7,1,5,none,0,no_action,7
8,morning,4,0,school,assignment_due,-2,commuting,41.1,35.3,3,0.49,49.5,clear,13.8,100.0,0,0,none,0,play_music,9
0,night,4,0,none,none,999,outside,35.1,95.7,7,2.33,113.5,clear,54.7,100.0,0,3,none,1,sleep_suggestion,15
6,morning,6,1,none,none,999,home,80.8,70.8,0,4.98,123.0,rain,11.7,77.7,0,1,music,0,exercise_suggestion,2
13,afternoon,0,0,school,lecture,36,school,93.4,100.0,0,1.34,102.0,clear,92.1,59.9,1,4,none,0,study_for_class,18
22,night,0,0,none,none,999,home,34.9,78.8,9,0.55,150.9,rain,43.9,74.8,0,2,podcast,1,wind_down,22
4,night,0,0,none,none,999,home,68.0,60.7,6,4.75,101.9,clear,33.2,100.0,0,3,none,1,no_action,7
20,evening,1,0,school,exam,81,school,34.5,85.5,9,2.73,75.4,rain,70.1,63.2,0,5,music,0,study_for_class,18
5,morning,3,0,none,none,999,home,98.7,100.0,0,5.72,128.2,clear,7.1,86.4,0,2,music,1,no_action,7
1,night,4,0,none,none,999,home,24.7,67.3,3,4.43,13.7,clear,46.8,60.0,1,3,music,1,sleep_suggestion,15
9,morning,3,0,social,dinner,166,restaurant,44.1,45.1,1,0.51,123.5,fog,45.7,100.0,0,3,podcast,0,no_action,7
18,evening,0,0,work,team_meeting,63,work,47.3,62.5,8,1.18,152.7,fog,2.0,85.2,0,0,none,0,take_break,20
0,night,2,0,none,none,999,home,92.9,69.6,5,10.0,45.1,clear,86.2,34.1,0,0,podcast,1,eat_something,1
18,evening,4,0,health,medication_reminder,37,home,17.4,81.8,7,0.94,11.3,rain,49.8,48.6,0,4,podcast,0,start_commute,17
23,night,3,0,none,none,999,home,96.6,64.4,5,3.35,150.7,fog,77.8,81.5,1,2,none,1,wind_down,22
19,evening,6,1,health,gym,86,gym,41.5,26.3,9,0.74,37.8,clear,1.0,34.5,0,4,music,0,no_action,7
10,morning,6,1,none,none,999,home,64.1,39.0,7,2.99,82.0,rain,91.1,41.2,0,3,podcast,0,focus_session,5
2,night,5,1,none,none,999,outside,72.8,59.5,4,1.01,22.7,clear,20.2,100.0,1,4,music,1,no_action,7
14,afternoon,4,0,work,deadline,39,work,14.8,33.4,9,3.02,115.4,clear,93.0,63.5,0,3,podcast,0,take_break,20
14,afternoon,5,1,social,dinner,123,restaurant,46.7,64.3,1,1.14,166.0,clear,17.8,87.5,0,2,none,0,no_action,7
9,morning,0,0,social,dinner,100,restaurant,49.8,33.8,7,4.06,110.0,snow,65.8,22.3,0,2,music,0,no_action,7
12,afternoon,5,1,health,gym,160,gym,22.4,22.6,8,2.71,158.4,fog,5.3,60.0,0,2,podcast,0,no_action,7
12,afternoon,3,0,health,medication_reminder,1,commuting,83.6,52.3,3,0.03,161.6,clear,11.7,12.4,0,2,none,0,find_gas_station,3
6,morning,5,1,none,none,999,outside,28.3,63.4,1,3.19,49.0,clear,76.7,56.3,0,0,podcast,0,plan_day,8
12,afternoon,3,0,work,focus_work,15,work,19.7,100.0,6,0.1,141.3,clear,76.3,87.8,1,3,none,0,take_break,20
10,morning,5,1,none,none,999,home,83.2,100.0,10,1.14,22.4,snow,71.6,81.9,0,4,music,0,focus_session,5
13,afternoon,0,0,none,none,999,home,60.4,50.5,9,1.08,159.9,snow,56.8,100.0,1,3,music,0,read_email_alert,12
9,morning,4,0,work,deadline,129,work,21.5,71.8,2,0.25,28.7,rain,20.4,95.8,1,5,podcast,0,no_action,7
2,night,6,1,none,none,999,outside,85.7,33.5,0,0.07,175.5,rain,76.2,35.1,0,4,music,1,no_action,7
6,morning,2,0,school,exam,155,school,37.5,100.0,0,0.8,12.7,clear,63.6,58.2,0,5,none,0,no_action,7
10,morning,3,0,health,doctor_appointment,172,outside,79.3,63.9,3,7.83,171.2,clear,67.0,34.7,0,4,none,0,eat_something,1
21,night,1,0,social,friends_hangout,90,home,88.2,78.7,4,0.2,163.6,rain,10.7,58.3,0,1,music,1,no_action,7
17,evening,5,1,health,doctor_appointment,-22,commuting,51.9,91.5,6,1.86,16.9,clear,93.0,93.6,0,4,music,0,suggest_repeat_action,19
13,afternoon,3,0,work,focus_work,158,work,25.8,15.2,7,6.91,38.4,clear,19.7,25.3,0,3,none,0,eat_something,1
16,afternoon,6,1,social,family_time,17,commuting,47.0,71.5,2,4.42,1.7,clear,20.3,33.6,0,0,music,0,suggest_repeat_action,19
2,night,4,0,none,none,999,home,59.8,90.4,6,0.16,94.8,rain,50.6,33.8,1,3,podcast,1,no_action,7
21,night,6,1,none,none,999,home,56.4,94.7,8,0.05,169.1,fog,57.4,100.0,0,4,music,1,wind_down,22
5,morning,6,1,none,none,999,home,56.5,79.8,7,0.04,50.8,rain,58.8,17.2,0,1,none,1,no_action,7
5,morning,1,0,none,none,999,home,81.8,33.2,8,0.23,102.4,rain,97.7,88.3,0,3,none,1,no_action,7
9,morning,5,1,none,none,999,home,34.7,83.7,8,5.56,117.6,rain,14.9,100.0,0,2,none,0,no_action,7
5,morning,4,0,school,lecture,-10,commuting,68.3,70.0,4,1.65,137.1,rain,97.4,70.8,1,3,none,1,play_music,9
21,night,2,0,social,family_time,106,home,21.8,70.8,10,2.51,122.5,rain,94.1,47.1,0,5,none,1,no_action,7
19,evening,5,1,none,none,999,outside,72.9,40.9,8,4.36,41.5,fog,95.2,84.6,0,1,none,0,focus_session,5
0,night,2,0,none,none,999,outside,94.7,50.3,1,0.48,178.9,clear,44.8,86.4,0,4,none,1,no_action,7
23,night,2,0,none,none,999,home,30.1,100.0,8,2.96,82.2,rain,79.8,49.5,0,4,none,1,sleep_suggestion,15
16,afternoon,5,1,none,none,999,home,26.0,100.0,9,1.77,169.4,fog,53.2,83.0,0,3,music,0,social_suggestion,16
21,night,2,0,social,family_time,113,home,86.7,66.2,8,3.47,160.5,clear,79.7,27.9,0,4,none,1,no_action,7
14,afternoon,1,0,health,therapy,135,home,59.1,73.8,5,0.66,83.3,rain,1.2,91.9,0,5,podcast,0,no_action,7
5,morning,3,0,none,none,999,home,64.3,95.2,4,2.37,67.5,clear,32.2,48.3,0,2,podcast,1,no_action,7
2,night,6,1,none,none,999,home,79.9,66.0,9,1.66,120.4,rain,11.1,68.9,0,4,music,1,no_action,7
14,afternoon,5,1,health,therapy,80,outside,71.7,100.0,9,0.23,174.4,rain,58.0,54.8,1,3,podcast,0,no_action,7
16,afternoon,6,1,none,none,999,home,55.3,38.7,4,2.48,139.4,rain,39.7,75.0,1,5,none,0,read_email_alert,12
15,afternoon,3,0,social,family_time,57,outside,39.5,100.0,10,2.34,11.0,clear,65.0,66.8,0,3,none,0,no_action,7
6,morning,1,0,health,doctor_appointment,145,home,36.3,91.2,0,1.48,91.9,rain,60.0,38.7,0,4,music,0,no_action,7
0,night,1,0,none,none,999,home,30.8,52.5,4,8.56,27.5,clear,22.3,33.3,0,2,music,1,sleep_suggestion,15
1,night,4,0,none,none,999,home,89.3,89.4,1,0.38,62.4,rain,73.7,45.6,0,4,music,1,no_action,7
18,evening,2,0,work,focus_work,166,work,61.6,42.3,4,0.97,54.7,clear,42.7,98.9,1,2,podcast,0,no_action,7
17,evening,4,0,work,deadline,27,work,90.6,80.8,8,0.16,167.4,clear,37.9,78.4,0,4,podcast,0,take_break,20
7,morning,6,1,social,date,63,home,29.7,46.4,10,3.22,90.4,fog,91.3,67.0,0,0,none,0,no_action,7
3,night,5,1,none,none,999,home,63.0,55.2,6,0.08,128.8,rain,79.0,90.6,0,4,none,1,no_action,7
7,morning,6,1,school,assignment_due,107,school,40.4,61.5,8,0.14,74.9,clear,39.8,100.0,0,2,podcast,0,no_action,7
19,evening,4,0,none,none,999,home,67.9,72.6,8,1.24,171.3,rain,73.9,36.2,1,1,music,0,read_email_alert,12
8,morning,1,0,social,date,161,outside,50.6,16.0,7,1.02,165.2,clear,77.6,100.0,0,4,music,0,no_action,7
18,evening,0,0,work,presentation,-21,work,41.8,10.5,5,1.1,121.3,rain,92.7,46.5,1,0,music,0,charge_phone,0
11,morning,3,0,school,lecture,169,school,50.3,99.0,3,0.2,16.5,snow,51.7,100.0,0,2,music,0,no_action,7
16,afternoon,4,0,work,deadline,177,work,24.7,66.0,10,0.2,85.1,rain,47.1,100.0,0,0,music,0,no_action,7
17,evening,3,0,school,exam,94,school,23.6,100.0,0,5.68,111.8,rain,53.1,79.0,0,0,none,0,study_for_class,18
15,afternoon,4,0,school,assignment_due,54,school,18.8,86.0,1,7.14,156.3,clear,80.1,38.6,0,2,podcast,0,eat_something,1
15,afternoon,1,0,work,focus_work,87,work,26.5,53.6,0,0.85,145.2,rain,65.2,57.6,0,2,music,0,take_break,20
5,morning,4,0,none,none,999,home,59.2,55.8,5,2.88,103.6,rain,57.2,56.9,1,3,music,1,no_action,7
1,night,4,0,none,none,999,home,94.1,100.0,0,0.55,27.4,fog,48.8,56.3,0,4,music,1,no_action,7
22,night,4,0,none,none,999,home,36.6,80.7,2,2.86,43.3,clear,0.9,43.8,0,2,podcast,1,wind_down,22
17,evening,0,0,school,study_session,72,school,41.8,89.3,4,4.61,141.7,clear,33.7,50.2,1,2,podcast,0,study_for_class,18
5,morning,5,1,none,none,999,outside,22.1,53.5,2,1.82,50.5,clear,30.2,44.4,0,3,music,1,no_action,7
20,evening,0,0,social,friends_hangout,107,home,88.8,59.3,2,5.6,111.2,clear,79.7,69.9,0,3,none,0,no_action,7
23,night,3,0,none,none,999,home,86.5,52.2,9,0.74,60.9,clear,53.6,46.6,0,0,podcast,1,wind_down,22
11,morning,2,0,school,assignment_due,148,school,37.4,65.1,10,0.77,173.1,rain,4.5,61.6,0,5,none,0,take_break,20
20,evening,5,1,social,friends_hangout,118,outside,15.4,100.0,3,1.82,129.1,snow,27.6,68.4,0,3,podcast,0,no_action,7
6,morning,5,1,social,friends_hangout,176,outside,17.1,100.0,2,0.85,169.3,clear,11.0,38.0,0,4,none,0,no_action,7
21,night,4,0,health,gym,151,gym,26.6,75.7,3,0.66,92.9,clear,88.2,24.6,0,3,music,1,no_action,7
12,afternoon,2,0,none,none,999,outside,81.2,26.3,2,0.35,45.4,clear,77.4,70.8,0,5,music,0,exercise_suggestion,2
5,morning,2,0,none,none,999,home,78.7,58.0,8,2.5,119.3,rain,57.2,32.6,0,4,none,1,no_action,7
21,night,0,0,school,exam,62,school,41.0,41.7,4,3.09,134.6,clear,70.5,28.7,1,3,none,1,study_for_class,18
4,night,4,0,none,none,999,home,53.7,53.4,3,3.21,171.2,clear,40.3,54.6,1,4,none,1,no_action,7
12,afternoon,6,1,health,gym,17,gym,21.9,64.2,5,0.34,126.2,rain,50.5,85.5,0,3,none,0,no_action,7
4,night,4,0,none,none,999,home,61.9,68.5,9,0.18,64.6,fog,0.5,77.9,1,4,none,1,no_action,7
14,afternoon,5,1,social,friends_hangout,101,home,54.8,73.9,10,0.85,30.4,clear,75.2,42.5,0,3,none,0,no_action,7
23,night,2,0,work,team_meeting,46,work,21.0,50.5,6,0.49,155.7,rain,68.2,98.9,0,0,music,1,sleep_suggestion,15
12,afternoon,1,0,social,dinner,89,restaurant,10.4,47.3,2,1.01,87.3,clear,32.1,44.0,0,3,none,0,no_action,7
18,evening,6,1,none,none,999,home,40.3,81.8,4,0.6,130.7,clear,89.9,69.8,0,1,none,0,social_suggestion,16
13,afternoon,3,0,school,exam,35,school,46.3,36.1,6,7.43,109.4,clear,31.9,74.6,1,0,music,0,eat_something,1
19,evening,3,0,school,assignment_due,102,school,45.4,89.1,1,2.46,12.6,rain,93.7,64.3,0,1,podcast,0,no_action,7
7,morning,3,0,school,study_session,152,school,80.1,95.2,10,3.56,56.3,fog,43.6,43.0,0,3,music,0,no_action,7
3,night,4,0,social,friends_hangout,167,home,83.0,71.9,10,2.2,86.3,clear,73.8,75.0,0,1,none,1,no_action,7
0,night,0,0,health,doctor_appointment,9,commuting,20.3,19.5,4,0.11,65.8,fog,28.9,75.1,0,0,none,1,sleep_suggestion,15
9,morning,4,0,school,study_session,24,commuting,62.7,61.0,6,0.77,89.9,rain,48.7,48.9,0,4,podcast,0,play_podcast,10
8,morning,3,0,none,none,999,home,60.9,59.3,9,0.1,144.2,clear,7.9,52.4,0,1,music,0,focus_session,5
16,afternoon,1,0,health,gym,174,gym,15.2,26.0,4,5.88,171.3,fog,66.2,100.0,1,5,none,0,no_action,7
23,night,1,0,none,none,999,home,55.2,84.0,4,0.71,159.1,clear,65.9,32.2,1,1,none,1,wind_down,22
9,morning,1,0,work,team_meeting,-20,commuting,27.7,64.1,3,1.61,157.2,rain,90.2,53.4,0,3,none,0,send_late_message,13
7,morning,3,0,school,lecture,66,school,30.1,79.9,6,2.04,175.0,clear,17.1,39.5,0,5,music,0,study_for_class,18
22,night,0,0,none,none,999,home,61.4,61.8,2,3.71,165.7,rain,0.3,80.2,0,1,none,1,wind_down,22
19,evening,2,0,school,study_session,-28,school,88.8,66.5,2,3.86,158.1,rain,5.6,100.0,0,0,music,0,take_break,20
12,afternoon,3,0,school,study_session,-30,school,36.4,89.7,4,1.94,73.8,clear,54.3,100.0,0,0,podcast,0,no_action,7
6,morning,2,0,school,assignment_due,-22,commuting,76.6,100.0,10,1.43,174.5,clear,11.0,43.1,0,1,music,0,send_late_message,13
18,evening,6,1,none,none,999,outside,27.9,88.3,5,1.01,12.8,rain,36.5,95.1,0,1,none,0,social_suggestion,16
2,night,5,1,social,friends_hangout,161,home,31.3,79.2,5,0.03,3.8,clear,84.2,98.1,0,2,none,1,sleep_suggestion,15
8,morning,4,0,school,assignment_due,60,school,83.6,70.6,5,0.79,116.8,fog,92.1,58.6,0,0,podcast,0,take_break,20
15,afternoon,0,0,school,lecture,52,school,68.9,100.0,4,0.4,96.4,clear,16.7,54.7,0,5,music,0,study_for_class,18
12,afternoon,4,0,none,none,999,outside,51.1,89.5,7,2.14,175.1,fog,57.5,69.9,0,3,music,0,no_action,7
8,morning,2,0,none,none,999,home,14.4,100.0,6,1.24,33.6,snow,5.1,59.6,0,4,music,0,no_action,7
7,morning,1,0,work,team_meeting,-21,commuting,63.7,27.9,0,3.4,85.6,rain,97.1,43.8,1,0,none,0,play_music,9
2,night,2,0,social,family_time,46,home,83.6,8.9,7,0.4,10.1,clear,43.4,77.3,0,0,none,1,charge_phone,0
7,morning,1,0,school,lecture,71,school,93.0,75.1,7,0.06,48.2,rain,5.8,37.4,0,5,music,0,study_for_class,18
11,morning,2,0,none,none,999,home,88.0,14.8,2,0.74,14.3,rain,3.1,76.1,0,5,podcast,0,charge_phone,0
16,afternoon,4,0,none,none,999,outside,24.8,85.7,3,2.49,131.7,clear,62.2,72.1,0,4,none,0,no_action,7
17,evening,0,0,work,presentation,-19,work,58.3,73.1,0,1.98,145.8,clear,97.4,48.4,0,1,music,0,send_late_message,13
5,morning,2,0,none,none,999,outside,92.3,63.9,5,2.84,72.1,fog,71.3,82.9,0,1,podcast,1,no_action,7
8,morning,6,1,work,presentation,-15,commuting,99.4,89.3,1,2.47,167.0,fog,23.2,71.6,1,0,none,0,play_music,9
2,night,6,1,none,none,999,home,27.5,100.0,3,8.04,78.7,snow,43.4,70.1,0,1,none,1,sleep_suggestion,15
2,night,0,0,work,deadline,151,work,24.8,48.4,6,0.47,118.2,clear,20.2,28.6,0,1,podcast,1,sleep_suggestion,15
10,morning,3,0,none,none,999,home,97.0,100.0,4,0.99,122.4,clear,57.4,34.9,1,1,music,0,read_email_alert,12
2,night,1,0,none,none,999,outside,56.6,100.0,8,0.2,178.9,clear,37.0,35.9,0,5,music,1,no_action,7
0,night,6,1,none,none,999,home,72.8,82.0,5,0.83,11.7,clear,29.6,13.4,0,1,none,1,no_action,7
8,morning,2,0,work,deadline,149,work,45.0,65.2,8,2.34,47.9,clear,2.0,100.0,0,2,none,0,no_action,7
22,night,5,1,none,none,999,home,90.2,57.0,5,0.46,158.3,clear,7.2,48.0,0,2,music,1,wind_down,22
8,morning,1,0,social,date,36,home,23.6,88.1,5,1.24,98.1,clear,98.0,100.0,0,2,podcast,0,start_commute,17
16,afternoon,6,1,health,therapy,76,home,21.3,100.0,2,2.04,171.6,clear,28.6,75.8,1,5,music,0,no_action,7
18,evening,2,0,work,team_meeting,1,work,19.5,100.0,8,4.43,78.4,fog,62.0,42.0,1,4,none,0,silence_phone,14
10,morning,6,1,health,doctor_appointment,123,home,31.0,100.0,3,1.45,131.2,snow,4.2,47.9,1,4,music,0,no_action,7
11,morning,1,0,school,study_session,-18,school,45.6,73.2,3,1.0,132.1,clear,54.5,100.0,1,1,none,0,send_late_message,13
18,evening,1,0,health,gym,91,gym,92.4,44.5,1,1.28,25.8,fog,96.4,69.6,0,2,none,0,no_action,7
2,night,6,1,none,none,999,outside,74.1,79.9,2,5.41,178.5,rain,22.4,67.0,0,4,music,1,no_action,7
12,afternoon,3,0,work,presentation,156,work,27.7,67.5,6,3.45,14.5,clear,37.9,40.5,1,1,none,0,no_action,7
8,morning,4,0,none,none,999,home,46.9,75.5,5,1.3,118.3,clear,18.4,74.1,0,4,music,0,no_action,7
16,afternoon,1,0,none,none,999,home,29.7,45.2,4,0.17,127.6,clear,4.4,94.9,0,1,music,0,no_action,7
14,afternoon,1,0,school,lecture,71,school,71.8,52.9,8,3.92,69.7,clear,22.2,45.6,0,5,music,0,study_for_class,18
4,night,4,0,none,none,999,outside,76.2,100.0,4,0.22,99.6,clear,83.6,19.9,0,3,podcast,1,no_action,7
16,afternoon,2,0,health,therapy,160,outside,24.8,75.0,7,1.12,73.6,clear,48.9,34.6,1,4,music,0,no_action,7
9,morning,6,1,health,medication_reminder,178,outside,21.2,100.0,9,3.31,26.8,clear,22.1,5.0,0,3,music,0,no_action,7
13,afternoon,6,1,health,therapy,88,outside,37.0,68.1,8,2.31,145.0,clear,13.4,76.0,0,4,none,0,no_action,7
12,afternoon,5,1,none,none,999,outside,98.1,100.0,9,1.13,12.1,rain,72.9,83.8,0,3,none,0,focus_session,5
2,night,0,0,none,none,999,home,27.5,87.6,1,1.76,106.3,rain,13.9,44.8,0,1,none,1,sleep_suggestion,15
17,evening,6,1,none,none,999,home,32.2,75.5,0,2.24,145.8,rain,17.8,46.2,1,3,none,0,read_email_alert,12
11,morning,3,0,health,doctor_appointment,176,outside,86.7,53.2,10,3.15,79.7,clear,19.6,30.5,0,1,music,0,no_action,7
0,night,4,0,school,study_session,29,school,37.7,93.6,9,0.94,130.6,rain,84.1,37.4,0,2,none,1,sleep_suggestion,15
16,afternoon,3,0,none,none,999,outside,10.3,99.4,2,1.29,36.0,clear,72.2,95.0,0,5,podcast,0,no_action,7
10,morning,2,0,school,exam,59,school,12.9,57.7,5,0.8,4.3,rain,73.3,51.3,0,0,podcast,0,study_for_class,18
14,afternoon,1,0,work,focus_work,123,work,84.7,96.1,4,0.53,11.9,clear,78.1,84.8,0,4,music,0,no_action,7
11,morning,6,1,social,dinner,119,restaurant,14.0,67.2,2,2.59,161.6,rain,55.2,55.0,1,0,none,0,no_action,7
14,afternoon,0,0,health,doctor_appointment,0,commuting,55.6,23.7,6,1.39,109.8,rain,78.5,58.8,0,0,none,0,find_parking,4
4,night,2,0,health,medication_reminder,151,home,49.6,100.0,1,1.45,52.5,clear,55.3,59.5,1,4,none,1,no_action,7
7,morning,5,1,social,date,57,home,16.6,99.4,0,0.86,132.7,clear,26.3,73.4,0,5,podcast,0,no_action,7
11,morning,4,0,work,presentation,13,work,20.0,54.3,9,3.36,133.9,clear,63.6,64.0,0,1,none,0,prepare_for_meeting,11
12,afternoon,4,0,none,none,999,home,50.5,100.0,10,0.78,13.9,rain,78.5,35.2,0,4,none,0,no_action,7
3,night,0,0,none,none,999,outside,28.3,68.6,4,1.09,58.0,rain,32.5,59.8,0,3,none,1,sleep_suggestion,15
3,night,3,0,none,none,999,home,14.5,65.9,2,2.13,13.9,clear,95.8,37.4,0,1,none,1,sleep_suggestion,15
2,night,2,0,none,none,999,home,64.9,78.2,5,10.0,144.4,clear,50.9,51.4,0,4,none,1,eat_something,1
16,afternoon,4,0,health,doctor_appointment,-12,commuting,76.5,62.5,6,2.77,117.2,clear,72.7,69.2,0,2,music,0,suggest_repeat_action,19
10,morning,4,0,none,none,999,home,15.6,70.8,6,1.99,14.2,clear,15.5,43.0,0,5,podcast,0,no_action,7
10,morning,2,0,school,study_session,50,school,20.5,94.5,6,1.21,77.2,rain,20.0,70.2,0,3,music,0,study_for_class,18
12,afternoon,2,0,work,presentation,161,work,33.7,91.6,7,0.55,110.5,clear,37.1,65.7,0,0,music,0,take_break,20
5,morning,2,0,none,none,999,home,51.8,51.1,8,6.75,53.7,clear,91.6,85.7,0,5,music,1,eat_something,1
18,evening,5,1,none,none,999,outside,34.5,79.0,5,0.15,86.9,clear,98.9,100.0,0,5,music,0,social_suggestion,16
14,afternoon,2,0,work,team_meeting,-8,work,63.4,84.9,8,2.99,110.8,fog,45.2,23.8,0,2,none,0,silence_phone,14
20,evening,4,0,work,focus_work,-12,work,25.0,34.8,0,1.8,137.0,clear,49.3,77.3,1,0,none,0,take_break,20
4,night,4,0,none,none,999,home,17.8,72.9,7,4.51,142.1,clear,72.6,55.4,0,0,none,1,sleep_suggestion,15
17,evening,5,1,health,doctor_appointment,124,home,96.8,45.5,7,3.55,30.0,clear,37.8,7.0,1,0,podcast,0,no_action,7
3,night,3,0,none,none,999,outside,82.7,96.6,1,0.87,28.8,clear,5.5,42.2,1,2,podcast,1,no_action,7
10,morning,1,0,none,none,999,home,72.9,100.0,4,1.94,3.5,clear,88.8,83.9,0,1,none,0,focus_session,5
17,evening,5,1,health,therapy,145,home,87.5,68.2,5,1.34,29.5,snow,41.3,73.5,0,1,none,0,no_action,7
8,morning,6,1,social,friends_hangout,37,home,27.4,86.5,8,0.65,170.0,clear,72.6,84.7,0,2,music,0,start_commute,17
3,night,3,0,none,none,999,home,62.0,100.0,3,6.53,69.4,clear,19.9,42.9,0,4,none,1,eat_something,1
11,morning,2,0,school,lecture,12,school,64.9,52.9,9,4.79,82.4,rain,16.1,18.8,0,4,none,0,no_action,7
19,evening,6,1,school,exam,-26,school,51.3,100.0,8,0.36,45.3,clear,90.0,54.5,0,5,music,0,send_late_message,13
6,morning,1,0,school,study_session,78,school,81.8,47.6,7,0.35,111.4,clear,63.5,20.0,0,4,none,0,study_for_class,18
22,night,5,1,none,none,999,home,29.3,72.1,1,0.2,95.8,snow,28.3,64.1,0,2,music,1,wind_down,22
23,night,3,0,none,none,999,outside,99.1,85.2,1,5.48,96.0,clear,15.2,86.7,0,1,none,1,wind_down,22
22,night,1,0,none,none,999,home,95.4,91.6,0,2.41,49.7,rain,23.7,22.7,0,3,podcast,1,wind_down,22
5,morning,4,0,none,none,999,outside,70.3,63.7,4,1.22,170.7,rain,37.8,100.0,1,3,music,1,no_action,7
18,evening,2,0,school,assignment_due,61,school,79.6,99.2,6,3.17,80.7,rain,83.2,68.0,0,3,none,0,no_action,7
12,afternoon,5,1,none,none,999,outside,85.6,73.6,8,0.96,8.1,snow,40.2,55.6,1,0,none,0,read_email_alert,12
3,night,6,1,none,none,999,home,52.0,85.3,8,1.51,135.7,rain,93.8,55.0,1,4,none,1,no_action,7
9,morning,1,0,social,family_time,7,commuting,54.7,100.0,9,4.95,169.0,clear,24.9,29.3,1,2,music,0,find_parking,4
6,morning,6,1,social,dinner,100,restaurant,78.3,34.6,5,0.71,145.2,rain,7.9,51.5,0,0,music,0,no_action,7
18,evening,6,1,work,deadline,169,work,50.9,58.9,0,0.41,34.6,clear,61.5,74.3,0,2,podcast,0,no_action,7
18,evening,1,0,social,date,152,home,46.2,58.2,3,0.6,5.5,fog,91.1,67.7,0,1,music,0,no_action,7
8,morning,5,1,social,dinner,91,restaurant,76.4,100.0,0,1.06,132.3,clear,62.8,60.2,0,1,none,0,no_action,7
21,night,1,0,social,date,139,home,73.1,13.7,4,1.75,14.7,rain,37.1,80.3,1,2,none,1,charge_phone,0
23,night,4,0,none,none,999,home,58.8,86.5,0,3.12,67.6,clear,85.9,100.0,1,0,music,1,wind_down,22
21,night,0,0,social,family_time,27,home,26.3,74.0,5,2.04,13.7,clear,96.9,80.2,0,3,music,1,start_commute,17
8,morning,5,1,social,dinner,24,restaurant,62.5,80.6,1,0.91,117.5,clear,48.8,72.2,0,5,none,0,get_ready,6
22,night,6,1,none,none,999,home,66.6,66.2,1,6.06,42.3,clear,70.8,66.6,0,0,podcast,1,eat_something,1
18,evening,6,1,none,none,999,home,12.2,100.0,0,0.58,78.5,clear,76.5,53.8,0,4,music,0,social_suggestion,16
23,night,0,0,none,none,999,outside,69.9,61.2,3,5.45,3.7,clear,15.3,97.7,1,2,none,1,wind_down,22
16,afternoon,4,0,none,none,999,home,53.2,75.7,10,0.31,142.7,rain,86.2,81.8,0,4,podcast,0,no_action,7
9,morning,5,1,work,presentation,-20,commuting,49.7,55.1,4,1.93,161.9,rain,19.0,27.1,0,4,music,0,send_late_message,13
14,afternoon,6,1,social,date,138,home,37.2,92.0,5,0.09,100.2,rain,82.4,39.8,1,4,podcast,0,no_action,7
15,afternoon,3,0,health,gym,144,gym,68.7,46.4,10,0.14,18.1,clear,46.2,67.4,0,1,music,0,no_action,7
1,night,5,1,none,none,999,outside,35.0,75.6,9,1.52,112.9,snow,54.8,75.9,1,5,none,1,sleep_suggestion,15
2,night,4,0,work,focus_work,-15,work,47.7,93.1,2,3.86,101.5,snow,99.7,65.2,0,4,podcast,1,send_late_message,13
2,night,2,0,work,presentation,4,work,52.0,38.0,10,3.62,157.1,snow,14.5,64.8,0,5,none,1,silence_phone,14
0,night,5,1,none,none,999,outside,38.0,63.7,1,1.96,159.3,clear,99.0,72.1,0,5,none,1,sleep_suggestion,15
3,night,1,0,none,none,999,home,49.2,70.0,5,1.39,125.5,snow,2.9,80.7,0,0,none,1,no_action,7
9,morning,4,0,work,focus_work,27,commuting,76.4,98.5,2,0.84,179.9,fog,37.0,83.1,1,0,music,0,play_music,9
7,morning,1,0,social,dinner,80,restaurant,35.5,87.9,1,0.23,123.2,clear,56.7,26.1,1,1,none,0,no_action,7
5,morning,6,1,none,none,999,home,69.6,83.1,1,1.1,131.5,clear,73.8,80.5,1,4,none,1,no_action,7
16,afternoon,4,0,school,lecture,65,school,82.8,71.0,3,1.56,1.8,clear,96.9,61.0,1,5,podcast,0,study_for_class,18
17,evening,5,1,none,none,999,outside,13.9,75.2,8,1.38,22.6,fog,3.7,32.2,0,2,podcast,0,social_suggestion,16
3,night,0,0,social,date,109,outside,72.2,81.1,4,1.88,7.4,clear,23.6,51.9,1,5,none,1,no_action,7
18,evening,1,0,none,none,999,home,28.1,68.0,0,4.08,32.3,clear,34.4,57.8,0,4,music,0,no_action,7
21,night,0,0,none,none,999,outside,74.0,46.3,1,2.95,74.7,clear,15.1,44.3,0,3,music,1,wind_down,22
23,night,5,1,none,none,999,home,63.7,100.0,4,2.19,35.9,clear,33.1,81.2,1,2,none,1,wind_down,22
10,morning,2,0,school,assignment_due,11,school,34.5,27.3,5,4.61,16.0,snow,50.8,7.4,1,1,music,0,no_action,7
14,afternoon,6,1,health,therapy,136,home,41.9,30.4,9,4.49,10.1,clear,55.9,72.4,1,0,podcast,0,no_action,7
18,evening,4,0,social,family_time,144,outside,19.3,28.3,1,1.57,54.3,rain,3.5,37.6,0,4,podcast,0,no_action,7
4,night,2,0,school,assignment_due,135,school,30.0,40.1,0,2.3,13.8,clear,22.9,33.2,0,0,none,1,sleep_suggestion,15
16,afternoon,3,0,social,friends_hangout,42,home,43.1,38.8,9,3.05,99.4,fog,90.1,95.4,0,5,none,0,no_action,7
23,night,0,0,none,none,999,outside,67.1,71.2,8,0.22,93.5,clear,29.0,40.6,1,3,music,1,wind_down,22
21,night,4,0,none,none,999,home,18.1,92.8,5,0.71,10.4,clear,66.4,78.7,0,4,none,1,wind_down,22
10,morning,0,0,school,study_session,43,school,19.6,100.0,9,0.52,1.5,rain,7.6,47.6,0,4,none,0,study_for_class,18
23,night,2,0,social,family_time,137,home,42.1,60.4,0,2.41,109.3,clear,47.8,27.6,0,0,podcast,1,sleep_suggestion,15
8,morning,0,0,work,deadline,-25,commuting,59.4,86.6,9,1.21,24.1,clear,70.1,67.8,0,3,none,0,send_late_message,13
15,afternoon,3,0,none,none,999,outside,11.7,74.6,6,0.52,115.0,clear,55.7,92.8,1,0,podcast,0,read_email_alert,12
22,night,0,0,none,none,999,outside,50.1,88.8,3,0.63,155.0,clear,53.3,92.6,1,3,podcast,1,wind_down,22
9,morning,2,0,none,none,999,outside,49.6,58.6,0,5.09,159.9,clear,66.8,34.1,1,4,podcast,0,read_email_alert,12
15,afternoon,3,0,work,deadline,70,work,13.7,71.3,8,0.34,23.1,clear,5.0,100.0,1,1,podcast,0,no_action,7
13,afternoon,3,0,school,study_session,119,school,76.9,89.9,5,1.66,86.5,clear,33.5,53.6,1,4,none,0,study_for_class,18
8,morning,3,0,work,team_meeting,123,work,92.4,35.1,4,0.42,8.7,clear,19.2,69.8,0,2,none,0,no_action,7
16,afternoon,6,1,none,none,999,home,62.5,74.9,9,1.06,131.3,clear,90.5,67.1,0,0,music,0,focus_session,5
11,morning,0,0,school,assignment_due,179,school,89.0,73.8,4,3.33,13.7,rain,93.1,90.1,0,2,music,0,no_action,7
12,afternoon,3,0,school,exam,31,school,80.6,47.7,10,0.25,152.4,rain,21.5,34.0,0,5,podcast,0,study_for_class,18
22,night,0,0,none,none,999,home,16.5,62.7,7,0.34,9.9,clear,63.7,65.5,0,2,none,1,wind_down,22
12,afternoon,6,1,work,focus_work,16,work,56.6,75.8,0,1.13,50.4,clear,74.2,59.8,0,5,podcast,0,no_action,7
8,morning,4,0,school,study_session,119,school,31.4,73.3,2,0.43,171.7,clear,98.6,94.1,0,2,music,0,study_for_class,18
2,night,6,1,health,medication_reminder,23,outside,60.7,97.2,2,2.82,154.8,rain,53.7,85.5,0,4,podcast,1,start_commute,17
19,evening,5,1,none,none,999,outside,21.8,100.0,6,0.74,4.8,fog,60.2,64.5,0,2,music,0,social_suggestion,16
14,afternoon,5,1,health,therapy,46,home,60.0,69.9,8,2.0,178.1,clear,75.3,40.4,0,2,none,0,no_action,7
14,afternoon,6,1,none,none,999,home,26.1,100.0,5,1.36,157.3,fog,40.9,20.8,0,3,music,0,social_suggestion,16
22,night,5,1,none,none,999,outside,22.9,53.1,4,1.25,171.2,snow,38.2,73.2,0,3,music,1,wind_down,22
5,morning,6,1,school,assignment_due,122,school,94.9,80.4,8,0.03,78.8,rain,26.5,100.0,1,0,music,1,no_action,7
20,evening,0,0,school,lecture,137,school,13.1,62.1,2,4.45,135.5,clear,40.6,55.9,0,2,none,0,take_break,20
7,morning,6,1,social,dinner,37,restaurant,51.9,90.7,7,3.07,86.9,rain,72.7,77.2,0,0,none,0,no_action,7
0,night,6,1,none,none,999,home,99.4,70.3,9,0.52,37.5,rain,49.5,68.7,0,4,none,1,no_action,7
20,evening,0,0,school,assignment_due,-22,school,70.7,20.0,9,2.03,68.6,clear,37.2,57.3,0,5,none,0,send_late_message,13
8,morning,6,1,social,dinner,35,restaurant,63.5,95.8,5,7.42,86.0,rain,32.9,50.2,0,4,music,0,eat_something,1
10,morning,4,0,health,therapy,69,home,66.2,100.0,1,0.28,70.3,rain,67.0,65.3,0,4,none,0,no_action,7
11,morning,0,0,work,presentation,122,work,42.5,52.6,4,1.69,158.2,rain,16.5,60.2,0,0,podcast,0,take_break,20
7,morning,3,0,social,family_time,-22,commuting,41.8,45.4,0,0.33,143.2,rain,17.0,55.7,0,0,podcast,0,play_podcast,10
1,night,4,0,none,none,999,home,96.7,61.2,2,0.87,133.3,snow,20.5,100.0,0,5,music,1,no_action,7
21,night,4,0,work,team_meeting,138,work,35.2,97.3,0,1.05,6.7,snow,39.4,83.7,1,1,podcast,1,no_action,7
19,evening,1,0,work,focus_work,43,work,86.4,77.9,2,0.04,22.2,clear,61.6,33.9,1,4,none,0,no_action,7
8,morning,5,1,social,family_time,49,home,76.7,54.2,5,3.13,31.8,clear,7.0,32.6,0,0,none,0,no_action,7
22,night,4,0,work,focus_work,69,work,13.8,69.1,0,2.74,40.1,fog,90.0,48.3,0,2,music,1,no_action,7
4,night,3,0,none,none,999,home,44.2,100.0,2,3.64,46.7,rain,21.3,56.8,0,4,music,1,sleep_suggestion,15
13,afternoon,3,0,social,friends_hangout,90,outside,25.8,66.8,5,2.1,136.4,rain,44.7,47.1,0,0,music,0,no_action,7
10,morning,6,1,none,none,999,outside,87.0,96.0,6,1.73,142.1,rain,81.7,31.1,1,0,podcast,0,read_email_alert,12
7,morning,3,0,social,date,110,home,45.1,68.1,1,4.26,29.0,clear,65.2,66.7,0,2,podcast,0,no_action,7
19,evening,1,0,health,gym,75,gym,61.5,50.4,9,6.14,61.6,rain,68.8,69.5,1,5,music,0,eat_something,1
9,morning,1,0,school,lecture,-9,commuting,40.4,67.3,3,3.24,36.2,rain,24.1,60.7,1,4,none,0,play_music,9
18,evening,2,0,social,dinner,30,restaurant,65.9,68.0,8,1.03,4.6,clear,75.7,53.1,0,2,podcast,0,no_action,7
6,morning,3,0,social,date,129,home,43.4,43.3,2,7.18,41.9,fog,56.6,27.7,0,3,podcast,0,eat_something,1
9,morning,3,0,work,team_meeting,144,work,76.7,83.3,4,0.39,75.9,rain,83.8,51.8,0,2,music,0,no_action,7
0,night,0,0,social,date,35,outside,70.8,42.9,3,0.73,160.0,snow,31.1,52.2,0,5,music,1,start_commute,17
19,evening,1,0,social,date,19,commuting,71.3,38.9,10,3.66,22.2,clear,12.9,78.8,1,5,music,0,suggest_repeat_action,19
14,afternoon,0,0,school,assignment_due,114,school,70.3,93.5,3,2.1,75.7,clear,79.9,48.9,0,2,none,0,no_action,7
15,afternoon,6,1,social,dinner,72,restaurant,29.7,58.7,9,2.07,165.9,rain,39.0,74.9,1,3,none,0,no_action,7
5,morning,0,0,school,lecture,105,school,39.7,100.0,2,4.33,47.9,rain,38.3,93.8,0,3,none,1,study_for_class,18
2,night,4,0,none,none,999,home,67.2,100.0,7,2.34,117.9,clear,47.4,66.0,0,4,podcast,1,no_action,7
14,afternoon,1,0,social,friends_hangout,123,outside,39.7,48.3,5,1.41,63.7,clear,67.2,37.9,0,0,podcast,0,no_action,7
6,morning,5,1,social,date,40,home,55.6,80.5,10,6.31,175.1,rain,21.1,87.3,0,1,podcast,0,eat_something,1
1,night,6,1,none,none,999,home,98.2,31.8,5,0.74,136.3,clear,1.7,100.0,0,2,none,1,no_action,7
6,morning,5,1,none,none,999,home,58.0,89.9,6,4.3,80.9,clear,65.4,87.6,0,2,none,0,no_action,7
14,afternoon,0,0,health,gym,80,gym,14.1,51.6,1,6.72,76.6,clear,12.6,82.4,0,5,podcast,0,eat_something,1
4,night,1,0,work,team_meeting,77,work,23.2,41.6,0,3.14,83.7,rain,40.2,53.6,0,3,music,1,sleep_suggestion,15
11,morning,1,0,work,focus_work,21,work,40.5,23.7,7,1.44,55.2,clear,44.2,58.0,0,2,music,0,no_action,7
22,night,3,0,none,none,999,home,80.6,5.0,3,0.2,158.8,snow,99.4,37.3,0,3,none,1,charge_phone,0
7,morning,5,1,social,date,84,home,97.8,57.5,0,2.43,31.2,clear,46.7,87.5,1,4,none,0,no_action,7
17,evening,6,1,health,doctor_appointment,49,outside,36.8,52.5,8,3.83,75.6,clear,26.0,85.4,0,1,music,0,no_action,7
10,morning,3,0,work,presentation,27,work,18.1,45.8,6,1.52,175.7,clear,19.3,55.4,0,2,podcast,0,prepare_for_meeting,11
12,afternoon,2,0,health,gym,-10,gym,45.3,75.8,10,1.54,110.2,fog,68.0,100.0,0,1,none,0,no_action,7
17,evening,2,0,school,lecture,121,school,34.8,88.9,9,3.92,0.4,fog,57.1,85.0,0,4,none,0,no_action,7
16,afternoon,2,0,school,exam,144,school,39.8,100.0,7,1.61,46.4,rain,15.0,63.1,0,1,podcast,0,no_action,7
20,evening,2,0,school,assignment_due,83,school,20.1,49.4,8,2.77,44.9,clear,89.5,82.4,0,5,none,0,no_action,7
13,afternoon,1,0,none,none,999,outside,96.2,67.3,1,4.23,55.7,rain,36.0,26.0,0,4,none,0,exercise_suggestion,2
7,morning,5,1,social,date,19,commuting,28.4,32.4,3,4.55,39.2,snow,76.0,35.6,0,5,music,0,play_music,9
20,evening,3,0,work,presentation,93,work,62.2,96.3,4,3.96,18.3,clear,39.2,94.9,1,3,none,0,no_action,7
16,afternoon,6,1,none,none,999,outside,86.2,61.8,4,1.41,111.6,rain,32.8,84.4,0,0,music,0,focus_session,5
11,morning,5,1,social,friends_hangout,77,home,71.8,95.4,6,4.26,60.5,snow,39.4,70.6,0,1,music,0,no_action,7
2,night,3,0,none,none,999,home,11.1,100.0,10,2.03,97.5,fog,97.6,63.7,1,2,music,1,sleep_suggestion,15
3,night,2,0,none,none,999,home,16.0,64.5,9,2.84,80.6,clear,56.0,39.0,1,4,podcast,1,sleep_suggestion,15
13,afternoon,6,1,health,therapy,33,home,84.8,86.8,8,0.59,41.3,clear,40.9,74.1,1,0,music,0,start_commute,17
15,afternoon,3,0,work,deadline,141,work,68.8,86.5,9,7.84,12.0,clear,15.2,58.9,0,2,podcast,0,eat_something,1
18,evening,5,1,health,medication_reminder,21,home,84.4,82.7,5,2.61,34.0,clear,53.1,64.7,0,2,podcast,0,start_commute,17
14,afternoon,5,1,health,doctor_appointment,173,home,36.6,100.0,0,0.75,22.4,fog,28.5,51.9,0,3,music,0,no_action,7
17,evening,0,0,none,none,999,home,36.0,48.4,4,8.22,106.8,clear,25.8,68.1,0,4,podcast,0,eat_something,1
14,afternoon,5,1,health,medication_reminder,4,commuting,73.7,59.7,6,3.63,173.3,rain,53.9,95.3,1,3,music,0,find_parking,4
2,night,5,1,none,none,999,outside,85.3,69.9,9,0.79,63.5,snow,40.5,66.3,0,0,music,1,no_action,7
23,night,3,0,none,none,999,home,87.5,84.2,2,7.47,156.9,snow,73.4,89.6,1,2,music,1,eat_something,1
14,afternoon,0,0,work,presentation,117,work,33.0,100.0,0,2.0,163.3,rain,24.4,100.0,0,4,none,0,take_break,20
12,afternoon,5,1,none,none,999,home,92.6,41.9,10,0.03,101.4,clear,81.7,20.6,0,0,music,0,focus_session,5
0,night,5,1,none,none,999,home,44.8,64.5,10,0.43,173.5,fog,96.1,99.6,0,0,podcast,1,sleep_suggestion,15
4,night,5,1,none,none,999,home,84.9,46.3,8,0.19,63.8,rain,75.5,19.2,1,5,none,1,no_action,7
12,afternoon,3,0,work,team_meeting,64,work,62.2,100.0,6,2.5,11.2,clear,84.1,45.2,0,3,music,0,no_action,7
0,night,0,0,health,doctor_appointment,127,home,24.2,72.7,9,1.98,106.6,clear,15.7,87.0,0,1,none,1,sleep_suggestion,15
3,night,2,0,none,none,999,outside,14.7,63.6,9,2.83,70.2,rain,62.5,75.9,0,5,none,1,sleep_suggestion,15
7,morning,3,0,school,lecture,111,school,87.3,35.4,3,0.3,173.4,snow,17.3,88.8,0,5,none,0,study_for_class,18
9,morning,4,0,school,study_session,66,school,22.5,72.9,6,0.09,1.6,clear,53.9,64.7,0,1,music,0,study_for_class,18
19,evening,3,0,work,focus_work,99,work,44.2,81.7,2,2.69,5.5,snow,56.8,63.8,0,4,music,0,no_action,7
7,morning,5,1,social,date,93,home,37.1,66.5,6,3.03,94.6,clear,67.7,69.5,0,0,music,0,no_action,7
7,morning,1,0,school,assignment_due,143,school,59.0,16.5,5,0.29,1.0,rain,71.2,64.2,1,2,podcast,0,no_action,7
10,morning,6,1,school,study_session,124,school,29.0,68.4,6,0.68,116.6,rain,41.2,38.9,0,4,podcast,0,take_break,20
22,night,3,0,none,none,999,home,12.0,84.7,4,0.81,10.3,clear,50.1,100.0,0,5,music,1,wind_down,22
13,afternoon,2,0,social,dinner,172,restaurant,35.3,84.8,4,0.2,45.6,clear,59.3,73.9,0,1,none,0,no_action,7
16,afternoon,6,1,health,gym,127,gym,15.5,87.0,2,10.0,94.1,clear,41.4,47.4,0,2,none,0,eat_something,1
4,night,4,0,none,none,999,home,17.8,23.2,7,0.41,34.1,snow,96.4,44.3,0,1,none,1,sleep_suggestion,15
10,morning,5,1,none,none,999,home,76.6,100.0,0,0.12,131.7,fog,70.6,100.0,1,1,music,0,read_email_alert,12
10,morning,0,0,health,gym,140,gym,86.9,54.7,9,1.93,109.7,clear,24.0,76.4,0,1,podcast,0,no_action,7
11,morning,3,0,school,lecture,104,school,26.2,100.0,9,2.38,141.7,clear,32.7,75.0,0,5,none,0,study_for_class,18
18,evening,1,0,work,deadline,-5,work,25.5,100.0,0,1.72,121.8,clear,89.5,81.1,0,0,music,0,take_break,20
6,morning,5,1,health,medication_reminder,-5,commuting,67.9,58.4,3,1.46,39.7,fog,32.3,66.1,0,1,none,0,play_music,9
13,afternoon,2,0,school,assignment_due,48,school,97.2,74.5,6,2.13,40.4,rain,69.6,58.3,0,3,podcast,0,no_action,7
1,night,1,0,none,none,999,outside,35.1,87.3,5,0.63,97.0,rain,14.6,100.0,0,3,none,1,sleep_suggestion,15
18,evening,1,0,work,deadline,141,work,84.2,41.2,9,1.13,70.2,clear,28.1,63.8,1,4,music,0,no_action,7
8,morning,3,0,health,gym,-1,gym,60.6,100.0,4,1.84,103.4,clear,72.5,90.9,0,2,podcast,0,no_action,7
13,afternoon,3,0,work,presentation,44,work,64.2,52.2,3,8.33,52.5,clear,19.1,73.5,0,5,podcast,0,eat_something,1
6,morning,0,0,health,medication_reminder,-4,commuting,47.9,89.8,1,0.83,108.6,clear,52.0,54.3,0,4,none,0,play_music,9
11,morning,0,0,school,lecture,91,school,64.0,61.2,3,3.87,73.6,snow,61.3,79.3,1,0,none,0,study_for_class,18
23,night,4,0,none,none,999,home,45.1,100.0,2,2.0,170.5,clear,72.9,100.0,0,5,none,1,wind_down,22
1,night,3,0,none,none,999,home,44.7,50.5,6,1.77,71.5,clear,82.5,100.0,0,3,music,1,sleep_suggestion,15
13,afternoon,2,0,school,study_session,99,school,55.5,80.3,10,0.71,20.1,rain,54.1,40.1,0,3,none,0,study_for_class,18
18,evening,6,1,health,therapy,28,outside,70.4,100.0,10,0.48,61.0,rain,64.3,52.4,1,2,music,0,start_commute,17
23,night,4,0,none,none,999,home,67.0,96.8,0,2.56,107.5,rain,2.7,67.6,1,4,podcast,1,wind_down,22
13,afternoon,6,1,health,therapy,103,outside,82.1,63.3,4,0.64,46.2,clear,9.4,99.3,0,5,none,0,no_action,7
8,morning,4,0,work,presentation,111,work,34.1,50.6,2,0.06,157.9,rain,6.2,60.1,0,0,podcast,0,take_break,20
8,morning,3,0,social,dinner,70,restaurant,20.7,43.3,6,5.84,78.1,fog,10.5,77.9,0,4,none,0,no_action,7
4,night,3,0,none,none,999,home,56.7,53.4,8,1.0,81.3,clear,15.9,73.1,1,2,none,1,no_action,7
17,evening,6,1,health,therapy,176,home,14.3,94.2,7,0.81,50.4,clear,73.4,34.6,1,1,none,0,no_action,7
20,evening,0,0,social,friends_hangout,84,outside,14.2,40.8,3,0.52,170.2,clear,7.7,62.8,0,5,music,0,no_action,7
11,morning,6,1,health,gym,-9,gym,70.2,77.1,7,0.34,116.6,snow,8.3,100.0,0,0,music,0,no_action,7
14,afternoon,3,0,health,medication_reminder,35,outside,70.3,32.2,1,0.31,132.4,clear,14.8,82.2,0,5,none,0,start_commute,17
16,afternoon,5,1,health,doctor_appointment,85,home,59.1,100.0,6,3.88,60.2,clear,75.3,40.6,1,0,none,0,no_action,7
0,night,0,0,none,none,999,outside,92.1,93.4,2,0.98,92.6,clear,54.2,87.6,0,5,none,1,no_action,7
23,night,2,0,school,exam,42,school,67.5,68.2,4,4.23,136.8,rain,19.2,31.5,0,0,music,1,study_for_class,18
9,morning,2,0,health,gym,-15,gym,37.8,37.6,7,1.58,23.2,rain,24.9,30.5,1,3,podcast,0,no_action,7
4,night,1,0,none,none,999,home,78.0,53.2,1,1.49,58.3,clear,69.4,5.0,1,3,music,1,no_action,7
4,night,6,1,social,family_time,4,commuting,42.9,61.9,2,2.52,40.0,clear,17.3,100.0,0,0,podcast,1,sleep_suggestion,15
23,night,6,1,none,none,999,home,22.8,76.9,5,0.71,112.2,clear,53.1,42.5,0,2,music,1,sleep_suggestion,15
23,night,1,0,none,none,999,home,86.2,87.0,6,3.24,16.3,clear,35.6,29.9,0,1,none,1,wind_down,22
23,night,5,1,social,family_time,84,outside,69.7,81.0,7,5.69,171.4,rain,75.3,40.4,0,0,music,1,no_action,7
5,morning,3,0,none,none,999,home,84.2,90.5,10,0.64,131.5,clear,73.2,52.0,0,2,music,1,no_action,7
8,morning,2,0,health,medication_reminder,151,home,59.3,89.9,3,1.73,119.1,rain,41.9,55.7,0,3,none,0,no_action,7
11,morning,1,0,social,family_time,71,outside,69.9,7.3,8,0.11,118.6,rain,65.8,48.1,0,3,podcast,0,charge_phone,0
13,afternoon,0,0,health,gym,165,gym,56.3,41.2,1,0.18,111.0,rain,60.7,58.8,0,1,none,0,no_action,7
13,afternoon,3,0,work,focus_work,-29,work,89.2,100.0,2,4.73,95.2,fog,51.8,78.9,0,4,podcast,0,send_late_message,13
9,morning,1,0,social,dinner,126,restaurant,95.2,87.7,7,0.37,47.1,rain,18.4,71.0,0,3,music,0,no_action,7
13,afternoon,1,0,school,assignment_due,-8,school,65.1,100.0,3,2.08,174.9,fog,2.3,69.7,0,5,none,0,take_break,20
18,evening,1,0,health,therapy,41,outside,39.4,96.5,7,2.61,117.6,clear,34.9,100.0,0,5,music,0,no_action,7
23,night,2,0,none,none,999,home,97.4,89.7,6,0.05,47.0,snow,34.4,89.8,0,1,none,1,wind_down,22
10,morning,1,0,social,friends_hangout,106,outside,16.6,71.3,2,2.12,32.8,rain,52.4,96.5,0,2,music,0,no_action,7
20,evening,3,0,school,exam,81,school,37.8,48.2,7,2.43,117.1,rain,64.3,76.2,0,3,music,0,study_for_class,18
20,evening,1,0,none,none,999,home,84.7,83.8,9,10.0,77.2,rain,97.5,51.0,0,0,none,0,eat_something,1
5,morning,1,0,none,none,999,home,13.4,86.8,9,3.28,4.8,clear,25.1,50.3,0,0,none,1,no_action,7
1,night,6,1,none,none,999,home,41.5,58.9,10,5.29,5.6,clear,89.7,55.1,1,3,music,1,sleep_suggestion,15
0,night,2,0,none,none,999,home,79.5,66.1,6,3.04,41.5,fog,91.6,35.1,1,4,podcast,1,no_action,7
19,evening,6,1,social,dinner,157,restaurant,47.5,24.7,9,2.19,37.8,rain,64.4,60.5,0,0,music,0,no_action,7
15,afternoon,6,1,health,doctor_appointment,-6,commuting,16.9,85.8,9,1.76,147.8,rain,68.9,87.5,0,1,none,0,no_action,7
16,afternoon,1,0,social,dinner,111,restaurant,21.7,100.0,1,0.54,111.4,snow,16.3,100.0,1,0,music,0,no_action,7
17,evening,3,0,work,deadline,74,work,66.7,68.2,8,0.07,14.0,rain,35.0,86.1,0,4,music,0,no_action,7
22,night,1,0,none,none,999,home,59.9,85.2,2,0.77,140.2,snow,82.8,29.0,1,0,music,1,wind_down,22
18,evening,0,0,work,presentation,84,work,82.9,47.6,2,2.86,147.7,clear,29.6,68.2,0,4,none,0,take_break,20
8,morning,6,1,social,date,81,home,73.3,52.6,5,0.82,176.2,rain,58.9,29.9,0,0,none,0,no_action,7
23,night,1,0,social,friends_hangout,169,home,66.1,57.8,4,0.16,8.1,clear,69.7,53.8,0,3,music,1,no_action,7
9,morning,5,1,none,none,999,home,82.4,47.3,1,1.52,148.6,rain,58.0,54.8,0,2,none,0,exercise_suggestion,2
3,night,1,0,work,deadline,4,work,73.6,97.2,8,2.45,173.7,rain,60.2,97.8,0,0,none,1,take_break,20
23,night,1,0,social,family_time,147,home,69.5,88.6,2,0.03,13.9,fog,60.1,85.2,0,2,none,1,no_action,7
18,evening,4,0,none,none,999,outside,87.8,61.4,5,0.05,164.0,clear,33.9,58.4,1,2,music,0,read_email_alert,12
13,afternoon,1,0,social,family_time,70,home,66.7,76.7,4,2.0,137.4,rain,96.1,57.5,0,2,podcast,0,no_action,7
8,morning,5,1,none,none,999,home,53.5,61.7,10,5.35,120.6,snow,6.7,98.1,0,5,none,0,no_action,7
7,morning,0,0,work,presentation,123,work,92.5,87.4,4,6.26,81.6,clear,77.4,91.4,1,5,none,0,eat_something,1
11,morning,6,1,none,none,999,home,82.2,60.5,0,3.18,60.3,clear,7.0,81.1,0,1,music,0,exercise_suggestion,2
22,night,2,0,none,none,999,home,78.2,94.9,8,2.73,3.6,rain,22.1,87.2,0,1,none,1,wind_down,22
19,evening,3,0,social,family_time,57,home,22.6,74.8,9,1.63,138.7,snow,78.2,84.3,1,5,none,0,no_action,7
18,evening,5,1,social,family_time,15,commuting,30.9,96.0,10,0.24,90.0,rain,93.8,69.2,1,2,none,0,get_ready,6
19,evening,2,0,school,lecture,65,school,40.1,43.6,5,2.92,41.9,fog,71.6,57.2,0,1,music,0,study_for_class,18
12,afternoon,0,0,social,friends_hangout,-17,commuting,32.4,48.1,8,0.85,114.5,clear,37.7,65.2,0,4,music,0,send_late_message,13
13,afternoon,2,0,social,dinner,87,restaurant,89.5,75.0,7,1.63,112.8,clear,11.0,74.1,1,0,podcast,0,no_action,7
13,afternoon,6,1,none,none,999,home,80.1,58.7,5,0.93,122.3,snow,98.0,73.6,1,3,music,0,read_email_alert,12
5,morning,3,0,none,none,999,outside,64.1,63.3,0,1.36,67.4,clear,45.8,57.8,0,4,none,1,no_action,7
11,morning,2,0,work,focus_work,158,work,92.1,100.0,5,1.79,39.2,rain,40.7,44.9,0,2,music,0,no_action,7
22,night,1,0,work,presentation,88,work,65.1,64.4,9,5.05,20.0,clear,77.4,65.0,0,4,music,1,no_action,7
13,afternoon,2,0,school,assignment_due,33,school,99.0,70.1,9,2.53,178.7,clear,72.7,96.3,1,1,none,0,take_break,20
10,morning,1,0,school,study_session,0,school,17.5,96.5,6,5.32,80.2,fog,39.6,100.0,0,4,podcast,0,no_action,7
6,morning,5,1,social,friends_hangout,55,home,12.9,100.0,6,2.34,14.5,clear,83.7,55.4,0,5,none,0,no_action,7
6,morning,0,0,work,presentation,15,commuting,64.1,80.4,8,0.91,30.9,clear,88.2,52.1,0,1,none,0,play_music,9
22,night,0,0,none,none,999,home,46.5,67.6,2,5.07,14.5,clear,81.1,54.5,0,3,none,1,wind_down,22
7,morning,5,1,health,therapy,130,home,51.8,60.8,3,0.14,89.8,clear,82.2,44.6,1,1,none,0,no_action,7
12,afternoon,6,1,health,doctor_appointment,110,outside,38.1,77.9,10,3.15,87.9,snow,33.9,80.0,0,2,podcast,0,no_action,7
20,evening,3,0,work,focus_work,156,work,63.7,75.3,0,10.0,110.2,clear,72.4,76.1,0,4,podcast,0,eat_something,1
5,morning,0,0,none,none,999,home,64.5,44.1,10,3.28,168.6,clear,53.3,37.7,0,2,music,1,no_action,7
11,morning,3,0,school,lecture,89,school,75.3,100.0,3,1.75,154.9,clear,4.4,73.4,0,0,podcast,0,study_for_class,18
21,night,1,0,social,friends_hangout,7,commuting,35.4,100.0,5,1.78,25.8,rain,89.8,84.1,0,0,none,1,find_parking,4
9,morning,6,1,social,family_time,159,home,67.9,93.9,6,1.08,4.5,clear,24.0,76.0,0,0,none,0,no_action,7
18,evening,3,0,social,date,161,outside,94.9,66.8,3,0.8,72.7,clear,86.5,63.8,0,5,music,0,no_action,7
11,morning,0,0,social,date,45,home,96.0,84.6,0,1.64,134.6,rain,2.9,82.6,1,4,music,0,no_action,7
21,night,3,0,health,therapy,118,home,57.5,23.3,9,1.61,16.1,rain,76.9,76.3,0,2,podcast,1,no_action,7
17,evening,2,0,health,doctor_appointment,167,outside,86.2,67.7,9,2.98,116.1,rain,51.9,53.5,1,0,none,0,no_action,7
16,afternoon,1,0,health,medication_reminder,35,home,18.5,100.0,4,2.88,36.4,clear,36.2,88.1,1,5,podcast,0,start_commute,17
9,morning,3,0,social,dinner,84,restaurant,64.5,84.2,1,0.33,74.6,fog,20.6,38.9,0,1,music,0,no_action,7
18,evening,1,0,school,exam,151,school,29.6,94.1,5,0.02,74.6,rain,29.5,50.3,0,4,music,0,no_action,7
4,night,5,1,health,therapy,94,outside,60.1,80.4,1,0.96,59.4,fog,97.2,43.6,0,4,podcast,1,no_action,7
4,night,1,0,social,family_time,114,home,63.9,68.1,6,2.57,148.7,clear,56.5,37.9,0,1,none,1,no_action,7
20,evening,0,0,social,dinner,-13,restaurant,22.1,87.2,1,6.16,106.7,clear,43.8,35.2,0,0,music,0,eat_something,1
0,night,3,0,none,none,999,outside,44.2,67.4,8,1.24,129.3,clear,52.3,78.5,0,0,podcast,1,sleep_suggestion,15
5,morning,5,1,none,none,999,outside,79.3,48.2,9,0.04,128.9,clear,77.4,84.5,0,5,music,1,no_action,7
6,morning,6,1,social,friends_hangout,-11,commuting,33.3,63.0,10,1.46,112.0,clear,94.0,91.3,0,3,none,0,send_late_message,13
12,afternoon,6,1,social,dinner,-22,restaurant,11.7,80.8,8,4.32,142.0,fog,31.6,15.8,0,2,music,0,send_late_message,13
5,morning,1,0,none,none,999,home,91.3,97.6,3,1.56,75.9,clear,23.7,96.4,1,2,none,1,no_action,7
7,morning,2,0,school,exam,90,school,38.3,68.9,2,0.2,167.1,rain,51.6,100.0,1,4,none,0,study_for_class,18
0,night,3,0,social,date,52,home,54.5,49.6,6,2.08,78.8,clear,71.8,100.0,0,4,none,1,no_action,7
11,morning,0,0,school,study_session,176,school,24.2,92.4,5,0.78,79.0,clear,83.2,69.1,1,1,none,0,no_action,7
3,night,0,0,none,none,999,home,44.9,63.6,7,0.11,86.2,clear,6.3,51.8,0,0,podcast,1,sleep_suggestion,15
17,evening,1,0,health,medication_reminder,50,home,73.4,30.6,4,0.94,23.8,rain,5.2,80.8,0,0,none,0,no_action,7
22,night,1,0,none,none,999,home,67.1,44.6,1,2.01,50.1,clear,41.8,97.4,0,0,none,1,wind_down,22
17,evening,4,0,work,presentation,19,work,12.7,65.1,8,0.05,25.1,rain,29.5,83.5,0,5,none,0,prepare_for_meeting,11
0,night,5,1,none,none,999,home,83.7,83.1,7,0.38,129.6,clear,69.9,63.8,0,1,podcast,1,no_action,7
21,night,5,1,health,doctor_appointment,105,outside,22.5,97.4,2,3.83,4.9,clear,98.8,20.3,0,5,music,1,no_action,7
1,night,5,1,none,none,999,home,20.5,100.0,2,0.88,98.1,clear,28.2,76.3,0,1,music,1,sleep_suggestion,15
8,morning,5,1,school,lecture,26,commuting,84.1,96.9,6,0.17,37.3,snow,86.2,69.6,0,5,none,0,play_music,9
14,afternoon,3,0,school,exam,10,school,84.5,69.9,8,1.35,115.5,clear,96.7,64.2,0,1,music,0,take_break,20
11,morning,3,0,work,deadline,-24,work,56.3,73.5,0,9.66,42.0,clear,38.4,10.4,0,4,music,0,eat_something,1
18,evening,0,0,social,friends_hangout,135,home,49.1,62.7,10,0.41,69.1,rain,75.5,100.0,0,1,music,0,no_action,7
12,afternoon,1,0,school,assignment_due,-11,school,81.8,100.0,1,1.75,166.7,clear,76.2,100.0,0,2,none,0,send_late_message,13
11,morning,1,0,work,team_meeting,123,work,23.8,54.1,8,3.33,44.5,clear,85.2,86.7,1,1,none,0,no_action,7
4,night,5,1,social,family_time,38,home,86.8,45.1,0,1.97,145.4,fog,72.7,74.1,1,2,none,1,start_commute,17
23,night,5,1,none,none,999,home,21.6,100.0,5,3.23,164.6,clear,8.8,37.0,1,1,none,1,sleep_suggestion,15
22,night,5,1,none,none,999,home,16.4,84.5,1,1.12,47.2,rain,57.4,98.3,0,1,none,1,wind_down,22
4,night,3,0,none,none,999,home,20.2,72.4,5,4.24,26.1,clear,65.3,68.0,0,3,podcast,1,sleep_suggestion,15
6,morning,6,1,social,date,15,commuting,46.8,75.3,0,2.69,162.0,clear,28.6,72.7,0,4,music,0,play_music,9
7,morning,1,0,school,study_session,108,school,44.3,95.1,3,3.41,178.8,snow,45.5,47.0,0,1,music,0,study_for_class,18
17,evening,4,0,school,lecture,-16,school,59.7,64.0,3,8.84,142.8,rain,62.3,48.5,1,3,music,0,eat_something,1
9,morning,4,0,health,doctor_appointment,151,home,81.4,77.0,5,2.88,133.2,clear,89.5,41.2,1,3,none,0,no_action,7
7,morning,2,0,school,exam,47,commuting,81.8,84.6,5,3.28,10.7,rain,25.5,31.0,0,5,music,0,play_music,9
9,morning,5,1,health,gym,72,gym,34.5,78.2,7,1.37,5.0,clear,51.7,76.0,0,5,none,0,no_action,7
21,night,6,1,health,doctor_appointment,132,home,61.0,100.0,3,1.33,96.8,clear,61.6,65.7,0,3,podcast,1,no_action,7
15,afternoon,1,0,work,deadline,-8,work,46.5,100.0,9,6.08,120.8,clear,61.8,81.6,0,1,podcast,0,eat_something,1
23,night,1,0,none,none,999,outside,87.2,59.5,2,0.49,145.8,clear,11.0,33.2,0,1,none,1,wind_down,22
17,evening,1,0,school,study_session,80,school,95.3,10.5,9,0.77,33.0,rain,13.5,49.0,1,4,none,0,charge_phone,0
12,afternoon,4,0,health,medication_reminder,21,home,91.0,55.3,7,0.89,86.5,snow,2.2,16.1,0,3,none,0,start_commute,17
1,night,6,1,none,none,999,home,10.9,69.8,9,2.39,70.1,clear,18.3,100.0,1,1,music,1,sleep_suggestion,15
9,morning,5,1,none,none,999,outside,75.6,60.9,7,0.55,85.5,rain,49.0,54.6,0,1,music,0,focus_session,5
10,morning,2,0,work,presentation,-25,work,59.1,52.7,2,0.51,147.8,clear,59.8,55.9,0,2,podcast,0,send_late_message,13
3,night,4,0,none,none,999,home,87.3,81.1,9,0.8,128.2,clear,63.6,83.0,0,2,podcast,1,no_action,7
3,night,3,0,social,dinner,121,restaurant,28.8,60.1,1,3.92,22.0,clear,27.4,69.9,0,0,music,1,sleep_suggestion,15
2,night,4,0,none,none,999,home,10.7,100.0,10,1.68,113.3,clear,3.0,53.4,1,1,none,1,sleep_suggestion,15
11,morning,0,0,school,lecture,75,school,71.4,77.6,9,2.19,76.7,clear,47.7,62.0,0,5,none,0,study_for_class,18
22,night,4,0,social,dinner,84,restaurant,53.0,41.2,3,10.0,73.5,rain,23.6,33.1,0,0,none,1,eat_something,1
6,morning,0,0,work,presentation,-24,commuting,21.6,85.6,7,4.94,105.8,clear,95.3,49.9,0,4,none,0,send_late_message,13
4,night,2,0,none,none,999,home,22.4,49.0,10,1.38,144.5,rain,87.0,84.7,0,5,music,1,sleep_suggestion,15
8,morning,4,0,work,deadline,91,work,95.4,51.0,9,8.53,42.3,clear,88.8,54.4,1,1,music,0,eat_something,1
14,afternoon,2,0,none,none,999,outside,46.7,65.0,10,3.03,110.1,clear,63.1,56.2,0,5,podcast,0,no_action,7
3,night,2,0,none,none,999,outside,61.6,81.0,8,1.72,153.4,clear,55.6,19.1,1,0,none,1,no_action,7
14,afternoon,0,0,work,focus_work,-20,work,20.7,54.5,0,0.74,6.8,clear,5.8,56.9,0,2,music,0,send_late_message,13
1,night,0,0,none,none,999,home,52.4,86.6,1,0.02,29.2,clear,28.6,59.0,0,3,podcast,1,no_action,7
6,morning,6,1,school,lecture,127,school,43.1,79.1,5,4.01,13.4,rain,89.3,55.0,0,5,none,0,no_action,7
16,afternoon,5,1,health,doctor_appointment,93,outside,63.3,45.1,9,10.0,161.9,clear,16.6,58.7,0,4,none,0,eat_something,1
20,evening,3,0,work,deadline,54,work,81.1,76.4,1,3.36,35.7,rain,31.6,43.9,0,3,music,0,no_action,7
17,evening,0,0,school,exam,49,school,43.5,100.0,4,0.29,80.9,snow,32.3,53.2,0,5,music,0,study_for_class,18
19,evening,4,0,social,dinner,149,restaurant,73.7,100.0,7,2.04,120.7,snow,33.3,100.0,0,4,none,0,no_action,7
22,night,4,0,none,none,999,home,67.3,100.0,9,0.74,40.6,clear,0.4,54.8,0,4,none,1,wind_down,22
17,evening,2,0,health,gym,166,gym,51.7,54.1,9,2.05,97.1,clear,34.2,83.4,0,0,music,0,no_action,7
4,night,5,1,none,none,999,home,59.1,36.8,3,3.21,136.6,clear,2.1,72.9,0,2,none,1,no_action,7
15,afternoon,0,0,health,doctor_appointment,81,outside,11.5,82.9,3,0.79,169.8,clear,20.4,58.6,1,1,none,0,no_action,7
2,night,2,0,none,none,999,outside,11.6,47.4,3,2.36,139.7,rain,78.2,40.2,0,1,none,1,sleep_suggestion,15
4,night,3,0,none,none,999,home,39.9,49.5,10,0.87,55.6,rain,13.2,46.8,0,1,podcast,1,sleep_suggestion,15
14,afternoon,3,0,none,none,999,home,75.1,95.7,4,0.06,17.8,clear,24.5,95.2,0,1,music,0,focus_session,5
5,morning,3,0,none,none,999,home,18.9,56.6,5,0.0,0.3,clear,42.4,60.6,0,1,none,1,no_action,7
23,night,6,1,none,none,999,home,88.3,50.2,4,2.11,115.7,clear,15.0,85.5,0,1,podcast,1,wind_down,22
22,night,4,0,none,none,999,home,27.7,99.3,7,0.15,8.2,clear,25.5,50.5,0,1,music,1,wind_down,22
18,evening,1,0,none,none,999,home,55.2,46.5,9,0.34,59.2,clear,69.8,88.4,0,2,none,0,no_action,7
3,night,3,0,none,none,999,home,43.9,100.0,8,0.35,105.6,clear,70.1,63.4,1,0,none,1,sleep_suggestion,15
7,morning,5,1,social,date,163,outside,97.5,62.7,8,3.51,19.4,rain,69.8,29.5,1,4,podcast,0,no_action,7
5,morning,4,0,none,none,999,home,21.8,77.2,3,0.06,49.2,clear,33.1,59.4,0,2,music,1,no_action,7
8,morning,5,1,social,friends_hangout,85,outside,45.3,52.7,3,2.7,40.5,rain,45.2,73.0,0,3,music,0,no_action,7
2,night,1,0,none,none,999,home,28.2,61.7,6,0.37,16.3,clear,57.1,57.6,0,1,none,1,sleep_suggestion,15
14,afternoon,5,1,social,dinner,8,restaurant,13.6,39.3,0,3.96,179.2,clear,11.6,14.1,0,0,music,0,get_ready,6
0,night,4,0,social,family_time,35,home,98.1,52.1,6,2.84,10.4,rain,69.5,92.4,0,2,none,1,start_commute,17
22,night,5,1,social,date,13,commuting,80.1,78.5,4,3.31,148.2,snow,93.7,91.9,0,1,none,1,get_ready,6
13,afternoon,2,0,work,deadline,45,work,70.2,75.5,3,0.91,158.5,clear,98.2,48.7,1,0,podcast,0,take_break,20
2,night,5,1,none,none,999,outside,49.5,54.9,2,0.63,83.0,snow,61.2,39.2,0,5,none,1,no_action,7
22,night,4,0,none,none,999,outside,68.2,44.4,5,1.26,116.0,snow,70.2,100.0,0,3,music,1,wind_down,22
19,evening,2,0,school,lecture,150,school,78.3,85.5,4,0.47,16.8,fog,24.1,35.6,1,4,none,0,no_action,7
14,afternoon,2,0,social,friends_hangout,144,outside,24.4,70.0,6,3.63,75.1,snow,48.5,63.8,1,5,music,0,no_action,7
7,morning,3,0,school,study_session,19,commuting,30.2,86.8,0,1.85,78.0,fog,92.7,72.5,0,4,music,0,play_music,9
12,afternoon,0,0,health,therapy,137,outside,36.9,84.4,10,0.42,13.9,snow,53.1,90.5,1,0,music,0,no_action,7
20,evening,0,0,social,friends_hangout,113,home,43.1,100.0,1,1.11,86.8,clear,96.9,100.0,0,1,music,0,no_action,7
14,afternoon,4,0,health,medication_reminder,81,home,70.1,45.0,7,2.19,145.2,clear,41.6,95.6,0,4,none,0,no_action,7
7,morning,3,0,health,medication_reminder,-24,commuting,53.3,44.6,2,1.68,123.5,clear,7.3,100.0,0,2,none,0,play_music,9
19,evening,3,0,work,presentation,-4,work,94.6,85.3,6,4.77,104.3,snow,77.7,100.0,1,3,none,0,silence_phone,14
20,evening,0,0,social,dinner,122,restaurant,71.5,39.3,1,1.88,175.1,clear,8.0,71.0,1,2,podcast,0,no_action,7
14,afternoon,0,0,health,medication_reminder,1,commuting,80.2,100.0,10,0.03,25.9,rain,8.0,47.0,0,1,podcast,0,find_parking,4
21,night,2,0,social,date,152,home,24.6,30.1,1,1.04,177.6,rain,39.4,72.3,0,5,podcast,1,no_action,7
2,night,4,0,none,none,999,home,18.2,52.9,4,0.85,28.6,rain,44.7,92.0,1,1,podcast,1,sleep_suggestion,15
23,night,6,1,work,deadline,73,work,14.2,88.4,9,4.92,17.8,clear,25.7,16.7,1,2,music,1,sleep_suggestion,15
7,morning,4,0,school,study_session,83,school,65.8,87.6,0,1.39,67.3,clear,25.0,76.4,0,3,podcast,0,study_for_class,18
6,morning,0,0,social,date,143,home,41.3,68.2,8,4.09,23.2,clear,46.8,74.6,0,4,music,0,no_action,7
0,night,0,0,none,none,999,home,48.1,36.1,9,1.7,175.3,rain,14.3,73.3,0,4,podcast,1,no_action,7
22,night,4,0,none,none,999,home,50.6,37.0,4,0.96,164.5,fog,28.0,91.6,0,1,podcast,1,wind_down,22
20,evening,4,0,school,lecture,45,school,21.4,100.0,7,4.08,151.7,clear,80.9,73.9,0,0,podcast,0,study_for_class,18
20,evening,6,1,none,none,999,outside,16.1,75.7,4,1.77,107.6,clear,94.9,57.3,0,3,none,0,social_suggestion,16
23,night,4,0,work,deadline,170,work,45.8,52.7,10,0.91,51.0,clear,53.0,100.0,0,0,podcast,1,no_action,7
23,night,6,1,none,none,999,home,63.9,79.2,7,0.28,130.0,clear,69.3,88.3,0,1,music,1,wind_down,22
8,morning,6,1,social,date,10,commuting,11.2,83.0,10,4.86,49.5,clear,28.5,78.1,1,2,music,0,play_music,9
8,morning,4,0,social,date,115,outside,74.3,73.8,1,4.24,138.9,clear,40.1,56.8,0,4,music,0,no_action,7
16,afternoon,6,1,social,family_time,144,outside,45.3,67.6,7,0.07,64.6,clear,88.9,100.0,1,1,none,0,no_action,7
15,afternoon,1,0,social,family_time,19,commuting,27.5,89.9,0,1.52,102.8,clear,35.4,52.5,1,2,music,0,play_music,9
0,night,2,0,none,none,999,outside,48.1,53.7,8,1.47,29.1,rain,34.2,100.0,0,2,music,1,no_action,7
13,afternoon,4,0,work,focus_work,80,work,32.8,43.5,0,2.55,142.8,snow,30.6,83.3,0,0,none,0,take_break,20
18,evening,0,0,health,doctor_appointment,95,outside,60.5,66.0,2,1.93,176.3,fog,14.9,81.4,1,2,podcast,0,no_action,7
15,afternoon,5,1,work,presentation,169,work,52.1,92.4,9,0.14,37.7,clear,86.7,70.2,0,3,music,0,no_action,7
9,morning,2,0,work,deadline,156,work,32.5,97.6,8,3.35,23.2,clear,94.5,95.9,0,0,none,0,no_action,7
5,morning,2,0,none,none,999,home,42.8,100.0,6,0.06,175.3,snow,76.1,62.0,0,2,none,1,no_action,7
23,night,1,0,health,therapy,162,home,39.6,71.8,8,1.0,81.3,fog,33.3,48.1,0,1,none,1,sleep_suggestion,15
4,night,2,0,none,none,999,home,57.9,65.8,0,7.39,7.6,fog,10.8,91.7,0,3,none,1,eat_something,1
20,evening,0,0,health,doctor_appointment,96,outside,71.5,58.1,5,4.17,143.7,rain,3.0,43.3,0,0,music,0,no_action,7
21,night,3,0,social,date,2,commuting,53.9,60.9,6,0.86,168.7,clear,64.5,33.5,0,1,music,1,find_parking,4
2,night,5,1,none,none,999,outside,50.0,51.0,4,2.66,173.1,clear,8.5,57.1,0,0,none,1,no_action,7
4,night,6,1,none,none,999,home,51.8,60.3,9,3.76,168.8,clear,97.0,41.7,1,5,none,1,no_action,7
3,night,3,0,none,none,999,outside,75.2,82.7,8,2.34,98.5,snow,5.0,75.9,0,2,podcast,1,no_action,7
10,morning,4,0,social,date,34,home,21.2,50.4,9,2.4,151.7,clear,49.0,86.8,0,5,podcast,0,start_commute,17
13,afternoon,4,0,social,family_time,99,outside,69.5,75.8,4,3.5,37.5,rain,87.5,68.8,0,3,podcast,0,no_action,7
2,night,2,0,none,none,999,home,89.0,100.0,9,1.05,75.4,clear,49.7,73.6,0,5,none,1,no_action,7
14,afternoon,0,0,health,gym,29,gym,63.0,79.4,9,0.66,66.1,rain,68.7,79.7,0,3,none,0,no_action,7
0,night,3,0,none,none,999,home,21.7,60.4,6,0.16,108.8,clear,80.9,31.9,0,2,none,1,sleep_suggestion,15
7,morning,3,0,school,exam,158,school,70.9,100.0,6,1.42,149.2,snow,27.6,67.2,0,4,podcast,0,take_break,20
15,afternoon,6,1,none,none,999,outside,26.5,97.3,10,0.87,22.7,clear,68.9,80.4,0,1,music,0,social_suggestion,16
16,afternoon,1,0,work,focus_work,27,work,48.2,100.0,8,0.57,76.9,clear,5.6,45.9,0,1,music,0,no_action,7
22,night,2,0,none,none,999,home,20.1,100.0,3,3.13,4.7,rain,46.4,71.2,0,5,none,1,wind_down,22
13,afternoon,3,0,work,deadline,3,work,34.5,100.0,1,3.48,160.6,snow,61.6,65.6,0,0,none,0,take_break,20
19,evening,3,0,work,team_meeting,35,work,88.2,89.9,5,0.21,43.0,fog,27.4,40.2,0,0,none,0,no_action,7
8,morning,4,0,health,medication_reminder,152,home,53.3,66.2,5,1.18,95.6,clear,67.4,86.4,0,5,none,0,no_action,7
22,night,2,0,work,focus_work,132,work,42.3,100.0,6,2.12,100.3,clear,81.6,75.4,1,5,none,1,take_break,20
0,night,5,1,none,none,999,home,33.5,64.6,7,0.9,88.7,clear,86.4,42.1,0,5,podcast,1,sleep_suggestion,15
0,night,0,0,none,none,999,outside,42.9,93.2,9,2.06,5.1,clear,35.4,100.0,0,5,music,1,sleep_suggestion,15
17,evening,6,1,social,friends_hangout,154,outside,32.4,31.3,2,1.7,158.7,rain,43.9,96.6,0,2,none,0,no_action,7
10,morning,2,0,work,focus_work,45,work,94.6,19.9,9,7.85,151.2,clear,12.7,39.3,0,5,music,0,eat_something,1
10,morning,1,0,work,presentation,103,work,66.0,53.2,9,1.74,169.9,clear,83.3,81.5,0,2,none,0,take_break,20
12,afternoon,0,0,work,focus_work,169,work,18.7,69.8,4,2.73,161.8,snow,49.3,51.1,0,3,podcast,0,take_break,20
1,night,0,0,none,none,999,outside,52.2,100.0,7,2.71,180.0,clear,31.0,100.0,0,5,none,1,no_action,7
2,night,0,0,work,presentation,54,work,15.9,81.7,3,1.43,172.7,clear,51.5,5.0,0,0,none,1,sleep_suggestion,15
17,evening,2,0,work,deadline,60,work,33.5,84.8,10,1.01,151.2,clear,33.4,85.4,0,1,none,0,take_break,20
9,morning,6,1,health,medication_reminder,65,outside,11.9,40.2,10,0.32,175.8,fog,20.5,57.4,1,5,none,0,no_action,7
1,night,6,1,none,none,999,home,69.8,21.5,7,2.93,59.3,rain,47.2,25.9,0,1,music,1,no_action,7
11,morning,3,0,work,presentation,98,work,11.3,61.8,1,3.26,126.6,clear,68.4,21.3,0,1,none,0,take_break,20
23,night,1,0,none,none,999,outside,84.7,52.9,5,0.58,92.3,rain,0.2,56.0,0,2,music,1,wind_down,22
10,morning,4,0,health,therapy,151,outside,32.2,92.8,6,0.48,98.5,clear,15.2,41.2,1,2,music,0,no_action,7
21,night,6,1,none,none,999,home,27.8,27.9,5,1.08,51.6,snow,73.0,84.5,0,4,none,1,wind_down,22
18,evening,3,0,health,medication_reminder,20,outside,20.3,45.9,6,0.05,50.9,rain,53.8,59.3,1,5,music,0,start_commute,17
2,night,6,1,none,none,999,outside,63.7,90.8,0,1.73,118.6,clear,31.0,53.6,0,4,podcast,1,no_action,7
21,night,5,1,none,none,999,home,41.4,85.7,5,0.73,115.8,fog,48.6,90.9,1,1,music,1,wind_down,22
18,evening,4,0,work,presentation,146,work,54.4,100.0,2,3.9,161.1,clear,78.3,53.5,0,1,none,0,take_break,20
4,night,3,0,none,none,999,outside,74.2,85.4,6,3.51,18.1,clear,78.6,81.1,1,1,none,1,no_action,7
16,afternoon,6,1,social,dinner,157,restaurant,99.3,66.2,4,1.68,111.9,fog,91.5,44.7,1,5,music,0,no_action,7
3,night,2,0,none,none,999,home,22.7,49.6,8,4.15,54.1,clear,96.6,70.3,0,5,music,1,sleep_suggestion,15
19,evening,5,1,health,medication_reminder,73,home,38.6,100.0,9,1.48,88.8,clear,76.3,100.0,1,2,podcast,0,no_action,7
10,morning,4,0,none,none,999,outside,58.8,85.6,3,1.53,120.7,clear,33.0,59.7,0,2,music,0,no_action,7
7,morning,4,0,school,study_session,-18,commuting,44.5,100.0,7,1.09,144.0,rain,5.6,100.0,1,0,podcast,0,play_podcast,10
15,afternoon,6,1,health,therapy,97,home,75.5,58.4,9,0.79,10.1,snow,24.9,84.7,0,4,none,0,no_action,7
16,afternoon,5,1,none,none,999,home,48.5,100.0,0,0.1,90.6,fog,11.3,33.4,0,3,music,0,social_suggestion,16
5,morning,3,0,social,date,79,outside,33.7,57.9,7,1.47,174.2,clear,78.0,86.0,1,5,podcast,1,no_action,7
18,evening,2,0,work,team_meeting,156,work,30.3,99.4,10,0.33,116.2,rain,58.3,8.9,0,5,podcast,0,take_break,20
10,morning,4,0,social,family_time,106,home,67.8,83.3,10,2.24,129.9,rain,84.2,71.0,0,0,none,0,no_action,7
4,night,6,1,none,none,999,outside,91.1,70.4,8,1.43,118.9,clear,73.7,96.2,0,0,music,1,no_action,7
23,night,0,0,none,none,999,home,27.3,100.0,2,0.39,65.2,rain,56.6,83.4,0,0,podcast,1,sleep_suggestion,15
10,morning,3,0,school,assignment_due,88,school,66.5,82.2,9,2.79,78.9,clear,94.7,34.8,0,3,music,0,no_action,7
19,evening,0,0,health,therapy,-23,commuting,86.8,96.1,6,4.62,70.0,clear,24.7,100.0,0,4,none,0,no_action,7
23,night,4,0,none,none,999,home,56.9,100.0,1,1.89,145.9,clear,3.0,96.5,1,0,podcast,1,wind_down,22
5,morning,6,1,none,none,999,home,19.9,53.8,10,0.16,67.3,rain,59.2,79.6,0,3,podcast,1,no_action,7
13,afternoon,6,1,social,friends_hangout,-14,commuting,54.7,49.2,8,1.23,7.2,rain,84.1,83.6,0,0,none,0,no_action,7
19,evening,4,0,social,family_time,159,outside,81.8,95.6,8,4.63,38.6,fog,84.4,63.5,1,2,none,0,no_action,7
19,evening,0,0,work,deadline,60,work,23.9,52.6,6,0.69,13.5,rain,18.4,55.3,0,3,music,0,no_action,7
6,morning,6,1,social,dinner,105,restaurant,11.6,48.3,9,0.85,94.8,rain,42.1,44.8,0,5,music,0,no_action,7
19,evening,5,1,social,friends_hangout,132,outside,38.0,69.2,3,1.64,24.2,clear,7.4,61.7,0,1,podcast,0,no_action,7
6,morning,5,1,social,date,126,home,20.6,39.5,10,0.51,47.1,clear,91.5,24.5,0,3,none,0,no_action,7
13,afternoon,0,0,work,deadline,15,work,19.4,36.7,6,2.45,23.7,rain,55.4,81.9,1,2,none,0,no_action,7
7,morning,3,0,none,none,999,home,71.6,83.3,9,3.57,90.2,clear,47.5,62.5,1,5,music,0,exercise_suggestion,2
8,morning,3,0,social,family_time,146,home,35.3,53.7,9,1.83,162.3,rain,18.2,84.5,0,1,podcast,0,no_action,7
12,afternoon,6,1,social,family_time,136,home,50.0,80.4,8,1.59,158.4,rain,64.8,37.4,0,2,music,0,no_action,7
0,night,0,0,none,none,999,home,31.5,57.5,2,2.14,2.2,fog,43.7,60.2,1,4,none,1,sleep_suggestion,15
20,evening,4,0,social,family_time,55,home,80.3,49.2,8,0.07,141.1,snow,57.8,9.7,1,5,none,0,no_action,7
5,morning,4,0,school,assignment_due,146,school,38.9,53.6,5,0.87,145.7,clear,50.5,64.0,0,2,none,1,take_break,20
22,night,6,1,none,none,999,outside,72.1,40.5,5,0.58,174.0,clear,42.4,91.4,1,5,none,1,wind_down,22
17,evening,6,1,social,dinner,126,restaurant,31.9,81.1,6,1.98,40.2,clear,82.3,46.0,0,4,music,0,no_action,7
23,night,2,0,none,none,999,home,49.8,100.0,0,5.99,99.4,clear,95.2,75.0,0,4,music,1,wind_down,22
18,evening,4,0,school,assignment_due,130,school,84.3,100.0,1,1.05,123.6,rain,71.5,83.3,0,5,music,0,take_break,20
0,night,5,1,none,none,999,home,95.6,40.4,2,1.15,77.3,clear,51.7,89.4,0,0,none,1,no_action,7
2,night,5,1,none,none,999,outside,22.3,87.6,5,0.05,155.4,clear,4.1,38.4,0,3,podcast,1,sleep_suggestion,15
8,morning,5,1,none,none,999,home,47.1,100.0,10,3.51,136.4,clear,98.3,65.0,0,2,podcast,0,no_action,7
12,afternoon,1,0,social,dinner,21,restaurant,60.5,100.0,5,0.13,124.8,snow,4.3,73.7,0,5,podcast,0,get_ready,6
15,afternoon,6,1,social,dinner,74,restaurant,80.2,77.1,3,5.3,12.1,clear,40.1,38.9,0,3,podcast,0,no_action,7
1,night,4,0,none,none,999,home,94.4,70.4,9,4.65,177.8,clear,71.5,100.0,1,1,music,1,no_action,7
23,night,6,1,none,none,999,home,20.5,48.1,10,0.1,135.7,clear,97.3,50.5,0,5,none,1,sleep_suggestion,15
2,night,1,0,social,family_time,151,outside,27.8,72.4,7,0.92,49.0,clear,17.3,100.0,0,4,podcast,1,sleep_suggestion,15
23,night,6,1,work,focus_work,73,work,63.6,100.0,5,2.2,160.2,clear,93.9,31.8,0,1,none,1,take_break,20
17,evening,1,0,school,study_session,48,school,87.9,71.8,9,6.02,58.4,clear,83.0,85.3,1,3,none,0,eat_something,1
11,morning,5,1,health,doctor_appointment,177,home,82.8,61.9,3,3.16,89.8,clear,46.5,76.1,0,2,podcast,0,no_action,7
3,night,3,0,none,none,999,home,37.8,79.5,2,4.43,169.4,clear,41.4,73.2,0,2,music,1,sleep_suggestion,15
8,morning,6,1,health,therapy,165,home,17.5,45.9,6,1.18,121.8,rain,61.5,52.2,0,3,none,0,no_action,7
14,afternoon,0,0,none,none,999,home,62.2,68.9,7,2.52,62.9,fog,43.1,90.6,1,0,none,0,read_email_alert,12
10,morning,6,1,health,gym,63,gym,69.6,64.5,1,3.49,51.8,clear,23.3,73.0,0,0,none,0,no_action,7
7,morning,3,0,work,deadline,-10,commuting,78.8,83.9,4,0.14,87.3,rain,22.8,100.0,0,1,none,0,play_music,9
16,afternoon,1,0,work,team_meeting,137,work,17.3,31.0,3,0.59,11.0,clear,6.6,64.1,1,3,music,0,no_action,7
0,night,4,0,none,none,999,outside,67.5,52.6,5,1.34,17.8,clear,38.7,53.3,0,0,music,1,no_action,7
15,afternoon,4,0,work,deadline,17,work,69.0,67.9,1,1.13,51.0,clear,66.2,37.3,0,2,none,0,no_action,7
18,evening,1,0,work,presentation,128,work,98.2,67.2,3,0.85,150.5,clear,33.0,86.1,0,1,none,0,take_break,20
22,night,6,1,none,none,999,home,86.1,51.5,5,1.36,149.0,clear,16.7,38.1,1,4,podcast,1,wind_down,22
15,afternoon,5,1,health,doctor_appointment,-22,commuting,26.0,100.0,4,0.5,56.7,fog,29.2,60.6,0,1,none,0,no_action,7
19,evening,0,0,none,none,999,outside,22.6,47.7,5,2.39,57.8,clear,92.7,39.1,0,4,music,0,no_action,7
23,night,0,0,none,none,999,home,81.1,93.2,7,0.74,170.7,clear,44.3,63.3,0,0,none,1,wind_down,22
2,night,1,0,none,none,999,home,90.1,28.9,2,1.64,166.2,clear,37.6,100.0,0,5,music,1,no_action,7
13,afternoon,4,0,social,family_time,34,home,53.4,89.3,5,9.58,72.9,clear,47.7,92.2,0,0,none,0,eat_something,1
23,night,3,0,none,none,999,home,78.4,75.6,5,2.32,93.7,clear,38.5,88.7,0,1,music,1,wind_down,22
19,evening,0,0,health,medication_reminder,99,home,84.1,48.0,2,0.47,166.3,rain,92.3,47.2,1,5,music,0,no_action,7
2,night,1,0,none,none,999,home,93.0,100.0,1,5.31,119.6,clear,36.9,94.9,0,1,none,1,no_action,7
11,morning,5,1,health,medication_reminder,42,home,12.8,100.0,4,3.78,69.1,rain,95.2,57.5,0,3,podcast,0,no_action,7
16,afternoon,5,1,work,focus_work,-16,work,96.7,79.9,0,3.18,126.1,rain,49.2,95.9,1,2,none,0,send_late_message,13
16,afternoon,0,0,none,none,999,home,14.3,88.9,2,0.67,112.3,clear,21.4,48.0,1,5,music,0,read_email_alert,12
20,evening,1,0,health,gym,-28,gym,98.3,57.5,8,1.16,53.3,fog,53.0,86.7,1,2,music,0,no_action,7
1,night,2,0,social,family_time,-16,commuting,57.5,89.8,8,0.79,33.9,fog,54.5,89.3,0,3,none,1,send_late_message,13
14,afternoon,1,0,health,therapy,167,home,71.5,40.1,3,2.83,12.9,clear,96.5,65.2,0,3,music,0,no_action,7
23,night,5,1,none,none,999,home,49.8,62.9,3,3.57,132.6,clear,95.7,52.4,1,4,none,1,wind_down,22
19,evening,4,0,school,study_session,-13,school,50.1,35.3,4,0.48,9.1,rain,67.5,84.1,0,0,none,0,no_action,7
23,night,1,0,work,team_meeting,-19,work,40.8,81.3,1,3.23,45.2,clear,61.2,58.6,0,4,none,1,sleep_suggestion,15
10,morning,4,0,work,presentation,-7,work,59.2,71.6,4,0.17,166.0,snow,58.4,53.1,0,1,podcast,0,silence_phone,14
8,morning,3,0,none,none,999,home,58.6,77.3,7,2.83,1.3,clear,46.6,64.6,0,0,music,0,no_action,7
15,afternoon,1,0,health,medication_reminder,123,outside,96.5,57.1,3,0.06,106.5,rain,71.6,21.0,0,2,podcast,0,no_action,7
6,morning,0,0,school,assignment_due,164,school,47.1,86.7,6,5.64,138.0,rain,73.2,86.8,1,0,music,0,take_break,20
7,morning,2,0,health,doctor_appointment,173,outside,54.7,78.5,7,3.99,33.5,clear,5.0,65.6,0,0,podcast,0,no_action,7
6,morning,5,1,work,team_meeting,-25,commuting,84.4,77.0,6,2.65,126.3,clear,22.4,78.6,1,2,podcast,0,send_late_message,13
22,night,0,0,none,none,999,outside,89.5,44.0,10,0.42,94.0,rain,31.2,71.8,1,4,music,1,wind_down,22
7,morning,3,0,work,deadline,169,work,89.3,95.2,8,0.33,14.7,clear,4.0,67.9,0,5,music,0,no_action,7
5,morning,5,1,social,friends_hangout,25,outside,16.7,50.1,1,0.19,103.1,clear,20.2,61.2,0,3,music,1,start_commute,17
8,morning,3,0,health,doctor_appointment,7,commuting,22.5,86.8,2,0.39,45.4,fog,67.7,71.5,0,1,none,0,find_parking,4
18,evening,6,1,none,none,999,home,67.4,82.2,6,7.83,135.6,fog,41.8,60.5,0,4,music,0,eat_something,1
17,evening,3,0,school,lecture,-27,school,24.3,45.0,0,1.48,134.0,fog,11.6,25.3,0,3,music,0,send_late_message,13
17,evening,6,1,none,none,999,outside,98.0,54.5,6,5.04,29.4,clear,77.3,80.5,0,0,none,0,focus_session,5
15,afternoon,5,1,social,dinner,67,restaurant,95.6,57.0,3,2.87,103.1,clear,52.4,29.3,0,5,none,0,no_action,7
8,morning,1,0,school,exam,151,school,17.1,34.5,6,2.62,89.6,rain,73.0,71.6,0,4,none,0,no_action,7
6,morning,2,0,work,team_meeting,-18,commuting,66.3,33.4,5,5.8,14.8,clear,8.9,68.2,0,5,none,0,send_late_message,13
13,afternoon,3,0,social,friends_hangout,114,home,11.9,38.6,10,0.79,71.7,fog,0.4,81.8,1,4,none,0,no_action,7
12,afternoon,2,0,work,presentation,49,work,11.4,82.6,6,2.3,148.4,fog,0.4,80.6,1,2,music,0,take_break,20
0,night,4,0,none,none,999,home,76.0,64.9,9,3.14,171.8,snow,94.9,42.3,0,3,music,1,no_action,7
16,afternoon,1,0,school,exam,22,school,54.7,41.8,0,1.0,67.0,clear,38.0,59.9,1,3,music,0,no_action,7
4,night,4,0,none,none,999,home,99.6,60.8,8,0.34,129.7,clear,18.0,48.5,0,0,music,1,no_action,7
12,afternoon,2,0,work,team_meeting,115,work,60.5,72.3,8,5.96,117.7,rain,24.8,81.6,1,2,podcast,0,take_break,20
3,night,1,0,none,none,999,home,18.9,100.0,5,2.82,19.9,rain,10.3,49.1,0,3,podcast,1,sleep_suggestion,15
13,afternoon,2,0,work,presentation,88,work,57.1,67.9,9,0.47,109.3,clear,23.8,100.0,0,5,music,0,take_break,20
11,morning,0,0,school,study_session,-4,school,21.9,44.3,5,1.71,61.6,rain,27.6,32.6,0,4,none,0,no_action,7
7,morning,6,1,social,family_time,-7,commuting,39.6,73.3,9,0.2,97.9,snow,60.5,77.8,0,4,podcast,0,play_podcast,10
21,night,4,0,work,team_meeting,112,work,81.2,91.1,2,0.05,22.4,snow,53.5,74.2,0,2,music,1,no_action,7
21,night,5,1,health,gym,-11,gym,90.5,59.6,3,0.32,119.2,rain,69.6,72.2,0,2,music,1,no_action,7
3,night,0,0,none,none,999,outside,74.0,72.1,8,1.49,138.6,snow,61.1,65.6,1,4,music,1,no_action,7
22,night,0,0,none,none,999,outside,10.1,67.6,3,4.59,51.5,clear,15.9,12.6,0,2,music,1,wind_down,22
9,morning,4,0,work,focus_work,33,commuting,13.2,66.2,7,1.39,71.1,clear,81.3,52.3,0,5,none,0,play_music,9
18,evening,0,0,social,family_time,22,outside,34.0,77.5,7,0.45,6.2,snow,23.3,68.9,0,3,music,0,start_commute,17
9,morning,3,0,social,friends_hangout,-15,commuting,71.0,42.7,3,2.61,65.1,clear,69.2,60.7,0,1,music,0,send_late_message,13
0,night,6,1,none,none,999,outside,58.7,83.2,9,2.24,78.8,clear,97.2,72.7,1,5,none,1,no_action,7
2,night,1,0,social,friends_hangout,122,home,93.9,83.9,3,0.95,7.6,rain,0.9,5.0,0,0,music,1,no_action,7
4,night,6,1,none,none,999,home,55.4,30.9,7,0.07,116.1,rain,13.2,39.8,0,3,music,1,no_action,7
9,morning,4,0,work,presentation,127,work,88.1,90.0,10,4.51,11.3,rain,33.1,70.7,0,0,podcast,0,no_action,7
3,night,6,1,none,none,999,home,59.2,28.9,8,0.88,142.7,clear,18.9,19.8,1,1,music,1,no_action,7
6,morning,2,0,health,gym,-15,gym,30.6,92.7,8,1.47,19.9,fog,28.5,46.2,0,2,none,0,no_action,7
20,evening,1,0,school,study_session,28,school,75.2,82.4,3,0.32,136.3,clear,83.4,35.1,0,0,music,0,take_break,20
23,night,2,0,none,none,999,home,21.3,100.0,2,2.56,74.5,rain,35.5,75.5,0,1,music,1,sleep_suggestion,15
10,morning,1,0,work,focus_work,73,work,49.1,69.7,6,1.09,51.4,clear,34.3,72.6,0,5,none,0,no_action,7
17,evening,4,0,health,therapy,10,commuting,82.2,66.4,2,1.3,162.8,snow,35.0,49.7,0,1,music,0,suggest_repeat_action,19
19,evening,2,0,school,assignment_due,73,school,85.2,59.0,7,1.36,17.0,rain,89.6,99.7,0,3,podcast,0,no_action,7
20,evening,5,1,social,friends_hangout,-20,commuting,69.2,84.3,2,1.16,155.6,clear,96.1,52.7,0,1,music,0,send_late_message,13
11,morning,3,0,work,team_meeting,96,work,71.3,74.5,10,0.2,113.7,snow,83.3,87.2,0,1,podcast,0,take_break,20
22,night,6,1,social,date,45,home,34.5,71.5,0,1.28,3.3,fog,45.0,52.7,1,2,podcast,1,no_action,7
16,afternoon,5,1,social,friends_hangout,10,commuting,43.8,66.7,9,1.42,131.7,fog,68.5,66.9,0,4,none,0,get_ready,6
17,evening,2,0,health,doctor_appointment,101,outside,94.4,100.0,0,4.08,43.7,rain,40.0,52.2,1,5,music,0,no_action,7
22,night,6,1,none,none,999,home,80.7,83.3,5,3.22,153.2,clear,61.1,93.0,0,5,podcast,1,wind_down,22
2,night,0,0,none,none,999,home,47.4,59.9,0,0.41,93.6,clear,67.7,82.4,0,0,none,1,no_action,7
2,night,1,0,none,none,999,home,40.5,43.5,3,0.36,72.6,clear,68.4,43.8,0,2,podcast,1,sleep_suggestion,15
17,evening,3,0,work,deadline,61,work,35.6,61.4,6,2.42,96.8,rain,12.8,27.8,0,0,podcast,0,take_break,20
19,evening,1,0,none,none,999,home,74.4,84.2,4,0.38,20.1,clear,52.8,39.9,0,0,music,0,focus_session,5
19,evening,6,1,social,dinner,16,restaurant,22.3,56.6,1,2.19,124.7,clear,61.4,60.0,0,3,none,0,get_ready,6
11,morning,6,1,social,family_time,48,home,25.2,100.0,4,1.98,122.1,snow,15.9,47.0,0,4,podcast,0,no_action,7
21,night,2,0,work,focus_work,156,work,29.5,65.6,8,1.56,155.4,clear,90.4,93.2,0,2,none,1,take_break,20
7,morning,4,0,work,focus_work,67,work,50.9,90.7,8,0.09,137.4,clear,31.8,72.6,0,5,none,0,take_break,20
7,morning,1,0,health,therapy,68,outside,95.1,32.1,2,2.66,115.2,rain,20.3,60.3,0,1,none,0,no_action,7
2,night,3,0,social,dinner,35,restaurant,13.3,100.0,1,4.57,172.5,rain,80.3,61.2,0,5,podcast,1,sleep_suggestion,15
19,evening,0,0,school,exam,66,school,66.7,50.7,5,5.21,35.8,rain,19.1,42.5,0,3,music,0,study_for_class,18
5,morning,3,0,none,none,999,home,75.2,75.1,0,2.37,125.0,rain,23.7,66.4,0,0,none,1,no_action,7
13,afternoon,1,0,work,deadline,143,work,44.0,48.1,8,2.02,91.1,clear,85.1,54.8,0,2,none,0,take_break,20
21,night,6,1,social,family_time,164,home,82.7,94.7,0,3.07,23.4,rain,30.5,78.4,0,1,podcast,1,no_action,7
17,evening,2,0,school,assignment_due,163,school,98.5,73.8,8,0.97,172.2,clear,30.3,92.7,1,3,podcast,0,take_break,20
1,night,5,1,none,none,999,home,44.2,91.1,2,1.59,157.3,clear,44.7,31.1,1,4,music,1,sleep_suggestion,15
10,morning,5,1,work,deadline,145,work,54.9,98.5,0,0.5,144.9,clear,67.3,66.8,0,3,music,0,take_break,20
2,night,1,0,school,exam,28,school,88.9,96.3,4,0.02,117.8,clear,58.0,51.1,0,4,music,1,take_break,20
18,evening,5,1,none,none,999,outside,76.8,72.6,6,0.03,165.6,clear,53.5,65.9,0,4,music,0,focus_session,5
0,night,4,0,none,none,999,outside,60.0,100.0,2,5.75,163.6,clear,60.2,67.5,0,4,none,1,no_action,7
3,night,3,0,none,none,999,home,49.6,44.6,8,6.63,112.7,rain,75.7,85.2,0,4,none,1,eat_something,1
5,morning,1,0,none,none,999,home,56.0,87.1,0,0.04,23.3,clear,14.6,32.2,0,0,podcast,1,no_action,7
19,evening,6,1,none,none,999,outside,47.7,14.3,8,3.8,176.4,snow,35.7,53.3,0,3,podcast,0,charge_phone,0
22,night,5,1,none,none,999,home,62.2,69.7,0,2.44,73.9,rain,94.4,40.0,1,5,podcast,1,wind_down,22
21,night,4,0,work,team_meeting,97,work,58.9,83.0,5,1.84,95.1,clear,56.2,84.5,1,0,none,1,take_break,20
18,evening,5,1,none,none,999,home,39.5,92.2,9,4.19,155.6,fog,21.6,13.1,1,0,music,0,read_email_alert,12
14,afternoon,0,0,social,date,118,home,34.0,63.4,6,0.1,15.6,clear,15.1,19.3,1,3,none,0,no_action,7
18,evening,5,1,work,presentation,176,work,18.2,67.7,8,0.22,94.3,snow,72.3,58.3,0,0,none,0,take_break,20
20,evening,1,0,work,team_meeting,-29,work,68.8,97.9,8,3.23,161.1,clear,54.8,71.2,0,2,podcast,0,send_late_message,13
3,night,4,0,health,therapy,-22,commuting,16.7,45.2,6,0.72,6.7,snow,91.3,76.0,0,2,none,1,sleep_suggestion,15
9,morning,0,0,school,lecture,159,school,30.2,70.8,4,0.06,84.8,clear,75.8,55.9,0,0,podcast,0,no_action,7
7,morning,6,1,health,medication_reminder,61,outside,46.3,59.0,4,2.07,0.8,clear,90.1,45.0,1,0,music,0,no_action,7
5,morning,2,0,none,none,999,home,83.5,81.7,4,0.03,101.3,clear,19.4,45.1,0,3,music,1,no_action,7
4,night,1,0,none,none,999,home,23.3,42.7,5,1.88,149.7,clear,34.3,66.3,0,5,none,1,sleep_suggestion,15
10,morning,5,1,none,none,999,outside,81.5,65.5,2,0.44,44.9,clear,19.4,74.9,0,4,podcast,0,exercise_suggestion,2
5,morning,1,0,none,none,999,outside,32.2,46.9,4,3.02,67.9,clear,14.6,79.7,0,5,none,1,no_action,7
20,evening,2,0,work,team_meeting,176,work,69.4,99.9,6,1.65,75.0,clear,83.0,44.5,0,1,none,0,no_action,7
23,night,2,0,school,exam,84,school,40.6,15.5,0,0.81,161.1,rain,25.3,45.7,0,5,music,1,sleep_suggestion,15
16,afternoon,2,0,none,none,999,home,93.6,61.2,2,2.3,22.9,snow,42.8,72.7,0,4,none,0,exercise_suggestion,2
12,afternoon,5,1,none,none,999,home,53.6,50.2,4,0.22,90.0,clear,76.5,58.6,0,2,music,0,no_action,7
5,morning,0,0,social,friends_hangout,62,outside,13.2,60.1,1,0.76,39.1,clear,52.3,72.1,1,5,none,1,no_action,7
13,afternoon,6,1,social,family_time,-11,commuting,62.1,73.1,8,1.43,46.4,rain,15.4,43.8,0,5,music,0,send_late_message,13
10,morning,0,0,health,medication_reminder,-12,commuting,88.8,88.8,3,1.03,98.5,clear,66.3,90.4,0,4,podcast,0,play_podcast,10
0,night,1,0,social,date,127,home,69.3,98.2,8,0.91,92.0,clear,17.7,85.2,0,4,podcast,1,no_action,7
4,night,4,0,social,dinner,3,restaurant,49.5,71.1,4,1.05,65.7,clear,91.8,90.6,0,4,none,1,no_action,7
1,night,0,0,none,none,999,home,66.3,89.5,8,4.83,1.0,fog,52.3,68.3,0,1,none,1,no_action,7
8,morning,4,0,work,deadline,-13,commuting,97.2,67.0,1,3.15,86.5,clear,71.8,52.4,0,0,none,0,play_music,9
15,afternoon,2,0,none,none,999,home,86.9,60.1,9,0.33,4.5,clear,66.2,59.4,1,3,none,0,read_email_alert,12
7,morning,0,0,school,exam,134,school,92.7,67.6,1,0.45,168.1,clear,58.1,44.2,0,4,none,0,take_break,20
0,night,4,0,none,none,999,outside,82.2,50.1,10,1.31,147.8,clear,77.0,64.0,0,0,podcast,1,no_action,7
7,morning,6,1,none,none,999,outside,96.8,49.1,6,4.49,117.0,clear,27.7,66.5,0,2,none,0,exercise_suggestion,2
22,night,2,0,none,none,999,home,22.4,100.0,4,0.51,162.1,rain,69.4,87.1,1,0,none,1,wind_down,22
3,night,5,1,none,none,999,outside,67.9,56.0,3,1.86,37.9,snow,21.0,71.3,0,1,none,1,no_action,7
14,afternoon,0,0,none,none,999,outside,24.6,69.1,3,2.33,14.2,snow,19.9,51.5,0,5,none,0,no_action,7
9,morning,0,0,health,gym,33,gym,83.8,82.2,3,3.75,154.9,rain,35.9,63.9,1,3,music,0,no_action,7
15,afternoon,4,0,school,assignment_due,121,school,58.8,100.0,3,0.26,79.2,snow,96.6,100.0,0,1,podcast,0,no_action,7
13,afternoon,0,0,none,none,999,outside,51.9,84.9,7,2.83,86.2,snow,89.1,81.8,0,4,podcast,0,no_action,7
14,afternoon,3,0,none,none,999,outside,10.9,75.1,5,3.44,158.8,snow,44.6,72.1,0,2,music,0,no_action,7
12,afternoon,2,0,social,dinner,177,restaurant,25.9,99.2,3,0.94,56.3,rain,34.3,76.3,0,2,none,0,no_action,7
22,night,1,0,none,none,999,home,34.7,85.7,7,0.85,127.0,fog,39.2,12.2,0,2,none,1,wind_down,22
6,morning,1,0,health,medication_reminder,103,outside,37.7,100.0,6,3.85,81.5,rain,83.1,85.7,1,2,none,0,no_action,7
9,morning,3,0,school,study_session,-21,commuting,33.9,56.6,2,3.39,90.7,clear,31.3,72.7,0,5,none,0,send_late_message,13
11,morning,1,0,work,deadline,84,work,47.1,88.4,6,4.53,74.0,clear,72.8,91.8,1,1,music,0,no_action,7
2,night,2,0,none,none,999,home,28.9,61.2,5,0.08,105.9,rain,90.6,24.9,0,5,podcast,1,sleep_suggestion,15
16,afternoon,3,0,school,assignment_due,-8,school,21.8,100.0,8,0.54,96.4,clear,37.8,34.5,1,2,podcast,0,take_break,20
20,evening,2,0,work,focus_work,-4,work,41.7,39.4,2,1.85,133.1,rain,68.2,20.7,1,5,podcast,0,take_break,20
3,night,3,0,none,none,999,home,17.8,89.3,1,3.18,70.0,rain,52.6,49.4,0,2,none,1,sleep_suggestion,15
23,night,0,0,none,none,999,outside,67.2,66.9,2,2.11,31.6,clear,10.3,62.6,0,1,music,1,wind_down,22
6,morning,2,0,health,therapy,49,outside,52.2,32.3,2,3.95,39.3,rain,17.4,18.3,0,3,none,0,no_action,7
7,morning,6,1,none,none,999,home,52.1,75.4,2,2.3,108.5,rain,81.0,41.1,0,2,music,0,plan_day,8
14,afternoon,5,1,none,none,999,outside,20.6,100.0,4,1.04,34.5,clear,97.1,50.1,0,4,podcast,0,social_suggestion,16
16,afternoon,3,0,work,focus_work,179,work,57.2,23.6,8,6.1,90.0,clear,81.6,100.0,0,0,none,0,eat_something,1
2,night,3,0,none,none,999,outside,63.4,79.9,10,0.81,22.7,rain,64.4,100.0,0,5,none,1,no_action,7
19,evening,3,0,work,team_meeting,142,work,42.7,100.0,4,0.2,81.6,rain,1.0,25.5,0,2,none,0,no_action,7
16,afternoon,6,1,none,none,999,home,90.0,68.0,4,0.44,39.9,clear,84.1,84.1,1,0,none,0,read_email_alert,12
21,night,6,1,social,family_time,95,home,73.2,50.2,6,0.18,179.7,snow,83.0,25.1,1,0,none,1,no_action,7
16,afternoon,2,0,work,focus_work,-14,work,46.4,64.2,3,0.11,113.1,fog,29.8,27.1,0,0,podcast,0,take_break,20
21,night,4,0,work,focus_work,167,work,92.2,84.3,6,2.39,39.2,clear,61.3,40.8,0,4,music,1,no_action,7
21,night,1,0,health,medication_reminder,-26,commuting,45.7,100.0,3,0.22,109.2,rain,15.6,90.6,0,4,none,1,take_medication,21
6,morning,0,0,work,focus_work,44,commuting,40.6,76.9,6,2.64,87.5,rain,54.9,47.9,0,2,music,0,play_music,9
1,night,1,0,none,none,999,home,96.8,72.4,0,0.73,130.2,fog,73.4,48.1,0,0,none,1,no_action,7
22,night,0,0,none,none,999,home,45.0,78.0,4,2.5,111.4,clear,91.7,85.4,0,4,none,1,wind_down,22
12,afternoon,4,0,none,none,999,outside,42.4,100.0,9,3.85,154.4,rain,96.7,44.7,0,3,music,0,no_action,7
10,morning,4,0,school,study_session,175,school,26.0,89.2,3,0.92,112.0,clear,84.6,53.8,0,0,none,0,take_break,20
19,evening,1,0,health,doctor_appointment,106,outside,19.6,91.6,1,0.8,34.1,rain,28.2,88.3,0,2,none,0,no_action,7
11,morning,5,1,social,dinner,149,restaurant,55.7,51.5,8,2.91,135.2,clear,92.9,94.3,0,4,none,0,no_action,7
5,morning,0,0,none,none,999,home,17.2,70.3,5,0.6,41.9,rain,39.7,81.7,1,1,podcast,1,no_action,7
16,afternoon,1,0,social,family_time,-9,commuting,48.2,72.7,0,1.21,111.6,clear,22.6,46.4,0,4,podcast,0,suggest_repeat_action,19
18,evening,0,0,school,assignment_due,98,school,40.1,82.6,4,8.1,11.7,rain,94.9,64.5,0,1,music,0,eat_something,1
17,evening,1,0,health,therapy,23,home,29.7,100.0,2,0.24,116.3,rain,69.1,61.4,0,3,music,0,start_commute,17
20,evening,4,0,none,none,999,outside,16.9,84.2,7,0.82,68.7,clear,40.9,66.0,0,5,none,0,wind_down,22
8,morning,6,1,none,none,999,home,61.3,81.8,7,0.68,56.0,clear,51.3,45.7,0,5,none,0,focus_session,5
23,night,4,0,none,none,999,outside,13.2,53.6,9,1.02,150.2,snow,16.8,39.3,0,3,music,1,sleep_suggestion,15
18,evening,3,0,health,therapy,167,outside,87.9,41.0,6,0.69,3.6,rain,7.4,59.9,1,1,music,0,no_action,7
12,afternoon,1,0,work,focus_work,156,work,12.9,78.7,6,1.16,128.5,clear,72.9,32.4,0,3,podcast,0,take_break,20
14,afternoon,4,0,school,study_session,99,school,10.7,75.7,9,5.11,11.9,clear,67.3,100.0,0,0,none,0,study_for_class,18
16,afternoon,6,1,none,none,999,outside,41.8,73.8,1,0.12,122.8,clear,83.5,89.6,0,1,music,0,social_suggestion,16
17,evening,3,0,work,presentation,1,work,18.0,61.9,10,2.85,94.4,clear,76.3,84.6,0,2,none,0,silence_phone,14
18,evening,0,0,social,family_time,53,home,89.0,54.2,9,1.09,122.3,snow,24.0,41.3,0,3,music,0,no_action,7
4,night,3,0,none,none,999,home,51.4,54.2,0,10.0,129.0,clear,76.6,71.1,1,4,music,1,eat_something,1
12,afternoon,2,0,social,family_time,16,commuting,28.7,74.1,8,2.38,98.1,rain,18.9,31.3,1,0,podcast,0,suggest_repeat_action,19
5,morning,3,0,none,none,999,outside,73.5,15.6,10,0.77,12.3,rain,97.1,46.9,0,4,music,1,no_action,7
5,morning,3,0,none,none,999,outside,36.7,77.7,6,0.31,91.9,clear,20.4,48.9,0,4,podcast,1,no_action,7
11,morning,4,0,social,dinner,50,restaurant,35.3,84.0,9,0.03,86.3,clear,48.1,7.8,1,1,none,0,no_action,7
19,evening,4,0,none,none,999,home,53.7,54.4,4,3.39,103.0,clear,20.9,74.2,0,0,music,0,no_action,7
15,afternoon,2,0,school,exam,9,school,25.5,100.0,1,0.26,141.1,clear,34.6,35.4,1,2,podcast,0,take_break,20
18,evening,1,0,health,medication_reminder,156,home,39.2,87.8,5,4.09,168.6,clear,46.0,26.6,0,0,none,0,no_action,7
17,evening,0,0,school,study_session,27,school,68.5,100.0,0,4.56,82.7,snow,8.1,69.5,1,1,none,0,no_action,7
21,night,2,0,social,family_time,154,home,94.2,100.0,2,1.26,69.9,fog,71.6,43.4,0,4,podcast,1,no_action,7
13,afternoon,6,1,school,study_session,137,school,75.2,88.3,3,0.14,158.8,clear,63.7,23.3,0,0,music,0,take_break,20
22,night,6,1,none,none,999,home,49.1,64.7,7,5.4,90.7,clear,19.0,71.8,0,5,podcast,1,wind_down,22
15,afternoon,6,1,health,therapy,-18,commuting,48.0,100.0,5,5.21,179.4,clear,44.3,56.0,0,2,music,0,suggest_repeat_action,19
8,morning,5,1,health,gym,61,gym,45.8,100.0,5,0.33,83.0,fog,65.6,59.1,0,5,none,0,no_action,7
0,night,1,0,none,none,999,home,17.2,24.4,4,1.98,17.8,clear,87.1,100.0,0,3,music,1,sleep_suggestion,15
10,morning,4,0,work,presentation,-11,work,21.3,67.9,9,0.54,122.0,rain,81.5,65.9,1,5,music,0,send_late_message,13
12,afternoon,3,0,school,lecture,77,school,90.0,40.5,6,2.48,5.0,fog,36.8,65.6,0,4,none,0,study_for_class,18
8,morning,2,0,work,deadline,53,commuting,52.9,30.1,7,1.08,54.9,clear,83.4,65.7,0,2,podcast,0,play_podcast,10
0,night,4,0,social,family_time,136,home,69.0,88.7,9,0.22,162.1,clear,41.1,90.2,1,5,music,1,no_action,7
6,morning,3,0,work,team_meeting,151,work,39.1,100.0,9,0.27,69.6,clear,64.4,49.8,1,0,none,0,no_action,7
1,night,5,1,health,doctor_appointment,29,home,47.9,37.7,0,1.31,102.9,clear,37.1,23.6,0,2,music,1,start_commute,17
7,morning,0,0,school,exam,86,school,47.9,100.0,5,1.17,49.0,clear,13.7,24.9,0,1,none,0,study_for_class,18
10,morning,2,0,health,medication_reminder,127,home,61.6,86.9,1,1.9,83.3,rain,71.7,50.7,0,4,podcast,0,no_action,7
5,morning,5,1,none,none,999,home,19.0,81.3,10,8.3,13.7,rain,64.0,82.7,1,2,none,1,eat_something,1
3,night,3,0,none,none,999,outside,53.3,36.4,4,3.59,133.0,clear,22.7,46.4,0,2,none,1,no_action,7
7,morning,1,0,school,exam,99,school,67.0,75.6,4,0.37,27.2,clear,70.2,98.2,0,0,none,0,study_for_class,18
19,evening,4,0,work,team_meeting,86,work,20.0,50.5,7,2.27,38.5,clear,56.0,52.6,0,1,none,0,no_action,7
6,morning,6,1,school,assignment_due,146,school,52.8,57.0,8,0.77,176.0,rain,16.3,74.9,0,3,music,0,take_break,20
5,morning,2,0,none,none,999,outside,28.2,41.8,6,0.16,133.6,clear,75.0,59.7,0,5,none,1,no_action,7
17,evening,1,0,health,doctor_appointment,12,commuting,11.7,19.4,8,3.2,117.7,clear,45.8,77.0,1,1,none,0,no_action,7
22,night,2,0,none,none,999,outside,84.6,70.6,5,3.79,152.9,clear,83.0,36.9,1,0,none,1,wind_down,22
5,morning,4,0,none,none,999,home,73.0,93.4,9,2.5,7.5,snow,68.1,82.6,0,1,music,1,no_action,7
8,morning,0,0,social,friends_hangout,-6,commuting,98.5,84.6,6,1.25,132.6,clear,62.1,78.9,0,3,podcast,0,play_podcast,10
7,morning,0,0,social,family_time,151,home,42.5,87.6,3,0.68,60.6,fog,55.7,50.5,0,3,music,0,no_action,7
21,night,0,0,work,presentation,170,work,77.4,38.9,8,0.82,38.1,rain,43.2,56.6,0,4,podcast,1,no_action,7
9,morning,3,0,school,exam,41,commuting,55.8,45.4,5,0.73,167.7,clear,95.9,80.9,0,2,podcast,0,play_podcast,10
11,morning,5,1,social,friends_hangout,136,home,66.4,69.6,1,1.88,74.7,clear,65.4,85.9,1,3,none,0,no_action,7
3,night,3,0,health,doctor_appointment,46,outside,55.3,54.4,0,6.2,18.0,clear,96.3,5.0,0,3,music,1,eat_something,1
14,afternoon,5,1,social,friends_hangout,165,outside,23.0,100.0,10,0.38,127.3,clear,97.8,26.0,0,0,none,0,no_action,7
17,evening,5,1,health,therapy,80,home,21.1,75.3,3,1.37,120.5,clear,42.9,52.2,0,1,podcast,0,no_action,7
0,night,3,0,none,none,999,home,47.1,34.4,10,0.91,31.0,clear,10.4,84.2,1,3,music,1,no_action,7
20,evening,3,0,health,therapy,143,home,17.8,79.3,4,0.25,9.3,rain,69.0,68.4,1,0,music,0,no_action,7
8,morning,0,0,work,team_meeting,-7,commuting,59.7,67.3,9,0.77,44.2,clear,95.5,75.3,0,1,music,0,play_music,9
15,afternoon,6,1,school,exam,141,school,88.3,69.2,10,0.24,179.7,fog,30.5,32.1,0,0,none,0,take_break,20
1,night,0,0,work,focus_work,124,work,18.7,75.5,10,1.7,146.7,rain,23.4,41.2,0,4,music,1,sleep_suggestion,15
8,morning,1,0,work,team_meeting,32,commuting,58.1,75.0,0,0.45,106.4,rain,54.9,40.7,0,0,none,0,play_music,9
3,night,1,0,none,none,999,outside,79.0,61.3,2,1.89,157.5,fog,32.6,78.6,0,1,podcast,1,no_action,7
17,evening,0,0,work,presentation,127,work,64.4,78.5,0,10.0,32.6,fog,80.2,71.8,0,4,podcast,0,eat_something,1
14,afternoon,3,0,work,team_meeting,108,work,75.5,55.9,6,0.03,143.3,clear,63.6,79.9,0,1,none,0,take_break,20
7,morning,6,1,none,none,999,outside,93.0,85.9,5,2.58,138.7,rain,61.7,69.5,0,3,none,0,exercise_suggestion,2
17,evening,1,0,work,presentation,112,work,91.9,74.1,0,0.01,30.0,clear,88.8,43.7,1,5,none,0,no_action,7
22,night,6,1,none,none,999,outside,92.6,95.9,5,0.9,7.7,clear,63.3,81.5,0,5,none,1,wind_down,22
9,morning,2,0,school,study_session,-17,commuting,49.5,100.0,0,0.38,16.3,snow,44.8,46.0,0,0,none,0,play_music,9
7,morning,1,0,school,study_session,-19,commuting,28.1,100.0,2,0.69,17.5,clear,32.9,74.1,0,0,podcast,0,play_podcast,10
1,night,0,0,none,none,999,home,57.3,99.6,3,1.71,100.9,clear,70.5,49.4,0,3,none,1,no_action,7
18,evening,5,1,none,none,999,outside,51.0,40.7,10,4.0,25.2,rain,27.8,29.1,0,1,podcast,0,social_suggestion,16
1,night,1,0,none,none,999,home,99.5,72.0,6,2.29,158.2,fog,51.2,30.1,0,2,none,1,no_action,7
11,morning,2,0,none,none,999,home,50.2,86.8,0,5.52,83.3,clear,79.7,70.9,0,3,none,0,no_action,7
15,afternoon,4,0,work,focus_work,131,work,93.0,100.0,6,1.44,150.9,snow,5.5,79.2,0,2,none,0,take_break,20
23,night,1,0,work,focus_work,65,work,16.4,64.5,3,0.22,100.6,clear,54.3,74.5,0,4,none,1,sleep_suggestion,15
10,morning,6,1,social,friends_hangout,161,outside,53.9,92.8,2,0.13,41.3,clear,73.3,63.8,0,0,podcast,0,no_action,7
13,afternoon,0,0,social,family_time,151,home,51.3,76.1,5,0.78,53.4,rain,26.3,63.4,1,1,music,0,no_action,7
15,afternoon,2,0,work,presentation,28,work,58.1,99.6,4,1.55,101.3,clear,25.8,72.9,1,1,none,0,prepare_for_meeting,11
12,afternoon,1,0,school,study_session,63,school,93.0,52.4,0,3.52,69.5,clear,64.4,73.8,0,1,podcast,0,study_for_class,18
18,evening,6,1,none,none,999,home,61.3,71.0,6,0.08,29.0,clear,32.9,57.4,0,5,music,0,focus_session,5
13,afternoon,1,0,none,none,999,home,29.9,80.6,3,0.1,17.9,clear,86.0,85.3,0,2,music,0,no_action,7
16,afternoon,5,1,social,friends_hangout,-18,commuting,14.7,87.8,2,1.73,179.9,rain,74.8,77.8,0,4,music,0,send_late_message,13
16,afternoon,3,0,social,dinner,-1,restaurant,81.6,54.5,5,2.34,174.3,clear,11.2,30.0,1,4,none,0,no_action,7
15,afternoon,2,0,social,date,159,home,25.2,88.5,8,0.44,19.8,snow,55.9,52.7,0,3,music,0,no_action,7
1,night,4,0,none,none,999,home,33.9,40.9,6,0.29,73.8,snow,2.9,69.3,0,2,none,1,sleep_suggestion,15
0,night,6,1,social,dinner,133,restaurant,51.8,53.4,8,1.16,94.3,clear,31.8,20.6,0,0,none,1,no_action,7
9,morning,0,0,school,exam,34,commuting,21.6,61.3,10,1.35,167.8,clear,36.6,46.9,1,1,music,0,play_music,9
6,morning,4,0,work,team_meeting,84,work,76.3,74.1,5,2.52,96.1,fog,82.1,43.8,0,0,none,0,take_break,20
12,afternoon,0,0,none,none,999,outside,98.1,82.2,10,1.24,132.0,rain,2.0,47.7,0,2,none,0,focus_session,5
16,afternoon,0,0,none,none,999,home,32.1,100.0,10,0.66,168.3,clear,23.2,52.8,1,5,music,0,read_email_alert,12
18,evening,1,0,school,study_session,26,school,73.5,29.0,7,0.29,92.0,rain,8.8,70.1,0,0,none,0,take_break,20
21,night,6,1,social,dinner,53,restaurant,90.0,100.0,4,2.03,101.9,clear,66.1,28.4,0,2,podcast,1,no_action,7
19,evening,3,0,health,gym,102,gym,11.5,64.4,2,5.52,61.9,clear,24.5,74.7,0,5,podcast,0,no_action,7
8,morning,4,0,work,team_meeting,59,commuting,26.4,72.7,7,0.23,97.5,fog,99.5,80.6,0,0,music,0,play_music,9
19,evening,6,1,health,gym,124,gym,36.0,63.7,8,1.15,64.8,clear,85.9,60.1,0,4,music,0,no_action,7
15,afternoon,6,1,social,dinner,68,restaurant,96.7,95.3,2,3.93,94.1,clear,25.5,59.5,0,5,none,0,no_action,7
23,night,3,0,none,none,999,home,82.2,82.8,7,0.83,120.2,clear,77.9,54.3,0,0,none,1,wind_down,22
19,evening,2,0,school,assignment_due,161,school,34.9,96.6,2,1.7,137.1,clear,42.9,93.0,0,0,music,0,take_break,20
11,morning,3,0,school,assignment_due,99,school,95.0,42.5,6,0.84,108.5,clear,76.6,100.0,0,3,music,0,take_break,20
21,night,2,0,social,dinner,99,restaurant,75.1,69.3,2,0.93,99.9,clear,2.5,39.4,0,3,podcast,1,no_action,7
17,evening,3,0,health,medication_reminder,105,home,57.6,88.7,4,0.85,141.1,clear,31.1,98.5,0,3,podcast,0,no_action,7
21,night,2,0,social,date,155,home,17.8,100.0,6,1.46,28.7,fog,54.9,64.8,0,2,podcast,1,no_action,7
3,night,3,0,none,none,999,home,30.4,100.0,9,0.27,86.9,rain,57.6,75.9,0,0,podcast,1,sleep_suggestion,15
10,morning,2,0,school,assignment_due,143,school,49.6,79.9,4,0.67,59.5,rain,60.4,94.1,0,1,none,0,no_action,7
3,night,1,0,social,dinner,8,restaurant,36.8,69.5,10,1.19,130.3,clear,30.5,72.6,0,1,none,1,sleep_suggestion,15
0,night,4,0,none,none,999,outside,38.0,49.5,7,1.44,15.8,rain,91.6,55.6,0,0,music,1,sleep_suggestion,15
7,morning,0,0,social,date,33,home,10.6,51.9,4,0.01,96.9,clear,61.9,97.9,0,3,podcast,0,start_commute,17
10,morning,1,0,work,team_meeting,10,work,14.1,100.0,8,3.01,176.3,fog,80.5,63.2,1,0,music,0,prepare_for_meeting,11
0,night,1,0,none,none,999,home,27.7,5.0,2,0.9,32.7,clear,50.4,43.0,0,4,music,1,charge_phone,0
5,morning,3,0,none,none,999,home,83.9,50.6,0,2.62,97.3,snow,53.2,100.0,0,0,music,1,no_action,7
12,afternoon,5,1,school,assignment_due,151,school,71.1,100.0,10,0.23,34.5,clear,76.3,93.5,0,2,none,0,no_action,7
16,afternoon,6,1,social,date,168,outside,73.4,100.0,8,2.07,107.3,clear,3.4,37.7,0,2,none,0,no_action,7
7,morning,6,1,social,date,26,home,97.1,79.3,1,2.27,177.3,clear,9.6,45.5,0,5,none,0,start_commute,17
2,night,5,1,none,none,999,home,37.0,92.1,6,3.06,56.2,rain,29.8,18.9,1,4,none,1,sleep_suggestion,15
13,afternoon,3,0,work,deadline,-15,work,30.9,65.0,3,5.04,70.2,clear,59.4,100.0,0,5,podcast,0,send_late_message,13
1,night,4,0,none,none,999,home,31.6,43.8,8,3.63,21.9,clear,54.8,23.5,1,3,music,1,sleep_suggestion,15
18,evening,5,1,none,none,999,outside,16.1,93.8,10,0.09,125.2,rain,72.4,90.8,0,1,none,0,social_suggestion,16
2,night,2,0,none,none,999,home,43.0,81.4,10,0.08,163.5,clear,20.5,68.7,1,1,podcast,1,sleep_suggestion,15
22,night,3,0,none,none,999,home,70.9,77.1,8,1.35,123.7,rain,28.9,51.0,1,5,music,1,wind_down,22
17,evening,1,0,none,none,999,home,36.8,68.0,7,0.98,165.2,clear,95.4,52.5,0,0,music,0,no_action,7
22,night,0,0,none,none,999,outside,36.1,32.5,2,0.41,60.5,clear,14.4,52.6,1,5,none,1,wind_down,22
4,night,4,0,social,dinner,98,restaurant,35.0,39.1,1,3.06,75.1,clear,43.9,69.6,0,5,none,1,sleep_suggestion,15
12,afternoon,6,1,health,gym,101,gym,24.3,100.0,9,0.38,21.9,clear,22.1,76.3,0,2,none,0,no_action,7
4,night,4,0,work,deadline,1,work,95.6,73.2,3,0.21,143.7,clear,90.7,100.0,0,3,music,1,take_break,20
12,afternoon,0,0,school,exam,69,school,58.0,91.1,1,1.54,136.7,clear,12.1,82.3,0,2,none,0,study_for_class,18
12,afternoon,5,1,social,dinner,9,restaurant,13.2,93.2,5,3.5,91.2,clear,85.9,68.9,0,4,none,0,get_ready,6
13,afternoon,3,0,school,lecture,-7,school,10.3,65.5,9,3.29,30.3,clear,39.9,40.0,0,4,none,0,silence_phone,14
18,evening,4,0,social,dinner,-6,restaurant,43.7,91.0,2,0.34,29.9,rain,45.0,80.7,0,4,music,0,no_action,7
11,morning,6,1,none,none,999,outside,81.7,49.7,5,3.09,38.1,fog,87.3,54.0,0,4,podcast,0,focus_session,5
9,morning,3,0,health,doctor_appointment,-19,commuting,32.4,54.2,9,1.72,98.0,rain,42.2,97.5,0,1,podcast,0,play_podcast,10
11,morning,1,0,social,friends_hangout,77,home,81.3,93.0,10,0.16,125.9,clear,35.7,58.2,0,4,music,0,no_action,7
3,night,6,1,work,focus_work,116,work,45.1,86.4,10,1.33,106.8,fog,20.5,78.8,0,3,music,1,take_break,20
16,afternoon,2,0,school,assignment_due,-5,school,83.3,100.0,9,0.18,109.3,clear,68.0,70.0,0,4,podcast,0,take_break,20
23,night,6,1,none,none,999,home,65.5,86.9,6,1.08,175.5,clear,47.2,21.0,1,1,music,1,wind_down,22
9,morning,1,0,none,none,999,home,50.2,27.2,10,0.49,18.0,snow,24.1,41.1,1,5,music,0,read_email_alert,12
0,night,1,0,school,study_session,147,school,62.7,57.9,3,0.72,88.8,snow,16.1,69.4,0,3,none,1,no_action,7
3,night,2,0,school,study_session,179,school,88.5,91.1,9,1.79,103.0,clear,70.0,61.5,0,3,music,1,take_break,20
17,evening,1,0,work,focus_work,23,work,38.2,87.1,7,2.26,55.2,clear,58.8,47.1,1,0,none,0,no_action,7
20,evening,1,0,health,therapy,134,outside,27.5,72.1,3,4.28,14.8,fog,42.7,100.0,1,1,podcast,0,no_action,7
10,morning,6,1,health,gym,165,gym,82.0,66.2,0,0.34,58.6,clear,2.7,56.1,0,0,podcast,0,no_action,7
2,night,5,1,none,none,999,home,83.3,72.7,4,0.84,161.5,clear,82.7,51.2,0,5,none,1,no_action,7
1,night,0,0,none,none,999,home,92.3,77.6,1,1.34,38.0,clear,39.4,69.9,0,5,music,1,no_action,7
9,morning,6,1,none,none,999,home,49.9,68.0,4,0.02,120.2,snow,24.1,38.4,1,1,none,0,read_email_alert,12
8,morning,4,0,school,study_session,106,school,15.4,5.0,2,0.29,91.8,rain,13.6,50.3,1,1,music,0,charge_phone,0
11,morning,0,0,social,friends_hangout,-22,commuting,80.1,62.5,8,2.52,117.2,clear,6.9,74.7,1,1,podcast,0,send_late_message,13
8,morning,6,1,none,none,999,outside,69.1,63.0,8,3.49,57.8,clear,36.4,48.5,0,1,music,0,focus_session,5
3,night,5,1,none,none,999,home,11.6,100.0,1,0.01,99.1,clear,18.5,75.5,0,4,music,1,sleep_suggestion,15
11,morning,1,0,health,medication_reminder,91,home,70.6,73.9,4,1.34,31.5,clear,16.7,58.2,0,2,none,0,no_action,7
17,evening,6,1,social,dinner,13,restaurant,80.6,96.2,7,8.18,66.9,fog,54.7,53.9,0,1,none,0,eat_something,1
16,afternoon,3,0,work,deadline,168,work,10.2,94.4,4,1.99,74.2,clear,51.3,67.9,0,1,music,0,no_action,7
19,evening,0,0,school,assignment_due,20,school,17.7,48.0,10,0.66,135.5,snow,82.0,62.3,0,3,none,0,take_break,20
6,morning,6,1,none,none,999,home,33.4,63.2,7,0.25,153.2,rain,6.0,97.5,0,2,none,0,no_action,7
8,morning,2,0,social,friends_hangout,143,outside,42.1,96.9,7,0.95,152.2,clear,45.6,99.7,0,1,podcast,0,no_action,7
6,morning,6,1,none,none,999,home,20.7,100.0,2,0.09,83.9,clear,71.6,50.6,0,5,none,0,plan_day,8
23,night,3,0,none,none,999,home,86.7,43.2,1,0.8,66.1,rain,91.2,71.0,0,1,none,1,wind_down,22
23,night,6,1,none,none,999,outside,49.2,46.6,8,0.54,135.4,clear,6.0,97.9,1,3,music,1,wind_down,22
17,evening,2,0,none,none,999,home,17.8,72.8,4,4.74,46.1,rain,84.1,64.2,0,3,podcast,0,no_action,7
1,night,3,0,social,dinner,-19,restaurant,60.7,51.5,3,0.24,34.1,rain,68.2,51.0,0,3,none,1,send_late_message,13
17,evening,3,0,none,none,999,outside,76.4,27.6,4,4.5,124.1,clear,28.9,65.6,1,3,music,0,read_email_alert,12
3,night,2,0,none,none,999,outside,13.8,88.0,1,0.72,121.3,clear,87.9,35.9,0,4,music,1,sleep_suggestion,15
9,morning,5,1,social,friends_hangout,21,home,46.8,70.4,9,1.3,19.0,clear,61.8,34.6,0,4,podcast,0,start_commute,17
21,night,1,0,school,assignment_due,-13,school,62.2,93.3,9,5.14,142.2,snow,80.1,23.5,0,3,music,1,send_late_message,13
19,evening,2,0,health,medication_reminder,113,outside,85.9,36.3,6,0.05,23.2,rain,41.6,100.0,1,4,podcast,0,no_action,7
9,morning,0,0,work,team_meeting,68,work,26.5,83.4,1,0.38,86.3,clear,49.5,59.1,1,4,none,0,no_action,7
19,evening,5,1,health,doctor_appointment,-8,commuting,81.6,73.6,1,4.4,85.7,clear,51.4,59.0,0,5,podcast,0,suggest_repeat_action,19
10,morning,4,0,work,deadline,81,work,72.8,60.9,10,1.67,81.7,rain,76.6,55.7,0,4,none,0,no_action,7
10,morning,1,0,work,deadline,17,work,11.3,92.4,9,3.16,153.6,fog,59.0,69.0,0,2,music,0,take_break,20
7,morning,2,0,school,lecture,19,commuting,63.2,46.4,4,1.77,156.6,clear,19.9,55.8,0,3,podcast,0,play_podcast,10
15,afternoon,4,0,work,deadline,34,work,30.8,100.0,1,2.63,73.0,clear,10.7,66.1,0,5,podcast,0,no_action,7
2,night,0,0,none,none,999,home,98.0,85.3,1,3.1,110.8,clear,85.7,48.3,0,4,podcast,1,no_action,7
11,morning,3,0,none,none,999,home,61.9,100.0,4,2.11,0.4,clear,36.9,8.7,0,1,podcast,0,focus_session,5
16,afternoon,1,0,school,study_session,45,school,33.0,94.2,4,1.95,10.9,clear,79.4,76.9,1,3,podcast,0,study_for_class,18
20,evening,4,0,school,lecture,87,school,59.3,97.1,6,0.69,48.3,clear,15.8,24.5,0,4,podcast,0,study_for_class,18
5,morning,2,0,none,none,999,outside,13.6,100.0,6,0.91,47.4,clear,85.3,89.9,1,3,music,1,no_action,7
11,morning,0,0,school,study_session,61,school,29.0,75.6,2,3.8,98.8,clear,37.5,50.1,0,4,podcast,0,study_for_class,18
1,night,5,1,none,none,999,home,48.2,84.8,2,4.55,154.4,clear,14.2,61.0,0,1,podcast,1,no_action,7
8,morning,4,0,school,exam,102,school,82.4,80.0,7,6.63,1.2,rain,82.9,42.7,0,4,music,0,eat_something,1
23,night,3,0,none,none,999,home,63.4,54.2,8,1.88,43.0,clear,26.0,26.0,0,3,none,1,wind_down,22
21,night,0,0,health,therapy,17,commuting,49.5,82.0,6,3.3,124.3,clear,73.0,37.7,0,0,none,1,no_action,7
11,morning,2,0,none,none,999,outside,10.6,26.4,3,0.29,104.2,fog,33.5,100.0,0,4,music,0,no_action,7
6,morning,3,0,work,team_meeting,45,commuting,20.4,81.5,2,1.68,61.1,clear,78.1,56.0,0,5,none,0,play_music,9
23,night,3,0,none,none,999,outside,69.4,57.0,1,0.22,3.6,clear,70.9,84.3,0,1,music,1,wind_down,22
9,morning,1,0,school,exam,100,school,31.5,52.8,7,1.16,52.7,clear,87.8,91.3,0,3,none,0,study_for_class,18
12,afternoon,4,0,work,deadline,144,work,13.3,90.4,2,1.34,95.5,clear,11.0,47.8,0,2,none,0,take_break,20
13,afternoon,4,0,none,none,999,home,70.2,70.4,2,0.94,112.2,clear,21.4,63.2,0,2,podcast,0,exercise_suggestion,2
9,morning,3,0,work,team_meeting,79,work,84.6,54.5,8,1.35,157.1,rain,50.0,100.0,0,3,none,0,take_break,20
14,afternoon,4,0,work,deadline,174,work,94.2,92.5,10,2.25,93.4,rain,89.1,72.1,1,5,music,0,take_break,20
9,morning,2,0,social,family_time,155,home,26.7,78.0,5,0.31,150.2,snow,61.2,71.2,1,3,none,0,no_action,7
10,morning,4,0,work,focus_work,100,work,31.7,48.5,8,2.71,175.2,clear,51.1,36.4,1,2,none,0,take_break,20
12,afternoon,2,0,school,study_session,24,school,30.1,46.3,5,2.04,69.2,clear,82.9,46.2,0,4,none,0,no_action,7
11,morning,3,0,school,lecture,117,school,73.6,100.0,6,2.31,90.5,clear,5.8,5.0,1,1,podcast,0,study_for_class,18
23,night,0,0,none,none,999,outside,48.8,72.0,2,2.45,68.9,clear,32.7,59.6,0,4,music,1,wind_down,22
0,night,6,1,none,none,999,home,47.7,50.3,7,1.16,160.1,clear,83.7,17.3,0,4,music,1,no_action,7
7,morning,2,0,work,presentation,165,work,94.8,47.9,6,0.05,60.0,rain,67.1,81.3,0,3,podcast,0,no_action,7
9,morning,6,1,none,none,999,home,72.3,7.2,6,7.23,5.2,clear,86.4,84.1,0,2,music,0,charge_phone,0
20,evening,4,0,work,deadline,137,work,45.9,99.2,5,0.03,51.3,rain,49.1,65.4,0,3,none,0,no_action,7
10,morning,3,0,school,assignment_due,121,school,99.9,76.6,3,6.11,129.3,rain,37.6,66.7,0,0,music,0,eat_something,1
23,night,2,0,none,none,999,home,88.3,100.0,7,1.22,65.4,clear,22.2,81.9,0,1,none,1,wind_down,22
15,afternoon,1,0,none,none,999,home,70.4,76.2,1,1.32,91.2,clear,34.3,30.3,0,2,music,0,exercise_suggestion,2
19,evening,3,0,school,lecture,35,school,13.5,77.5,3,1.89,16.1,rain,46.8,85.3,1,4,music,0,study_for_class,18
2,night,2,0,social,friends_hangout,36,outside,36.8,100.0,10,0.45,22.9,rain,65.7,60.4,0,3,music,1,sleep_suggestion,15
15,afternoon,3,0,school,lecture,41,school,28.3,88.1,2,1.9,115.9,clear,80.6,48.3,0,0,none,0,study_for_class,18
21,night,5,1,social,dinner,126,restaurant,89.1,59.1,7,0.3,46.9,clear,38.0,100.0,0,4,podcast,1,no_action,7
20,evening,5,1,health,therapy,120,home,78.3,46.9,8,0.03,20.4,rain,77.6,77.8,0,1,none,0,no_action,7
8,morning,5,1,social,dinner,32,restaurant,67.2,35.8,10,1.28,87.4,clear,25.2,100.0,0,0,none,0,no_action,7
2,night,2,0,none,none,999,home,73.4,44.2,10,2.97,22.4,clear,30.3,78.8,0,0,music,1,no_action,7
12,afternoon,5,1,health,medication_reminder,162,outside,82.8,100.0,4,1.48,47.5,clear,16.8,60.6,0,5,none,0,no_action,7
22,night,2,0,none,none,999,outside,76.3,75.9,3,3.81,17.8,clear,46.4,64.8,0,2,none,1,wind_down,22
17,evening,6,1,social,friends_hangout,58,home,35.5,64.4,4,4.13,99.6,clear,80.1,51.6,0,0,music,0,no_action,7
8,morning,3,0,none,none,999,home,92.7,83.9,5,0.37,123.6,clear,88.4,100.0,0,5,none,0,focus_session,5
11,morning,5,1,social,date,58,home,90.8,41.3,4,2.74,61.3,clear,90.2,52.3,0,5,music,0,no_action,7
16,afternoon,5,1,none,none,999,outside,56.0,74.9,6,1.68,149.1,clear,69.9,100.0,0,0,podcast,0,social_suggestion,16
8,morning,6,1,social,friends_hangout,140,outside,48.1,68.5,2,0.78,86.4,fog,0.3,38.8,0,3,none,0,no_action,7
2,night,0,0,none,none,999,outside,81.1,56.9,8,2.69,103.8,clear,41.2,34.3,0,0,none,1,no_action,7
2,night,4,0,none,none,999,home,82.5,39.7,9,1.54,142.9,rain,81.5,62.3,1,5,none,1,no_action,7
5,morning,0,0,none,none,999,outside,42.3,100.0,2,0.61,20.0,fog,65.8,61.9,1,1,none,1,no_action,7
7,morning,4,0,none,none,999,home,48.5,100.0,6,3.37,93.1,fog,64.7,88.7,0,0,music,0,no_action,7
18,evening,6,1,social,family_time,75,home,96.3,75.1,7,0.64,170.4,snow,61.7,74.7,0,4,music,0,no_action,7
14,afternoon,4,0,work,focus_work,38,work,55.8,79.0,2,1.63,159.0,clear,40.3,57.8,1,5,music,0,take_break,20
6,morning,5,1,social,family_time,148,outside,27.1,100.0,9,0.61,43.8,clear,99.8,84.0,1,4,podcast,0,no_action,7
6,morning,6,1,social,dinner,141,restaurant,85.0,97.6,1,1.11,116.6,fog,1.1,71.5,0,5,none,0,no_action,7
17,evening,2,0,none,none,999,home,38.9,70.6,3,0.55,71.3,clear,73.9,36.8,0,0,podcast,0,no_action,7
19,evening,2,0,social,friends_hangout,-30,commuting,65.1,97.3,8,2.94,142.5,clear,68.8,10.4,1,2,none,0,find_gas_station,3
1,night,3,0,none,none,999,outside,78.5,69.0,1,1.16,171.3,rain,1.6,22.4,0,3,music,1,no_action,7
17,evening,4,0,health,therapy,-1,commuting,81.1,79.6,0,0.27,24.3,clear,74.5,80.3,0,0,music,0,suggest_repeat_action,19
22,night,0,0,social,dinner,59,restaurant,33.1,95.7,9,1.28,3.2,rain,19.4,52.5,0,5,none,1,no_action,7
6,morning,2,0,school,study_session,51,commuting,93.0,72.2,2,1.16,150.7,rain,64.4,39.2,0,5,none,0,play_music,9
15,afternoon,6,1,social,date,-7,commuting,93.3,39.4,7,1.45,86.6,rain,75.3,51.9,0,5,none,0,no_action,7
21,night,4,0,none,none,999,home,79.8,100.0,5,5.73,164.7,rain,22.6,64.5,0,1,music,1,wind_down,22
12,afternoon,3,0,school,assignment_due,-11,school,83.0,100.0,7,2.51,15.0,clear,34.4,52.2,0,3,music,0,send_late_message,13
20,evening,1,0,social,date,167,home,50.2,15.2,6,0.24,150.2,snow,61.5,69.6,0,3,music,0,no_action,7
2,night,4,0,none,none,999,outside,50.8,99.4,8,1.86,149.0,fog,9.1,68.2,0,1,none,1,no_action,7
16,afternoon,6,1,social,family_time,14,commuting,75.8,42.5,9,7.67,94.7,clear,78.9,81.1,1,5,music,0,eat_something,1
6,morning,0,0,work,team_meeting,46,commuting,62.8,81.4,9,0.83,53.3,rain,67.8,38.7,0,3,podcast,0,play_podcast,10
19,evening,1,0,work,deadline,36,work,76.8,57.5,7,1.05,19.5,rain,99.2,100.0,0,2,podcast,0,no_action,7
2,night,6,1,social,dinner,-23,restaurant,98.6,48.8,4,0.36,99.4,fog,13.5,75.8,1,1,music,1,send_late_message,13
14,afternoon,5,1,health,gym,164,gym,20.1,36.0,0,2.04,38.0,rain,19.0,11.6,0,2,podcast,0,no_action,7
9,morning,4,0,work,deadline,121,work,69.7,96.3,9,1.41,147.2,clear,19.6,100.0,0,0,music,0,take_break,20
15,afternoon,2,0,health,therapy,44,outside,52.2,100.0,10,0.09,61.8,fog,37.0,63.8,1,0,none,0,no_action,7
15,afternoon,0,0,school,exam,-2,school,64.0,90.0,6,1.41,99.1,clear,78.2,82.6,1,0,music,0,silence_phone,14
1,night,4,0,social,friends_hangout,119,home,54.7,91.2,8,0.01,106.4,clear,48.9,48.5,1,5,podcast,1,no_action,7
10,morning,4,0,none,none,999,outside,68.4,85.1,4,4.42,141.4,fog,40.7,60.8,0,0,podcast,0,focus_session,5
12,afternoon,2,0,work,deadline,23,work,33.4,42.6,0,3.91,146.0,rain,45.9,77.5,0,2,none,0,take_break,20
22,night,4,0,social,friends_hangout,-27,commuting,49.7,100.0,9,0.32,93.4,fog,9.1,83.7,0,2,none,1,send_late_message,13
20,evening,4,0,work,presentation,139,work,55.2,58.5,0,3.64,51.2,clear,10.1,46.1,1,0,none,0,no_action,7
10,morning,4,0,work,presentation,-23,work,10.3,72.4,7,0.49,166.0,clear,79.0,86.4,1,5,music,0,send_late_message,13
13,afternoon,1,0,social,date,-7,commuting,23.9,91.2,6,0.01,60.6,rain,66.4,49.7,0,2,podcast,0,suggest_repeat_action,19
8,morning,5,1,school,lecture,147,school,46.6,67.7,4,1.52,87.6,clear,74.9,55.9,0,3,music,0,no_action,7
4,night,6,1,none,none,999,outside,32.8,62.4,0,1.57,14.2,fog,51.1,86.2,0,4,music,1,sleep_suggestion,15
20,evening,6,1,social,family_time,40,outside,37.1,53.3,2,0.86,33.8,rain,56.3,79.6,0,0,none,0,start_commute,17
9,morning,1,0,health,therapy,83,home,14.4,54.1,7,0.4,109.5,clear,63.2,90.9,0,2,music,0,no_action,7
20,evening,6,1,social,date,98,home,31.2,77.3,9,0.07,72.4,rain,44.0,27.3,1,1,none,0,no_action,7
20,evening,2,0,health,therapy,175,home,59.2,53.6,8,1.61,165.9,clear,76.8,52.0,0,4,none,0,no_action,7
22,night,4,0,none,none,999,home,73.4,84.1,1,3.35,62.6,rain,35.5,26.9,0,2,music,1,wind_down,22
1,night,2,0,none,none,999,home,14.2,62.4,0,0.2,52.8,rain,43.0,73.0,0,4,none,1,sleep_suggestion,15
2,night,0,0,none,none,999,outside,50.8,44.5,2,2.88,13.8,clear,69.9,53.9,0,2,none,1,no_action,7
5,morning,6,1,none,none,999,outside,59.7,77.4,10,1.14,93.4,fog,77.5,54.5,0,5,podcast,1,no_action,7
13,afternoon,1,0,social,family_time,45,outside,96.4,67.8,5,0.13,90.2,clear,48.9,61.3,0,1,podcast,0,no_action,7
12,afternoon,3,0,school,exam,17,school,35.4,77.8,10,1.84,25.5,fog,40.4,74.5,0,4,none,0,no_action,7
21,night,6,1,social,date,140,home,59.1,63.5,4,3.96,123.3,snow,99.3,58.7,0,2,none,1,no_action,7
16,afternoon,2,0,none,none,999,outside,66.5,68.8,0,1.43,86.8,clear,64.1,74.6,0,0,none,0,exercise_suggestion,2
22,night,2,0,social,family_time,45,outside,19.1,75.6,8,1.69,70.3,clear,60.4,22.8,0,0,none,1,no_action,7
6,morning,0,0,work,presentation,54,commuting,66.9,88.6,1,0.51,133.5,snow,66.0,48.0,1,4,music,0,play_music,9
1,night,1,0,none,none,999,outside,49.6,57.0,4,4.76,154.8,clear,32.3,100.0,1,1,podcast,1,no_action,7
20,evening,0,0,work,focus_work,-21,work,67.7,63.0,7,1.15,74.2,clear,39.0,61.0,0,0,music,0,no_action,7
1,night,0,0,health,gym,130,gym,56.3,67.4,3,6.6,151.9,fog,85.6,48.2,0,5,music,1,eat_something,1
7,morning,2,0,work,focus_work,50,commuting,23.8,47.5,6,1.68,18.5,snow,97.7,60.7,0,5,podcast,0,play_podcast,10
23,night,3,0,none,none,999,outside,21.8,59.5,1,0.09,115.9,snow,38.4,87.4,0,0,none,1,sleep_suggestion,15
10,morning,2,0,school,assignment_due,-19,school,10.0,51.5,0,0.04,13.7,rain,6.1,66.2,0,1,podcast,0,send_late_message,13
2,night,0,0,none,none,999,home,10.5,84.1,8,0.25,100.6,rain,37.4,74.3,0,4,music,1,sleep_suggestion,15
0,night,6,1,none,none,999,outside,44.4,89.6,1,0.53,18.5,snow,18.7,64.7,0,3,podcast,1,sleep_suggestion,15
5,morning,5,1,social,dinner,87,restaurant,77.4,100.0,0,0.84,137.1,rain,96.5,100.0,0,4,podcast,1,no_action,7
0,night,6,1,none,none,999,home,88.7,39.9,5,0.24,101.4,rain,32.7,53.1,1,4,none,1,no_action,7
20,evening,5,1,none,none,999,home,86.8,100.0,7,1.17,64.6,clear,94.6,69.1,0,4,podcast,0,social_suggestion,16
17,evening,0,0,none,none,999,home,19.4,94.8,1,0.58,57.8,clear,97.0,72.4,0,1,podcast,0,no_action,7
21,night,0,0,school,study_session,10,school,79.5,64.3,5,0.59,126.4,rain,51.5,90.8,0,3,music,1,take_break,20
13,afternoon,1,0,none,none,999,home,13.3,99.2,5,0.91,13.1,clear,45.5,56.3,0,2,music,0,no_action,7
2,night,6,1,none,none,999,home,75.5,100.0,3,1.11,97.9,rain,64.3,64.3,1,4,none,1,no_action,7
14,afternoon,1,0,health,gym,73,gym,29.9,91.6,3,1.62,28.0,clear,42.3,25.3,0,3,music,0,no_action,7
6,morning,6,1,health,medication_reminder,-5,commuting,34.2,89.6,8,0.21,0.0,clear,1.3,88.9,0,4,music,0,play_music,9
20,evening,2,0,none,none,999,outside,37.2,100.0,3,0.16,65.8,rain,31.0,91.0,0,2,music,0,wind_down,22
19,evening,4,0,health,gym,54,gym,25.3,56.2,10,2.81,74.8,fog,80.9,85.5,0,4,music,0,no_action,7
20,evening,0,0,social,family_time,149,home,23.7,68.4,5,8.72,134.3,fog,9.1,74.1,0,2,none,0,eat_something,1
2,night,3,0,none,none,999,outside,36.0,75.4,3,4.8,16.1,snow,35.6,59.4,0,1,music,1,sleep_suggestion,15
5,morning,1,0,school,exam,-13,commuting,99.2,52.8,7,3.07,127.0,clear,50.1,70.0,0,1,podcast,1,send_late_message,13
18,evening,5,1,social,friends_hangout,46,home,24.4,80.4,9,1.68,147.9,clear,76.8,82.6,1,2,none,0,no_action,7
18,evening,0,0,school,study_session,70,school,65.0,36.2,2,4.53,100.2,clear,52.4,79.9,0,3,podcast,0,study_for_class,18
23,night,2,0,none,none,999,home,45.3,75.0,2,1.19,21.5,fog,25.4,68.2,0,4,none,1,wind_down,22
19,evening,3,0,social,friends_hangout,39,home,37.0,100.0,9,3.37,102.2,clear,38.4,49.9,0,3,none,0,start_commute,17
13,afternoon,6,1,none,none,999,outside,83.7,100.0,6,4.34,112.3,fog,59.4,68.2,0,4,podcast,0,focus_session,5
5,morning,4,0,none,none,999,home,33.3,73.2,6,0.95,98.6,clear,51.1,63.2,0,4,music,1,no_action,7
21,night,5,1,none,none,999,home,33.2,87.5,7,0.33,99.8,snow,10.7,82.9,0,3,podcast,1,wind_down,22
13,afternoon,0,0,school,assignment_due,-22,school,46.9,94.2,0,3.59,143.2,clear,48.0,38.0,1,4,music,0,send_late_message,13
2,night,2,0,none,none,999,outside,84.6,80.2,2,4.12,51.7,clear,94.5,26.3,0,1,none,1,no_action,7
20,evening,6,1,none,none,999,outside,66.1,54.9,10,2.91,53.3,clear,88.3,60.0,0,1,podcast,0,social_suggestion,16
0,night,2,0,none,none,999,outside,56.6,100.0,0,0.8,120.6,rain,96.5,100.0,0,4,none,1,no_action,7
8,morning,0,0,social,date,5,commuting,93.2,92.6,1,0.31,57.6,rain,68.8,93.7,0,1,podcast,0,find_parking,4
3,night,2,0,social,family_time,109,home,43.2,52.0,8,0.1,115.2,clear,24.7,77.9,1,1,none,1,sleep_suggestion,15
15,afternoon,4,0,school,exam,53,school,42.8,91.1,1,1.03,4.1,rain,28.1,31.2,0,4,none,0,study_for_class,18
6,morning,4,0,school,lecture,-12,commuting,39.6,72.3,3,1.16,15.2,rain,19.3,27.5,0,5,music,0,send_late_message,13
21,night,4,0,work,presentation,159,work,12.4,88.2,8,0.12,128.3,clear,42.4,78.5,1,4,music,1,take_break,20
17,evening,0,0,school,exam,80,school,73.4,44.5,5,2.85,5.8,rain,37.8,100.0,0,5,podcast,0,study_for_class,18
3,night,2,0,none,none,999,home,76.9,71.8,2,2.41,88.3,clear,91.0,75.1,0,5,none,1,no_action,7
19,evening,2,0,work,team_meeting,36,work,84.7,53.5,10,1.68,10.0,clear,41.9,64.4,0,0,none,0,no_action,7
13,afternoon,6,1,school,assignment_due,26,school,69.4,80.9,9,0.88,26.3,clear,71.4,63.9,0,5,none,0,no_action,7
9,morning,0,0,social,family_time,34,outside,42.4,76.4,10,2.59,152.6,clear,95.0,62.1,0,2,music,0,start_commute,17
22,night,0,0,none,none,999,home,69.4,76.8,7,1.53,70.4,rain,55.9,83.9,0,2,music,1,wind_down,22
17,evening,5,1,health,doctor_appointment,92,outside,79.6,95.4,7,0.26,28.6,clear,73.5,82.4,1,1,none,0,no_action,7
20,evening,6,1,health,medication_reminder,2,commuting,62.8,48.5,3,9.82,54.3,clear,93.0,97.3,0,5,none,0,eat_something,1
12,afternoon,6,1,none,none,999,home,32.0,47.9,1,2.28,161.2,rain,22.8,63.3,0,4,podcast,0,no_action,7
16,afternoon,5,1,none,none,999,outside,16.0,80.2,2,0.57,31.0,rain,66.0,32.3,0,2,none,0,social_suggestion,16
0,night,3,0,none,none,999,home,45.1,86.9,9,0.46,21.5,clear,96.4,61.2,0,3,none,1,no_action,7
21,night,3,0,health,doctor_appointment,80,home,56.6,64.9,5,0.39,11.1,clear,76.5,95.7,0,4,none,1,no_action,7
16,afternoon,4,0,school,lecture,33,school,58.0,43.7,10,0.73,93.2,clear,58.4,100.0,1,4,music,0,study_for_class,18
12,afternoon,1,0,school,study_session,127,school,36.2,20.5,3,1.81,80.3,clear,38.2,75.2,0,4,music,0,no_action,7
1,night,5,1,none,none,999,outside,52.0,76.8,3,0.59,133.9,clear,68.3,73.6,0,4,none,1,no_action,7
17,evening,2,0,none,none,999,home,95.6,70.7,8,1.29,155.4,clear,48.1,22.4,0,0,none,0,focus_session,5
17,evening,0,0,work,focus_work,23,work,90.5,69.5,0,2.81,82.2,clear,97.9,53.5,0,1,none,0,no_action,7
17,evening,4,0,social,date,109,home,48.6,100.0,5,5.79,86.3,rain,31.5,90.3,0,4,none,0,no_action,7
20,evening,4,0,work,team_meeting,39,work,89.4,49.8,2,1.76,142.1,rain,32.8,42.8,0,2,none,0,take_break,20
19,evening,5,1,social,date,38,home,38.1,74.7,4,4.36,76.1,rain,81.6,100.0,1,0,podcast,0,start_commute,17
23,night,6,1,school,assignment_due,37,school,12.5,72.1,0,1.28,161.8,rain,40.5,46.9,0,4,none,1,sleep_suggestion,15
11,morning,3,0,school,lecture,47,school,79.6,91.2,6,1.69,48.7,fog,86.9,40.0,0,5,music,0,study_for_class,18
9,morning,2,0,school,study_session,178,school,35.8,100.0,4,0.31,121.6,clear,97.2,40.0,0,0,music,0,take_break,20
3,night,4,0,social,date,4,commuting,42.5,62.5,0,1.7,75.0,snow,7.5,56.0,0,5,music,1,sleep_suggestion,15
21,night,5,1,health,doctor_appointment,-12,commuting,51.8,50.1,10,0.39,38.0,rain,74.4,67.3,0,5,music,1,suggest_repeat_action,19
1,night,6,1,social,family_time,41,home,41.6,74.2,3,2.36,60.5,snow,41.5,72.5,1,0,music,1,sleep_suggestion,15
0,night,5,1,none,none,999,home,56.9,71.6,6,3.26,47.9,clear,65.4,43.0,0,4,none,1,no_action,7
4,night,2,0,none,none,999,outside,27.9,49.7,0,3.96,110.9,clear,98.1,83.2,0,2,none,1,sleep_suggestion,15
5,morning,0,0,school,assignment_due,145,school,16.1,54.0,1,1.14,70.5,snow,95.6,83.9,0,2,none,1,no_action,7
17,evening,3,0,none,none,999,home,36.5,65.4,5,2.26,126.5,rain,34.2,86.2,0,3,none,0,no_action,7
2,night,3,0,none,none,999,home,89.9,63.5,2,1.52,134.7,clear,86.8,32.2,0,5,music,1,no_action,7
3,night,6,1,school,exam,155,school,13.5,100.0,0,4.41,118.6,clear,8.9,43.2,0,5,none,1,sleep_suggestion,15
10,morning,1,0,school,exam,157,school,49.8,79.3,3,0.56,71.9,clear,59.9,69.6,0,3,music,0,no_action,7
10,morning,3,0,school,lecture,52,school,70.1,100.0,5,0.51,29.4,clear,3.8,50.4,0,0,podcast,0,study_for_class,18
17,evening,2,0,none,none,999,home,27.7,81.5,4,0.06,93.2,fog,47.6,54.8,0,5,podcast,0,no_action,7
9,morning,4,0,work,team_meeting,8,commuting,94.7,50.3,10,0.67,107.3,snow,18.6,59.6,1,2,none,0,find_parking,4
6,morning,1,0,work,deadline,58,commuting,21.6,98.3,5,0.35,96.1,clear,13.2,20.1,0,3,podcast,0,play_podcast,10
6,morning,0,0,work,focus_work,61,work,60.7,63.4,1,4.95,160.5,clear,21.2,27.2,0,1,none,0,take_break,20
19,evening,0,0,school,study_session,54,school,38.0,64.8,4,1.04,40.4,snow,81.1,74.3,0,0,none,0,study_for_class,18
16,afternoon,2,0,school,lecture,143,school,58.5,83.2,10,2.96,27.4,clear,72.5,81.4,0,0,podcast,0,no_action,7
15,afternoon,0,0,school,study_session,69,school,33.2,100.0,10,2.75,102.1,clear,18.0,69.5,0,4,none,0,study_for_class,18
14,afternoon,3,0,none,none,999,home,75.3,59.2,6,1.78,9.2,rain,31.9,80.6,0,5,music,0,focus_session,5
4,night,5,1,none,none,999,home,10.7,52.0,4,1.7,174.4,clear,46.3,53.7,0,0,podcast,1,sleep_suggestion,15
12,afternoon,1,0,school,exam,130,school,62.7,82.4,10,0.47,113.2,clear,40.9,100.0,0,2,music,0,take_break,20
5,morning,2,0,health,medication_reminder,115,outside,98.7,74.1,0,1.77,6.1,clear,51.8,65.4,1,3,none,1,no_action,7
12,afternoon,0,0,work,team_meeting,94,work,30.7,75.5,8,0.97,129.8,snow,16.6,78.2,0,1,music,0,take_break,20
22,night,6,1,none,none,999,home,32.4,75.7,6,2.15,105.7,rain,0.9,29.8,0,0,podcast,1,wind_down,22
9,morning,3,0,work,team_meeting,102,work,37.9,42.3,9,1.16,38.5,snow,59.5,47.8,0,1,music,0,no_action,7
18,evening,4,0,school,lecture,27,school,19.5,54.7,1,8.79,15.5,clear,10.6,32.1,0,4,music,0,eat_something,1
8,morning,1,0,work,presentation,22,commuting,28.3,80.2,1,0.77,56.7,rain,4.0,71.3,1,2,podcast,0,play_podcast,10
23,night,5,1,none,none,999,outside,89.9,80.8,8,1.37,177.9,clear,99.5,94.9,0,3,podcast,1,wind_down,22
16,afternoon,2,0,school,assignment_due,48,school,22.5,61.7,10,2.1,163.7,rain,48.7,75.4,0,4,podcast,0,take_break,20
23,night,1,0,none,none,999,home,78.4,57.8,2,1.14,14.1,fog,45.5,44.9,0,4,music,1,wind_down,22
22,night,1,0,none,none,999,outside,68.3,100.0,4,0.6,145.7,clear,1.7,90.4,1,3,music,1,wind_down,22
10,morning,1,0,work,team_meeting,67,work,29.5,85.1,2,3.95,12.4,clear,21.0,58.7,0,2,podcast,0,no_action,7
4,night,1,0,work,presentation,60,work,52.6,100.0,7,0.99,11.4,clear,5.3,93.0,0,2,podcast,1,no_action,7
7,morning,0,0,work,team_meeting,85,work,59.9,100.0,4,2.81,26.2,rain,38.6,95.4,0,3,podcast,0,no_action,7
17,evening,1,0,health,therapy,124,outside,43.8,26.9,9,2.96,104.5,snow,76.0,91.0,1,4,none,0,no_action,7
3,night,3,0,none,none,999,home,41.4,75.9,4,6.5,18.2,snow,5.0,64.9,0,2,podcast,1,sleep_suggestion,15
20,evening,4,0,social,dinner,28,restaurant,40.9,35.1,8,0.89,81.3,clear,24.0,66.4,0,0,music,0,get_ready,6
1,night,0,0,none,none,999,home,95.3,67.1,0,0.57,4.0,clear,36.1,32.6,1,5,music,1,no_action,7
4,night,1,0,none,none,999,home,97.9,85.8,9,1.22,9.0,rain,68.2,88.5,0,0,music,1,no_action,7
17,evening,4,0,health,gym,138,gym,24.9,100.0,4,1.55,22.8,rain,33.7,44.1,0,3,podcast,0,no_action,7
20,evening,4,0,none,none,999,home,56.1,99.2,7,3.96,119.3,rain,23.4,56.3,0,5,none,0,wind_down,22
3,night,4,0,none,none,999,home,67.9,39.1,9,1.8,165.4,rain,48.8,39.2,1,3,podcast,1,no_action,7
11,morning,5,1,none,none,999,outside,52.2,75.4,4,1.35,82.8,clear,1.2,47.5,1,4,none,0,read_email_alert,12
14,afternoon,3,0,school,assignment_due,-8,school,42.5,84.4,1,1.32,167.4,clear,34.8,72.6,1,5,podcast,0,take_break,20
1,night,4,0,health,therapy,74,home,49.4,68.5,5,2.23,174.1,snow,55.4,76.0,0,1,none,1,no_action,7
2,night,5,1,none,none,999,home,57.7,44.6,4,3.23,175.5,clear,65.1,59.5,0,5,podcast,1,no_action,7
9,morning,4,0,work,team_meeting,160,work,76.3,31.3,2,2.45,163.6,rain,11.0,31.3,1,2,none,0,take_break,20
21,night,1,0,school,lecture,-17,school,81.2,91.4,1,0.69,156.0,snow,70.9,83.6,0,5,music,1,send_late_message,13
23,night,0,0,none,none,999,outside,60.3,80.9,9,0.92,21.0,rain,72.5,100.0,0,0,none,1,wind_down,22
7,morning,0,0,none,none,999,outside,97.9,100.0,7,3.94,100.4,fog,20.8,75.7,0,5,podcast,0,exercise_suggestion,2
13,afternoon,5,1,health,gym,151,gym,85.9,48.9,7,0.11,167.0,fog,45.5,34.8,0,5,none,0,no_action,7
12,afternoon,1,0,school,study_session,-14,school,48.4,57.9,6,0.66,80.3,clear,44.5,87.0,0,3,podcast,0,send_late_message,13
1,night,1,0,none,none,999,home,10.9,56.6,10,4.79,91.0,clear,82.5,78.8,0,5,none,1,sleep_suggestion,15
3,night,6,1,none,none,999,outside,26.8,32.1,10,3.39,74.2,clear,79.2,88.7,0,3,none,1,sleep_suggestion,15
19,evening,1,0,none,none,999,home,92.0,44.5,6,3.16,92.0,clear,14.8,58.0,0,1,podcast,0,focus_session,5
3,night,6,1,none,none,999,home,10.3,33.1,6,1.64,44.0,clear,20.7,65.0,0,1,music,1,sleep_suggestion,15
22,night,1,0,none,none,999,outside,27.7,44.4,6,0.31,124.8,clear,79.8,67.0,0,4,music,1,wind_down,22
13,afternoon,4,0,health,gym,67,gym,78.2,77.8,10,3.72,62.2,rain,59.5,69.6,0,4,podcast,0,no_action,7
11,morning,3,0,school,assignment_due,134,school,57.4,70.2,9,0.8,9.8,clear,35.4,86.7,0,0,music,0,no_action,7
14,afternoon,1,0,health,doctor_appointment,179,outside,77.6,100.0,0,2.21,134.2,clear,34.0,93.6,0,3,podcast,0,no_action,7
5,morning,2,0,none,none,999,home,15.1,74.4,0,1.64,49.9,clear,44.1,74.8,0,5,music,1,no_action,7
4,night,0,0,none,none,999,outside,78.2,51.2,5,0.84,9.3,rain,81.4,43.1,1,4,music,1,no_action,7
6,morning,0,0,health,medication_reminder,-25,commuting,31.3,100.0,4,0.78,52.6,fog,71.7,67.8,0,2,music,0,play_music,9
12,afternoon,3,0,school,exam,30,school,11.1,59.3,2,4.67,18.8,clear,52.5,33.1,0,0,podcast,0,study_for_class,18
0,night,0,0,none,none,999,outside,11.2,100.0,5,2.56,40.8,rain,6.7,100.0,0,0,music,1,sleep_suggestion,15
14,afternoon,5,1,none,none,999,home,58.9,69.9,7,1.47,56.1,rain,96.6,63.9,0,3,none,0,social_suggestion,16
15,afternoon,5,1,health,doctor_appointment,-17,commuting,88.9,27.5,10,3.0,150.8,clear,25.6,65.1,0,3,podcast,0,suggest_repeat_action,19
11,morning,2,0,work,team_meeting,51,work,46.3,100.0,3,0.19,149.3,clear,7.1,77.2,0,4,music,0,take_break,20
15,afternoon,1,0,work,team_meeting,130,work,22.0,83.6,10,0.82,159.3,rain,53.6,78.2,1,2,music,0,take_break,20
15,afternoon,2,0,social,dinner,2,restaurant,23.5,50.6,7,1.43,157.0,clear,98.7,48.9,0,4,none,0,no_action,7
11,morning,1,0,school,assignment_due,162,school,82.8,26.9,5,4.06,118.3,clear,22.1,15.6,0,5,none,0,take_break,20
6,morning,4,0,social,dinner,165,restaurant,33.4,73.5,0,5.45,93.9,clear,8.3,15.5,0,1,music,0,no_action,7
18,evening,3,0,school,study_session,-19,school,17.2,50.6,5,3.56,113.3,rain,99.1,64.0,0,1,podcast,0,send_late_message,13
5,morning,1,0,none,none,999,outside,95.0,60.3,7,1.6,116.9,fog,56.3,72.4,0,1,music,1,no_action,7
10,morning,2,0,health,medication_reminder,105,home,85.1,72.0,7,3.27,0.9,snow,84.6,100.0,0,5,podcast,0,no_action,7
2,night,4,0,school,assignment_due,154,school,81.1,100.0,2,2.65,95.3,clear,71.2,68.1,0,5,podcast,1,take_break,20
7,morning,0,0,work,presentation,-13,commuting,23.0,80.1,8,1.15,97.7,rain,45.7,79.2,1,1,podcast,0,send_late_message,13
16,afternoon,1,0,none,none,999,home,52.5,53.3,1,8.99,115.9,clear,46.8,78.5,1,3,none,0,eat_something,1
16,afternoon,6,1,social,date,107,outside,29.9,48.7,6,3.1,89.1,clear,86.6,61.0,1,1,podcast,0,no_action,7
17,evening,3,0,school,study_session,158,school,40.8,68.3,6,1.16,82.9,clear,8.1,31.6,1,5,music,0,no_action,7
17,evening,6,1,social,date,-25,commuting,33.7,66.8,0,1.05,56.6,rain,96.6,64.9,1,5,podcast,0,send_late_message,13
2,night,3,0,none,none,999,home,33.8,44.2,10,0.09,64.8,clear,85.7,63.7,1,2,none,1,sleep_suggestion,15
7,morning,4,0,school,lecture,96,school,71.4,99.5,8,0.31,177.7,rain,21.7,55.4,1,1,none,0,study_for_class,18
7,morning,1,0,school,assignment_due,109,school,27.2,69.1,9,1.37,26.8,clear,69.7,94.0,0,1,none,0,no_action,7
9,morning,5,1,school,lecture,65,school,19.0,100.0,2,0.4,110.4,clear,78.5,75.9,0,1,none,0,study_for_class,18
8,morning,1,0,work,focus_work,128,work,40.4,55.0,9,1.04,89.1,fog,28.5,60.5,1,2,none,0,no_action,7
22,night,2,0,none,none,999,home,63.8,92.8,0,3.65,50.6,clear,48.5,28.6,0,5,music,1,wind_down,22
23,night,1,0,none,none,999,home,67.7,54.6,10,1.61,7.3,clear,88.5,59.4,0,4,music,1,wind_down,22
4,night,4,0,none,none,999,home,43.5,100.0,2,0.18,3.9,rain,8.3,100.0,0,5,none,1,sleep_suggestion,15
16,afternoon,0,0,school,study_session,157,school,54.0,48.4,7,6.64,150.6,clear,11.1,75.2,1,3,none,0,eat_something,1
7,morning,6,1,none,none,999,outside,46.6,100.0,0,0.44,67.4,clear,13.4,100.0,0,1,podcast,0,plan_day,8
6,morning,4,0,school,exam,45,commuting,70.8,38.1,6,0.18,79.9,clear,73.8,51.8,0,3,music,0,play_music,9
23,night,3,0,none,none,999,home,10.5,66.9,4,3.12,158.6,rain,72.9,88.4,0,2,music,1,sleep_suggestion,15
12,afternoon,0,0,school,lecture,105,school,33.5,66.1,6,4.49,124.0,rain,24.7,36.8,1,4,none,0,study_for_class,18
15,afternoon,1,0,social,date,121,home,14.0,100.0,3,0.19,87.4,rain,15.7,42.8,1,5,podcast,0,no_action,7
23,night,3,0,none,none,999,home,55.8,89.5,10,6.44,35.9,rain,90.9,64.7,0,1,podcast,1,eat_something,1
5,morning,6,1,none,none,999,outside,83.7,100.0,1,2.02,115.4,clear,92.4,83.3,0,2,none,1,no_action,7
20,evening,5,1,social,family_time,-29,commuting,47.3,94.3,1,5.56,139.5,rain,71.3,98.8,0,0,music,0,suggest_repeat_action,19
11,morning,6,1,social,date,12,commuting,85.3,60.1,6,0.32,85.7,clear,85.1,77.0,0,1,music,0,play_music,9
8,morning,5,1,social,family_time,179,home,58.7,96.5,8,4.33,76.7,fog,66.7,76.7,0,4,none,0,no_action,7
19,evening,6,1,none,none,999,home,91.8,5.0,7,1.38,38.8,rain,12.7,59.2,0,4,music,0,charge_phone,0
1,night,2,0,health,gym,179,gym,31.9,100.0,3,1.78,72.1,clear,72.0,72.0,0,4,none,1,sleep_suggestion,15
5,morning,5,1,none,none,999,home,82.3,87.9,8,0.61,158.3,snow,28.9,89.5,0,5,none,1,no_action,7
6,morning,0,0,social,date,42,outside,89.7,57.7,10,1.07,0.7,clear,60.4,54.4,1,3,none,0,no_action,7
22,night,0,0,none,none,999,home,59.6,82.4,7,3.96,97.5,rain,19.0,71.4,0,5,podcast,1,wind_down,22
7,morning,1,0,health,medication_reminder,136,home,13.3,79.0,8,3.13,89.0,clear,59.1,78.7,1,0,none,0,no_action,7
6,morning,4,0,work,focus_work,108,work,58.2,22.1,9,0.86,31.8,rain,0.9,70.5,0,2,music,0,no_action,7
21,night,4,0,work,deadline,-25,work,27.4,53.3,1,2.27,18.3,rain,79.7,32.4,0,1,podcast,1,send_late_message,13
9,morning,4,0,health,therapy,120,home,20.1,55.2,2,0.29,39.8,clear,60.4,88.5,0,3,music,0,no_action,7
18,evening,5,1,health,medication_reminder,64,home,45.4,29.5,0,3.8,166.9,fog,76.3,63.2,0,0,podcast,0,no_action,7
22,night,2,0,none,none,999,outside,19.5,56.2,0,0.29,110.7,rain,47.7,58.0,0,2,music,1,wind_down,22
19,evening,2,0,health,gym,24,gym,44.2,48.0,3,2.9,156.3,fog,18.4,17.4,1,3,none,0,no_action,7
2,night,6,1,none,none,999,outside,62.1,74.4,7,0.02,117.5,fog,18.5,84.9,0,5,podcast,1,no_action,7
3,night,6,1,none,none,999,home,30.3,88.5,2,0.0,119.9,rain,36.4,87.3,0,0,none,1,sleep_suggestion,15
7,morning,6,1,none,none,999,outside,64.8,42.5,4,1.04,11.0,clear,83.9,79.1,0,2,none,0,no_action,7
3,night,0,0,none,none,999,home,28.3,31.8,9,0.79,114.5,clear,35.0,98.9,0,4,podcast,1,sleep_suggestion,15
0,night,2,0,none,none,999,outside,29.0,5.0,8,0.37,27.7,snow,62.6,44.3,0,4,podcast,1,charge_phone,0
23,night,2,0,none,none,999,home,17.3,75.7,2,0.89,23.9,fog,70.5,72.2,0,4,music,1,sleep_suggestion,15
13,afternoon,4,0,none,none,999,outside,79.9,100.0,9,2.59,7.0,clear,47.0,46.7,0,4,music,0,focus_session,5
12,afternoon,0,0,school,assignment_due,-26,school,84.9,30.8,4,0.85,128.6,snow,93.7,74.3,0,5,podcast,0,send_late_message,13
22,night,1,0,social,date,38,home,91.0,89.5,1,0.88,103.0,clear,22.5,88.5,0,0,podcast,1,start_commute,17
18,evening,0,0,school,study_session,14,school,65.4,79.9,8,2.2,19.7,clear,84.7,60.0,0,2,podcast,0,no_action,7
17,evening,2,0,none,none,999,outside,95.8,45.8,10,4.19,43.3,fog,57.3,91.0,0,5,music,0,focus_session,5
3,night,0,0,none,none,999,home,16.8,48.6,1,1.8,92.2,clear,94.4,65.0,0,1,none,1,sleep_suggestion,15
13,afternoon,0,0,health,therapy,88,home,49.2,49.7,2,5.28,53.2,rain,6.5,88.3,0,3,podcast,0,no_action,7
15,afternoon,6,1,health,medication_reminder,1,commuting,43.1,50.1,7,3.65,71.4,clear,23.5,66.8,0,5,music,0,find_parking,4
21,night,5,1,school,exam,57,school,17.6,100.0,10,2.2,69.2,clear,8.5,100.0,0,4,music,1,study_for_class,18
16,afternoon,5,1,social,friends_hangout,32,outside,60.5,86.5,1,0.62,115.8,clear,8.2,78.0,1,4,none,0,start_commute,17
20,evening,6,1,none,none,999,home,96.8,66.1,6,4.31,73.9,clear,8.9,35.6,1,4,podcast,0,social_suggestion,16
4,night,4,0,none,none,999,outside,63.6,48.6,2,2.08,76.4,clear,23.1,55.2,0,1,none,1,no_action,7
14,afternoon,2,0,school,lecture,35,school,55.4,76.7,3,0.42,100.4,clear,20.4,81.3,0,5,music,0,study_for_class,18
11,morning,4,0,work,presentation,73,work,38.9,100.0,3,2.44,117.9,rain,69.2,21.4,1,4,none,0,take_break,20
10,morning,4,0,work,presentation,108,work,80.4,56.1,2,4.68,81.3,rain,92.3,36.5,1,4,music,0,no_action,7
16,afternoon,0,0,health,doctor_appointment,140,home,78.3,57.1,2,2.62,151.1,clear,1.0,48.1,0,4,podcast,0,no_action,7
1,night,4,0,none,none,999,home,84.2,82.3,10,2.6,69.7,snow,17.9,69.9,0,1,none,1,no_action,7
17,evening,4,0,work,presentation,50,work,49.6,75.7,1,2.82,92.3,rain,31.5,79.7,0,3,music,0,take_break,20
20,evening,4,0,health,therapy,73,home,25.6,74.6,7,3.89,103.9,rain,98.2,45.4,0,1,music,0,no_action,7
23,night,5,1,none,none,999,home,38.7,97.6,9,0.16,32.6,clear,55.4,51.9,0,1,music,1,sleep_suggestion,15
14,afternoon,3,0,work,deadline,97,work,85.1,54.1,1,2.87,123.1,snow,16.2,57.0,1,2,none,0,take_break,20
16,afternoon,3,0,school,exam,165,school,22.9,78.7,4,3.64,172.9,fog,71.9,46.2,0,3,music,0,take_break,20
22,night,6,1,health,gym,81,gym,15.0,40.0,7,0.71,23.5,clear,14.4,100.0,0,4,music,1,no_action,7
10,morning,2,0,none,none,999,home,98.6,100.0,0,0.24,177.4,clear,19.2,88.0,0,1,none,0,exercise_suggestion,2
13,afternoon,1,0,work,presentation,149,work,63.1,78.9,10,1.69,50.1,snow,94.5,72.4,0,2,music,0,no_action,7
15,afternoon,5,1,health,gym,79,gym,81.6,23.1,9,1.18,85.5,clear,26.1,73.4,0,4,music,0,no_action,7
19,evening,6,1,school,exam,17,school,54.8,67.1,7,3.62,97.0,snow,44.7,36.4,0,0,none,0,take_break,20
19,evening,2,0,work,focus_work,122,work,61.6,75.5,6,2.14,134.9,clear,67.6,65.4,1,5,music,0,take_break,20
19,evening,3,0,school,assignment_due,-17,school,49.6,80.9,3,6.42,138.4,clear,58.1,62.3,1,1,none,0,eat_something,1
20,evening,4,0,health,therapy,61,home,20.7,66.8,10,2.16,103.1,rain,14.5,100.0,0,0,music,0,no_action,7
17,evening,5,1,social,dinner,70,restaurant,93.9,100.0,1,1.52,54.9,rain,41.2,20.4,0,3,music,0,no_action,7
8,morning,0,0,social,dinner,27,restaurant,59.9,58.8,0,4.77,25.0,rain,33.8,25.7,0,3,none,0,get_ready,6
13,afternoon,5,1,health,medication_reminder,153,home,24.7,94.7,10,2.64,116.3,fog,23.0,79.7,0,1,none,0,no_action,7
0,night,0,0,none,none,999,outside,74.4,72.5,4,1.16,64.2,rain,88.0,71.9,0,4,music,1,no_action,7
13,afternoon,0,0,school,study_session,36,school,25.9,40.8,9,1.45,67.9,clear,52.8,51.8,0,4,none,0,study_for_class,18
8,morning,4,0,school,exam,149,school,57.8,58.3,7,7.45,96.3,rain,97.1,33.0,1,1,podcast,0,eat_something,1
11,morning,5,1,none,none,999,outside,99.3,88.7,4,2.09,108.4,snow,68.0,60.4,0,3,none,0,focus_session,5
23,night,2,0,none,none,999,home,89.8,89.1,3,0.23,112.4,rain,49.4,65.4,0,0,none,1,wind_down,22
13,afternoon,4,0,work,team_meeting,94,work,91.3,66.7,1,10.0,65.1,clear,48.4,36.5,0,1,none,0,eat_something,1
8,morning,5,1,social,family_time,-7,commuting,75.4,62.7,7,0.64,31.6,clear,20.3,86.8,1,4,none,0,play_music,9
21,night,0,0,work,deadline,154,work,55.5,100.0,10,0.59,154.2,rain,55.3,83.0,0,1,music,1,take_break,20
3,night,4,0,none,none,999,outside,66.7,89.1,9,0.37,123.3,rain,26.2,100.0,0,2,music,1,no_action,7
1,night,0,0,work,deadline,152,work,41.2,100.0,10,1.07,101.3,clear,14.0,61.9,0,3,none,1,sleep_suggestion,15
23,night,6,1,none,none,999,home,86.5,91.6,2,2.01,97.7,clear,26.1,30.3,0,5,none,1,wind_down,22
0,night,1,0,none,none,999,home,14.6,100.0,3,0.16,21.3,clear,10.0,68.6,1,3,none,1,sleep_suggestion,15
1,night,1,0,school,lecture,94,school,36.0,65.6,9,2.46,88.7,clear,14.8,43.0,0,0,none,1,sleep_suggestion,15
14,afternoon,1,0,social,date,-14,commuting,68.4,73.6,3,4.04,110.4,clear,95.7,100.0,1,5,none,0,send_late_message,13
1,night,5,1,none,none,999,home,83.8,50.7,0,1.24,128.8,clear,20.8,43.5,0,3,music,1,no_action,7
11,morning,3,0,health,doctor_appointment,90,home,34.9,43.7,4,0.17,170.2,clear,72.3,77.7,0,4,music,0,no_action,7
21,night,4,0,school,study_session,-6,school,20.9,75.8,3,5.43,152.1,rain,39.0,100.0,1,4,none,1,take_break,20
18,evening,5,1,none,none,999,home,96.6,66.7,7,0.34,56.1,clear,32.9,54.3,0,2,none,0,focus_session,5
18,evening,3,0,social,date,7,commuting,15.2,46.8,3,0.25,94.0,snow,6.0,41.2,0,3,none,0,find_parking,4
14,afternoon,2,0,health,doctor_appointment,49,home,72.1,98.6,6,0.84,26.4,clear,97.6,45.8,0,5,music,0,no_action,7
11,morning,2,0,none,none,999,outside,46.8,83.7,1,2.19,172.1,clear,80.7,94.9,0,4,music,0,no_action,7
8,morning,2,0,work,presentation,13,commuting,11.3,59.6,0,1.6,88.1,clear,29.8,86.4,0,4,podcast,0,play_podcast,10
9,morning,4,0,school,assignment_due,70,school,27.0,93.0,0,0.27,43.4,rain,64.3,65.8,0,4,none,0,no_action,7
23,night,4,0,none,none,999,outside,46.9,69.2,4,1.97,14.6,snow,6.1,84.5,0,5,music,1,wind_down,22
6,morning,2,0,none,none,999,home,12.2,52.8,6,2.61,173.7,clear,51.9,100.0,0,4,podcast,0,no_action,7
22,night,5,1,none,none,999,home,72.8,69.2,7,1.46,20.2,clear,83.1,79.1,1,3,none,1,wind_down,22
7,morning,3,0,work,presentation,176,work,91.7,65.1,5,1.58,111.8,clear,26.8,56.3,1,5,music,0,take_break,20
22,night,5,1,none,none,999,outside,85.6,60.5,1,0.77,170.4,fog,84.5,62.6,0,5,podcast,1,wind_down,22
3,night,6,1,none,none,999,home,64.9,92.5,9,5.3,93.3,clear,11.3,76.0,1,5,none,1,no_action,7
14,afternoon,2,0,none,none,999,home,80.7,100.0,0,0.19,104.7,clear,77.8,86.6,0,0,none,0,exercise_suggestion,2
6,morning,6,1,social,date,-15,commuting,35.6,25.4,7,0.68,144.1,clear,59.7,37.1,0,0,none,0,play_music,9
8,morning,5,1,social,date,113,home,65.6,73.6,3,0.62,156.8,clear,1.6,85.0,0,5,none,0,no_action,7
19,evening,1,0,school,lecture,8,school,14.7,59.0,7,1.37,175.8,clear,24.2,82.2,0,4,podcast,0,take_break,20
6,morning,2,0,work,presentation,1,commuting,77.1,100.0,2,0.77,40.8,clear,90.7,53.4,0,4,music,0,find_parking,4
7,morning,4,0,school,lecture,154,school,95.5,100.0,7,0.81,111.8,clear,58.2,79.4,1,2,none,0,take_break,20
0,night,4,0,none,none,999,home,49.6,63.7,0,0.98,8.1,clear,80.2,27.1,0,0,music,1,no_action,7
5,morning,5,1,none,none,999,outside,29.0,97.3,10,1.65,36.1,rain,13.1,49.2,0,2,music,1,no_action,7
10,morning,6,1,school,assignment_due,141,school,87.8,100.0,7,0.2,144.0,rain,70.8,26.5,0,4,music,0,take_break,20
3,night,4,0,none,none,999,outside,77.6,62.6,6,0.35,169.7,clear,38.6,67.3,0,2,podcast,1,no_action,7
10,morning,3,0,health,medication_reminder,56,home,31.1,59.1,6,0.05,82.2,clear,33.7,63.9,1,3,podcast,0,no_action,7
9,morning,1,0,social,date,26,home,80.2,51.8,7,0.19,152.6,rain,74.0,64.1,0,4,none,0,start_commute,17
6,morning,6,1,none,none,999,home,65.7,57.1,3,0.69,168.6,clear,82.9,62.4,0,5,none,0,exercise_suggestion,2
0,night,6,1,social,date,103,home,41.9,85.1,5,1.19,84.7,fog,91.4,74.4,1,0,none,1,sleep_suggestion,15
3,night,5,1,none,none,999,outside,32.4,20.2,8,2.17,118.5,clear,30.9,74.4,0,4,music,1,sleep_suggestion,15
19,evening,5,1,health,doctor_appointment,99,outside,17.1,80.2,10,6.5,170.5,clear,54.2,78.3,0,3,podcast,0,eat_something,1
6,morning,0,0,social,date,106,outside,78.0,68.2,9,0.81,59.7,clear,7.6,80.0,1,2,none,0,no_action,7
11,morning,5,1,social,family_time,129,home,52.8,74.4,3,3.77,101.4,clear,46.5,93.1,0,5,none,0,no_action,7
2,night,3,0,none,none,999,home,63.2,52.7,3,4.84,141.8,clear,5.8,32.8,1,2,none,1,no_action,7
22,night,0,0,none,none,999,home,42.2,87.6,9,2.16,144.4,rain,97.4,75.6,1,3,music,1,wind_down,22
16,afternoon,4,0,health,therapy,142,home,60.2,33.4,4,0.59,169.2,fog,40.8,59.9,1,0,music,0,no_action,7
19,evening,1,0,social,date,152,home,37.5,49.1,3,1.61,103.1,clear,36.3,100.0,0,3,none,0,no_action,7
2,night,3,0,none,none,999,home,32.3,63.2,10,0.01,4.8,clear,60.1,16.9,0,3,music,1,sleep_suggestion,15
14,afternoon,1,0,social,friends_hangout,10,commuting,52.5,64.4,8,7.16,48.7,clear,0.4,55.2,1,5,none,0,eat_something,1
11,morning,6,1,health,doctor_appointment,159,outside,50.4,100.0,2,0.93,148.2,rain,12.2,79.3,0,3,music,0,no_action,7
2,night,2,0,school,lecture,-13,school,20.9,58.0,1,0.61,88.6,snow,14.4,45.8,0,1,music,1,sleep_suggestion,15
15,afternoon,4,0,health,doctor_appointment,158,home,14.5,22.8,9,4.5,25.3,clear,3.7,32.1,0,5,music,0,no_action,7
4,night,2,0,none,none,999,outside,59.9,58.9,7,3.18,104.4,rain,94.8,77.0,0,5,podcast,1,no_action,7
15,afternoon,3,0,school,lecture,146,school,62.1,100.0,9,1.29,153.4,snow,3.2,100.0,0,3,none,0,take_break,20
2,night,2,0,none,none,999,home,27.3,100.0,6,0.91,159.9,clear,1.4,64.0,1,0,podcast,1,sleep_suggestion,15
14,afternoon,3,0,none,none,999,outside,29.3,47.6,5,3.82,91.1,snow,48.7,68.5,0,1,music,0,no_action,7
5,morning,3,0,social,dinner,37,restaurant,43.0,61.8,8,1.2,152.9,clear,28.7,84.9,0,4,music,1,no_action,7
19,evening,3,0,none,none,999,outside,44.5,15.3,5,6.82,129.4,clear,83.0,77.6,1,1,none,0,eat_something,1
8,morning,0,0,work,deadline,51,commuting,96.5,100.0,4,1.08,123.9,snow,70.5,58.3,0,4,podcast,0,play_podcast,10
10,morning,0,0,health,medication_reminder,136,home,22.0,80.2,0,0.78,42.8,clear,91.2,53.7,0,5,music,0,no_action,7
10,morning,1,0,none,none,999,home,86.2,88.6,6,1.74,160.9,rain,28.2,72.6,0,4,music,0,focus_session,5
8,morning,0,0,school,assignment_due,10,commuting,75.2,100.0,5,1.22,34.2,rain,81.9,70.3,0,3,none,0,play_music,9
18,evening,3,0,none,none,999,home,65.7,5.0,7,2.92,119.8,clear,5.8,14.2,0,2,music,0,charge_phone,0
4,night,0,0,none,none,999,home,80.0,73.1,9,1.14,39.4,rain,2.7,21.9,0,1,music,1,no_action,7
11,morning,6,1,health,doctor_appointment,56,home,37.6,96.6,7,1.31,125.6,clear,18.4,46.7,0,5,podcast,0,no_action,7
12,afternoon,6,1,none,none,999,home,87.9,27.2,5,0.14,100.1,fog,18.8,33.6,1,0,podcast,0,read_email_alert,12
2,night,1,0,health,gym,26,gym,53.9,100.0,10,0.42,127.5,snow,39.6,68.3,0,2,music,1,no_action,7
14,afternoon,3,0,school,study_session,-29,school,55.0,100.0,9,0.5,146.8,clear,58.5,84.2,0,1,none,0,send_late_message,13
20,evening,1,0,school,assignment_due,142,school,23.3,69.4,7,4.13,75.7,snow,79.2,59.2,0,1,podcast,0,no_action,7
18,evening,2,0,health,medication_reminder,130,home,81.7,74.5,5,0.0,126.4,clear,10.1,30.9,1,5,none,0,no_action,7
3,night,0,0,none,none,999,outside,96.9,97.6,10,2.78,107.8,clear,48.4,71.4,0,5,podcast,1,no_action,7
8,morning,6,1,school,lecture,10,commuting,27.5,83.9,8,1.08,37.9,clear,34.7,55.3,0,1,music,0,play_music,9
17,evening,2,0,school,lecture,-17,school,92.7,40.1,7,0.39,55.9,clear,48.2,97.7,1,1,podcast,0,send_late_message,13
21,night,4,0,school,lecture,-1,school,67.1,48.3,4,4.47,136.9,clear,15.3,71.3,0,1,podcast,1,silence_phone,14
16,afternoon,6,1,health,therapy,90,outside,33.1,94.5,6,2.96,90.9,rain,56.9,28.5,0,3,music,0,no_action,7
12,afternoon,3,0,school,exam,119,school,87.0,100.0,6,2.08,124.0,rain,62.8,80.3,0,3,none,0,study_for_class,18
17,evening,4,0,work,focus_work,-12,work,87.9,55.7,8,4.17,163.8,snow,55.3,100.0,0,3,none,0,send_late_message,13
4,night,2,0,none,none,999,home,69.7,68.8,5,0.55,90.5,rain,68.1,91.0,1,5,music,1,no_action,7
4,night,5,1,none,none,999,home,44.2,69.4,5,2.29,42.5,clear,85.7,69.9,0,2,none,1,sleep_suggestion,15
0,night,6,1,school,assignment_due,121,school,49.8,85.8,5,0.58,137.6,clear,93.9,95.0,0,3,music,1,take_break,20
8,morning,3,0,none,none,999,home,35.5,100.0,6,0.59,98.4,clear,65.8,56.9,1,1,none,0,read_email_alert,12
17,evening,1,0,none,none,999,outside,42.8,100.0,1,0.09,46.7,clear,21.4,75.3,0,5,podcast,0,no_action,7
16,afternoon,0,0,health,medication_reminder,2,commuting,20.0,70.8,6,3.01,21.5,clear,44.8,60.4,0,3,music,0,find_parking,4
8,morning,2,0,school,study_session,122,school,41.5,100.0,9,6.18,61.7,snow,70.3,29.0,0,0,music,0,eat_something,1
0,night,5,1,school,assignment_due,57,school,44.9,48.2,9,3.59,156.7,clear,95.8,57.7,1,1,music,1,sleep_suggestion,15
17,evening,2,0,school,exam,110,school,70.1,99.1,7,0.41,59.2,clear,93.3,62.5,1,5,music,0,study_for_class,18
18,evening,2,0,school,assignment_due,120,school,28.4,79.3,2,7.32,13.8,clear,14.4,10.6,0,5,none,0,eat_something,1
11,morning,6,1,social,friends_hangout,58,home,16.2,98.4,9,0.79,117.6,clear,33.2,62.6,1,2,none,0,no_action,7
17,evening,2,0,school,study_session,106,school,55.9,94.2,5,0.53,161.2,fog,98.5,31.3,0,0,music,0,study_for_class,18
13,afternoon,6,1,none,none,999,home,34.3,92.1,7,1.14,87.7,clear,35.6,84.3,0,5,none,0,social_suggestion,16
1,night,5,1,none,none,999,outside,91.7,23.1,5,1.61,141.7,clear,42.8,67.5,0,4,none,1,no_action,7
7,morning,3,0,work,focus_work,-11,commuting,56.4,43.4,2,0.61,45.4,clear,76.0,71.6,1,1,none,0,send_late_message,13
14,afternoon,3,0,social,friends_hangout,149,outside,80.8,47.8,5,0.31,147.4,rain,66.8,58.5,0,0,music,0,no_action,7
23,night,4,0,none,none,999,outside,67.2,58.7,1,0.23,174.6,clear,19.0,86.9,0,5,none,1,wind_down,22
14,afternoon,4,0,work,team_meeting,33,work,67.1,100.0,3,1.1,11.9,clear,55.0,40.0,0,2,podcast,0,no_action,7
19,evening,3,0,none,none,999,home,90.3,92.8,10,0.19,173.7,rain,35.4,75.7,0,4,music,0,focus_session,5
8,morning,2,0,work,presentation,36,commuting,51.6,48.2,10,0.5,139.1,clear,92.7,91.8,1,3,music,0,play_music,9
23,night,0,0,none,none,999,home,63.0,94.5,9,0.91,43.8,clear,97.8,84.8,0,1,none,1,wind_down,22
14,afternoon,1,0,school,assignment_due,91,school,47.4,63.3,1,2.41,172.2,clear,47.2,70.0,1,0,none,0,take_break,20
13,afternoon,1,0,social,family_time,175,outside,78.4,67.0,7,0.1,147.2,fog,94.4,71.9,1,4,none,0,no_action,7
0,night,1,0,none,none,999,home,12.3,36.7,0,0.5,121.5,clear,13.3,82.1,0,1,none,1,sleep_suggestion,15
14,afternoon,6,1,social,friends_hangout,126,outside,85.8,27.8,1,10.0,116.7,clear,5.8,58.7,0,3,none,0,eat_something,1
23,night,4,0,none,none,999,home,47.1,86.0,5,4.71,95.0,clear,40.9,89.6,0,0,podcast,1,wind_down,22
1,night,4,0,social,date,52,home,47.4,79.6,2,1.45,41.9,rain,14.5,98.1,0,2,music,1,no_action,7
18,evening,6,1,none,none,999,home,32.5,65.7,6,9.82,134.8,snow,99.1,45.0,0,4,music,0,eat_something,1
0,night,0,0,none,none,999,home,95.8,86.0,2,1.44,20.0,rain,8.1,100.0,0,1,music,1,no_action,7
14,afternoon,6,1,health,doctor_appointment,-13,commuting,43.7,61.5,6,0.17,0.6,clear,45.1,68.4,0,1,music,0,play_music,9
14,afternoon,6,1,none,none,999,home,92.9,22.9,0,3.09,105.7,rain,80.7,70.2,0,0,music,0,exercise_suggestion,2
14,afternoon,4,0,work,team_meeting,15,work,71.2,68.9,9,0.99,101.4,clear,84.2,61.2,0,4,music,0,prepare_for_meeting,11
14,afternoon,5,1,none,none,999,home,24.5,60.1,9,0.15,103.5,rain,67.8,85.5,0,4,none,0,social_suggestion,16
11,morning,4,0,work,focus_work,103,work,63.5,66.7,7,0.07,102.1,rain,94.7,41.6,0,4,podcast,0,take_break,20
18,evening,6,1,school,lecture,73,school,18.0,43.6,9,0.75,140.1,rain,78.4,79.0,0,2,music,0,study_for_class,18
14,afternoon,0,0,work,presentation,39,work,95.4,92.7,7,7.75,119.1,clear,9.0,5.0,1,4,music,0,eat_something,1
16,afternoon,4,0,work,deadline,64,work,10.7,31.0,5,7.05,148.4,fog,32.7,51.7,0,4,none,0,eat_something,1
19,evening,4,0,work,deadline,98,work,49.2,66.2,2,0.69,95.0,fog,42.4,5.0,1,5,none,0,take_break,20
14,afternoon,0,0,work,team_meeting,77,work,72.7,71.1,5,0.72,39.8,clear,44.5,64.5,0,2,music,0,no_action,7
4,night,1,0,social,date,110,outside,76.7,63.4,9,4.82,1.6,rain,0.4,17.2,0,2,none,1,no_action,7
16,afternoon,3,0,work,focus_work,83,work,11.7,100.0,8,0.33,154.1,clear,37.8,98.2,1,3,podcast,0,take_break,20
22,night,6,1,health,doctor_appointment,-27,commuting,55.4,68.2,4,2.01,49.4,snow,86.2,89.7,0,2,none,1,no_action,7
22,night,1,0,school,lecture,165,school,72.2,85.1,9,2.94,179.0,clear,48.1,81.4,0,2,podcast,1,take_break,20
10,morning,2,0,social,date,129,outside,93.5,95.0,10,0.59,163.9,clear,70.9,35.7,0,4,podcast,0,no_action,7
17,evening,6,1,social,date,83,outside,21.4,100.0,2,1.89,107.6,clear,75.5,74.6,0,0,podcast,0,no_action,7
9,morning,4,0,social,dinner,-6,restaurant,45.2,72.8,9,3.07,129.7,fog,58.2,81.8,0,4,music,0,no_action,7
2,night,3,0,social,family_time,80,home,51.9,65.3,6,0.19,68.7,fog,72.3,78.9,0,3,music,1,no_action,7
7,morning,1,0,work,team_meeting,35,commuting,83.3,83.0,8,4.21,166.5,rain,1.0,49.3,0,5,music,0,play_music,9
16,afternoon,2,0,work,presentation,123,work,72.6,68.6,8,0.06,42.4,rain,72.5,49.8,0,1,podcast,0,no_action,7
13,afternoon,3,0,none,none,999,home,82.8,46.6,6,0.78,178.3,snow,91.8,100.0,0,4,none,0,focus_session,5
16,afternoon,3,0,school,assignment_due,161,school,28.1,37.5,6,4.52,25.0,rain,60.5,100.0,0,2,music,0,no_action,7
18,evening,6,1,social,family_time,0,commuting,62.0,97.2,10,1.44,124.5,snow,21.2,81.1,1,0,music,0,find_parking,4
6,morning,1,0,school,assignment_due,124,school,62.3,44.4,2,1.97,158.8,clear,24.6,56.1,1,2,music,0,take_break,20
7,morning,2,0,school,assignment_due,66,school,96.3,71.2,0,0.06,16.5,clear,8.1,81.6,0,0,none,0,no_action,7
20,evening,4,0,work,presentation,71,work,13.4,87.9,0,2.08,170.9,rain,19.9,48.5,0,0,music,0,take_break,20
11,morning,2,0,health,gym,107,gym,55.7,95.0,10,0.09,176.5,rain,81.0,17.7,0,5,music,0,no_action,7
10,morning,3,0,school,lecture,-7,school,56.5,22.5,4,0.88,61.8,clear,66.9,59.1,0,4,none,0,silence_phone,14
22,night,0,0,none,none,999,outside,39.7,61.6,2,1.54,130.3,clear,21.3,29.1,0,5,podcast,1,wind_down,22
10,morning,4,0,school,study_session,56,school,95.8,65.8,9,0.21,131.0,clear,11.1,82.1,0,0,podcast,0,study_for_class,18
1,night,4,0,none,none,999,home,99.0,73.8,6,2.46,77.3,rain,95.5,86.2,0,4,none,1,no_action,7
1,night,2,0,none,none,999,home,85.1,55.5,10,1.28,115.4,clear,21.7,22.6,0,2,podcast,1,no_action,7
17,evening,2,0,work,presentation,7,work,49.6,82.5,1,5.88,160.3,rain,79.7,100.0,0,0,music,0,prepare_for_meeting,11
2,night,3,0,none,none,999,home,42.2,59.8,3,0.32,54.8,fog,5.3,62.6,1,4,none,1,sleep_suggestion,15
6,morning,6,1,none,none,999,home,25.2,59.4,3,4.74,48.7,snow,25.1,39.3,0,1,podcast,0,no_action,7
21,night,0,0,social,date,51,home,84.3,48.6,9,0.58,33.9,clear,56.0,67.6,0,3,none,1,no_action,7
8,morning,5,1,health,gym,21,gym,67.0,38.0,10,1.39,120.2,clear,51.9,69.3,0,4,none,0,no_action,7
7,morning,3,0,work,team_meeting,116,work,29.2,41.9,1,0.17,16.1,clear,26.6,49.7,0,2,music,0,no_action,7
21,night,4,0,school,study_session,169,school,55.4,42.3,4,1.02,58.4,snow,98.8,64.3,0,2,music,1,no_action,7
17,evening,4,0,school,study_session,69,school,92.5,84.9,1,0.1,41.6,rain,36.5,87.1,0,5,podcast,0,study_for_class,18
0,night,1,0,none,none,999,outside,94.5,57.6,8,0.8,85.9,clear,43.1,67.7,0,0,music,1,no_action,7
10,morning,3,0,school,study_session,-25,school,82.7,21.8,1,2.28,158.7,clear,15.0,100.0,1,5,none,0,send_late_message,13
12,afternoon,1,0,health,medication_reminder,12,commuting,55.2,68.2,5,4.54,143.2,clear,76.8,63.7,1,1,podcast,0,suggest_repeat_action,19
17,evening,2,0,work,deadline,165,work,37.7,30.6,2,0.29,148.8,clear,44.0,51.7,1,2,none,0,take_break,20
21,night,2,0,health,therapy,101,outside,37.0,57.8,7,9.65,58.7,clear,65.8,42.5,1,0,none,1,eat_something,1
15,afternoon,6,1,none,none,999,home,70.4,86.4,10,0.42,26.2,rain,59.0,60.3,0,2,none,0,focus_session,5
4,night,0,0,none,none,999,home,77.3,81.5,0,0.85,137.7,rain,56.7,57.5,0,4,none,1,no_action,7
10,morning,4,0,none,none,999,outside,29.3,100.0,2,0.38,160.0,rain,47.4,63.8,0,2,none,0,no_action,7
13,afternoon,6,1,health,gym,168,gym,45.3,50.0,4,0.5,88.9,snow,98.9,53.7,0,3,podcast,0,no_action,7
17,evening,0,0,work,deadline,11,work,24.9,93.1,4,0.26,89.7,clear,58.4,72.3,0,3,none,0,no_action,7
17,evening,0,0,work,team_meeting,161,work,70.7,99.1,5,5.51,80.2,clear,95.6,54.3,0,1,none,0,no_action,7
13,afternoon,6,1,work,focus_work,49,work,12.5,79.7,5,1.02,141.3,clear,17.0,100.0,0,3,none,0,take_break,20
23,night,2,0,none,none,999,home,97.9,100.0,9,3.06,31.1,rain,23.3,67.1,0,4,podcast,1,wind_down,22
8,morning,4,0,social,date,141,outside,70.9,100.0,1,10.0,122.9,clear,24.7,38.1,1,3,music,0,eat_something,1
5,morning,3,0,none,none,999,home,70.1,26.0,2,1.59,166.8,clear,19.3,74.1,0,4,none,1,no_action,7
0,night,2,0,work,deadline,146,work,83.3,54.8,0,1.04,88.2,clear,15.7,60.1,0,3,podcast,1,no_action,7
4,night,4,0,none,none,999,outside,14.7,55.8,7,5.15,142.5,clear,51.3,78.5,1,3,music,1,sleep_suggestion,15
21,night,3,0,school,lecture,-3,school,53.1,88.7,6,10.0,60.8,rain,21.4,100.0,0,4,podcast,1,eat_something,1
11,morning,6,1,none,none,999,home,11.2,91.6,9,0.4,89.6,snow,28.3,100.0,0,0,none,0,no_action,7
12,afternoon,0,0,social,family_time,49,home,86.5,33.0,2,0.68,97.9,clear,41.0,50.9,0,4,podcast,0,no_action,7
12,afternoon,1,0,work,deadline,22,work,53.3,81.6,2,3.83,80.1,clear,90.0,99.2,1,1,none,0,no_action,7
20,evening,4,0,none,none,999,home,91.3,55.7,0,1.46,98.1,clear,55.8,64.3,0,2,none,0,wind_down,22
16,afternoon,1,0,school,exam,178,school,33.8,61.2,1,1.9,134.0,rain,59.1,36.7,0,2,music,0,take_break,20
3,night,3,0,none,none,999,home,44.7,94.7,9,8.21,122.3,clear,52.1,74.5,0,5,none,1,sleep_suggestion,15
12,afternoon,0,0,school,study_session,149,school,95.6,35.2,6,0.62,32.6,clear,79.7,44.0,0,5,music,0,no_action,7
3,night,3,0,none,none,999,outside,46.7,80.3,2,3.78,74.8,clear,64.8,31.5,0,3,podcast,1,no_action,7
20,evening,0,0,school,study_session,53,school,90.5,5.0,3,0.02,117.6,clear,3.5,72.1,0,1,podcast,0,charge_phone,0
3,night,5,1,none,none,999,outside,90.8,73.1,2,1.93,141.9,clear,76.4,21.5,0,4,music,1,no_action,7
20,evening,3,0,work,presentation,85,work,21.7,69.4,7,0.99,106.1,fog,27.0,87.4,0,5,none,0,take_break,20
21,night,1,0,none,none,999,outside,85.4,45.1,3,0.73,85.8,clear,43.1,43.3,0,3,music,1,wind_down,22
9,morning,3,0,school,exam,135,school,75.9,50.9,4,1.63,133.6,clear,47.0,42.8,1,3,none,0,take_break,20
19,evening,0,0,work,presentation,20,work,73.3,53.6,8,1.29,110.1,clear,16.0,85.5,0,4,podcast,0,prepare_for_meeting,11
9,morning,2,0,work,presentation,21,commuting,57.5,81.6,9,0.66,32.4,clear,26.0,47.1,0,4,none,0,play_music,9
17,evening,3,0,work,focus_work,-11,work,55.4,100.0,8,2.12,107.5,clear,37.3,56.2,0,0,podcast,0,take_break,20
12,afternoon,0,0,school,exam,20,school,68.7,57.6,5,0.73,129.6,fog,77.2,96.5,0,5,podcast,0,take_break,20
23,night,0,0,none,none,999,home,55.8,84.4,1,0.32,165.9,snow,82.1,50.7,1,3,music,1,wind_down,22
17,evening,5,1,none,none,999,outside,40.9,38.7,0,1.6,9.4,clear,39.2,40.5,0,5,music,0,social_suggestion,16
11,morning,3,0,work,focus_work,44,work,71.0,68.7,1,0.39,167.9,rain,97.6,32.4,0,1,podcast,0,take_break,20
20,evening,1,0,none,none,999,home,78.6,98.0,9,0.42,145.0,rain,1.2,96.2,0,1,none,0,wind_down,22
7,morning,2,0,work,team_meeting,105,work,81.5,68.5,9,2.02,43.8,rain,56.5,79.3,0,0,podcast,0,no_action,7
6,morning,4,0,social,dinner,170,restaurant,55.0,71.7,1,2.24,20.5,snow,61.7,93.9,1,5,music,0,no_action,7
6,morning,6,1,health,therapy,35,outside,58.6,50.8,5,0.23,57.9,clear,45.9,72.7,0,0,music,0,start_commute,17
9,morning,6,1,social,dinner,174,restaurant,21.6,15.1,8,5.42,105.5,fog,75.8,55.4,0,1,music,0,no_action,7
21,night,0,0,work,team_meeting,61,work,19.8,90.2,10,6.14,53.0,snow,70.4,35.0,0,1,podcast,1,eat_something,1
16,afternoon,6,1,school,assignment_due,32,school,37.4,28.3,7,1.62,54.4,clear,79.2,52.2,0,3,none,0,no_action,7
16,afternoon,5,1,social,family_time,49,outside,65.1,100.0,1,0.84,148.2,clear,40.4,67.6,0,0,music,0,no_action,7
23,night,2,0,social,family_time,-21,commuting,29.1,48.7,4,0.18,65.6,fog,39.2,79.3,1,1,podcast,1,sleep_suggestion,15
14,afternoon,1,0,school,assignment_due,-28,school,63.7,58.0,1,0.96,1.9,rain,10.4,88.0,1,3,none,0,send_late_message,13
0,night,4,0,none,none,999,home,74.4,47.1,0,0.17,139.0,clear,55.5,81.3,1,2,music,1,no_action,7
7,morning,6,1,none,none,999,outside,54.3,79.4,1,3.85,162.0,clear,10.4,83.9,1,4,podcast,0,plan_day,8
16,afternoon,6,1,health,medication_reminder,-22,commuting,99.7,91.1,9,1.93,68.4,clear,36.8,76.5,1,5,podcast,0,suggest_repeat_action,19
14,afternoon,4,0,social,friends_hangout,-8,commuting,33.3,64.4,10,3.8,134.9,rain,4.1,70.0,0,2,podcast,0,suggest_repeat_action,19
20,evening,0,0,work,presentation,123,work,17.8,100.0,8,0.45,137.0,clear,65.3,44.7,1,4,music,0,take_break,20
14,afternoon,3,0,school,exam,48,school,59.6,74.3,10,2.47,158.1,clear,67.7,34.6,0,2,music,0,study_for_class,18
12,afternoon,2,0,school,lecture,-9,school,29.6,86.9,8,0.21,92.1,clear,67.0,31.0,0,3,podcast,0,silence_phone,14
13,afternoon,1,0,social,friends_hangout,70,home,92.8,100.0,0,2.71,54.3,clear,72.0,97.3,1,0,none,0,no_action,7
21,night,4,0,health,gym,-13,gym,36.9,80.6,9,0.93,145.6,clear,45.4,38.4,1,4,podcast,1,no_action,7
4,night,1,0,none,none,999,home,45.0,86.0,2,0.65,49.1,rain,35.3,56.5,0,3,podcast,1,no_action,7
22,night,4,0,none,none,999,home,32.7,100.0,8,0.74,2.6,fog,81.1,59.1,0,0,none,1,wind_down,22
16,afternoon,4,0,social,dinner,78,restaurant,52.3,48.9,5,0.72,77.8,rain,91.2,75.4,0,2,none,0,no_action,7
21,night,3,0,school,assignment_due,-13,school,65.7,47.2,1,2.14,87.1,rain,23.2,51.7,0,0,music,1,no_action,7
14,afternoon,1,0,work,focus_work,-29,work,40.4,83.0,4,0.02,177.7,clear,49.5,71.2,0,0,music,0,take_break,20
9,morning,4,0,school,lecture,175,school,94.8,100.0,8,0.45,178.5,clear,91.2,55.8,0,5,podcast,0,take_break,20
7,morning,2,0,work,team_meeting,120,work,33.2,53.0,6,1.41,70.4,clear,81.0,43.2,0,2,none,0,no_action,7
9,morning,2,0,work,presentation,168,work,92.4,29.1,5,0.62,93.9,clear,17.4,60.1,1,0,none,0,take_break,20
15,afternoon,5,1,health,therapy,29,outside,92.4,100.0,9,1.44,72.1,clear,79.2,100.0,0,0,music,0,start_commute,17
12,afternoon,1,0,health,gym,145,gym,81.0,61.1,0,3.79,34.8,rain,87.4,77.6,0,0,none,0,no_action,7
2,night,4,0,none,none,999,home,75.7,62.1,4,4.38,70.8,rain,73.2,54.7,0,0,podcast,1,no_action,7
15,afternoon,4,0,none,none,999,home,79.3,25.5,1,0.4,43.8,clear,11.9,59.1,0,1,podcast,0,exercise_suggestion,2
20,evening,5,1,none,none,999,home,64.2,69.7,1,5.38,30.5,rain,6.6,29.9,0,3,none,0,social_suggestion,16
4,night,3,0,none,none,999,home,15.2,81.5,4,0.14,99.2,clear,95.3,78.6,0,0,podcast,1,sleep_suggestion,15
16,afternoon,6,1,social,family_time,93,home,76.3,34.4,4,0.88,6.9,clear,17.9,66.2,0,0,music,0,no_action,7
12,afternoon,4,0,school,exam,27,school,12.9,23.4,1,0.25,99.2,snow,28.7,52.5,0,1,podcast,0,take_break,20
19,evening,3,0,school,assignment_due,-19,school,52.3,40.4,2,1.58,73.5,clear,74.0,93.9,0,4,none,0,send_late_message,13
6,morning,3,0,none,none,999,home,61.3,41.9,9,0.61,83.6,clear,45.0,64.1,0,3,none,0,no_action,7
2,night,4,0,none,none,999,outside,15.3,96.7,5,0.25,57.1,snow,97.8,75.1,0,4,music,1,sleep_suggestion,15
1,night,0,0,none,none,999,home,81.3,33.6,0,1.29,61.1,rain,50.1,92.2,1,4,none,1,no_action,7
7,morning,0,0,work,deadline,98,work,49.6,84.9,4,2.8,104.6,snow,99.9,76.6,1,3,podcast,0,take_break,20
17,evening,3,0,none,none,999,home,79.1,38.4,2,5.04,61.4,clear,31.0,64.3,0,3,music,0,exercise_suggestion,2
10,morning,3,0,health,doctor_appointment,112,outside,90.3,50.6,6,4.63,46.8,clear,52.7,31.7,0,1,podcast,0,no_action,7
18,evening,4,0,school,exam,-11,school,85.3,100.0,10,0.17,86.9,clear,44.5,87.9,0,5,none,0,send_late_message,13
6,morning,1,0,none,none,999,home,16.5,70.4,5,1.65,89.5,clear,10.3,28.0,1,5,music,0,no_action,7
11,morning,0,0,social,family_time,98,home,46.7,88.3,1,3.45,175.3,snow,29.6,82.3,0,5,none,0,no_action,7
4,night,4,0,none,none,999,home,74.3,57.9,7,1.13,36.8,clear,50.5,59.7,0,3,none,1,no_action,7
18,evening,2,0,work,presentation,-18,work,75.1,49.2,8,3.57,45.8,clear,26.7,87.4,1,0,podcast,0,silence_phone,14
11,morning,6,1,social,date,86,outside,15.6,48.3,5,2.85,84.1,clear,78.1,75.6,1,3,podcast,0,no_action,7
2,night,6,1,none,none,999,home,72.4,100.0,4,6.81,70.3,clear,34.0,100.0,0,4,music,1,eat_something,1
2,night,3,0,none,none,999,home,23.8,92.7,10,1.23,20.0,fog,91.8,91.3,1,3,podcast,1,sleep_suggestion,15
3,night,1,0,none,none,999,home,25.9,30.5,9,0.28,32.8,clear,78.6,87.7,0,3,none,1,sleep_suggestion,15
7,morning,4,0,work,presentation,-16,commuting,96.9,44.1,4,1.86,116.1,clear,88.9,88.4,0,0,music,0,play_music,9
13,afternoon,6,1,none,none,999,home,65.5,56.0,9,8.22,95.1,fog,89.6,72.2,0,5,none,0,eat_something,1
10,morning,0,0,none,none,999,home,15.4,58.2,4,5.61,127.8,rain,41.9,69.0,1,2,music,0,read_email_alert,12
3,night,0,0,work,team_meeting,80,work,70.1,62.6,10,2.74,9.2,clear,92.4,73.0,0,1,music,1,no_action,7
2,night,1,0,none,none,999,home,76.3,56.1,3,2.95,62.2,snow,68.8,39.8,0,2,none,1,no_action,7
8,morning,3,0,none,none,999,home,54.9,51.5,2,0.42,64.0,clear,23.3,60.0,0,4,none,0,plan_day,8
21,night,3,0,work,presentation,79,work,61.4,30.7,4,1.46,5.4,clear,55.1,88.2,0,0,none,1,no_action,7
22,night,5,1,none,none,999,home,83.3,43.1,1,0.06,34.3,clear,37.0,87.8,0,2,music,1,wind_down,22
22,night,5,1,work,team_meeting,167,work,29.2,100.0,10,2.64,141.4,snow,41.3,55.1,0,3,none,1,take_break,20
18,evening,5,1,health,therapy,6,commuting,44.9,81.0,1,0.16,24.0,rain,26.3,100.0,0,3,podcast,0,find_parking,4
10,morning,3,0,health,medication_reminder,64,home,55.1,95.4,9,7.37,35.7,clear,7.7,100.0,1,0,none,0,eat_something,1
11,morning,3,0,school,study_session,167,school,92.3,32.7,3,0.8,77.8,clear,91.2,35.5,0,2,music,0,no_action,7
7,morning,6,1,school,study_session,71,school,12.2,67.0,4,0.29,57.9,rain,72.6,68.6,0,4,podcast,0,study_for_class,18
5,morning,6,1,none,none,999,home,50.7,100.0,4,0.04,117.2,snow,31.0,46.2,0,2,none,1,no_action,7
20,evening,3,0,school,lecture,117,school,65.3,96.7,7,0.45,19.9,rain,43.7,80.2,0,2,music,0,study_for_class,18
1,night,6,1,health,therapy,153,home,81.0,69.2,8,2.08,5.2,rain,82.4,96.5,0,3,none,1,no_action,7
21,night,6,1,social,family_time,53,outside,17.5,85.9,5,1.36,112.7,rain,5.0,70.5,1,2,music,1,no_action,7
20,evening,1,0,school,exam,92,school,89.5,90.5,8,1.8,131.4,clear,99.6,65.7,0,4,music,0,study_for_class,18
5,morning,4,0,none,none,999,home,92.3,100.0,3,0.45,147.8,rain,61.2,56.5,0,2,music,1,no_action,7
10,morning,0,0,school,study_session,139,school,72.1,85.3,6,4.36,102.1,clear,67.0,44.5,0,4,music,0,take_break,20
0,night,0,0,none,none,999,outside,98.2,100.0,1,10.0,13.0,rain,78.6,45.0,0,4,music,1,eat_something,1
8,morning,0,0,work,deadline,74,work,56.8,50.8,7,2.02,161.7,clear,63.2,74.6,1,0,none,0,take_break,20
19,evening,5,1,none,none,999,home,66.0,100.0,0,2.12,5.1,clear,2.3,70.8,0,1,music,0,exercise_suggestion,2
3,night,4,0,none,none,999,outside,99.9,42.0,6,3.27,146.0,clear,39.2,52.5,1,2,none,1,no_action,7
3,night,0,0,none,none,999,home,76.5,80.0,10,1.39,116.4,fog,63.3,46.7,0,3,music,1,no_action,7
9,morning,3,0,school,exam,15,commuting,32.7,51.0,1,0.45,127.3,rain,30.8,54.3,0,2,none,0,play_music,9
2,night,1,0,work,presentation,-26,work,81.4,72.1,8,1.23,63.9,clear,89.8,29.9,0,5,none,1,send_late_message,13
5,morning,4,0,health,medication_reminder,92,home,87.6,6.3,8,3.18,55.8,clear,5.6,77.7,0,2,none,1,charge_phone,0
6,morning,0,0,school,assignment_due,147,school,55.9,32.7,9,1.73,30.4,snow,0.5,71.2,1,4,music,0,no_action,7
3,night,5,1,none,none,999,home,35.7,100.0,4,0.71,106.0,clear,20.6,52.0,1,4,podcast,1,sleep_suggestion,15
21,night,4,0,social,date,44,home,87.0,84.8,9,1.31,60.0,rain,58.5,70.7,0,3,music,1,no_action,7
3,night,1,0,none,none,999,home,89.2,100.0,4,0.27,132.3,rain,15.3,40.8,0,0,none,1,no_action,7
16,afternoon,4,0,social,family_time,-25,commuting,38.4,75.7,10,4.53,144.6,clear,98.7,81.6,1,4,podcast,0,send_late_message,13
4,night,2,0,none,none,999,outside,52.1,59.5,3,0.4,61.2,clear,93.5,46.0,0,0,none,1,no_action,7
9,morning,2,0,school,study_session,71,school,95.6,100.0,1,1.12,136.3,rain,69.1,59.4,0,4,podcast,0,study_for_class,18
17,evening,1,0,social,friends_hangout,55,home,13.6,37.3,8,0.61,17.7,clear,53.9,44.5,0,3,music,0,no_action,7
9,morning,1,0,none,none,999,home,45.8,64.5,0,0.85,121.5,clear,76.0,75.3,1,1,music,0,read_email_alert,12
15,afternoon,5,1,work,deadline,56,work,44.1,77.7,7,1.57,84.7,clear,50.6,38.8,0,3,music,0,no_action,7
1,night,0,0,school,assignment_due,129,school,42.3,67.5,6,0.74,177.5,clear,28.9,60.2,1,3,none,1,sleep_suggestion,15
13,afternoon,1,0,health,doctor_appointment,95,home,72.4,74.8,6,2.76,36.7,clear,27.6,87.0,0,3,music,0,no_action,7
21,night,1,0,social,dinner,-6,restaurant,40.5,43.8,4,1.52,165.9,fog,90.7,51.4,0,5,none,1,no_action,7
1,night,0,0,none,none,999,outside,68.0,13.2,0,0.88,128.8,fog,31.0,33.3,1,5,music,1,charge_phone,0
20,evening,2,0,work,presentation,76,work,25.9,82.7,0,2.76,14.7,snow,76.7,79.7,0,2,none,0,no_action,7
0,night,0,0,none,none,999,outside,87.0,39.2,5,2.93,94.2,clear,64.8,38.3,0,0,podcast,1,no_action,7
22,night,0,0,none,none,999,home,27.2,55.6,7,1.11,117.0,clear,56.2,56.8,1,0,music,1,wind_down,22
1,night,5,1,social,date,128,home,91.4,85.5,2,3.64,41.8,rain,98.8,16.0,0,1,music,1,no_action,7
13,afternoon,0,0,work,team_meeting,162,work,88.2,82.4,3,1.97,3.4,rain,45.4,60.2,0,3,music,0,no_action,7
0,night,4,0,social,dinner,-16,restaurant,42.3,47.0,7,0.28,54.7,rain,13.5,57.2,1,1,music,1,sleep_suggestion,15
17,evening,4,0,none,none,999,home,97.9,100.0,0,2.06,90.1,snow,23.7,12.7,1,4,music,0,read_email_alert,12
0,night,0,0,none,none,999,home,31.7,70.5,4,1.34,34.1,fog,80.7,26.1,0,1,music,1,sleep_suggestion,15
9,morning,4,0,health,therapy,13,commuting,24.4,85.1,0,6.01,178.7,clear,40.6,43.5,1,0,music,0,eat_something,1
7,morning,2,0,work,team_meeting,46,commuting,15.3,100.0,5,1.56,117.1,snow,86.6,65.0,0,1,music,0,play_music,9
20,evening,2,0,health,gym,-7,gym,36.7,100.0,1,3.96,149.5,clear,35.1,63.9,0,5,none,0,no_action,7
0,night,0,0,school,study_session,104,school,18.0,51.4,0,3.39,160.8,clear,50.9,79.4,0,1,music,1,sleep_suggestion,15
21,night,4,0,social,date,152,home,83.3,96.5,7,1.97,32.5,clear,53.7,84.5,0,4,none,1,no_action,7
13,afternoon,0,0,school,assignment_due,150,school,30.0,31.6,4,3.28,12.4,rain,5.1,60.5,1,2,music,0,no_action,7
18,evening,5,1,none,none,999,home,67.7,88.1,2,2.25,154.5,clear,33.6,83.3,0,0,none,0,exercise_suggestion,2
14,afternoon,1,0,school,exam,33,school,38.6,59.3,5,3.5,118.1,snow,33.3,100.0,1,5,music,0,study_for_class,18
20,evening,3,0,school,study_session,12,school,17.7,44.4,0,0.52,60.9,clear,43.3,79.7,0,1,none,0,no_action,7
20,evening,2,0,work,deadline,25,work,43.1,100.0,1,1.05,102.9,clear,1.9,66.3,0,0,podcast,0,take_break,20
23,night,3,0,social,date,153,home,89.7,89.0,6,2.77,11.1,rain,23.8,96.3,0,2,podcast,1,no_action,7
8,morning,6,1,none,none,999,home,20.9,60.0,5,5.04,150.6,clear,5.9,65.2,1,3,podcast,0,read_email_alert,12
20,evening,0,0,work,team_meeting,-22,work,68.8,76.8,6,0.66,35.2,clear,74.0,100.0,0,5,music,0,send_late_message,13
19,evening,5,1,social,family_time,71,home,73.8,82.4,8,0.3,45.7,rain,81.5,41.1,0,3,none,0,no_action,7
23,night,5,1,social,friends_hangout,120,home,21.5,62.3,4,0.4,128.3,clear,15.4,29.8,0,2,none,1,sleep_suggestion,15
0,night,5,1,none,none,999,outside,39.3,58.4,5,0.41,141.5,clear,57.8,59.8,0,2,none,1,sleep_suggestion,15
3,night,3,0,none,none,999,home,63.2,86.5,0,0.8,37.3,clear,13.9,70.3,0,0,none,1,no_action,7
16,afternoon,5,1,social,date,-21,commuting,24.3,75.2,4,1.9,122.3,clear,35.9,96.8,0,2,music,0,send_late_message,13
23,night,0,0,none,none,999,outside,72.5,96.9,10,3.86,145.3,clear,20.6,100.0,0,3,music,1,wind_down,22
22,night,4,0,none,none,999,outside,98.3,94.3,2,7.64,105.4,clear,30.0,61.7,0,2,none,1,eat_something,1
22,night,2,0,none,none,999,home,70.7,88.7,1,0.72,82.5,rain,89.3,46.3,0,1,podcast,1,wind_down,22
16,afternoon,1,0,work,deadline,128,work,16.1,81.7,0,3.82,116.9,clear,90.3,27.2,1,4,none,0,take_break,20
11,morning,6,1,social,date,-22,commuting,24.2,100.0,6,0.4,104.9,snow,35.0,100.0,0,3,podcast,0,send_late_message,13
16,afternoon,2,0,work,team_meeting,-17,work,84.3,37.4,1,0.23,5.0,clear,25.6,6.6,1,2,podcast,0,send_late_message,13
16,afternoon,6,1,social,friends_hangout,169,home,61.8,94.6,10,1.75,137.8,snow,44.0,100.0,0,4,none,0,no_action,7
0,night,5,1,none,none,999,home,57.8,94.3,5,0.27,96.7,clear,82.8,80.5,1,2,music,1,no_action,7
4,night,4,0,none,none,999,home,96.5,46.3,4,0.03,30.2,rain,23.7,47.6,0,0,podcast,1,no_action,7
21,night,2,0,work,focus_work,-29,work,53.7,82.5,4,2.21,176.0,clear,9.2,21.6,0,1,music,1,send_late_message,13
5,morning,4,0,none,none,999,home,12.6,76.9,7,0.68,23.3,rain,0.9,57.6,1,3,podcast,1,no_action,7
16,afternoon,3,0,social,date,52,home,66.9,49.1,1,2.11,37.1,snow,40.2,40.2,0,3,podcast,0,no_action,7
22,night,0,0,none,none,999,home,89.5,82.9,4,5.0,100.6,clear,91.9,34.1,0,4,music,1,wind_down,22
16,afternoon,5,1,health,gym,131,gym,89.0,98.8,8,2.02,169.2,clear,95.2,24.3,0,5,none,0,no_action,7
9,morning,1,0,school,assignment_due,132,school,64.4,61.4,6,1.15,10.2,clear,85.1,23.9,0,1,none,0,no_action,7
2,night,6,1,none,none,999,home,19.8,65.3,9,4.0,59.7,snow,23.5,80.3,0,2,none,1,sleep_suggestion,15
0,night,4,0,none,none,999,home,99.7,76.9,6,0.82,149.5,clear,98.7,76.3,0,5,podcast,1,no_action,7
9,morning,1,0,school,study_session,87,school,48.6,38.6,9,4.1,153.9,clear,32.3,65.1,0,3,none,0,study_for_class,18
12,afternoon,4,0,work,presentation,36,work,14.1,100.0,8,0.2,111.8,clear,22.4,75.9,1,3,none,0,take_break,20
7,morning,5,1,social,dinner,-13,restaurant,85.3,100.0,3,0.06,128.7,snow,40.7,77.2,0,0,music,0,no_action,7
3,night,6,1,none,none,999,home,55.4,68.5,9,0.39,162.7,clear,66.3,20.1,0,3,podcast,1,no_action,7
11,morning,5,1,social,friends_hangout,151,outside,35.0,67.5,5,0.74,60.8,fog,15.2,100.0,1,0,music,0,no_action,7
1,night,6,1,none,none,999,home,90.5,61.6,4,1.34,117.4,clear,90.3,70.0,1,1,none,1,no_action,7
12,afternoon,4,0,none,none,999,home,34.9,61.8,1,0.42,62.4,rain,41.4,94.0,0,0,none,0,no_action,7
1,night,2,0,health,therapy,-2,commuting,94.1,43.8,3,0.48,178.5,clear,77.9,51.4,0,4,music,1,no_action,7
20,evening,3,0,social,friends_hangout,14,commuting,44.8,13.7,2,1.93,124.7,clear,33.0,67.7,0,5,music,0,charge_phone,0
0,night,4,0,none,none,999,home,48.4,100.0,1,2.02,145.1,rain,28.5,100.0,0,5,none,1,no_action,7
12,afternoon,2,0,school,lecture,44,school,76.3,38.2,3,4.71,163.6,clear,13.0,49.5,0,5,music,0,study_for_class,18
15,afternoon,5,1,school,assignment_due,118,school,43.8,69.6,9,3.53,150.8,fog,15.2,41.3,0,2,none,0,take_break,20
16,afternoon,5,1,social,date,99,outside,90.2,100.0,3,2.65,173.0,rain,70.2,76.4,0,4,none,0,no_action,7
2,night,5,1,none,none,999,home,26.4,78.2,2,5.14,160.0,clear,51.5,40.2,0,1,music,1,sleep_suggestion,15
9,morning,5,1,social,family_time,29,home,46.1,87.8,6,0.26,89.5,clear,16.3,84.0,0,4,music,0,start_commute,17
0,night,6,1,none,none,999,home,85.7,73.6,2,1.49,139.0,rain,48.1,82.2,0,0,none,1,no_action,7
16,afternoon,0,0,school,exam,68,school,39.8,81.6,1,1.14,112.6,rain,96.9,46.4,1,3,podcast,0,study_for_class,18
22,night,5,1,none,none,999,home,65.4,31.6,4,2.93,81.0,snow,66.4,46.4,0,2,none,1,wind_down,22
5,morning,5,1,none,none,999,outside,15.1,5.0,1,6.73,150.7,fog,27.9,95.7,0,5,podcast,1,charge_phone,0
6,morning,4,0,work,deadline,51,commuting,42.7,49.6,6,3.03,13.7,snow,87.8,62.4,0,0,none,0,play_music,9
3,night,3,0,none,none,999,home,14.8,96.0,6,0.02,34.7,clear,73.3,5.7,0,0,none,1,sleep_suggestion,15
22,night,2,0,social,friends_hangout,-27,commuting,22.2,65.4,4,0.28,175.4,rain,10.6,77.6,0,1,music,1,send_late_message,13
20,evening,2,0,none,none,999,home,66.1,86.0,2,0.87,6.6,clear,15.3,67.3,0,4,none,0,wind_down,22
15,afternoon,3,0,work,team_meeting,44,work,85.8,96.2,10,1.47,148.9,clear,37.1,100.0,0,2,podcast,0,take_break,20
21,night,5,1,social,date,40,home,63.8,42.4,2,3.77,44.6,rain,3.1,58.1,0,1,music,1,start_commute,17
19,evening,5,1,social,dinner,43,restaurant,37.7,74.4,9,2.79,144.7,clear,69.5,38.0,0,2,music,0,no_action,7
16,afternoon,4,0,none,none,999,home,48.7,98.5,7,1.15,68.3,rain,81.5,68.6,0,2,music,0,no_action,7
15,afternoon,4,0,none,none,999,home,60.3,78.2,4,0.53,23.8,snow,78.8,56.8,0,1,podcast,0,focus_session,5
2,night,2,0,none,none,999,outside,32.7,57.0,4,6.18,54.2,rain,15.5,100.0,0,4,podcast,1,sleep_suggestion,15
6,morning,1,0,school,assignment_due,95,school,88.0,49.1,4,0.41,47.6,clear,8.9,100.0,0,0,podcast,0,no_action,7
0,night,2,0,school,lecture,74,school,45.2,33.9,0,1.9,68.2,clear,47.5,65.2,0,1,none,1,study_for_class,18
17,evening,1,0,work,presentation,153,work,81.2,72.3,9,0.9,169.4,clear,10.9,73.1,1,2,none,0,take_break,20
21,night,4,0,school,lecture,98,school,41.7,61.0,6,0.58,136.9,clear,55.7,70.7,0,5,none,1,study_for_class,18
3,night,1,0,none,none,999,home,62.5,65.3,6,6.06,109.3,clear,57.1,60.2,0,2,music,1,eat_something,1
11,morning,5,1,health,therapy,162,home,84.0,38.7,0,3.06,175.0,rain,49.2,70.0,0,2,none,0,no_action,7
7,morning,1,0,work,focus_work,72,work,78.5,34.8,5,1.37,7.7,clear,76.5,79.2,0,1,music,0,no_action,7
1,night,4,0,none,none,999,home,57.1,37.7,7,1.89,0.4,rain,8.3,89.6,1,0,podcast,1,no_action,7
18,evening,5,1,social,friends_hangout,51,home,67.8,94.2,2,0.67,84.2,clear,96.3,63.9,1,5,none,0,no_action,7
14,afternoon,3,0,work,deadline,67,work,89.6,60.8,7,0.26,125.4,clear,17.5,59.8,0,4,music,0,take_break,20
14,afternoon,2,0,work,team_meeting,105,work,38.4,75.5,1,2.61,132.4,snow,22.4,45.0,1,2,none,0,take_break,20
15,afternoon,2,0,none,none,999,home,56.8,50.5,6,2.67,89.5,rain,76.3,87.2,1,0,music,0,read_email_alert,12
15,afternoon,4,0,none,none,999,home,70.6,100.0,2,3.42,91.4,clear,75.0,66.1,1,3,music,0,read_email_alert,12
5,morning,3,0,none,none,999,home,19.9,41.8,4,2.11,178.5,clear,1.2,39.0,0,1,music,1,no_action,7
7,morning,1,0,none,none,999,outside,29.2,83.1,3,1.68,73.1,fog,77.3,57.8,0,1,none,0,no_action,7
14,afternoon,0,0,none,none,999,home,15.9,84.6,8,0.97,25.0,snow,19.8,6.2,0,0,none,0,no_action,7
7,morning,4,0,work,presentation,-14,commuting,56.2,100.0,2,1.62,105.5,clear,63.7,76.3,0,3,music,0,send_late_message,13
1,night,4,0,none,none,999,home,61.7,80.4,1,0.87,75.5,clear,6.8,61.1,0,2,podcast,1,no_action,7
2,night,1,0,social,dinner,-5,restaurant,20.9,62.6,4,1.47,17.1,clear,79.7,53.5,0,1,none,1,sleep_suggestion,15
15,afternoon,5,1,none,none,999,outside,61.8,72.3,7,5.86,71.9,clear,95.4,70.6,1,1,podcast,0,read_email_alert,12
3,night,5,1,none,none,999,home,69.8,100.0,4,1.46,23.9,clear,55.4,88.3,0,2,music,1,no_action,7
8,morning,0,0,school,assignment_due,94,school,63.5,75.8,6,1.64,71.7,rain,54.2,72.2,0,4,none,0,no_action,7
12,afternoon,1,0,work,presentation,56,work,98.7,37.2,9,1.12,74.6,fog,32.5,48.6,0,2,music,0,no_action,7
21,night,1,0,school,lecture,103,school,52.5,70.7,6,0.15,97.9,snow,36.0,61.6,0,1,music,1,study_for_class,18
13,afternoon,2,0,social,date,-1,commuting,73.6,81.9,7,5.66,153.7,fog,72.9,100.0,1,3,podcast,0,suggest_repeat_action,19
18,evening,4,0,health,therapy,-14,commuting,99.3,69.9,6,0.63,83.2,snow,69.8,76.0,0,2,none,0,no_action,7
19,evening,0,0,school,lecture,38,school,37.9,62.4,5,1.68,167.6,rain,81.0,62.9,0,3,music,0,study_for_class,18
2,night,1,0,social,date,14,commuting,76.4,75.1,3,1.67,120.2,snow,51.8,63.3,1,1,none,1,get_ready,6
4,night,0,0,social,friends_hangout,86,home,66.8,53.7,0,0.12,78.2,fog,4.0,45.7,0,1,podcast,1,no_action,7
18,evening,2,0,work,focus_work,-22,work,54.7,94.9,9,1.27,82.9,clear,90.8,95.2,0,2,podcast,0,send_late_message,13
10,morning,3,0,school,study_session,8,school,34.0,100.0,4,0.59,100.7,clear,66.6,86.1,0,4,podcast,0,take_break,20
3,night,6,1,health,doctor_appointment,168,outside,13.3,44.6,5,2.37,109.1,clear,61.4,77.2,1,1,music,1,sleep_suggestion,15
7,morning,1,0,work,team_meeting,18,commuting,42.6,100.0,0,5.05,89.3,clear,27.5,47.7,0,2,music,0,play_music,9
3,night,2,0,none,none,999,home,95.9,100.0,1,6.96,152.5,clear,22.2,78.2,0,4,none,1,eat_something,1
16,afternoon,1,0,social,friends_hangout,12,commuting,12.0,53.9,10,0.92,163.0,rain,6.2,100.0,0,4,none,0,get_ready,6
8,morning,2,0,none,none,999,home,29.5,45.0,5,1.13,49.5,clear,77.6,15.9,0,4,none,0,no_action,7
20,evening,5,1,social,family_time,83,home,100.0,70.4,2,3.35,102.6,clear,21.6,50.2,0,3,music,0,no_action,7
14,afternoon,4,0,social,date,27,home,84.3,78.1,2,2.74,125.3,clear,13.7,40.7,0,0,none,0,start_commute,17
23,night,5,1,none,none,999,outside,57.4,73.6,0,0.71,151.7,clear,1.0,96.5,0,4,none,1,wind_down,22
23,night,3,0,none,none,999,home,68.1,100.0,2,0.62,169.8,snow,45.2,48.4,0,4,music,1,wind_down,22
21,night,2,0,school,lecture,153,school,55.9,77.2,1,1.28,65.7,rain,91.9,38.2,1,1,none,1,no_action,7
4,night,1,0,none,none,999,home,69.6,88.6,3,1.64,156.5,clear,34.7,52.3,0,5,music,1,no_action,7
6,morning,5,1,social,dinner,20,restaurant,68.9,36.7,10,2.38,50.7,clear,55.6,85.5,0,4,music,0,get_ready,6
14,afternoon,0,0,school,assignment_due,172,school,15.0,48.4,1,0.83,46.6,snow,0.8,63.4,1,0,music,0,no_action,7
23,night,4,0,none,none,999,home,94.3,36.1,3,2.04,150.7,clear,59.7,100.0,0,4,music,1,wind_down,22
23,night,6,1,social,dinner,17,restaurant,65.7,68.1,3,0.23,15.2,snow,55.6,74.5,0,5,none,1,get_ready,6
4,night,3,0,none,none,999,outside,87.1,48.5,1,0.45,58.7,fog,75.8,62.4,0,1,music,1,no_action,7
5,morning,3,0,none,none,999,home,12.1,93.7,6,1.96,71.0,clear,32.8,54.0,0,3,podcast,1,no_action,7
13,afternoon,6,1,social,dinner,-29,restaurant,15.6,68.6,8,0.06,8.6,snow,30.5,37.5,1,0,music,0,no_action,7
6,morning,6,1,social,date,40,home,38.6,84.0,1,0.19,144.4,clear,40.2,70.3,1,0,none,0,start_commute,17
7,morning,3,0,school,assignment_due,68,school,40.3,60.2,1,0.16,88.5,clear,15.9,73.4,0,3,none,0,no_action,7
6,morning,2,0,school,lecture,167,school,56.2,60.3,0,2.68,81.4,rain,75.4,64.0,0,3,none,0,no_action,7
19,evening,0,0,school,study_session,123,school,16.5,98.9,3,0.2,50.8,clear,33.1,71.9,0,5,none,0,no_action,7
8,morning,0,0,work,team_meeting,34,commuting,81.0,72.2,1,2.4,153.9,clear,78.4,100.0,1,1,music,0,play_music,9
13,afternoon,3,0,school,lecture,127,school,73.5,41.4,6,1.02,0.7,clear,43.9,39.9,0,1,music,0,no_action,7
21,night,0,0,work,focus_work,146,work,91.8,89.6,0,0.74,33.8,clear,82.6,55.1,1,3,music,1,no_action,7
2,night,6,1,school,exam,6,school,96.1,18.3,6,5.19,79.2,clear,47.9,47.2,0,1,music,1,no_action,7
7,morning,0,0,school,lecture,57,commuting,86.5,94.1,8,0.5,17.2,clear,10.1,48.6,0,2,none,0,play_music,9
1,night,4,0,none,none,999,home,43.9,100.0,6,0.87,153.2,fog,49.0,45.9,0,3,podcast,1,sleep_suggestion,15
11,morning,3,0,work,presentation,-5,work,77.8,60.1,10,2.88,41.0,fog,56.9,86.5,0,2,none,0,silence_phone,14
21,night,2,0,school,study_session,36,school,99.6,100.0,10,2.07,49.8,clear,14.6,43.5,0,4,music,1,study_for_class,18
2,night,0,0,none,none,999,home,37.9,5.0,7,3.64,162.6,fog,98.0,52.5,0,5,none,1,charge_phone,0
22,night,6,1,none,none,999,home,74.7,96.3,1,0.38,37.2,clear,12.2,62.7,1,0,podcast,1,wind_down,22
22,night,4,0,none,none,999,home,98.0,100.0,10,0.43,90.8,rain,13.3,82.4,0,4,music,1,wind_down,22
4,night,6,1,social,date,70,home,83.2,59.2,7,1.96,101.0,rain,75.3,70.2,0,3,music,1,no_action,7
10,morning,2,0,school,lecture,152,school,23.2,52.7,0,0.33,129.8,fog,34.8,100.0,0,4,none,0,take_break,20
9,morning,2,0,work,deadline,99,work,74.3,5.0,7,1.94,61.8,clear,47.2,71.9,0,2,podcast,0,charge_phone,0
16,afternoon,3,0,work,deadline,14,work,16.8,43.2,1,1.31,43.0,fog,8.6,61.8,0,2,podcast,0,no_action,7
20,evening,5,1,social,family_time,44,outside,87.4,81.6,0,8.06,20.8,clear,15.6,53.9,0,4,music,0,eat_something,1
10,morning,3,0,social,friends_hangout,115,home,33.4,57.6,7,1.61,101.0,clear,57.0,57.8,0,1,none,0,no_action,7
6,morning,2,0,social,date,73,outside,17.1,81.7,9,2.15,120.9,clear,54.4,27.1,0,1,podcast,0,no_action,7
4,night,1,0,none,none,999,home,48.2,65.3,1,2.21,119.8,snow,18.8,87.7,0,3,none,1,no_action,7
7,morning,1,0,school,assignment_due,141,school,87.8,85.6,9,1.32,72.0,rain,96.5,76.0,0,3,none,0,no_action,7
2,night,3,0,none,none,999,outside,89.7,79.4,6,0.69,24.4,fog,63.3,47.5,0,0,music,1,no_action,7
22,night,3,0,work,presentation,179,work,64.6,19.5,6,2.3,126.8,clear,82.2,43.0,1,0,none,1,take_break,20
21,night,6,1,health,gym,9,gym,18.5,47.1,5,4.15,52.6,rain,37.9,89.1,0,3,music,1,no_action,7
7,morning,1,0,none,none,999,home,26.1,67.9,5,2.56,106.4,rain,19.4,63.6,0,4,podcast,0,no_action,7
1,night,0,0,none,none,999,home,54.3,83.2,8,3.59,139.7,clear,3.8,95.6,0,4,none,1,no_action,7
4,night,5,1,none,none,999,home,53.8,90.8,10,1.09,165.0,fog,7.7,100.0,0,0,music,1,no_action,7
9,morning,2,0,health,gym,170,gym,97.9,100.0,2,3.06,100.5,clear,20.4,26.5,0,0,music,0,no_action,7
17,evening,4,0,work,deadline,37,work,75.8,75.2,2,1.33,140.6,rain,82.6,55.9,0,0,music,0,take_break,20
21,night,4,0,health,doctor_appointment,-19,commuting,61.0,42.2,4,2.6,96.3,rain,52.4,66.4,1,2,music,1,suggest_repeat_action,19
14,afternoon,3,0,work,team_meeting,87,work,65.4,62.3,7,0.18,153.9,rain,71.8,70.1,1,1,none,0,take_break,20
7,morning,0,0,school,study_session,-30,commuting,75.0,64.2,0,0.91,55.7,clear,10.7,38.6,1,3,podcast,0,send_late_message,13
0,night,6,1,none,none,999,home,99.3,78.7,10,3.26,38.5,clear,91.3,71.8,0,0,none,1,no_action,7
14,afternoon,0,0,school,lecture,62,school,88.0,76.6,6,1.19,112.7,fog,0.7,44.6,0,4,podcast,0,study_for_class,18
3,night,5,1,none,none,999,home,48.5,90.5,2,0.73,45.0,clear,11.7,25.9,0,2,music,1,no_action,7
18,evening,2,0,school,assignment_due,-11,school,49.9,66.3,10,6.67,159.6,clear,8.0,66.9,0,3,none,0,eat_something,1
14,afternoon,5,1,health,doctor_appointment,-21,commuting,65.1,23.5,8,0.13,145.3,clear,24.4,54.0,0,1,podcast,0,suggest_repeat_action,19
13,afternoon,5,1,none,none,999,home,93.7,65.8,4,0.36,41.1,clear,88.8,59.9,0,0,music,0,focus_session,5
8,morning,4,0,work,deadline,43,commuting,72.1,51.9,1,0.41,89.1,fog,74.8,26.7,1,2,podcast,0,play_podcast,10
18,evening,3,0,school,study_session,109,school,96.1,78.3,2,2.03,27.3,snow,66.4,100.0,0,2,podcast,0,study_for_class,18
14,afternoon,1,0,none,none,999,home,85.4,76.6,6,3.13,149.8,rain,29.4,96.8,0,0,none,0,focus_session,5
10,morning,3,0,health,gym,42,gym,33.3,63.2,0,1.93,66.2,fog,82.1,41.6,0,0,none,0,no_action,7
21,night,6,1,health,gym,151,gym,55.6,69.8,3,1.91,11.5,clear,99.4,43.7,0,3,music,1,no_action,7
21,night,1,0,school,exam,-4,school,39.6,91.8,1,3.85,90.2,clear,91.6,74.7,0,1,none,1,silence_phone,14
18,evening,0,0,social,date,37,home,25.6,83.9,4,2.25,74.0,clear,40.9,57.0,0,0,none,0,start_commute,17
18,evening,6,1,health,doctor_appointment,146,home,27.1,81.2,7,0.86,47.0,clear,3.5,72.9,0,3,podcast,0,no_action,7
21,night,4,0,work,deadline,115,work,51.1,100.0,9,4.72,82.4,fog,3.2,19.1,0,3,podcast,1,no_action,7
6,morning,2,0,work,presentation,44,commuting,79.3,48.2,7,5.69,154.9,clear,99.2,100.0,0,2,none,0,play_music,9
9,morning,0,0,work,team_meeting,103,work,54.3,60.8,6,5.91,112.4,clear,15.8,37.7,0,5,none,0,take_break,20
12,afternoon,5,1,social,dinner,35,restaurant,93.7,63.8,9,3.25,61.7,snow,83.5,52.4,0,5,music,0,no_action,7
4,night,4,0,none,none,999,outside,51.3,82.7,9,0.63,124.8,snow,45.5,41.3,1,3,podcast,1,no_action,7
15,afternoon,0,0,work,deadline,34,work,95.9,97.0,0,0.71,67.0,rain,0.2,100.0,0,0,none,0,no_action,7
4,night,5,1,none,none,999,home,25.9,69.1,4,0.54,42.2,clear,89.7,61.1,0,3,podcast,1,sleep_suggestion,15
6,morning,0,0,work,focus_work,43,commuting,44.0,63.7,10,2.23,146.2,rain,13.1,62.2,0,1,music,0,play_music,9
20,evening,1,0,social,date,-12,commuting,56.8,63.8,2,1.1,178.5,clear,90.9,72.9,0,1,none,0,send_late_message,13
4,night,1,0,none,none,999,home,99.5,97.3,7,3.67,62.3,clear,98.1,51.4,1,4,music,1,no_action,7
17,evening,3,0,health,doctor_appointment,161,outside,52.9,67.7,6,0.74,55.8,snow,90.8,52.8,0,4,none,0,no_action,7
13,afternoon,3,0,social,friends_hangout,121,home,23.4,76.9,5,7.11,161.8,clear,44.5,49.5,0,3,music,0,eat_something,1
3,night,1,0,none,none,999,outside,84.3,95.7,2,1.39,48.6,fog,60.1,100.0,0,0,music,1,no_action,7
13,afternoon,1,0,health,gym,56,gym,50.8,35.3,5,0.37,40.1,rain,21.3,69.7,1,1,none,0,no_action,7
2,night,5,1,school,study_session,49,school,57.8,43.6,3,9.85,12.4,snow,90.0,60.9,0,5,podcast,1,eat_something,1
21,night,6,1,health,therapy,-9,commuting,77.7,91.5,1,0.11,1.5,rain,72.0,64.1,0,1,none,1,no_action,7
2,night,3,0,work,focus_work,121,work,11.8,85.4,4,1.18,141.6,snow,56.3,61.3,1,5,none,1,sleep_suggestion,15
0,night,2,0,none,none,999,outside,87.2,100.0,3,1.58,170.5,clear,87.7,82.1,1,4,music,1,no_action,7
11,morning,5,1,none,none,999,outside,24.1,40.1,10,0.54,151.3,clear,2.9,94.9,0,1,music,0,no_action,7
20,evening,6,1,none,none,999,outside,81.7,17.1,7,0.1,172.5,rain,68.5,62.5,0,4,none,0,social_suggestion,16
19,evening,3,0,social,dinner,-10,restaurant,62.4,100.0,3,7.15,74.8,clear,87.0,92.2,0,0,music,0,eat_something,1
2,night,3,0,none,none,999,home,16.4,51.6,5,5.72,32.9,clear,65.0,25.6,0,0,none,1,sleep_suggestion,15
10,morning,1,0,work,presentation,1,work,55.0,82.0,5,4.18,21.3,clear,93.6,100.0,0,1,music,0,silence_phone,14
7,morning,0,0,work,team_meeting,175,work,76.7,100.0,0,1.88,28.1,snow,62.5,16.2,0,5,podcast,0,no_action,7
5,morning,4,0,none,none,999,outside,67.6,92.3,8,0.46,143.0,clear,77.2,44.7,1,0,music,1,no_action,7
21,night,0,0,none,none,999,outside,55.6,73.3,3,1.87,59.5,clear,86.7,42.3,0,2,podcast,1,wind_down,22
0,night,3,0,none,none,999,home,17.3,100.0,7,2.5,29.7,clear,97.1,77.3,0,4,none,1,sleep_suggestion,15
22,night,3,0,none,none,999,outside,31.3,70.1,2,10.0,105.5,clear,5.5,39.2,0,0,podcast,1,eat_something,1
7,morning,5,1,social,date,51,outside,89.0,100.0,3,3.16,22.6,clear,77.8,73.4,0,4,none,0,no_action,7
22,night,6,1,none,none,999,outside,41.9,76.5,8,4.76,170.9,rain,42.0,33.0,0,1,music,1,wind_down,22
5,morning,5,1,none,none,999,outside,74.1,100.0,6,9.01,89.2,clear,38.9,68.2,1,0,podcast,1,eat_something,1
21,night,3,0,work,team_meeting,152,work,31.4,64.0,9,0.03,84.3,clear,18.7,13.4,1,0,none,1,no_action,7
5,morning,0,0,none,none,999,outside,51.8,61.7,8,3.3,139.4,snow,43.9,40.6,0,3,music,1,no_action,7
11,morning,0,0,none,none,999,outside,75.4,83.8,10,4.55,135.5,snow,55.2,79.5,0,4,music,0,focus_session,5
3,night,3,0,none,none,999,home,24.5,90.9,3,2.49,122.7,clear,15.4,63.5,1,4,podcast,1,sleep_suggestion,15
1,night,4,0,none,none,999,home,61.0,81.9,7,1.49,16.3,clear,25.9,31.9,0,3,none,1,no_action,7
18,evening,0,0,work,deadline,140,work,62.8,42.8,1,3.22,132.7,clear,32.8,74.2,0,3,none,0,take_break,20
9,morning,0,0,social,family_time,87,outside,77.3,80.4,9,1.96,125.5,clear,61.1,100.0,1,4,none,0,no_action,7
5,morning,4,0,none,none,999,outside,59.8,19.5,2,4.22,136.3,fog,40.5,92.6,0,2,music,1,no_action,7
16,afternoon,1,0,school,assignment_due,161,school,84.0,49.0,6,0.93,12.1,clear,10.8,46.5,0,1,podcast,0,no_action,7
4,night,1,0,none,none,999,home,47.6,83.0,4,1.42,9.6,clear,22.9,23.2,0,2,none,1,no_action,7
23,night,2,0,social,family_time,49,home,61.5,36.8,8,2.56,86.7,rain,55.8,37.7,0,1,music,1,no_action,7
15,afternoon,3,0,none,none,999,outside,97.2,51.1,9,0.91,177.2,clear,86.0,76.6,0,2,none,0,focus_session,5
20,evening,2,0,none,none,999,outside,15.0,44.4,9,0.2,105.3,rain,31.8,44.4,0,3,none,0,wind_down,22
13,afternoon,4,0,health,medication_reminder,59,outside,32.0,73.0,3,5.1,89.8,clear,95.5,36.9,0,5,none,0,no_action,7
8,morning,5,1,social,date,146,outside,48.3,79.1,1,0.24,142.1,clear,58.7,88.0,1,3,podcast,0,no_action,7
22,night,4,0,none,none,999,home,72.3,76.3,10,0.08,103.5,rain,19.1,68.5,1,5,music,1,wind_down,22
13,afternoon,3,0,school,study_session,33,school,68.0,52.9,3,3.11,104.8,clear,25.2,45.1,0,3,music,0,study_for_class,18
9,morning,3,0,social,family_time,13,commuting,22.8,56.6,4,2.51,161.8,rain,42.4,100.0,0,5,none,0,play_music,9
16,afternoon,1,0,school,assignment_due,124,school,43.4,42.2,10,0.22,84.1,clear,83.6,70.8,0,4,music,0,no_action,7
15,afternoon,0,0,work,deadline,124,work,11.4,100.0,10,0.56,134.1,rain,97.5,26.3,1,4,music,0,take_break,20
5,morning,3,0,none,none,999,home,19.8,100.0,3,1.36,27.1,rain,32.0,100.0,1,0,podcast,1,no_action,7
12,afternoon,1,0,health,gym,47,gym,87.9,88.1,6,6.93,4.0,clear,91.3,85.5,0,0,podcast,0,eat_something,1
19,evening,4,0,none,none,999,outside,73.0,100.0,5,1.23,49.4,snow,12.8,85.9,0,3,podcast,0,focus_session,5
22,night,4,0,social,dinner,65,restaurant,15.5,78.9,9,2.87,19.2,rain,5.2,22.6,0,4,none,1,no_action,7
6,morning,4,0,social,date,117,home,32.5,28.8,6,0.43,105.4,clear,17.5,83.3,1,1,podcast,0,no_action,7
1,night,5,1,none,none,999,home,44.0,70.1,8,7.98,54.1,clear,90.2,53.1,0,0,none,1,sleep_suggestion,15
4,night,4,0,none,none,999,home,82.2,100.0,3,1.03,37.9,clear,87.5,64.4,0,4,none,1,no_action,7
10,morning,4,0,social,family_time,122,home,61.0,83.9,0,0.42,148.9,clear,82.0,100.0,0,5,podcast,0,no_action,7
0,night,1,0,none,none,999,outside,41.3,35.7,5,1.04,170.0,rain,59.6,63.7,0,1,podcast,1,sleep_suggestion,15
17,evening,2,0,social,date,17,commuting,16.7,55.7,10,7.82,34.5,clear,63.4,100.0,0,4,music,0,eat_something,1
0,night,5,1,none,none,999,home,29.7,77.4,4,1.46,137.8,clear,4.7,81.2,0,5,music,1,sleep_suggestion,15
8,morning,3,0,work,deadline,24,commuting,46.1,84.7,3,0.35,12.3,rain,32.0,68.9,0,5,none,0,play_music,9
16,afternoon,5,1,none,none,999,home,62.0,9.7,0,0.23,55.7,snow,38.1,58.7,1,3,music,0,charge_phone,0
10,morning,6,1,school,exam,34,school,91.0,78.7,0,0.81,145.3,rain,90.9,10.6,0,1,music,0,study_for_class,18
19,evening,6,1,social,family_time,143,home,95.8,49.4,2,3.6,12.8,rain,33.4,64.9,0,4,music,0,no_action,7
6,morning,4,0,work,presentation,42,commuting,32.1,49.6,10,2.04,89.1,rain,56.8,63.5,0,5,music,0,play_music,9
5,morning,5,1,none,none,999,home,80.3,75.1,8,0.13,27.7,rain,49.2,92.3,0,0,music,1,no_action,7
12,afternoon,5,1,none,none,999,home,74.3,76.1,9,1.06,164.0,rain,61.4,43.5,0,1,podcast,0,focus_session,5
4,night,4,0,none,none,999,outside,67.7,74.8,7,1.73,141.3,rain,71.4,82.0,0,5,podcast,1,no_action,7
19,evening,0,0,none,none,999,outside,42.4,77.5,4,2.66,93.4,snow,93.2,54.6,1,1,podcast,0,read_email_alert,12
23,night,5,1,none,none,999,outside,75.7,100.0,10,0.03,176.9,clear,71.9,93.1,1,4,none,1,wind_down,22
3,night,5,1,none,none,999,home,34.7,93.1,9,0.32,19.5,clear,8.7,43.1,0,3,podcast,1,sleep_suggestion,15
15,afternoon,1,0,social,date,41,home,29.4,94.0,5,1.36,5.9,clear,75.2,52.3,0,2,none,0,no_action,7
13,afternoon,5,1,school,lecture,3,school,66.2,75.5,2,1.19,36.8,clear,12.7,34.0,0,4,none,0,silence_phone,14
6,morning,3,0,school,study_session,105,school,57.7,92.1,2,0.54,111.1,clear,75.5,100.0,0,2,none,0,study_for_class,18
0,night,5,1,none,none,999,outside,40.1,47.5,7,1.13,147.8,clear,64.4,48.4,0,0,none,1,sleep_suggestion,15
18,evening,2,0,school,assignment_due,82,school,53.0,80.4,7,0.01,158.6,clear,30.8,70.6,0,1,none,0,take_break,20
8,morning,2,0,social,dinner,35,restaurant,80.5,48.0,0,0.13,117.0,clear,66.3,31.2,0,2,none,0,no_action,7
18,evening,2,0,none,none,999,home,15.7,63.6,2,0.25,146.3,clear,53.3,100.0,0,0,none,0,no_action,7
21,night,5,1,none,none,999,home,30.4,100.0,5,2.27,21.3,fog,83.1,62.0,0,3,none,1,wind_down,22
23,night,5,1,none,none,999,home,92.3,82.6,1,1.61,113.8,clear,16.0,59.6,1,4,podcast,1,wind_down,22
5,morning,3,0,none,none,999,outside,57.3,43.4,10,2.25,38.7,rain,29.4,49.4,0,2,music,1,no_action,7
15,afternoon,4,0,work,team_meeting,-1,work,76.7,77.6,5,1.12,171.5,rain,8.7,47.3,0,5,music,0,silence_phone,14
8,morning,5,1,none,none,999,home,92.0,83.7,2,6.95,28.7,snow,11.5,76.3,0,5,music,0,eat_something,1
3,night,0,0,none,none,999,outside,46.4,100.0,1,6.87,125.0,clear,32.4,44.7,1,0,none,1,eat_something,1
11,morning,4,0,health,gym,73,gym,65.5,78.8,0,5.62,151.3,fog,18.4,48.3,0,0,none,0,no_action,7
14,afternoon,3,0,school,study_session,52,school,35.4,77.1,8,4.55,29.2,rain,32.0,43.1,0,2,podcast,0,study_for_class,18
10,morning,1,0,school,exam,120,school,63.6,21.1,1,1.84,39.2,clear,73.2,99.6,0,2,none,0,study_for_class,18
6,morning,4,0,social,family_time,-15,commuting,28.3,65.7,5,4.12,13.4,rain,72.9,77.8,0,0,none,0,play_music,9
23,night,6,1,none,none,999,home,68.7,91.2,4,1.18,78.9,snow,6.2,53.1,0,1,music,1,wind_down,22
8,morning,4,0,none,none,999,outside,49.3,54.3,6,0.68,177.6,clear,56.3,76.1,0,3,none,0,no_action,7
18,evening,0,0,school,assignment_due,36,school,65.2,61.3,1,0.99,15.4,snow,49.2,52.0,0,3,podcast,0,no_action,7
7,morning,5,1,none,none,999,outside,58.5,25.4,5,0.33,121.5,clear,32.3,94.9,0,0,none,0,no_action,7
7,morning,1,0,school,lecture,101,school,58.3,100.0,8,1.14,128.1,clear,44.4,90.3,0,5,podcast,0,study_for_class,18
4,night,0,0,work,presentation,-1,work,68.6,100.0,6,0.39,90.1,clear,97.3,89.3,0,3,none,1,silence_phone,14
7,morning,3,0,social,friends_hangout,7,commuting,82.8,38.8,9,0.13,150.2,fog,67.6,57.4,0,3,podcast,0,find_parking,4
19,evening,2,0,social,family_time,57,home,67.0,81.0,3,0.78,67.4,rain,84.5,63.6,1,3,podcast,0,no_action,7
5,morning,5,1,none,none,999,home,12.0,100.0,1,0.06,128.9,clear,51.0,44.7,0,0,none,1,no_action,7
9,morning,1,0,none,none,999,home,29.5,69.7,6,4.46,127.5,clear,98.3,82.3,0,2,music,0,no_action,7
8,morning,5,1,social,friends_hangout,26,outside,27.6,100.0,5,0.4,47.1,clear,71.8,56.4,0,3,podcast,0,start_commute,17
23,night,2,0,none,none,999,outside,95.7,76.7,2,3.42,74.8,snow,98.3,89.9,0,2,none,1,wind_down,22
21,night,4,0,work,deadline,107,work,68.6,51.3,3,0.04,76.6,clear,81.4,60.6,0,2,podcast,1,no_action,7
21,night,0,0,health,medication_reminder,16,commuting,90.5,59.7,1,1.63,59.5,rain,10.6,31.9,0,1,music,1,suggest_repeat_action,19
22,night,5,1,social,dinner,45,restaurant,43.2,40.4,5,3.14,90.2,rain,62.9,82.6,0,4,none,1,no_action,7
14,afternoon,3,0,school,assignment_due,80,school,92.9,100.0,8,0.78,52.5,clear,55.8,46.9,0,1,music,0,no_action,7
21,night,1,0,social,friends_hangout,99,outside,23.8,90.5,5,0.8,114.8,clear,55.3,48.3,0,1,podcast,1,no_action,7
8,morning,2,0,work,presentation,73,work,39.3,62.9,10,0.65,103.8,clear,61.3,59.2,0,0,podcast,0,take_break,20
11,morning,1,0,social,date,98,home,60.4,71.7,2,0.97,172.2,clear,79.5,78.4,1,3,podcast,0,no_action,7
6,morning,6,1,social,date,59,home,86.4,83.7,0,2.62,172.3,clear,68.1,86.7,0,5,podcast,0,no_action,7
21,night,2,0,school,assignment_due,-22,school,68.6,38.7,9,1.38,143.5,snow,93.5,34.8,0,3,music,1,send_late_message,13
17,evening,5,1,social,date,86,outside,61.0,93.8,5,1.4,132.0,snow,73.7,72.8,0,4,podcast,0,no_action,7
7,morning,4,0,none,none,999,home,16.8,99.8,9,0.31,155.6,clear,9.4,36.2,0,4,podcast,0,no_action,7
4,night,2,0,none,none,999,home,78.0,41.1,7,2.6,25.6,clear,12.1,81.6,0,0,none,1,no_action,7
14,afternoon,6,1,social,friends_hangout,126,home,73.0,95.5,1,0.2,171.6,clear,68.5,43.5,0,2,none,0,no_action,7
14,afternoon,1,0,work,team_meeting,41,work,59.8,93.8,3,1.77,67.2,clear,14.6,71.3,0,2,music,0,no_action,7
17,evening,1,0,social,dinner,61,restaurant,86.0,89.2,0,1.96,49.2,clear,8.3,54.6,0,2,none,0,no_action,7
8,morning,2,0,health,therapy,175,home,61.5,82.5,4,1.91,77.5,clear,25.6,72.9,0,0,none,0,no_action,7
10,morning,3,0,work,focus_work,79,work,78.4,100.0,8,0.83,101.5,snow,59.9,92.2,0,1,none,0,take_break,20
14,afternoon,3,0,school,study_session,72,school,49.8,74.1,6,0.89,48.2,clear,98.4,79.9,0,2,music,0,study_for_class,18
1,night,4,0,health,doctor_appointment,140,home,60.4,85.3,7,0.78,99.3,rain,26.9,98.9,1,2,none,1,no_action,7
16,afternoon,4,0,school,study_session,77,school,51.0,64.8,1,2.58,172.9,clear,49.4,63.8,0,3,music,0,study_for_class,18
3,night,4,0,none,none,999,home,58.3,90.0,2,1.2,168.4,snow,52.4,44.8,1,3,podcast,1,no_action,7
19,evening,4,0,work,presentation,132,work,59.5,100.0,4,0.64,18.8,clear,38.0,37.2,0,0,none,0,no_action,7
19,evening,3,0,none,none,999,outside,87.1,84.1,3,1.45,32.4,rain,13.4,94.2,0,3,none,0,exercise_suggestion,2
17,evening,0,0,school,assignment_due,59,school,10.8,67.8,6,0.2,167.9,rain,83.0,44.3,0,4,none,0,take_break,20
19,evening,1,0,work,presentation,59,work,47.2,76.0,9,5.94,30.4,clear,19.9,93.9,0,4,music,0,no_action,7
12,afternoon,0,0,work,deadline,167,work,24.5,67.7,5,0.19,95.7,clear,31.8,84.2,0,2,none,0,take_break,20
11,morning,4,0,social,dinner,6,restaurant,23.5,98.1,4,1.29,103.9,snow,25.6,93.3,0,0,music,0,get_ready,6
21,night,2,0,health,doctor_appointment,-24,commuting,14.7,70.2,2,0.53,94.4,clear,17.0,100.0,0,0,podcast,1,suggest_repeat_action,19
19,evening,3,0,work,presentation,179,work,78.4,94.6,1,0.0,82.7,fog,6.4,64.5,1,3,music,0,no_action,7
5,morning,0,0,none,none,999,home,65.4,57.7,2,0.61,86.4,clear,1.3,87.6,0,3,none,1,no_action,7
23,night,5,1,none,none,999,home,84.8,88.1,6,2.26,135.2,clear,41.7,87.7,0,0,music,1,wind_down,22
17,evening,2,0,school,lecture,101,school,31.7,54.2,2,3.19,134.9,clear,92.5,36.1,0,5,music,0,study_for_class,18
4,night,4,0,social,date,174,outside,47.0,76.0,8,3.45,38.9,rain,56.0,73.8,1,0,none,1,no_action,7
2,night,2,0,health,doctor_appointment,63,home,12.6,55.7,6,0.76,138.9,fog,82.2,35.9,0,5,podcast,1,sleep_suggestion,15
0,night,6,1,none,none,999,home,99.4,70.2,10,0.32,103.4,clear,34.0,37.9,0,1,podcast,1,no_action,7
13,afternoon,3,0,school,lecture,-20,school,24.7,70.4,3,0.09,41.7,rain,43.0,100.0,1,3,music,0,send_late_message,13
8,morning,5,1,none,none,999,home,89.4,100.0,6,0.18,178.0,rain,15.6,35.1,0,0,none,0,focus_session,5
13,afternoon,0,0,health,therapy,33,home,31.5,76.5,7,0.7,84.2,fog,18.6,99.0,1,1,none,0,start_commute,17
16,afternoon,3,0,school,study_session,111,school,24.8,80.7,0,0.52,28.1,clear,90.8,96.1,1,0,podcast,0,study_for_class,18
12,afternoon,6,1,none,none,999,outside,86.0,44.9,9,3.09,52.9,snow,78.5,36.5,0,0,music,0,focus_session,5
19,evening,6,1,social,date,3,commuting,18.0,100.0,6,2.11,144.7,clear,17.5,51.9,0,3,music,0,find_parking,4
11,morning,5,1,health,doctor_appointment,30,outside,22.5,50.1,4,10.0,148.2,rain,71.7,100.0,0,4,music,0,eat_something,1
10,morning,0,0,work,focus_work,79,work,66.6,95.7,1,1.08,8.6,clear,72.6,65.5,1,5,none,0,no_action,7
0,night,0,0,work,deadline,56,work,52.9,79.9,8,0.47,97.3,clear,9.2,8.3,0,4,music,1,take_break,20
4,night,3,0,health,doctor_appointment,148,outside,56.7,87.8,8,1.15,14.3,clear,53.3,26.6,1,3,music,1,no_action,7
11,morning,4,0,work,team_meeting,-23,work,23.6,85.5,10,0.35,53.2,rain,72.8,78.0,0,2,none,0,send_late_message,13
3,night,2,0,none,none,999,outside,69.9,100.0,1,2.0,153.6,clear,41.2,52.4,1,0,music,1,no_action,7
8,morning,3,0,school,lecture,70,school,67.0,25.0,4,0.11,159.5,clear,97.0,52.8,1,2,music,0,study_for_class,18
12,afternoon,3,0,work,focus_work,155,work,72.5,75.0,6,1.17,72.7,snow,21.1,89.0,1,1,none,0,no_action,7
22,night,6,1,none,none,999,home,52.9,100.0,0,0.93,143.4,clear,27.9,61.7,0,5,music,1,wind_down,22
15,afternoon,2,0,school,study_session,166,school,41.0,34.8,1,0.4,45.5,fog,33.5,85.8,0,2,none,0,no_action,7
2,night,6,1,school,exam,176,school,22.2,43.7,0,0.89,70.1,rain,69.6,78.9,0,4,music,1,sleep_suggestion,15
0,night,2,0,none,none,999,home,50.2,67.0,2,2.27,153.0,clear,74.3,24.8,0,0,podcast,1,no_action,7
3,night,2,0,school,assignment_due,38,school,49.3,76.8,3,1.81,174.4,clear,69.3,76.0,0,4,none,1,take_break,20
2,night,5,1,none,none,999,home,74.3,49.8,9,1.16,114.1,snow,20.5,87.3,0,1,none,1,no_action,7
15,afternoon,6,1,health,therapy,10,commuting,84.8,86.9,1,1.16,133.7,clear,75.8,67.3,0,1,podcast,0,suggest_repeat_action,19
6,morning,5,1,none,none,999,outside,24.5,35.4,4,0.2,96.6,rain,90.8,19.2,0,3,none,0,no_action,7
10,morning,0,0,health,medication_reminder,106,home,40.4,89.5,2,0.91,19.0,clear,52.7,30.1,0,3,none,0,no_action,7
23,night,3,0,none,none,999,home,74.8,88.0,7,0.62,152.5,snow,28.0,81.5,0,2,music,1,wind_down,22
6,morning,3,0,work,deadline,140,work,81.0,95.0,5,1.73,125.1,clear,1.0,55.0,0,1,podcast,0,take_break,20
9,morning,5,1,none,none,999,home,46.2,63.0,3,6.18,65.9,clear,12.0,96.4,0,3,none,0,eat_something,1
2,night,3,0,none,none,999,home,97.9,81.8,1,0.82,85.0,rain,26.1,94.3,1,1,none,1,no_action,7
12,afternoon,3,0,school,assignment_due,165,school,12.5,42.2,8,1.26,59.5,clear,80.6,75.3,0,2,music,0,no_action,7
13,afternoon,6,1,work,team_meeting,80,work,49.9,88.1,4,0.53,27.7,clear,86.2,77.7,0,1,none,0,no_action,7
23,night,5,1,none,none,999,home,73.6,66.6,3,0.3,122.1,clear,29.3,84.7,1,2,music,1,wind_down,22
10,morning,6,1,social,friends_hangout,128,outside,93.8,100.0,9,2.39,75.4,rain,1.8,76.4,1,3,music,0,no_action,7
12,afternoon,1,0,social,dinner,-4,restaurant,96.7,53.8,7,0.3,132.0,rain,99.4,84.0,0,4,none,0,no_action,7
7,morning,3,0,none,none,999,home,14.7,63.0,10,2.0,59.6,clear,79.6,42.4,0,0,none,0,no_action,7
21,night,0,0,health,medication_reminder,149,home,57.4,18.7,1,2.65,136.1,fog,98.8,77.1,1,3,none,1,no_action,7
23,night,5,1,social,friends_hangout,169,home,28.5,68.0,2,2.7,127.3,clear,80.5,51.9,1,0,music,1,sleep_suggestion,15
2,night,6,1,none,none,999,home,61.4,96.5,9,0.5,116.7,clear,12.8,44.6,0,0,podcast,1,no_action,7
6,morning,5,1,none,none,999,outside,41.5,76.9,2,1.18,113.3,snow,9.6,100.0,0,1,music,0,plan_day,8
3,night,2,0,none,none,999,home,61.8,100.0,7,1.13,21.6,clear,99.0,67.8,0,5,music,1,no_action,7
23,night,6,1,none,none,999,home,22.3,75.2,6,1.62,139.6,clear,74.6,49.0,0,3,none,1,sleep_suggestion,15
1,night,5,1,school,study_session,29,school,42.9,82.2,6,3.62,140.2,fog,72.8,19.2,1,4,none,1,sleep_suggestion,15
22,night,0,0,social,dinner,45,restaurant,29.7,52.6,5,0.5,84.7,clear,28.8,28.0,1,5,podcast,1,no_action,7
6,morning,6,1,health,medication_reminder,154,home,71.3,69.2,0,9.77,73.8,clear,45.9,83.6,0,0,podcast,0,eat_something,1
2,night,5,1,health,gym,67,gym,96.2,82.4,4,1.96,125.1,clear,97.5,40.0,0,2,podcast,1,no_action,7
19,evening,5,1,none,none,999,home,55.7,70.1,0,4.67,169.9,clear,33.7,66.7,0,3,podcast,0,social_suggestion,16
22,night,3,0,none,none,999,home,27.0,52.0,5,0.33,123.5,snow,12.1,63.9,0,1,none,1,wind_down,22
9,morning,2,0,social,friends_hangout,132,outside,65.9,100.0,9,1.65,166.7,rain,72.1,85.7,0,0,music,0,no_action,7
3,night,1,0,work,presentation,105,work,48.0,41.4,8,0.69,16.4,rain,58.8,43.2,0,1,none,1,no_action,7
6,morning,6,1,none,none,999,outside,12.8,90.7,10,0.55,146.2,clear,90.0,94.3,0,1,music,0,no_action,7
17,evening,2,0,work,deadline,146,work,81.4,78.7,3,5.36,139.4,clear,93.3,79.5,0,4,music,0,take_break,20
14,afternoon,2,0,social,date,56,home,79.1,100.0,9,1.9,8.3,clear,82.3,61.2,0,5,podcast,0,no_action,7
5,morning,3,0,none,none,999,outside,45.5,100.0,6,1.69,178.4,rain,40.6,39.6,0,5,none,1,no_action,7
17,evening,0,0,social,date,-27,commuting,83.1,17.9,4,1.16,174.7,clear,39.2,98.8,0,4,music,0,send_late_message,13
14,afternoon,3,0,school,assignment_due,19,school,43.7,74.6,5,1.74,45.5,clear,87.7,49.9,0,3,none,0,no_action,7
2,night,3,0,none,none,999,outside,12.2,72.9,6,2.27,0.5,clear,58.1,48.0,0,0,none,1,sleep_suggestion,15
5,morning,1,0,none,none,999,home,77.8,100.0,8,3.07,24.5,rain,8.3,56.6,0,5,none,1,no_action,7
15,afternoon,4,0,work,presentation,3,work,99.2,28.8,8,0.34,78.8,clear,28.1,69.9,0,0,none,0,silence_phone,14
23,night,1,0,none,none,999,outside,97.0,54.8,6,2.14,87.9,rain,54.1,41.3,0,1,none,1,wind_down,22
1,night,2,0,none,none,999,outside,61.1,84.4,1,2.56,73.5,clear,59.6,57.6,0,1,music,1,no_action,7
15,afternoon,3,0,none,none,999,home,54.5,64.5,4,2.12,52.9,fog,79.9,44.4,0,5,music,0,no_action,7
9,morning,2,0,school,study_session,38,commuting,75.3,82.8,2,1.14,124.8,clear,79.5,100.0,0,3,podcast,0,play_podcast,10
12,afternoon,6,1,health,doctor_appointment,170,home,67.6,66.8,8,0.35,33.0,snow,66.4,94.8,1,5,music,0,no_action,7
19,evening,3,0,school,exam,31,school,47.2,74.5,4,0.62,136.3,clear,95.4,70.5,0,5,music,0,study_for_class,18
4,night,4,0,school,exam,23,school,64.0,51.1,8,0.25,146.7,clear,99.1,97.4,1,0,none,1,take_break,20
1,night,3,0,school,study_session,-7,school,31.9,75.4,7,0.52,94.6,rain,85.3,86.9,0,0,none,1,sleep_suggestion,15
16,afternoon,0,0,none,none,999,outside,88.0,61.5,10,0.86,53.7,rain,53.8,71.0,0,1,none,0,focus_session,5
6,morning,5,1,social,dinner,173,restaurant,79.7,86.4,4,0.13,6.6,rain,39.3,36.4,0,2,music,0,no_action,7
13,afternoon,1,0,school,exam,41,school,50.4,100.0,4,0.61,40.1,clear,36.9,72.4,0,1,music,0,study_for_class,18
9,morning,0,0,school,study_session,30,commuting,15.6,71.9,5,0.19,114.0,clear,39.0,40.7,1,4,none,0,play_music,9
12,afternoon,2,0,health,doctor_appointment,-15,commuting,73.3,98.5,8,2.41,87.0,fog,15.7,85.1,0,0,none,0,no_action,7
15,afternoon,6,1,none,none,999,home,79.0,49.8,2,2.82,52.1,clear,4.9,70.7,0,1,none,0,exercise_suggestion,2
15,afternoon,2,0,social,friends_hangout,159,home,72.8,68.2,8,0.84,156.4,clear,95.4,5.0,0,0,music,0,no_action,7
0,night,6,1,none,none,999,home,22.4,32.8,5,1.27,92.8,fog,54.9,73.4,1,4,podcast,1,sleep_suggestion,15
10,morning,1,0,social,family_time,105,home,18.8,63.5,1,0.29,51.1,rain,31.5,29.8,1,1,music,0,no_action,7
13,afternoon,3,0,work,presentation,148,work,86.0,100.0,10,0.39,109.6,rain,90.2,34.9,1,0,none,0,take_break,20
17,evening,4,0,social,dinner,33,restaurant,33.1,44.8,5,8.33,136.2,rain,29.4,64.2,0,0,none,0,eat_something,1
4,night,2,0,none,none,999,home,56.8,97.2,8,1.63,66.0,rain,61.8,66.2,0,2,podcast,1,no_action,7
4,night,2,0,none,none,999,outside,63.3,96.1,8,3.44,71.0,snow,84.4,5.0,0,1,music,1,no_action,7
21,night,1,0,health,medication_reminder,133,outside,95.4,100.0,10,0.28,145.1,clear,85.4,89.5,1,4,music,1,no_action,7
14,afternoon,2,0,school,exam,25,school,19.1,94.5,9,3.94,133.1,rain,58.1,31.6,1,4,music,0,take_break,20
12,afternoon,6,1,health,doctor_appointment,145,home,28.9,67.1,2,3.35,121.8,fog,13.2,47.2,0,4,music,0,no_action,7
2,night,3,0,none,none,999,home,32.5,48.5,1,1.11,108.5,rain,64.8,59.0,0,1,podcast,1,sleep_suggestion,15
11,morning,3,0,school,lecture,90,school,27.9,77.4,2,3.3,54.1,clear,100.0,86.9,1,0,podcast,0,study_for_class,18
2,night,6,1,work,deadline,163,work,24.9,58.7,10,1.16,149.2,clear,32.9,61.2,1,2,none,1,sleep_suggestion,15
5,morning,3,0,none,none,999,outside,37.7,42.4,0,0.24,76.9,clear,66.4,59.2,1,1,none,1,no_action,7
4,night,6,1,school,assignment_due,120,school,37.3,26.2,8,3.09,131.6,clear,22.6,100.0,0,1,podcast,1,sleep_suggestion,15
22,night,1,0,school,study_session,106,school,77.7,52.1,0,3.12,18.8,rain,33.4,93.2,0,5,music,1,study_for_class,18
5,morning,1,0,none,none,999,home,44.9,79.8,8,0.12,129.9,clear,73.9,81.9,0,4,music,1,no_action,7
2,night,2,0,none,none,999,home,14.9,68.4,10,2.39,172.7,clear,47.8,45.3,0,5,none,1,sleep_suggestion,15
12,afternoon,0,0,school,exam,-18,school,87.8,49.6,3,2.75,132.6,clear,85.9,94.5,0,2,music,0,send_late_message,13
17,evening,3,0,social,date,77,home,35.2,84.5,9,1.04,171.8,fog,72.7,98.9,1,1,none,0,no_action,7
21,night,5,1,none,none,999,home,99.6,57.8,10,1.74,88.5,clear,4.5,67.4,1,3,music,1,wind_down,22
14,afternoon,5,1,school,assignment_due,47,school,15.5,62.4,9,3.62,7.6,clear,85.5,76.2,1,1,podcast,0,no_action,7
5,morning,3,0,health,gym,23,gym,35.5,100.0,3,1.73,177.0,clear,59.3,58.0,0,4,none,1,no_action,7
1,night,3,0,health,medication_reminder,157,home,26.0,69.5,10,1.83,21.3,clear,52.8,25.3,0,4,podcast,1,sleep_suggestion,15
1,night,3,0,none,none,999,outside,70.0,23.5,9,0.06,64.8,rain,60.6,54.9,1,4,podcast,1,no_action,7
22,night,2,0,school,exam,175,school,58.2,82.5,6,0.45,80.6,fog,87.2,30.7,0,1,music,1,no_action,7
23,night,3,0,social,date,-15,commuting,44.3,86.0,7,2.08,54.1,rain,58.3,29.5,1,1,none,1,sleep_suggestion,15
0,night,5,1,none,none,999,home,72.7,61.1,10,0.63,30.6,fog,13.5,51.4,0,1,none,1,no_action,7
16,afternoon,0,0,school,assignment_due,99,school,55.3,37.9,8,0.07,166.8,clear,23.6,31.4,0,3,none,0,take_break,20
5,morning,4,0,work,deadline,-4,commuting,46.1,79.3,8,0.55,122.7,clear,23.5,47.8,1,3,music,1,play_music,9
2,night,4,0,none,none,999,home,94.4,46.3,3,3.23,39.8,snow,17.5,54.2,0,5,music,1,no_action,7
23,night,2,0,none,none,999,home,41.9,65.3,4,0.43,8.8,snow,76.7,92.9,0,4,podcast,1,sleep_suggestion,15
3,night,4,0,none,none,999,home,69.0,66.6,5,5.74,1.9,rain,19.3,63.3,0,1,none,1,no_action,7
9,morning,5,1,work,deadline,79,work,22.8,49.1,10,1.25,1.6,clear,97.5,5.0,0,1,none,0,no_action,7
17,evening,0,0,work,focus_work,78,work,64.8,82.5,8,10.0,175.3,clear,95.9,86.7,0,4,music,0,eat_something,1
0,night,4,0,none,none,999,outside,78.4,61.7,7,5.42,50.4,clear,70.7,100.0,1,3,podcast,1,no_action,7
17,evening,2,0,school,lecture,142,school,74.2,70.9,9,4.81,21.8,rain,28.0,66.3,1,2,music,0,no_action,7
12,afternoon,6,1,health,gym,152,gym,11.7,72.7,4,1.87,96.1,clear,50.0,17.9,0,2,podcast,0,no_action,7
17,evening,4,0,health,therapy,60,home,83.0,75.3,4,0.87,152.4,clear,71.9,30.5,0,4,music,0,no_action,7
7,morning,4,0,work,team_meeting,-4,commuting,73.1,96.9,6,2.45,107.2,rain,27.1,31.5,0,2,none,0,play_music,9
16,afternoon,4,0,social,date,63,outside,30.5,74.5,8,0.43,125.1,clear,95.5,94.6,0,0,podcast,0,no_action,7
0,night,6,1,work,deadline,149,work,96.7,60.6,3,0.64,139.8,clear,95.7,76.9,1,0,podcast,1,take_break,20
3,night,5,1,none,none,999,outside,59.2,74.2,4,0.16,121.2,snow,1.9,19.4,1,5,podcast,1,no_action,7
17,evening,6,1,health,therapy,141,outside,71.6,46.6,6,2.9,159.2,clear,15.6,66.5,0,2,none,0,no_action,7
18,evening,2,0,work,team_meeting,3,work,26.9,37.9,10,0.62,4.1,clear,23.7,60.4,0,0,none,0,silence_phone,14
21,night,3,0,work,presentation,131,work,82.7,69.6,6,0.08,25.5,clear,41.3,25.3,0,3,music,1,no_action,7
12,afternoon,1,0,none,none,999,home,77.6,67.3,8,0.75,131.4,fog,23.9,62.2,1,0,podcast,0,read_email_alert,12
10,morning,5,1,none,none,999,home,61.9,58.6,4,0.73,84.1,clear,97.2,55.3,0,0,podcast,0,focus_session,5
19,evening,2,0,social,family_time,77,home,46.3,57.3,0,0.91,29.1,clear,11.4,94.8,0,3,none,0,no_action,7
21,night,3,0,school,exam,179,school,34.8,7.4,8,9.22,71.6,clear,74.2,56.5,1,4,none,1,charge_phone,0
2,night,0,0,health,therapy,55,home,72.3,61.7,0,3.95,171.1,clear,93.0,70.9,1,1,podcast,1,no_action,7
13,afternoon,0,0,work,team_meeting,30,work,91.7,85.4,3,5.51,43.4,fog,87.7,100.0,0,1,none,0,no_action,7
12,afternoon,6,1,none,none,999,home,14.5,94.5,5,1.08,12.6,fog,74.3,48.4,0,0,none,0,no_action,7
8,morning,3,0,school,assignment_due,152,school,45.8,47.5,1,0.67,35.9,clear,2.0,84.5,1,2,none,0,no_action,7
22,night,1,0,social,dinner,49,restaurant,96.5,100.0,7,0.05,29.5,snow,36.9,39.9,1,3,music,1,no_action,7
15,afternoon,0,0,none,none,999,home,25.1,32.4,4,3.61,129.4,clear,85.8,62.1,0,2,podcast,0,no_action,7
19,evening,6,1,none,none,999,home,95.1,74.5,8,3.45,122.5,clear,7.3,46.4,0,5,music,0,focus_session,5
11,morning,0,0,none,none,999,home,88.9,89.1,7,2.64,24.5,clear,20.0,35.5,0,0,podcast,0,focus_session,5
19,evening,3,0,work,deadline,31,work,38.0,17.3,9,2.79,2.2,clear,12.9,41.6,0,5,podcast,0,no_action,7
9,morning,0,0,work,team_meeting,-4,commuting,53.3,63.6,3,0.2,2.7,fog,53.1,50.1,0,4,none,0,play_music,9
2,night,1,0,health,doctor_appointment,42,home,56.3,56.3,0,1.83,77.8,rain,6.8,37.1,0,5,none,1,no_action,7
0,night,1,0,none,none,999,home,26.2,76.2,5,3.21,29.1,snow,13.4,60.7,0,5,none,1,sleep_suggestion,15
8,morning,0,0,school,lecture,27,commuting,27.2,83.8,5,3.77,46.2,fog,82.6,65.3,1,2,none,0,play_music,9
2,night,0,0,none,none,999,home,84.7,58.8,9,0.05,131.4,clear,25.7,62.0,0,3,podcast,1,no_action,7
10,morning,6,1,health,doctor_appointment,170,outside,22.6,47.7,6,0.5,44.5,rain,18.4,36.1,0,4,none,0,no_action,7
15,afternoon,6,1,work,team_meeting,86,work,19.7,67.3,9,0.17,32.5,clear,34.8,79.4,1,4,music,0,no_action,7
14,afternoon,1,0,social,dinner,56,restaurant,25.6,93.0,1,0.28,167.0,clear,36.6,44.3,1,1,music,0,no_action,7
16,afternoon,0,0,work,team_meeting,45,work,98.8,100.0,10,1.75,143.5,rain,34.7,90.7,0,0,podcast,0,take_break,20
19,evening,1,0,work,deadline,14,work,45.3,91.8,6,0.15,86.6,rain,44.7,52.4,0,0,music,0,no_action,7
0,night,5,1,none,none,999,home,83.6,73.9,6,0.07,136.1,clear,90.1,57.2,0,4,none,1,no_action,7
21,night,3,0,health,therapy,177,outside,49.2,68.1,2,0.34,81.8,clear,52.7,65.2,1,2,music,1,no_action,7
4,night,2,0,none,none,999,home,27.2,100.0,5,0.5,34.7,rain,43.0,67.1,0,3,podcast,1,sleep_suggestion,15
10,morning,6,1,none,none,999,home,26.8,87.5,1,0.28,113.9,clear,5.6,30.5,1,3,music,0,read_email_alert,12
5,morning,3,0,none,none,999,home,18.6,69.9,5,2.59,46.2,clear,88.8,95.4,0,1,podcast,1,no_action,7
17,evening,4,0,school,exam,4,school,77.3,75.0,7,1.59,98.3,clear,97.3,93.2,0,1,podcast,0,silence_phone,14
21,night,4,0,social,date,-9,commuting,35.2,100.0,5,5.03,168.4,snow,27.7,87.9,1,2,podcast,1,suggest_repeat_action,19
4,night,1,0,none,none,999,home,88.4,94.9,8,0.04,147.3,fog,76.6,76.3,0,1,music,1,no_action,7
21,night,2,0,health,gym,139,gym,86.4,56.4,3,5.55,140.4,clear,0.7,68.5,0,0,podcast,1,no_action,7
16,afternoon,0,0,none,none,999,home,34.7,88.4,1,2.05,89.8,snow,31.7,84.3,1,3,none,0,read_email_alert,12
14,afternoon,2,0,school,study_session,135,school,69.3,27.1,5,2.97,177.5,rain,73.1,24.7,0,2,music,0,take_break,20
13,afternoon,0,0,social,friends_hangout,111,home,33.2,95.0,3,1.33,119.4,clear,0.8,91.7,0,2,music,0,no_action,7
7,morning,3,0,social,date,96,home,13.5,63.3,0,0.21,141.5,clear,33.7,74.4,0,2,none,0,no_action,7
12,afternoon,3,0,none,none,999,home,89.9,61.9,7,0.03,170.6,clear,86.0,36.9,0,4,none,0,focus_session,5
1,night,5,1,none,none,999,outside,55.6,51.4,6,0.01,87.6,clear,95.5,19.3,0,0,podcast,1,no_action,7
11,morning,0,0,work,focus_work,39,work,18.8,53.1,7,0.96,178.6,rain,21.3,100.0,0,4,music,0,take_break,20
2,night,4,0,none,none,999,home,63.1,72.3,8,1.28,108.0,clear,9.0,80.1,0,4,none,1,no_action,7
14,afternoon,3,0,school,assignment_due,49,school,13.3,55.2,3,1.11,77.9,rain,38.6,49.0,0,5,music,0,no_action,7
17,evening,2,0,school,assignment_due,136,school,56.9,100.0,4,5.28,101.6,clear,34.0,32.0,1,0,none,0,take_break,20
1,night,6,1,none,none,999,outside,13.1,57.8,10,8.8,118.9,fog,93.0,55.2,1,3,none,1,sleep_suggestion,15
15,afternoon,4,0,work,deadline,-30,work,39.2,52.6,0,2.22,0.0,rain,36.9,82.3,1,1,music,0,send_late_message,13
9,morning,1,0,social,date,172,home,32.4,65.9,4,0.32,0.2,clear,71.4,66.7,1,4,podcast,0,no_action,7
8,morning,2,0,work,deadline,178,work,59.2,29.2,6,0.68,0.2,clear,75.0,68.3,0,1,podcast,0,no_action,7
23,night,2,0,none,none,999,home,67.9,45.6,8,6.78,159.6,rain,78.8,65.7,0,1,none,1,eat_something,1
3,night,2,0,health,therapy,46,home,61.9,53.6,7,0.68,151.5,rain,56.9,63.6,0,2,none,1,no_action,7
13,afternoon,2,0,social,dinner,166,restaurant,25.9,75.4,4,0.61,138.0,clear,80.6,100.0,0,1,music,0,no_action,7
5,morning,1,0,none,none,999,outside,84.7,56.6,10,1.72,19.6,clear,12.6,40.6,0,5,none,1,no_action,7
13,afternoon,1,0,school,study_session,79,school,87.0,81.3,1,1.72,100.7,clear,0.3,74.8,0,1,podcast,0,study_for_class,18
16,afternoon,0,0,health,doctor_appointment,168,home,75.9,62.2,7,2.2,36.2,rain,80.9,85.2,0,1,music,0,no_action,7
1,night,2,0,none,none,999,home,96.4,54.6,6,0.53,87.9,snow,9.0,77.8,0,2,music,1,no_action,7
17,evening,5,1,social,dinner,103,restaurant,52.6,74.2,10,3.58,98.3,rain,27.4,84.8,1,3,music,0,no_action,7
21,night,4,0,school,study_session,166,school,85.9,80.9,3,0.03,36.6,clear,76.3,25.6,0,0,music,1,no_action,7
18,evening,0,0,health,gym,101,gym,61.4,100.0,2,0.73,173.3,clear,57.4,73.9,0,2,music,0,no_action,7
9,morning,2,0,work,presentation,168,work,38.9,64.3,10,0.45,22.3,fog,73.2,38.3,0,2,music,0,no_action,7
17,evening,2,0,health,gym,17,gym,54.8,100.0,0,0.18,148.0,rain,52.7,49.8,0,2,music,0,no_action,7
21,night,3,0,work,focus_work,141,work,84.6,78.8,5,1.22,82.7,clear,31.6,75.8,1,0,podcast,1,no_action,7
13,afternoon,4,0,work,focus_work,103,work,73.4,79.8,9,0.24,178.7,rain,62.8,50.3,0,3,none,0,take_break,20
8,morning,6,1,social,dinner,62,restaurant,21.3,46.4,1,0.59,0.2,fog,43.8,63.9,1,3,none,0,no_action,7
13,afternoon,4,0,work,team_meeting,66,work,86.4,53.9,9,4.95,22.1,clear,6.9,39.8,0,3,none,0,no_action,7
15,afternoon,1,0,none,none,999,home,88.0,84.8,0,0.28,2.1,snow,23.0,69.5,0,2,podcast,0,exercise_suggestion,2
23,night,4,0,none,none,999,home,68.4,100.0,2,0.38,132.6,rain,24.2,42.0,1,2,music,1,wind_down,22
20,evening,0,0,none,none,999,outside,12.5,55.5,10,3.87,90.0,clear,22.1,65.3,0,1,none,0,wind_down,22
4,night,2,0,none,none,999,home,87.8,75.7,10,0.24,81.1,clear,80.5,74.8,1,5,none,1,no_action,7
4,night,5,1,none,none,999,home,50.5,59.9,5,0.66,167.0,clear,93.1,74.8,0,5,none,1,no_action,7
11,morning,4,0,social,dinner,107,restaurant,47.8,47.7,4,1.08,167.8,fog,43.7,87.1,1,0,none,0,no_action,7
12,afternoon,4,0,health,medication_reminder,60,home,47.9,66.9,9,1.34,51.5,rain,18.1,91.4,0,3,music,0,no_action,7
5,morning,2,0,none,none,999,home,86.8,61.7,3,1.39,151.3,fog,70.9,42.0,0,4,podcast,1,no_action,7
8,morning,4,0,none,none,999,home,76.8,67.7,0,1.62,153.6,rain,62.8,96.9,0,1,none,0,exercise_suggestion,2
5,morning,4,0,none,none,999,home,95.7,69.7,5,1.26,54.3,clear,1.3,50.6,0,5,none,1,no_action,7
3,night,0,0,none,none,999,home,76.9,84.1,6,2.53,8.2,rain,79.5,100.0,0,1,none,1,no_action,7
13,afternoon,6,1,social,dinner,109,restaurant,82.6,54.7,0,2.24,39.6,rain,57.5,82.1,1,2,music,0,no_action,7
20,evening,4,0,work,focus_work,102,work,26.3,62.7,4,0.26,39.7,fog,13.3,96.9,0,4,none,0,no_action,7
19,evening,5,1,health,medication_reminder,122,outside,48.7,85.8,4,0.08,115.8,clear,97.2,70.8,0,3,music,0,no_action,7
17,evening,6,1,health,therapy,-20,commuting,23.9,60.8,2,0.04,96.2,rain,3.5,67.5,0,3,music,0,play_music,9
23,night,3,0,none,none,999,outside,34.5,75.1,9,1.57,48.0,clear,61.1,91.5,0,4,music,1,sleep_suggestion,15
4,night,5,1,none,none,999,outside,16.1,63.2,8,3.42,96.9,rain,43.1,37.1,1,4,none,1,sleep_suggestion,15
4,night,6,1,none,none,999,home,26.0,42.0,5,0.75,22.6,fog,36.5,47.7,1,0,music,1,sleep_suggestion,15
15,afternoon,3,0,work,team_meeting,7,work,72.3,46.4,6,0.01,127.8,rain,19.9,75.7,0,2,music,0,prepare_for_meeting,11
4,night,5,1,none,none,999,outside,65.8,41.5,9,0.89,102.1,snow,3.8,100.0,0,2,none,1,no_action,7
12,afternoon,3,0,social,family_time,1,commuting,61.1,92.0,6,0.76,137.7,snow,75.1,47.7,0,5,music,0,find_parking,4
23,night,6,1,none,none,999,outside,85.0,82.3,2,1.67,101.5,rain,57.0,60.5,1,2,podcast,1,wind_down,22
19,evening,3,0,social,family_time,115,home,74.3,36.5,4,1.45,125.1,clear,99.8,84.0,0,5,music,0,no_action,7
20,evening,0,0,school,study_session,62,school,37.8,70.1,7,1.44,142.3,clear,27.2,62.8,1,3,none,0,study_for_class,18
10,morning,1,0,work,presentation,179,work,76.9,70.0,4,0.49,151.6,clear,59.1,100.0,0,1,none,0,take_break,20
1,night,3,0,social,friends_hangout,-13,commuting,77.7,95.5,10,4.95,128.1,fog,80.7,92.0,0,2,none,1,send_late_message,13
1,night,3,0,none,none,999,home,83.0,55.7,2,0.23,127.6,rain,64.7,93.8,1,2,music,1,no_action,7
2,night,6,1,none,none,999,outside,80.1,79.4,10,0.91,108.6,fog,62.3,61.7,1,5,music,1,no_action,7
6,morning,4,0,school,exam,39,commuting,44.8,42.8,2,0.21,89.4,clear,78.7,70.5,0,0,music,0,play_music,9
6,morning,3,0,work,focus_work,134,work,55.1,76.5,6,0.14,54.2,clear,51.6,76.3,0,0,podcast,0,no_action,7
21,night,3,0,health,doctor_appointment,124,home,45.3,38.5,6,0.63,9.1,clear,44.1,63.0,0,5,music,1,no_action,7
17,evening,5,1,social,dinner,51,restaurant,21.1,90.7,6,2.58,110.0,clear,63.0,58.2,1,1,music,0,no_action,7
14,afternoon,3,0,school,lecture,120,school,42.5,100.0,1,2.43,87.9,rain,92.8,63.7,0,1,podcast,0,study_for_class,18
10,morning,4,0,none,none,999,outside,78.0,59.1,5,0.74,58.4,rain,66.5,19.9,0,2,podcast,0,focus_session,5
13,afternoon,6,1,work,team_meeting,94,work,96.6,49.8,8,5.07,19.0,rain,28.9,50.7,0,2,none,0,no_action,7
10,morning,5,1,health,doctor_appointment,84,outside,17.7,100.0,9,7.17,16.5,clear,76.0,78.0,0,0,none,0,eat_something,1
5,morning,5,1,none,none,999,home,75.2,91.9,4,0.93,19.0,rain,26.1,5.0,0,5,music,1,no_action,7
5,morning,6,1,none,none,999,home,30.7,100.0,10,2.79,156.3,clear,80.4,70.2,0,3,music,1,no_action,7
4,night,6,1,school,study_session,-19,school,24.0,100.0,7,0.8,142.7,clear,31.1,25.0,0,0,podcast,1,sleep_suggestion,15
20,evening,4,0,school,exam,45,school,32.6,36.1,1,0.88,68.3,fog,40.4,45.6,1,4,none,0,study_for_class,18
21,night,2,0,school,lecture,56,school,71.6,53.7,0,1.51,160.0,rain,70.1,39.1,0,1,none,1,study_for_class,18
20,evening,3,0,work,presentation,167,work,62.4,100.0,3,0.13,6.8,clear,38.2,83.0,0,1,none,0,no_action,7
9,morning,0,0,social,family_time,111,home,42.6,84.8,4,0.14,73.9,rain,45.3,74.7,0,0,music,0,no_action,7
13,afternoon,4,0,work,team_meeting,39,work,29.5,86.9,7,3.36,0.3,clear,29.9,60.7,0,5,none,0,no_action,7
15,afternoon,6,1,none,none,999,home,89.0,93.7,1,3.0,91.4,clear,27.5,74.9,0,4,music,0,exercise_suggestion,2
0,night,6,1,none,none,999,home,90.9,94.7,8,1.26,176.9,clear,35.1,76.7,0,2,none,1,no_action,7
3,night,1,0,work,team_meeting,-15,work,55.0,100.0,0,1.6,89.1,clear,29.3,20.2,1,5,podcast,1,send_late_message,13
2,night,1,0,none,none,999,home,13.6,75.8,10,3.97,142.5,fog,38.6,67.1,0,5,music,1,sleep_suggestion,15
22,night,0,0,none,none,999,outside,55.6,42.4,1,5.62,26.9,rain,82.3,27.8,0,5,none,1,wind_down,22
13,afternoon,5,1,none,none,999,home,50.9,56.6,0,0.4,113.1,snow,33.8,68.5,1,0,none,0,read_email_alert,12
3,night,1,0,none,none,999,home,68.8,99.5,8,0.14,56.2,fog,40.1,38.1,0,5,podcast,1,no_action,7
14,afternoon,0,0,work,focus_work,-25,work,69.9,98.9,2,0.58,80.3,clear,98.2,90.6,0,0,none,0,no_action,7
13,afternoon,5,1,health,therapy,93,home,53.9,29.4,2,0.77,23.6,clear,30.2,18.7,0,1,music,0,no_action,7
20,evening,4,0,none,none,999,outside,31.8,76.1,1,1.86,106.0,rain,62.9,77.8,0,3,none,0,wind_down,22
1,night,1,0,none,none,999,home,59.2,59.5,2,2.18,99.0,clear,45.9,39.2,1,3,none,1,no_action,7
21,night,3,0,school,exam,104,school,99.2,36.0,0,0.38,165.9,rain,4.0,59.5,0,3,none,1,study_for_class,18
6,morning,2,0,social,friends_hangout,125,outside,71.4,50.0,4,0.02,56.0,clear,22.8,78.8,0,4,music,0,no_action,7
6,morning,1,0,school,study_session,145,school,21.6,57.1,7,0.01,133.9,clear,27.2,100.0,0,3,music,0,take_break,20
1,night,5,1,school,assignment_due,14,school,62.7,100.0,2,4.66,39.2,snow,66.1,67.1,0,1,music,1,no_action,7
16,afternoon,2,0,none,none,999,outside,45.7,32.4,2,8.55,62.7,snow,83.5,56.2,0,3,none,0,eat_something,1
12,afternoon,4,0,health,gym,72,gym,12.0,62.3,8,1.52,151.1,clear,88.2,63.4,0,3,music,0,no_action,7
13,afternoon,5,1,none,none,999,outside,25.8,56.0,9,1.52,99.0,rain,55.7,63.3,0,4,music,0,social_suggestion,16
18,evening,4,0,school,study_session,158,school,80.0,48.6,1,1.77,42.8,rain,24.1,82.5,0,3,music,0,no_action,7
6,morning,5,1,health,gym,101,gym,15.9,74.6,3,0.35,170.8,rain,10.7,91.5,0,2,podcast,0,no_action,7
22,night,3,0,none,none,999,outside,66.5,100.0,4,1.95,132.0,rain,60.8,26.1,0,5,music,1,wind_down,22
21,night,3,0,work,focus_work,59,work,38.8,82.8,1,1.93,20.6,snow,8.0,52.1,1,4,podcast,1,no_action,7
10,morning,2,0,social,family_time,25,home,71.3,56.0,2,2.41,5.0,snow,49.0,15.4,0,3,music,0,start_commute,17
10,morning,4,0,none,none,999,home,68.3,100.0,10,6.58,32.8,clear,33.3,68.3,0,3,podcast,0,eat_something,1
21,night,0,0,none,none,999,home,98.9,71.5,2,4.07,14.8,clear,28.3,67.3,0,0,none,1,wind_down,22
19,evening,0,0,none,none,999,outside,20.1,95.5,4,5.73,63.3,rain,0.7,65.9,0,2,podcast,0,no_action,7
6,morning,2,0,school,exam,118,school,23.3,83.1,3,4.07,11.9,clear,17.1,39.8,1,0,music,0,study_for_class,18
3,night,1,0,none,none,999,home,95.7,100.0,1,0.22,28.3,clear,51.0,71.8,0,4,podcast,1,no_action,7
18,evening,2,0,social,dinner,31,restaurant,21.2,52.2,3,1.98,98.3,snow,94.6,64.0,0,5,none,0,no_action,7
5,morning,6,1,none,none,999,outside,78.2,75.6,7,2.34,106.7,clear,60.1,47.1,0,0,none,1,no_action,7
15,afternoon,0,0,school,study_session,6,school,45.5,47.7,6,4.36,162.0,clear,94.9,68.4,0,3,music,0,take_break,20
18,evening,6,1,none,none,999,home,73.6,73.5,8,1.11,173.2,clear,54.1,69.5,1,1,music,0,read_email_alert,12
9,morning,2,0,health,therapy,-13,commuting,66.0,75.7,4,1.63,159.4,clear,44.9,89.5,0,5,music,0,play_music,9
14,afternoon,4,0,work,team_meeting,148,work,22.9,86.2,4,0.58,78.3,rain,26.1,11.9,0,1,music,0,no_action,7
10,morning,0,0,work,deadline,-26,work,33.0,81.8,7,2.16,107.8,fog,60.8,47.4,0,3,podcast,0,send_late_message,13
20,evening,5,1,social,date,-6,commuting,42.1,30.5,4,0.72,171.6,clear,71.3,83.0,0,2,none,0,no_action,7
10,morning,2,0,work,focus_work,68,work,87.1,61.8,2,0.38,84.3,clear,91.0,85.7,0,5,music,0,no_action,7
16,afternoon,4,0,social,friends_hangout,161,home,82.8,100.0,7,3.34,12.5,clear,66.0,92.9,1,4,music,0,no_action,7
9,morning,6,1,health,doctor_appointment,4,commuting,67.1,100.0,5,6.2,14.4,rain,75.2,73.0,1,3,music,0,eat_something,1
9,morning,2,0,health,medication_reminder,63,home,48.7,93.4,2,2.34,103.0,rain,7.2,82.5,0,5,podcast,0,no_action,7
13,afternoon,2,0,work,team_meeting,6,work,31.0,90.5,8,0.83,8.5,snow,68.0,38.4,0,2,music,0,prepare_for_meeting,11
17,evening,3,0,work,focus_work,171,work,19.1,55.6,9,1.21,49.3,snow,17.5,49.7,1,2,none,0,no_action,7
6,morning,2,0,work,team_meeting,24,commuting,28.3,68.9,1,0.04,53.8,clear,84.6,49.8,0,4,podcast,0,play_podcast,10
20,evening,6,1,social,date,104,home,52.2,79.1,0,1.75,159.3,fog,52.8,16.0,1,3,music,0,no_action,7
15,afternoon,6,1,social,friends_hangout,175,outside,60.1,41.2,6,3.14,6.8,clear,1.5,72.8,0,1,music,0,no_action,7
0,night,3,0,work,team_meeting,131,work,83.9,100.0,7,0.69,119.4,rain,51.4,55.2,0,1,music,1,take_break,20
9,morning,3,0,work,deadline,49,commuting,53.4,63.0,1,0.87,160.5,clear,16.0,88.7,0,4,none,0,play_music,9
8,morning,6,1,none,none,999,home,36.8,100.0,4,1.54,164.2,clear,35.7,82.3,1,3,music,0,read_email_alert,12
21,night,4,0,social,family_time,150,home,23.0,91.7,1,1.22,155.3,rain,64.5,78.0,0,0,none,1,no_action,7
16,afternoon,4,0,social,family_time,164,home,16.2,42.2,0,0.26,108.4,clear,61.2,54.9,0,4,music,0,no_action,7
14,afternoon,3,0,health,doctor_appointment,90,home,14.7,79.5,9,1.66,75.2,clear,9.1,75.7,0,1,none,0,no_action,7
10,morning,4,0,social,date,172,home,77.8,73.1,3,0.3,107.1,rain,17.9,67.7,0,1,none,0,no_action,7
4,night,0,0,social,dinner,56,restaurant,89.7,49.0,0,0.11,129.1,snow,87.6,54.6,1,1,none,1,no_action,7
20,evening,6,1,none,none,999,home,79.8,100.0,2,1.38,179.9,clear,64.4,60.3,1,2,music,0,social_suggestion,16
14,afternoon,5,1,work,team_meeting,50,work,19.8,66.0,2,0.27,76.6,clear,43.5,67.1,0,4,none,0,no_action,7
5,morning,0,0,social,dinner,1,restaurant,90.0,70.4,9,0.4,85.8,snow,92.3,44.7,1,1,podcast,1,no_action,7
19,evening,0,0,none,none,999,home,39.1,68.7,9,1.76,109.5,clear,3.8,95.0,0,3,none,0,no_action,7
3,night,2,0,none,none,999,home,32.4,94.4,8,1.05,49.7,clear,87.0,54.1,0,5,none,1,sleep_suggestion,15
16,afternoon,0,0,health,therapy,27,home,23.2,100.0,7,3.01,179.8,clear,23.5,86.3,0,0,podcast,0,start_commute,17
17,evening,0,0,health,gym,120,gym,57.0,70.5,10,0.59,161.6,rain,45.0,72.1,0,2,music,0,no_action,7
15,afternoon,3,0,health,medication_reminder,117,home,47.7,62.9,0,2.16,160.4,rain,68.3,63.3,0,2,none,0,no_action,7
10,morning,1,0,work,focus_work,148,work,18.6,95.2,2,0.33,117.9,rain,33.0,68.2,1,5,music,0,take_break,20
23,night,4,0,none,none,999,home,74.2,48.7,4,2.09,38.9,clear,67.9,79.0,0,0,music,1,wind_down,22
7,morning,2,0,work,presentation,168,work,30.2,62.4,7,0.96,156.2,clear,80.1,62.1,0,4,none,0,take_break,20
20,evening,1,0,health,doctor_appointment,-20,commuting,98.7,73.1,5,1.88,99.9,fog,40.8,53.4,0,5,music,0,suggest_repeat_action,19
19,evening,3,0,social,family_time,41,home,79.1,56.6,0,0.79,11.7,clear,86.2,50.2,1,5,none,0,no_action,7
12,afternoon,5,1,school,study_session,29,school,71.1,54.8,8,2.2,39.2,fog,55.2,100.0,0,1,podcast,0,no_action,7
14,afternoon,6,1,none,none,999,outside,26.2,89.6,3,1.35,20.5,clear,40.6,46.3,0,3,music,0,social_suggestion,16
0,night,2,0,none,none,999,home,60.1,67.8,8,0.38,122.7,rain,33.0,54.3,0,0,none,1,no_action,7
18,evening,3,0,health,doctor_appointment,61,home,14.3,76.6,8,3.64,157.7,snow,22.3,34.9,0,0,podcast,0,no_action,7
13,afternoon,3,0,work,focus_work,122,work,14.9,89.1,8,1.65,116.6,rain,52.0,100.0,1,5,music,0,take_break,20
1,night,3,0,none,none,999,home,89.5,71.6,9,1.18,178.0,clear,1.7,54.2,0,4,music,1,no_action,7
7,morning,0,0,school,lecture,8,commuting,77.2,70.0,3,0.55,11.5,fog,75.1,89.4,0,5,music,0,find_parking,4
17,evening,1,0,none,none,999,outside,63.8,60.4,7,3.39,161.6,rain,54.0,100.0,1,4,none,0,read_email_alert,12
14,afternoon,2,0,work,focus_work,149,work,36.1,93.7,4,3.18,19.0,rain,88.4,90.4,0,0,podcast,0,no_action,7
18,evening,3,0,school,study_session,111,school,57.3,100.0,3,5.49,58.9,rain,40.1,51.5,1,0,none,0,study_for_class,18
18,evening,2,0,work,focus_work,1,work,17.8,80.0,10,1.31,76.8,clear,38.5,55.1,1,3,music,0,no_action,7
21,night,1,0,school,exam,159,school,94.7,69.7,0,0.58,58.2,clear,19.5,62.4,1,5,podcast,1,no_action,7
21,night,4,0,social,family_time,173,outside,86.2,61.5,0,3.21,173.8,clear,1.8,37.0,1,1,music,1,no_action,7
9,morning,3,0,work,presentation,66,work,66.7,54.8,2,0.46,99.7,clear,32.5,95.7,0,4,none,0,take_break,20
23,night,3,0,none,none,999,home,85.6,23.0,2,0.58,11.9,rain,26.0,20.9,0,3,music,1,wind_down,22
3,night,1,0,none,none,999,outside,40.1,55.1,10,5.25,140.0,rain,82.2,100.0,1,2,podcast,1,sleep_suggestion,15
19,evening,3,0,school,study_session,133,school,26.6,31.2,8,0.45,32.0,clear,11.0,85.1,0,2,music,0,no_action,7
4,night,2,0,school,assignment_due,158,school,92.3,75.6,7,3.6,74.6,clear,88.9,89.2,0,5,none,1,no_action,7
21,night,0,0,health,gym,163,gym,62.3,100.0,7,2.09,10.9,fog,75.0,84.3,0,2,none,1,no_action,7
20,evening,4,0,social,date,92,home,34.0,75.6,0,2.27,130.2,fog,77.5,55.9,0,1,none,0,no_action,7
6,morning,0,0,work,deadline,65,work,96.1,77.8,7,2.46,29.1,snow,42.4,65.1,1,0,podcast,0,no_action,7
4,night,1,0,none,none,999,home,81.0,78.7,5,1.27,60.0,fog,60.1,100.0,0,1,none,1,no_action,7
0,night,5,1,social,friends_hangout,24,home,35.2,54.5,10,0.09,29.4,fog,36.7,47.3,0,5,music,1,sleep_suggestion,15
3,night,3,0,none,none,999,home,45.4,34.0,1,2.41,171.0,fog,71.9,100.0,0,0,music,1,no_action,7
21,night,6,1,work,deadline,148,work,62.5,36.0,1,2.88,1.5,clear,46.3,72.3,0,5,none,1,no_action,7
3,night,4,0,school,exam,116,school,19.5,57.8,8,2.75,84.6,rain,50.3,88.9,0,1,podcast,1,sleep_suggestion,15
19,evening,2,0,work,deadline,159,work,36.5,66.7,3,0.02,109.9,clear,55.7,100.0,0,1,none,0,take_break,20
23,night,5,1,none,none,999,home,99.5,63.4,2,0.27,96.6,rain,11.8,99.3,0,0,podcast,1,wind_down,22
7,morning,4,0,none,none,999,home,67.4,61.9,2,0.9,27.7,clear,45.0,62.1,0,2,none,0,exercise_suggestion,2
3,night,2,0,none,none,999,home,36.8,74.7,5,2.33,51.3,rain,31.1,54.1,0,2,music,1,sleep_suggestion,15
21,night,5,1,social,date,87,home,40.3,84.3,3,6.23,112.4,clear,44.0,49.5,1,2,music,1,eat_something,1
8,morning,1,0,none,none,999,home,94.9,52.2,6,2.82,161.5,clear,32.4,86.6,0,5,podcast,0,focus_session,5
5,morning,3,0,school,assignment_due,118,school,54.4,72.3,2,9.52,114.5,snow,76.1,88.9,0,2,music,1,eat_something,1
0,night,5,1,none,none,999,outside,73.1,69.4,10,0.39,90.7,clear,64.8,90.2,1,5,none,1,no_action,7
16,afternoon,4,0,none,none,999,home,59.7,24.5,9,1.24,46.0,fog,53.8,51.3,1,0,music,0,read_email_alert,12
0,night,6,1,none,none,999,home,73.7,100.0,0,4.43,71.7,clear,55.2,92.8,0,0,podcast,1,no_action,7
0,night,2,0,none,none,999,outside,31.3,49.6,2,3.53,177.3,rain,87.1,43.9,0,3,none,1,sleep_suggestion,15
12,afternoon,2,0,work,focus_work,110,work,75.0,100.0,8,1.66,126.0,clear,3.1,89.0,0,0,music,0,take_break,20
5,morning,2,0,none,none,999,home,95.7,100.0,10,4.96,116.1,clear,11.4,65.7,0,0,music,1,no_action,7
18,evening,3,0,school,exam,81,school,40.8,100.0,8,5.85,162.9,clear,94.8,71.5,0,3,none,0,study_for_class,18
6,morning,0,0,school,study_session,101,school,18.0,100.0,1,4.2,97.0,clear,59.0,80.5,0,0,none,0,study_for_class,18
13,afternoon,6,1,social,family_time,21,home,54.1,40.8,10,1.23,96.0,clear,36.4,83.2,0,3,music,0,start_commute,17
5,morning,3,0,none,none,999,home,70.4,100.0,1,1.78,2.9,fog,53.4,86.6,0,5,podcast,1,no_action,7
21,night,1,0,school,lecture,-9,school,81.7,94.4,7,0.89,86.8,rain,91.2,80.6,0,2,none,1,silence_phone,14
12,afternoon,5,1,none,none,999,home,66.1,57.7,8,4.23,16.9,clear,76.9,76.2,0,2,podcast,0,focus_session,5
20,evening,4,0,school,study_session,116,school,73.2,20.4,6,0.12,7.2,rain,67.7,42.7,1,2,music,0,study_for_class,18
18,evening,0,0,social,friends_hangout,164,home,95.9,69.0,8,2.15,150.5,fog,55.9,33.7,0,5,podcast,0,no_action,7
6,morning,6,1,none,none,999,home,62.0,74.5,7,0.42,58.3,rain,36.6,39.6,0,5,none,0,no_action,7
15,afternoon,2,0,none,none,999,outside,84.8,85.3,4,0.6,22.3,rain,63.5,15.4,0,2,podcast,0,focus_session,5
3,night,0,0,none,none,999,outside,45.2,100.0,2,0.15,24.6,clear,36.8,52.7,0,4,music,1,no_action,7
18,evening,4,0,health,gym,115,gym,98.4,72.7,8,0.64,122.9,clear,88.1,59.6,0,1,music,0,no_action,7
11,morning,0,0,none,none,999,outside,78.0,64.7,2,0.97,140.5,rain,18.7,45.2,0,1,music,0,exercise_suggestion,2
16,afternoon,3,0,none,none,999,home,37.7,37.4,0,4.02,69.0,rain,6.5,60.5,0,1,none,0,no_action,7
0,night,2,0,none,none,999,home,78.1,98.3,0,3.72,40.0,rain,87.3,57.2,0,3,podcast,1,no_action,7
14,afternoon,1,0,social,friends_hangout,-22,commuting,86.7,100.0,0,4.77,8.4,fog,42.9,47.4,1,5,podcast,0,send_late_message,13
2,night,3,0,none,none,999,outside,18.8,76.3,5,2.2,26.6,snow,27.7,100.0,0,0,podcast,1,sleep_suggestion,15
17,evening,2,0,work,deadline,68,work,87.3,42.2,1,1.03,7.4,rain,81.2,97.4,0,1,podcast,0,no_action,7
16,afternoon,1,0,school,exam,104,school,87.5,100.0,8,3.61,38.7,rain,67.0,68.6,0,4,music,0,study_for_class,18
12,afternoon,4,0,none,none,999,outside,39.2,100.0,3,3.07,132.6,clear,66.1,21.4,1,2,none,0,read_email_alert,12
20,evening,1,0,work,presentation,27,work,19.5,82.9,8,5.54,120.9,clear,46.7,83.8,0,1,podcast,0,prepare_for_meeting,11
6,morning,1,0,social,friends_hangout,21,home,21.3,61.0,2,0.62,80.8,snow,94.3,82.8,0,5,none,0,start_commute,17
7,morning,4,0,health,gym,107,gym,29.9,79.8,4,4.31,63.5,snow,62.3,100.0,0,3,music,0,no_action,7
10,morning,6,1,none,none,999,home,69.1,78.9,10,3.33,129.6,snow,55.6,100.0,1,2,none,0,read_email_alert,12
3,night,3,0,none,none,999,home,22.0,35.0,3,0.27,156.0,clear,23.5,91.8,0,4,music,1,sleep_suggestion,15
21,night,4,0,none,none,999,outside,58.8,56.1,6,3.82,12.0,clear,78.5,72.0,1,5,none,1,wind_down,22
21,night,4,0,health,doctor_appointment,154,home,73.8,88.2,5,1.49,10.4,clear,30.5,65.8,1,5,none,1,no_action,7
20,evening,1,0,health,gym,40,gym,92.3,71.4,9,2.18,97.7,rain,39.1,40.1,0,0,none,0,no_action,7
0,night,4,0,none,none,999,home,89.9,62.9,5,2.48,5.9,fog,94.9,57.6,1,5,none,1,no_action,7
3,night,6,1,none,none,999,home,77.7,75.7,9,3.91,70.0,clear,29.7,81.8,0,2,music,1,no_action,7
20,evening,3,0,work,team_meeting,-3,work,39.1,63.9,9,0.54,137.1,clear,49.3,59.5,1,3,none,0,silence_phone,14
8,morning,1,0,work,deadline,89,work,87.6,100.0,3,0.02,2.0,clear,23.9,27.1,1,3,none,0,no_action,7
2,night,0,0,school,exam,33,school,66.8,57.5,0,0.76,11.9,rain,2.5,60.6,1,5,none,1,study_for_class,18
15,afternoon,4,0,school,study_session,171,school,93.8,87.1,5,6.43,48.3,rain,55.7,85.9,0,0,none,0,eat_something,1
4,night,1,0,work,deadline,158,work,44.3,100.0,9,1.3,34.6,rain,97.0,35.5,0,3,podcast,1,sleep_suggestion,15
10,morning,2,0,school,lecture,66,school,68.6,95.8,5,1.62,0.1,rain,60.0,37.2,0,5,none,0,study_for_class,18
22,night,4,0,none,none,999,outside,46.5,97.0,2,2.66,120.2,snow,81.8,74.3,0,1,podcast,1,wind_down,22
20,evening,5,1,health,therapy,140,home,25.8,73.9,1,2.46,88.0,clear,65.2,77.0,0,4,none,0,no_action,7
15,afternoon,4,0,work,deadline,39,work,30.5,83.2,8,7.56,51.3,clear,85.4,71.4,1,1,podcast,0,eat_something,1
6,morning,5,1,health,gym,45,gym,85.3,99.5,5,1.85,28.2,clear,82.5,60.4,0,0,podcast,0,no_action,7
15,afternoon,6,1,health,gym,102,gym,13.3,57.2,7,0.14,81.1,clear,23.6,5.0,0,4,music,0,no_action,7
21,night,3,0,work,presentation,-5,work,11.2,53.6,9,0.12,180.0,clear,16.4,100.0,1,0,none,1,silence_phone,14
6,morning,4,0,school,exam,-9,commuting,84.3,82.2,9,0.82,110.2,clear,85.4,57.4,0,3,none,0,play_music,9
15,afternoon,2,0,none,none,999,home,19.0,77.2,1,5.6,156.0,rain,69.4,55.9,0,1,music,0,no_action,7
0,night,3,0,none,none,999,home,18.3,89.8,7,1.33,10.2,clear,68.6,93.6,0,5,none,1,sleep_suggestion,15
4,night,3,0,none,none,999,home,12.7,87.6,10,0.07,162.6,clear,28.5,79.4,0,5,music,1,sleep_suggestion,15
4,night,0,0,none,none,999,home,57.3,47.1,7,0.42,123.6,clear,48.8,47.5,1,0,none,1,no_action,7
21,night,6,1,work,presentation,177,work,19.0,51.3,8,1.71,146.5,clear,21.4,56.3,0,3,podcast,1,take_break,20
8,morning,6,1,health,medication_reminder,84,home,19.4,55.4,0,1.02,77.3,clear,100.0,54.8,1,5,none,0,no_action,7
1,night,1,0,none,none,999,home,77.5,60.3,6,2.59,30.0,snow,93.5,73.6,0,1,music,1,no_action,7
14,afternoon,6,1,health,medication_reminder,19,commuting,81.0,94.1,8,1.67,165.7,clear,11.3,79.6,0,4,none,0,no_action,7
17,evening,1,0,health,gym,40,gym,40.8,100.0,9,3.97,6.7,clear,57.9,53.8,0,1,music,0,no_action,7
12,afternoon,2,0,work,team_meeting,60,work,24.5,78.5,3,0.02,3.1,clear,26.2,99.1,0,1,music,0,no_action,7
15,afternoon,3,0,health,therapy,-3,commuting,67.5,19.9,3,0.18,89.1,clear,20.1,35.9,0,5,music,0,suggest_repeat_action,19
2,night,2,0,none,none,999,home,58.4,15.5,2,0.97,145.1,clear,80.3,51.1,1,3,none,1,no_action,7
21,night,0,0,school,lecture,114,school,66.1,100.0,6,2.93,56.5,clear,13.6,46.5,1,2,podcast,1,study_for_class,18
19,evening,6,1,social,family_time,31,outside,77.5,67.2,0,0.53,149.6,rain,63.5,87.9,1,0,podcast,0,start_commute,17
13,afternoon,6,1,health,gym,32,gym,48.4,20.1,2,4.6,175.0,fog,18.1,52.1,0,2,podcast,0,no_action,7
15,afternoon,1,0,work,team_meeting,177,work,64.9,88.0,7,0.98,110.4,clear,86.8,76.9,0,3,none,0,take_break,20
15,afternoon,1,0,work,focus_work,46,work,24.0,61.8,1,0.08,83.6,clear,61.5,72.7,0,1,music,0,no_action,7
18,evening,1,0,school,lecture,48,school,77.2,81.7,2,0.64,8.8,fog,9.6,100.0,1,3,podcast,0,study_for_class,18
23,night,6,1,none,none,999,home,48.5,29.5,8,0.64,112.4,snow,83.9,58.4,0,3,music,1,wind_down,22
14,afternoon,3,0,work,presentation,63,work,85.6,80.7,6,0.8,5.6,fog,36.4,72.1,1,3,none,0,no_action,7
1,night,3,0,social,friends_hangout,39,outside,28.6,100.0,3,0.77,101.5,snow,53.2,43.6,0,2,music,1,sleep_suggestion,15
6,morning,2,0,none,none,999,outside,29.1,100.0,1,0.3,14.3,rain,90.7,77.3,0,2,music,0,plan_day,8
11,morning,2,0,social,family_time,43,outside,52.0,51.9,7,1.38,34.0,rain,12.7,33.1,0,2,music,0,no_action,7
16,afternoon,4,0,work,deadline,29,work,67.2,87.5,0,2.96,156.4,rain,27.5,44.6,0,2,podcast,0,take_break,20
6,morning,5,1,none,none,999,home,99.8,53.7,8,1.91,72.2,clear,73.6,71.7,0,3,music,0,exercise_suggestion,2
22,night,0,0,none,none,999,outside,98.9,32.7,0,3.08,57.8,snow,85.5,84.6,1,3,none,1,wind_down,22
14,afternoon,6,1,work,presentation,14,work,79.3,41.9,0,0.77,94.9,fog,31.8,69.6,0,1,none,0,prepare_for_meeting,11
8,morning,4,0,health,doctor_appointment,140,home,74.6,58.3,5,3.61,152.9,clear,24.5,79.3,0,1,music,0,no_action,7
3,night,2,0,none,none,999,home,90.2,95.6,8,0.12,91.8,snow,47.2,51.9,0,2,podcast,1,no_action,7
4,night,3,0,none,none,999,home,11.1,51.6,4,0.95,16.7,clear,27.0,30.1,1,3,podcast,1,sleep_suggestion,15
2,night,3,0,none,none,999,home,58.8,59.4,3,0.44,144.8,rain,87.4,85.4,0,3,music,1,no_action,7
0,night,4,0,none,none,999,outside,20.8,26.8,1,1.42,93.0,snow,78.0,100.0,0,5,none,1,sleep_suggestion,15
0,night,6,1,none,none,999,home,76.0,61.3,9,0.4,22.0,rain,61.9,54.5,1,5,none,1,no_action,7
5,morning,2,0,none,none,999,home,67.6,100.0,0,0.9,77.8,clear,86.8,51.8,1,2,music,1,no_action,7
20,evening,1,0,school,lecture,19,school,54.1,54.3,10,0.7,55.7,clear,38.5,36.3,0,1,podcast,0,no_action,7
3,night,0,0,none,none,999,outside,24.9,75.1,3,1.15,25.0,rain,75.5,84.5,0,5,podcast,1,sleep_suggestion,15
11,morning,4,0,health,therapy,69,outside,37.5,29.8,6,2.41,100.4,rain,13.2,45.0,0,2,none,0,no_action,7
19,evening,5,1,none,none,999,home,23.7,76.3,8,0.09,90.5,rain,87.7,100.0,0,2,none,0,social_suggestion,16
16,afternoon,0,0,none,none,999,home,33.2,87.1,8,2.27,62.5,rain,89.2,100.0,1,2,podcast,0,read_email_alert,12
23,night,1,0,social,friends_hangout,-3,commuting,22.6,91.5,1,3.49,166.1,clear,93.8,86.4,1,2,none,1,sleep_suggestion,15
21,night,4,0,school,assignment_due,11,school,13.4,72.6,8,0.51,82.6,clear,14.4,42.8,0,4,podcast,1,no_action,7
21,night,2,0,school,assignment_due,74,school,19.5,76.0,3,2.81,19.0,clear,91.7,100.0,0,1,none,1,no_action,7
0,night,1,0,none,none,999,home,61.8,47.6,10,3.44,52.1,fog,45.2,64.4,0,3,none,1,no_action,7
9,morning,0,0,school,assignment_due,32,commuting,60.9,92.0,9,0.17,75.9,clear,83.7,73.1,1,1,none,0,play_music,9
13,afternoon,4,0,health,therapy,110,home,14.7,92.1,6,9.94,161.6,snow,69.9,44.6,0,1,music,0,eat_something,1
18,evening,3,0,work,focus_work,-14,work,85.3,43.6,6,5.05,126.9,snow,87.1,47.1,0,0,music,0,take_break,20
7,morning,4,0,social,date,163,home,86.8,74.5,2,5.54,15.6,rain,94.3,77.4,0,5,podcast,0,no_action,7
7,morning,3,0,school,assignment_due,64,school,98.4,28.1,6,2.76,64.3,clear,55.5,77.0,0,3,none,0,no_action,7
16,afternoon,3,0,school,lecture,159,school,95.3,82.7,3,3.33,118.7,rain,43.5,59.4,0,4,music,0,take_break,20
14,afternoon,0,0,work,deadline,58,work,21.7,46.2,2,2.63,59.7,clear,38.0,95.7,0,4,none,0,no_action,7
12,afternoon,1,0,school,exam,49,school,45.4,70.0,0,2.91,161.1,clear,66.9,27.0,0,1,none,0,study_for_class,18
11,morning,5,1,none,none,999,home,65.1,65.7,10,7.04,108.9,snow,13.5,55.7,1,3,none,0,eat_something,1
16,afternoon,6,1,social,family_time,109,home,68.2,77.3,1,0.8,56.8,snow,75.9,30.7,0,4,music,0,no_action,7
12,afternoon,4,0,social,dinner,158,restaurant,38.9,25.2,8,4.36,153.6,clear,82.2,93.1,0,3,music,0,no_action,7
19,evening,1,0,work,deadline,72,work,62.8,68.4,10,1.72,176.1,clear,83.1,96.9,1,3,none,0,take_break,20
21,night,3,0,health,medication_reminder,51,home,79.7,100.0,5,1.26,57.9,clear,12.8,100.0,0,1,none,1,no_action,7
21,night,4,0,work,deadline,-22,work,59.5,65.5,7,0.8,123.8,clear,85.9,99.4,0,4,music,1,send_late_message,13
1,night,2,0,none,none,999,home,27.3,95.1,10,4.85,74.5,snow,64.5,85.8,0,5,podcast,1,sleep_suggestion,15
22,night,0,0,none,none,999,home,95.8,39.1,6,2.42,102.2,fog,49.8,53.5,1,5,music,1,wind_down,22
23,night,1,0,none,none,999,outside,22.2,50.9,7,1.32,122.3,clear,95.8,96.6,0,1,music,1,sleep_suggestion,15
4,night,2,0,work,team_meeting,141,work,21.2,39.8,8,4.0,112.6,clear,79.3,81.0,0,2,podcast,1,sleep_suggestion,15
0,night,1,0,none,none,999,home,96.0,22.3,10,0.61,16.5,clear,62.1,100.0,1,5,podcast,1,no_action,7
16,afternoon,4,0,health,gym,-20,gym,24.5,65.5,10,0.34,162.9,fog,3.3,93.8,0,3,none,0,no_action,7
8,morning,2,0,health,medication_reminder,150,outside,17.7,79.1,2,0.47,98.2,rain,4.3,37.3,0,3,none,0,no_action,7
9,morning,0,0,work,team_meeting,13,commuting,43.4,100.0,1,0.57,109.4,rain,61.0,47.6,0,1,podcast,0,play_podcast,10
14,afternoon,5,1,work,focus_work,41,work,35.2,100.0,10,1.84,6.2,fog,27.1,42.4,0,5,podcast,0,no_action,7
22,night,1,0,none,none,999,home,70.9,58.3,4,7.22,125.1,clear,53.9,36.4,0,0,music,1,eat_something,1
20,evening,2,0,work,deadline,166,work,33.1,57.5,2,1.23,89.0,clear,42.2,49.7,0,0,podcast,0,no_action,7
11,morning,4,0,school,assignment_due,47,school,79.9,100.0,8,1.41,146.5,clear,40.3,80.0,0,1,none,0,take_break,20
23,night,1,0,none,none,999,home,52.3,43.5,9,0.62,106.3,clear,84.3,27.1,1,0,music,1,wind_down,22
23,night,3,0,none,none,999,home,67.7,29.7,1,5.06,91.4,fog,56.3,32.2,1,4,none,1,wind_down,22
14,afternoon,5,1,social,family_time,35,home,41.3,5.0,2,2.03,109.4,clear,32.1,58.8,0,4,music,0,charge_phone,0
14,afternoon,3,0,health,gym,150,gym,64.0,20.4,8,5.12,115.8,clear,26.5,51.3,0,2,music,0,no_action,7
22,night,6,1,none,none,999,outside,74.0,53.9,6,1.5,112.4,rain,9.5,68.8,1,4,none,1,wind_down,22
1,night,5,1,none,none,999,home,49.0,94.1,5,4.48,13.7,rain,49.5,32.7,1,2,podcast,1,no_action,7
5,morning,3,0,health,therapy,170,outside,42.0,65.8,0,2.39,92.3,clear,5.5,92.3,0,3,podcast,1,no_action,7
8,morning,0,0,none,none,999,outside,29.2,59.2,7,1.14,158.3,clear,65.3,66.6,0,1,music,0,no_action,7
13,afternoon,5,1,social,dinner,2,restaurant,13.3,61.9,6,1.06,127.3,fog,79.6,53.5,0,1,none,0,no_action,7
19,evening,5,1,none,none,999,outside,92.5,100.0,4,1.91,53.8,clear,74.1,60.2,0,3,podcast,0,focus_session,5
8,morning,5,1,work,team_meeting,7,commuting,85.7,60.6,4,0.54,138.7,rain,83.8,78.7,1,1,music,0,find_parking,4
7,morning,3,0,work,focus_work,20,commuting,63.7,100.0,5,0.59,72.7,rain,91.9,12.3,1,3,music,0,find_gas_station,3
2,night,3,0,none,none,999,home,18.2,81.7,5,0.98,40.4,fog,70.0,26.6,0,4,none,1,sleep_suggestion,15
18,evening,6,1,none,none,999,outside,75.6,100.0,8,0.57,54.2,clear,78.2,79.2,1,1,none,0,read_email_alert,12
19,evening,6,1,social,dinner,60,restaurant,45.8,71.4,3,0.46,44.2,clear,90.1,30.5,0,4,none,0,no_action,7
17,evening,2,0,work,focus_work,65,work,72.5,18.9,1,0.67,133.9,clear,20.7,78.7,0,1,music,0,take_break,20
7,morning,2,0,school,study_session,-5,commuting,62.7,72.4,2,1.21,22.6,clear,47.1,73.2,0,3,none,0,play_music,9
1,night,4,0,work,presentation,-13,work,95.9,100.0,10,4.15,0.3,clear,62.5,51.7,0,1,music,1,send_late_message,13
15,afternoon,3,0,work,focus_work,151,work,32.2,40.1,8,0.39,60.3,clear,45.9,70.1,0,2,music,0,no_action,7
1,night,5,1,none,none,999,home,75.1,72.8,6,1.08,58.7,rain,88.0,71.6,1,3,music,1,no_action,7
18,evening,5,1,none,none,999,outside,53.1,33.1,7,2.37,107.1,clear,75.3,71.2,1,0,none,0,read_email_alert,12
21,night,4,0,work,team_meeting,71,work,74.3,100.0,5,1.41,103.5,clear,99.2,93.9,0,4,none,1,take_break,20
3,night,2,0,none,none,999,outside,67.2,51.9,6,1.21,37.4,clear,57.4,71.7,0,5,none,1,no_action,7
3,night,5,1,health,doctor_appointment,27,outside,26.6,87.7,8,1.76,19.7,snow,4.2,56.5,0,1,none,1,sleep_suggestion,15
19,evening,4,0,social,friends_hangout,160,home,99.1,64.4,4,1.02,151.7,clear,41.7,42.8,0,5,podcast,0,no_action,7
20,evening,6,1,none,none,999,home,47.5,43.4,2,0.79,94.4,rain,39.2,99.8,0,2,music,0,social_suggestion,16
4,night,5,1,work,presentation,54,work,94.4,81.6,6,2.36,55.5,clear,82.2,28.0,0,4,podcast,1,no_action,7
12,afternoon,5,1,none,none,999,home,80.0,93.4,5,1.28,9.7,rain,64.6,93.6,0,3,podcast,0,focus_session,5
1,night,4,0,none,none,999,home,59.8,100.0,5,1.91,90.6,clear,27.0,69.8,0,1,none,1,no_action,7
8,morning,3,0,none,none,999,home,70.0,100.0,1,0.29,163.2,clear,85.9,70.9,0,1,music,0,exercise_suggestion,2
4,night,2,0,none,none,999,home,49.6,39.7,3,0.39,55.3,clear,39.8,67.8,0,5,music,1,no_action,7
13,afternoon,0,0,health,therapy,-9,commuting,99.0,62.6,8,1.84,110.6,clear,27.6,35.0,0,3,none,0,no_action,7
19,evening,1,0,social,friends_hangout,140,home,41.2,37.4,0,4.19,169.5,clear,54.2,53.3,0,1,none,0,no_action,7
5,morning,1,0,none,none,999,outside,94.0,69.8,10,0.22,137.9,rain,45.8,76.9,0,2,music,1,no_action,7
13,afternoon,0,0,school,exam,-10,school,31.3,25.8,0,0.52,73.3,snow,80.5,72.6,0,1,music,0,silence_phone,14
7,morning,2,0,work,presentation,60,work,30.8,53.9,6,1.46,19.7,fog,28.6,54.6,0,1,none,0,no_action,7
3,night,2,0,none,none,999,home,77.1,56.7,6,2.97,151.6,rain,67.3,84.4,0,0,music,1,no_action,7
4,night,1,0,social,family_time,125,home,20.0,74.5,10,0.67,111.9,clear,74.6,38.1,0,1,music,1,sleep_suggestion,15
17,evening,4,0,work,team_meeting,-3,work,82.3,93.8,10,1.33,50.3,clear,88.7,100.0,0,5,none,0,silence_phone,14
14,afternoon,0,0,work,presentation,106,work,46.3,94.9,5,2.93,95.3,clear,23.8,26.3,0,1,none,0,take_break,20
6,morning,6,1,social,friends_hangout,176,home,12.6,96.4,8,0.6,98.2,rain,28.3,62.4,0,5,music,0,no_action,7
11,morning,6,1,none,none,999,home,19.0,74.8,8,0.39,11.2,clear,93.5,46.4,0,1,none,0,no_action,7
16,afternoon,4,0,work,deadline,39,work,40.7,100.0,3,1.39,9.1,rain,8.3,48.7,0,2,none,0,no_action,7
20,evening,4,0,work,presentation,-3,work,55.7,83.5,10,4.82,7.8,snow,31.7,64.4,0,4,music,0,silence_phone,14
21,night,1,0,health,therapy,171,outside,40.8,93.6,9,2.53,25.6,clear,84.2,38.5,0,2,none,1,no_action,7
12,afternoon,4,0,social,friends_hangout,37,home,21.7,58.9,3,3.1,118.0,fog,5.6,61.1,0,1,podcast,0,start_commute,17
5,morning,2,0,none,none,999,home,63.9,100.0,0,1.2,83.9,clear,81.1,21.0,1,1,none,1,no_action,7
12,afternoon,3,0,none,none,999,home,66.1,84.5,4,0.72,78.5,rain,40.6,46.9,0,2,podcast,0,focus_session,5
21,night,2,0,school,study_session,108,school,91.4,61.8,4,1.06,142.8,rain,0.2,46.8,0,0,none,1,study_for_class,18
3,night,6,1,none,none,999,home,76.9,68.7,7,4.34,22.5,clear,42.5,71.8,0,0,music,1,no_action,7
2,night,3,0,social,family_time,34,outside,45.9,55.6,6,10.0,47.0,rain,34.6,61.2,0,2,music,1,eat_something,1
15,afternoon,6,1,social,dinner,-19,restaurant,35.7,58.9,1,0.88,141.0,clear,46.4,64.7,0,2,none,0,send_late_message,13
4,night,5,1,none,none,999,outside,87.8,62.0,9,2.03,54.4,clear,82.4,33.8,1,1,none,1,no_action,7
0,night,0,0,work,focus_work,-23,work,41.7,94.0,4,2.54,66.1,clear,6.8,34.9,1,0,music,1,sleep_suggestion,15
16,afternoon,3,0,school,assignment_due,88,school,51.4,46.1,7,3.3,94.3,rain,72.9,100.0,0,0,music,0,take_break,20
20,evening,0,0,none,none,999,home,63.5,100.0,6,1.7,104.3,clear,31.8,38.8,0,0,podcast,0,wind_down,22
0,night,3,0,none,none,999,home,10.9,84.4,1,8.63,138.1,rain,72.6,17.5,0,0,podcast,1,sleep_suggestion,15
10,morning,6,1,none,none,999,home,21.9,89.5,5,0.01,2.8,fog,54.6,56.4,1,5,none,0,read_email_alert,12
0,night,1,0,none,none,999,home,95.9,52.2,3,8.12,94.2,clear,35.6,100.0,1,0,music,1,eat_something,1
7,morning,1,0,work,presentation,-2,commuting,92.5,64.9,9,8.62,138.8,clear,86.0,86.9,0,3,none,0,eat_something,1
19,evening,2,0,work,presentation,45,work,70.4,80.6,10,0.78,170.8,rain,60.0,43.6,0,4,none,0,take_break,20
2,night,0,0,none,none,999,outside,47.5,79.3,1,2.58,79.9,fog,69.1,77.1,0,2,none,1,no_action,7
12,afternoon,2,0,school,exam,31,school,39.0,96.6,5,0.15,36.3,clear,67.3,48.8,0,0,music,0,study_for_class,18
1,night,5,1,none,none,999,outside,27.2,17.7,3,2.54,28.6,fog,50.8,77.6,1,3,none,1,sleep_suggestion,15
7,morning,6,1,none,none,999,outside,32.3,66.8,3,0.15,77.6,clear,41.8,94.5,0,0,none,0,no_action,7
16,afternoon,2,0,work,team_meeting,33,work,71.8,52.9,1,0.6,30.4,clear,14.7,80.1,1,2,music,0,no_action,7
5,morning,0,0,none,none,999,home,35.3,71.7,7,0.91,3.0,rain,86.8,83.7,0,4,none,1,no_action,7
4,night,4,0,school,assignment_due,25,school,28.9,100.0,7,3.8,156.2,clear,74.2,100.0,0,3,music,1,sleep_suggestion,15
21,night,6,1,health,gym,39,gym,42.8,99.1,2,0.03,62.9,clear,36.6,80.9,0,5,none,1,no_action,7
21,night,5,1,none,none,999,outside,48.0,62.1,0,4.58,50.3,fog,1.6,37.8,0,4,none,1,wind_down,22
7,morning,1,0,work,deadline,24,commuting,76.2,22.8,9,2.22,77.1,clear,25.9,100.0,0,2,none,0,play_music,9
13,afternoon,2,0,health,medication_reminder,142,home,72.0,55.4,1,0.22,20.4,clear,15.5,88.2,0,4,music,0,no_action,7
16,afternoon,2,0,school,study_session,38,school,66.8,28.3,4,0.03,100.3,clear,75.3,98.1,0,0,none,0,study_for_class,18
8,morning,1,0,work,focus_work,141,work,14.9,65.1,4,4.26,79.9,clear,48.5,26.4,1,4,music,0,no_action,7
2,night,0,0,none,none,999,home,51.7,90.1,8,0.6,145.9,clear,97.4,91.3,0,1,music,1,no_action,7
10,morning,4,0,health,gym,76,gym,51.0,66.5,6,1.28,164.4,snow,57.1,22.0,0,5,music,0,no_action,7
10,morning,3,0,health,gym,10,gym,26.5,61.3,6,1.07,130.2,rain,37.4,100.0,0,4,music,0,no_action,7
22,night,2,0,none,none,999,outside,45.5,63.0,10,3.13,17.0,rain,34.9,84.3,0,3,podcast,1,wind_down,22
22,night,2,0,none,none,999,outside,53.2,94.6,9,0.54,15.2,fog,30.0,100.0,0,3,none,1,wind_down,22
5,morning,0,0,none,none,999,outside,74.2,56.7,7,1.59,94.3,fog,66.6,71.8,0,4,none,1,no_action,7
4,night,3,0,none,none,999,home,77.7,87.9,9,1.61,12.9,clear,16.9,15.3,0,3,music,1,no_action,7
13,afternoon,5,1,social,date,7,commuting,79.7,98.6,2,2.76,79.2,clear,70.7,100.0,0,2,podcast,0,find_parking,4
8,morning,0,0,school,assignment_due,42,commuting,61.1,66.3,2,2.73,5.9,fog,25.1,54.5,0,3,none,0,play_music,9
16,afternoon,6,1,none,none,999,home,23.5,100.0,0,3.43,85.7,clear,48.6,57.7,0,3,none,0,social_suggestion,16
16,afternoon,0,0,work,presentation,-18,work,86.1,100.0,8,0.25,153.0,clear,45.1,62.5,0,1,none,0,send_late_message,13
23,night,5,1,none,none,999,home,65.0,100.0,3,2.74,134.6,clear,67.3,70.1,0,5,none,1,wind_down,22
10,morning,3,0,social,friends_hangout,115,outside,70.1,63.7,6,3.43,136.2,clear,15.8,100.0,0,5,music,0,no_action,7
1,night,1,0,none,none,999,outside,89.6,81.2,8,1.19,125.2,clear,64.1,100.0,1,1,music,1,no_action,7
17,evening,3,0,school,assignment_due,-11,school,70.4,15.8,4,1.64,52.0,clear,22.2,88.4,0,3,none,0,send_late_message,13
2,night,4,0,school,study_session,81,school,64.2,61.1,8,1.11,151.4,clear,78.4,67.9,0,2,music,1,study_for_class,18
14,afternoon,3,0,work,deadline,173,work,44.9,100.0,9,1.21,6.7,fog,4.2,66.4,1,5,music,0,no_action,7
21,night,6,1,work,focus_work,124,work,58.4,33.6,7,1.31,174.2,rain,24.6,14.5,0,5,music,1,take_break,20
9,morning,5,1,social,family_time,-4,commuting,95.7,74.6,1,0.32,62.0,rain,8.4,87.3,1,3,none,0,play_music,9
15,afternoon,4,0,school,exam,83,school,20.7,79.0,10,1.25,11.4,clear,50.9,44.8,0,0,podcast,0,study_for_class,18
15,afternoon,0,0,social,dinner,-30,restaurant,23.8,17.8,2,0.0,115.7,rain,55.3,56.6,0,4,none,0,send_late_message,13
17,evening,2,0,work,focus_work,81,work,83.5,45.8,3,0.68,108.5,clear,27.7,61.3,0,3,music,0,take_break,20
4,night,1,0,health,gym,95,gym,40.4,55.7,5,2.3,100.8,clear,52.9,73.6,0,4,music,1,sleep_suggestion,15
21,night,4,0,social,friends_hangout,124,home,41.9,87.9,4,0.75,112.7,rain,6.2,71.3,0,4,music,1,no_action,7
5,morning,5,1,none,none,999,home,84.7,61.6,1,4.42,134.8,fog,32.5,70.4,0,1,music,1,no_action,7
20,evening,2,0,school,study_session,175,school,46.5,85.9,4,1.26,137.0,rain,54.6,15.8,0,5,music,0,take_break,20
5,morning,2,0,none,none,999,home,31.2,82.2,9,5.04,44.6,clear,95.7,66.0,0,4,none,1,no_action,7
13,afternoon,1,0,health,therapy,78,home,71.4,88.9,0,4.22,88.3,rain,27.0,47.9,1,0,none,0,no_action,7
11,morning,5,1,none,none,999,home,44.2,62.2,2,0.12,7.7,clear,84.5,42.3,0,4,none,0,no_action,7
14,afternoon,3,0,work,deadline,149,work,93.5,40.1,7,0.64,96.7,clear,35.2,42.1,0,2,music,0,take_break,20
1,night,3,0,social,date,-10,commuting,45.3,64.1,7,3.3,136.7,clear,95.3,92.1,0,5,music,1,no_action,7
21,night,5,1,school,assignment_due,73,school,49.6,95.9,8,2.74,173.0,snow,79.3,100.0,0,5,music,1,take_break,20
13,afternoon,0,0,health,gym,29,gym,43.9,89.4,4,0.18,130.9,snow,18.4,80.3,0,1,none,0,no_action,7
19,evening,6,1,none,none,999,outside,36.9,49.2,7,3.29,139.2,clear,38.0,82.4,1,1,music,0,read_email_alert,12
6,morning,2,0,school,assignment_due,-23,commuting,86.7,100.0,3,0.72,132.5,rain,64.4,100.0,0,1,podcast,0,send_late_message,13
18,evening,0,0,social,date,96,outside,36.0,100.0,10,0.34,109.2,clear,10.6,39.1,0,0,podcast,0,no_action,7
10,morning,5,1,school,lecture,145,school,87.3,71.0,7,2.64,149.8,clear,28.7,82.7,0,5,podcast,0,take_break,20
20,evening,0,0,school,assignment_due,111,school,11.0,49.7,9,5.46,155.5,clear,98.9,42.6,1,2,podcast,0,take_break,20
1,night,6,1,none,none,999,home,63.2,70.1,10,4.3,72.7,clear,31.0,90.3,0,2,none,1,no_action,7
11,morning,4,0,health,gym,-9,gym,17.1,74.6,1,0.15,72.5,rain,38.7,86.0,0,0,music,0,no_action,7
13,afternoon,3,0,school,lecture,0,school,74.9,32.0,10,1.41,143.0,clear,36.1,99.8,0,2,music,0,silence_phone,14
23,night,6,1,none,none,999,outside,68.8,55.0,1,1.01,149.0,clear,89.7,23.0,0,3,none,1,wind_down,22
18,evening,6,1,none,none,999,home,60.0,100.0,10,1.61,37.1,snow,44.1,100.0,1,0,podcast,0,read_email_alert,12
0,night,3,0,none,none,999,home,52.9,90.2,1,0.37,134.2,clear,39.7,35.5,1,3,none,1,no_action,7
18,evening,3,0,health,doctor_appointment,21,outside,83.8,70.4,9,0.51,75.1,clear,26.2,70.0,0,1,podcast,0,start_commute,17
8,morning,4,0,work,team_meeting,150,work,90.5,84.5,7,0.37,38.7,clear,42.2,81.2,0,2,none,0,no_action,7
22,night,3,0,none,none,999,outside,51.9,49.1,9,0.19,16.8,clear,25.3,16.1,0,5,podcast,1,wind_down,22
0,night,3,0,social,friends_hangout,127,home,96.0,66.2,5,1.49,152.7,clear,22.6,17.6,1,3,podcast,1,no_action,7
1,night,6,1,school,exam,81,school,64.4,47.7,0,2.49,77.5,snow,9.4,96.9,1,3,podcast,1,study_for_class,18
21,night,0,0,health,medication_reminder,146,home,76.4,18.8,3,0.87,171.0,clear,17.9,100.0,0,3,music,1,no_action,7
6,morning,5,1,social,dinner,58,restaurant,49.6,92.3,1,0.0,131.7,rain,34.5,54.5,1,2,podcast,0,no_action,7
6,morning,0,0,health,therapy,52,home,51.6,75.2,6,1.7,64.2,rain,32.8,97.7,0,5,none,0,no_action,7
0,night,6,1,none,none,999,home,87.5,22.3,10,2.72,103.2,clear,39.4,83.2,1,2,podcast,1,no_action,7
11,morning,4,0,work,team_meeting,126,work,10.9,47.3,0,7.5,161.8,clear,48.9,80.2,1,0,music,0,eat_something,1
20,evening,3,0,none,none,999,home,67.2,35.8,0,2.46,108.9,rain,93.0,64.1,1,5,none,0,wind_down,22
1,night,6,1,social,friends_hangout,-25,commuting,52.7,25.7,6,4.98,177.0,rain,21.7,59.9,0,3,music,1,send_late_message,13
11,morning,6,1,none,none,999,home,81.0,100.0,10,3.19,41.6,clear,51.8,17.0,0,3,none,0,focus_session,5
18,evening,2,0,work,focus_work,60,work,40.2,100.0,2,0.8,160.6,clear,84.5,73.7,0,3,none,0,take_break,20
9,morning,3,0,health,medication_reminder,58,outside,26.4,51.9,1,0.51,155.7,snow,7.8,54.5,0,0,podcast,0,no_action,7
6,morning,3,0,school,study_session,38,commuting,43.4,54.9,5,0.89,124.3,clear,64.6,61.2,0,3,podcast,0,play_podcast,10
22,night,3,0,none,none,999,home,47.2,72.3,5,1.2,82.5,snow,48.1,57.4,1,3,none,1,wind_down,22
16,afternoon,2,0,health,gym,-14,gym,61.3,41.8,3,4.24,129.1,rain,6.5,56.5,0,0,music,0,no_action,7
14,afternoon,0,0,school,study_session,76,school,82.0,84.9,2,3.74,176.5,rain,73.4,88.6,0,0,podcast,0,study_for_class,18
12,afternoon,5,1,none,none,999,home,31.0,78.2,3,3.12,1.5,clear,82.2,100.0,0,0,none,0,no_action,7
9,morning,4,0,work,deadline,-19,commuting,42.6,71.5,4,1.21,98.5,rain,11.7,9.5,0,0,music,0,find_gas_station,3
13,afternoon,1,0,school,study_session,59,school,23.5,62.4,0,0.34,69.1,rain,21.7,9.9,0,0,podcast,0,study_for_class,18
0,night,1,0,none,none,999,home,19.1,54.3,0,8.37,145.6,fog,43.2,36.6,1,4,podcast,1,sleep_suggestion,15
16,afternoon,6,1,social,dinner,79,restaurant,27.9,68.3,0,7.54,79.5,clear,51.6,87.8,0,5,music,0,eat_something,1
18,evening,2,0,school,assignment_due,-2,school,59.2,90.0,8,0.08,163.8,snow,67.1,62.8,0,0,podcast,0,take_break,20
10,morning,1,0,school,exam,93,school,70.0,67.6,3,3.43,105.5,rain,63.8,65.0,0,5,none,0,study_for_class,18
3,night,4,0,none,none,999,outside,89.3,20.9,8,0.46,57.3,snow,17.3,38.8,0,1,music,1,no_action,7
8,morning,1,0,school,assignment_due,65,school,44.6,59.3,7,0.99,178.2,clear,32.9,67.7,0,4,music,0,take_break,20
3,night,2,0,none,none,999,outside,95.4,87.5,0,0.46,154.4,clear,16.2,89.3,0,1,none,1,no_action,7
12,afternoon,1,0,work,focus_work,115,work,52.2,52.3,10,1.16,5.3,rain,14.8,33.4,0,5,none,0,no_action,7
2,night,0,0,none,none,999,home,83.7,29.6,0,4.22,131.6,clear,71.3,51.8,0,0,none,1,no_action,7
15,afternoon,1,0,health,therapy,141,outside,24.9,87.3,9,6.25,127.6,clear,1.4,15.8,1,2,music,0,eat_something,1
0,night,2,0,none,none,999,home,41.0,60.5,4,0.6,105.4,clear,19.9,47.9,0,1,none,1,sleep_suggestion,15
14,afternoon,4,0,health,gym,104,gym,94.9,100.0,6,1.86,32.6,clear,33.0,76.5,1,4,podcast,0,no_action,7
5,morning,0,0,none,none,999,home,39.1,82.9,0,0.5,112.3,clear,49.8,73.5,0,0,music,1,no_action,7
7,morning,5,1,school,exam,157,school,30.2,81.2,5,3.53,99.6,clear,69.2,42.7,0,0,none,0,take_break,20
3,night,5,1,none,none,999,home,31.4,53.4,6,0.06,114.9,snow,13.3,81.2,1,4,music,1,sleep_suggestion,15
10,morning,2,0,social,dinner,-7,restaurant,93.4,70.5,3,0.55,111.0,rain,45.0,82.7,0,3,music,0,no_action,7
20,evening,6,1,none,none,999,home,87.2,69.5,7,1.26,121.5,clear,17.0,99.2,1,0,none,0,social_suggestion,16
5,morning,0,0,none,none,999,home,65.6,74.6,7,3.87,96.4,clear,55.0,60.8,0,5,none,1,no_action,7
12,afternoon,5,1,none,none,999,home,23.2,38.6,4,0.59,163.6,clear,64.6,64.7,0,4,podcast,0,no_action,7
3,night,0,0,none,none,999,home,69.7,66.9,2,2.61,118.0,fog,3.4,59.4,0,5,none,1,no_action,7
16,afternoon,5,1,none,none,999,home,54.4,51.1,5,0.1,95.7,clear,48.0,86.2,0,1,podcast,0,social_suggestion,16
11,morning,5,1,work,team_meeting,-18,work,11.4,84.1,8,0.91,155.8,clear,56.5,22.2,1,1,podcast,0,send_late_message,13
19,evening,3,0,none,none,999,outside,81.1,84.4,3,5.42,156.9,clear,68.3,38.9,0,0,podcast,0,exercise_suggestion,2
13,afternoon,5,1,social,friends_hangout,124,outside,33.7,100.0,7,0.53,43.2,fog,67.5,56.6,0,3,podcast,0,no_action,7
8,morning,5,1,social,date,119,outside,24.2,67.7,5,8.99,139.1,clear,48.2,29.3,0,2,none,0,eat_something,1
6,morning,4,0,work,presentation,78,work,85.3,98.9,7,0.37,117.9,rain,37.7,73.5,1,2,music,0,take_break,20
9,morning,6,1,none,none,999,home,96.2,68.7,9,1.66,86.1,clear,71.9,100.0,1,1,podcast,0,read_email_alert,12
1,night,5,1,none,none,999,home,67.3,50.6,7,7.54,144.0,snow,89.5,94.7,0,2,music,1,eat_something,1
13,afternoon,6,1,social,dinner,-21,restaurant,18.3,68.6,7,0.3,174.9,snow,79.7,13.1,0,2,music,0,send_late_message,13
12,afternoon,0,0,social,friends_hangout,113,outside,62.8,19.7,3,0.62,164.3,clear,68.7,55.3,0,2,none,0,no_action,7
6,morning,5,1,none,none,999,home,11.4,50.2,6,3.65,31.9,rain,49.8,68.7,0,2,none,0,no_action,7
2,night,3,0,social,date,77,home,58.2,86.2,5,1.3,139.1,rain,69.0,56.0,0,0,music,1,no_action,7
17,evening,3,0,health,doctor_appointment,16,commuting,60.0,78.5,4,2.23,29.4,snow,57.3,86.5,0,2,music,0,suggest_repeat_action,19
19,evening,0,0,work,team_meeting,-17,work,93.7,89.7,4,3.15,88.7,clear,11.3,49.3,0,2,music,0,send_late_message,13
1,night,6,1,none,none,999,home,47.7,57.8,1,4.75,133.9,rain,96.1,26.0,0,4,music,1,no_action,7
11,morning,0,0,health,therapy,-8,commuting,54.5,65.2,2,0.69,27.4,rain,48.4,87.1,0,3,none,0,play_music,9
3,night,3,0,none,none,999,outside,84.0,48.9,4,1.12,66.6,fog,53.8,39.9,0,3,music,1,no_action,7
0,night,3,0,none,none,999,home,82.5,44.0,0,1.64,141.9,rain,39.4,81.3,0,4,music,1,no_action,7
18,evening,4,0,none,none,999,home,29.5,97.7,9,2.87,150.3,clear,38.5,71.0,0,0,none,0,no_action,7
10,morning,3,0,school,exam,133,school,28.4,97.9,5,2.35,52.4,rain,63.1,98.4,1,2,none,0,no_action,7
8,morning,2,0,school,lecture,20,commuting,15.9,100.0,9,0.3,1.3,clear,28.2,69.1,0,0,music,0,play_music,9
3,night,3,0,social,date,167,home,92.1,91.1,1,0.98,39.9,clear,32.5,58.9,0,0,podcast,1,no_action,7
15,afternoon,4,0,work,focus_work,136,work,93.8,100.0,2,1.43,20.4,fog,76.3,78.4,0,4,music,0,no_action,7
6,morning,4,0,work,deadline,34,commuting,58.9,66.9,7,0.2,141.5,fog,57.1,39.9,0,0,podcast,0,play_podcast,10
15,afternoon,1,0,none,none,999,home,74.6,58.3,5,1.4,169.1,fog,96.1,59.6,0,3,music,0,focus_session,5
10,morning,0,0,social,date,119,home,98.6,22.2,10,0.1,138.2,clear,13.0,100.0,1,0,music,0,no_action,7
18,evening,5,1,none,none,999,home,20.5,22.7,7,0.03,0.3,rain,45.3,48.9,0,4,podcast,0,social_suggestion,16
20,evening,5,1,work,presentation,51,work,92.8,46.9,9,1.62,126.1,clear,27.8,73.7,0,0,music,0,take_break,20
22,night,3,0,none,none,999,home,52.8,73.0,0,5.54,130.0,clear,34.3,100.0,0,2,none,1,wind_down,22
19,evening,6,1,health,gym,-23,gym,56.9,46.2,3,1.25,14.4,rain,82.1,42.9,0,3,podcast,0,no_action,7
5,morning,4,0,none,none,999,home,49.5,97.2,2,1.56,50.9,clear,90.4,96.1,1,0,music,1,no_action,7
16,afternoon,5,1,social,friends_hangout,140,home,60.2,63.8,0,2.42,70.0,clear,80.7,100.0,1,1,music,0,no_action,7
14,afternoon,5,1,work,focus_work,96,work,72.2,42.5,4,6.53,13.2,clear,6.7,58.6,0,0,podcast,0,eat_something,1
5,morning,2,0,none,none,999,home,29.9,70.5,6,4.89,41.3,clear,10.4,66.0,0,4,podcast,1,no_action,7
3,night,5,1,none,none,999,outside,21.9,36.9,7,4.05,98.9,clear,24.5,100.0,0,3,none,1,sleep_suggestion,15
12,afternoon,5,1,health,gym,64,gym,83.7,83.4,10,4.54,25.6,clear,5.5,74.6,0,3,podcast,0,no_action,7
2,night,1,0,none,none,999,home,65.3,64.5,2,0.1,107.0,snow,26.5,57.8,0,5,music,1,no_action,7
1,night,0,0,none,none,999,home,52.7,37.1,1,0.49,85.0,clear,63.0,60.1,0,0,none,1,no_action,7
8,morning,5,1,health,gym,99,gym,42.0,40.5,7,4.77,61.7,snow,27.3,44.8,0,5,none,0,no_action,7
13,afternoon,5,1,none,none,999,home,71.5,58.3,0,4.34,132.8,clear,31.8,65.7,0,1,none,0,exercise_suggestion,2
18,evening,3,0,none,none,999,home,72.7,67.2,5,8.48,76.7,clear,79.4,22.8,0,4,music,0,eat_something,1
2,night,0,0,school,exam,42,school,52.5,56.2,3,3.43,84.0,fog,83.9,43.1,0,5,none,1,study_for_class,18
0,night,5,1,work,team_meeting,32,work,18.8,100.0,5,4.15,31.6,clear,9.0,90.4,1,3,music,1,sleep_suggestion,15
6,morning,4,0,work,focus_work,-27,commuting,11.6,73.6,10,2.75,138.2,rain,19.1,47.1,0,0,music,0,play_music,9
12,afternoon,4,0,work,deadline,-20,work,36.5,40.4,9,0.94,57.0,clear,85.5,63.0,0,1,music,0,send_late_message,13
1,night,5,1,none,none,999,outside,42.3,62.6,7,3.44,158.9,clear,83.9,20.9,0,3,none,1,sleep_suggestion,15
1,night,3,0,school,exam,41,school,84.8,84.0,5,1.26,26.4,fog,11.1,33.3,0,1,none,1,study_for_class,18
12,afternoon,5,1,health,doctor_appointment,54,home,66.8,54.9,5,1.02,8.6,clear,59.8,51.1,0,5,none,0,no_action,7
21,night,3,0,work,focus_work,118,work,28.0,49.9,1,0.22,86.1,clear,62.0,58.8,0,2,music,1,no_action,7
20,evening,1,0,work,deadline,11,work,38.7,5.0,8,0.72,80.3,rain,1.3,83.8,1,4,podcast,0,charge_phone,0
12,afternoon,4,0,none,none,999,home,15.6,60.2,6,3.33,45.9,clear,71.5,95.0,0,5,podcast,0,no_action,7
2,night,5,1,none,none,999,outside,11.6,76.3,10,2.28,13.1,clear,66.3,50.6,0,4,none,1,sleep_suggestion,15
3,night,6,1,none,none,999,outside,73.5,65.9,1,1.75,173.4,fog,98.0,50.5,0,5,none,1,no_action,7
7,morning,1,0,school,exam,-30,commuting,56.5,90.2,9,0.13,176.5,rain,65.9,84.6,1,1,none,0,send_late_message,13
3,night,5,1,none,none,999,outside,98.2,42.1,7,1.67,137.2,rain,90.3,45.1,0,1,music,1,no_action,7
6,morning,2,0,none,none,999,outside,89.4,90.8,8,0.84,142.8,clear,99.6,19.0,0,2,podcast,0,exercise_suggestion,2
2,night,2,0,none,none,999,home,75.5,82.6,7,5.19,39.5,snow,89.9,52.2,0,2,none,1,no_action,7
1,night,6,1,none,none,999,home,71.3,65.8,1,1.88,38.7,clear,49.5,33.6,0,2,none,1,no_action,7
18,evening,3,0,school,exam,-24,school,88.5,100.0,7,0.73,34.8,fog,68.8,78.6,0,3,music,0,send_late_message,13
16,afternoon,2,0,none,none,999,home,66.7,62.7,2,0.1,114.7,rain,52.4,100.0,1,1,none,0,read_email_alert,12
19,evening,4,0,work,team_meeting,63,work,17.4,90.5,2,1.2,87.6,clear,63.0,96.5,0,2,podcast,0,no_action,7
2,night,3,0,none,none,999,outside,93.8,100.0,0,1.57,50.0,clear,37.9,67.3,0,3,podcast,1,no_action,7
14,afternoon,5,1,work,presentation,-9,work,83.5,100.0,6,1.28,73.5,rain,33.2,39.4,1,2,none,0,silence_phone,14
5,morning,1,0,none,none,999,outside,19.3,57.9,0,3.54,174.8,fog,91.4,63.0,0,4,music,1,no_action,7
2,night,6,1,none,none,999,home,72.9,70.2,4,1.29,75.5,snow,92.2,57.8,0,1,music,1,no_action,7
12,afternoon,3,0,work,team_meeting,146,work,81.3,81.9,5,0.73,20.4,rain,1.3,24.4,0,1,none,0,no_action,7
8,morning,5,1,social,date,35,home,81.7,67.0,0,1.19,40.4,rain,63.0,99.6,0,2,none,0,start_commute,17
7,morning,2,0,health,doctor_appointment,74,outside,84.5,61.3,0,0.66,114.0,rain,20.3,52.0,1,5,music,0,no_action,7
11,morning,4,0,school,assignment_due,112,school,36.1,98.0,5,4.63,60.3,clear,38.6,50.7,0,2,podcast,0,no_action,7
10,morning,0,0,school,assignment_due,54,school,82.4,57.1,6,2.7,45.6,clear,48.0,84.5,0,0,music,0,no_action,7
10,morning,6,1,social,date,37,home,55.0,100.0,3,3.86,102.9,clear,29.4,50.4,0,4,none,0,start_commute,17
19,evening,1,0,work,team_meeting,62,work,27.1,58.6,0,4.98,1.8,clear,82.8,75.1,1,2,none,0,no_action,7
22,night,1,0,none,none,999,outside,90.6,88.4,0,1.16,153.1,snow,63.6,53.2,0,3,none,1,wind_down,22
10,morning,0,0,work,focus_work,58,work,76.6,66.2,7,1.59,74.6,fog,41.5,100.0,0,1,none,0,no_action,7
8,morning,4,0,none,none,999,home,80.7,86.2,7,2.66,61.1,clear,24.5,44.2,0,5,none,0,focus_session,5
3,night,2,0,school,assignment_due,147,school,26.3,63.0,8,2.86,165.5,rain,19.8,42.4,0,3,none,1,sleep_suggestion,15
3,night,2,0,none,none,999,home,70.2,32.0,8,0.53,108.4,clear,7.3,63.5,0,1,podcast,1,no_action,7
11,morning,4,0,work,deadline,24,work,97.4,100.0,7,2.47,172.2,fog,13.0,64.5,1,3,podcast,0,take_break,20
9,morning,0,0,school,lecture,41,commuting,87.7,47.7,7,2.89,120.9,rain,36.1,41.5,1,2,podcast,0,play_podcast,10
21,night,5,1,health,gym,95,gym,52.3,94.2,10,3.67,171.0,clear,68.6,65.7,1,1,none,1,no_action,7
9,morning,6,1,social,dinner,-19,restaurant,79.3,47.2,7,3.69,61.8,clear,82.2,41.9,0,4,music,0,send_late_message,13
23,night,6,1,none,none,999,home,45.1,49.3,6,0.19,82.2,clear,21.5,100.0,0,0,podcast,1,wind_down,22
17,evening,2,0,none,none,999,home,46.6,77.2,10,2.21,82.8,rain,42.8,64.0,0,0,podcast,0,no_action,7
7,morning,0,0,work,team_meeting,45,commuting,37.5,100.0,8,0.12,29.7,clear,47.3,51.5,0,1,music,0,play_music,9
3,night,1,0,none,none,999,home,17.6,56.5,10,8.59,115.7,rain,78.2,94.6,1,3,podcast,1,sleep_suggestion,15
9,morning,5,1,none,none,999,outside,75.9,94.1,10,2.74,15.6,clear,54.2,61.7,0,2,podcast,0,focus_session,5
23,night,2,0,none,none,999,home,74.8,5.0,8,2.21,178.5,rain,35.5,77.5,1,3,music,1,charge_phone,0
16,afternoon,5,1,none,none,999,outside,62.0,68.0,5,4.39,89.0,clear,99.2,78.6,0,5,music,0,focus_session,5
13,afternoon,5,1,none,none,999,home,73.9,64.2,4,3.3,121.4,clear,83.0,56.3,1,3,music,0,read_email_alert,12
15,afternoon,3,0,none,none,999,home,69.8,100.0,7,0.23,125.2,fog,80.5,66.8,0,3,none,0,focus_session,5
6,morning,3,0,work,presentation,90,work,67.0,38.0,0,0.01,17.7,clear,58.3,68.7,1,0,none,0,no_action,7
20,evening,0,0,social,dinner,-24,restaurant,16.7,55.1,4,0.91,127.6,snow,80.6,80.7,0,1,none,0,send_late_message,13
11,morning,4,0,work,presentation,28,work,17.7,39.2,10,0.51,165.7,clear,5.6,65.0,0,4,music,0,prepare_for_meeting,11
18,evening,5,1,none,none,999,home,21.5,43.5,9,8.58,176.6,clear,84.2,34.8,0,2,podcast,0,eat_something,1
12,afternoon,1,0,health,therapy,121,home,59.7,17.7,3,0.41,103.0,rain,68.5,46.7,0,0,music,0,no_action,7
7,morning,6,1,none,none,999,home,96.8,91.8,3,0.71,17.3,clear,27.3,36.9,1,1,podcast,0,exercise_suggestion,2
17,evening,3,0,none,none,999,home,98.5,86.3,1,3.4,46.1,clear,32.9,62.3,1,5,music,0,read_email_alert,12
5,morning,2,0,none,none,999,home,18.4,96.4,4,4.68,9.3,fog,23.2,49.6,0,2,podcast,1,no_action,7
17,evening,6,1,social,date,-5,commuting,35.5,100.0,8,0.49,154.5,fog,36.7,84.5,0,5,none,0,no_action,7
1,night,6,1,social,friends_hangout,115,home,75.7,88.3,4,6.79,12.5,rain,88.1,19.6,0,3,podcast,1,eat_something,1
7,morning,4,0,work,deadline,50,commuting,66.1,76.1,7,3.13,45.0,clear,12.8,21.4,0,1,none,0,play_music,9
6,morning,0,0,social,family_time,-21,commuting,53.3,59.4,7,0.57,85.6,rain,94.6,52.3,0,2,podcast,0,send_late_message,13
21,night,0,0,none,none,999,home,98.8,83.6,5,3.51,22.5,rain,28.9,62.5,0,5,podcast,1,wind_down,22
16,afternoon,5,1,health,doctor_appointment,166,outside,47.5,100.0,9,0.87,13.9,rain,6.0,66.2,0,0,podcast,0,no_action,7
16,afternoon,3,0,work,focus_work,103,work,80.0,63.0,4,1.75,121.7,fog,2.4,78.5,0,1,none,0,take_break,20
15,afternoon,5,1,work,focus_work,86,work,33.1,51.9,10,0.05,71.8,rain,54.8,87.5,1,1,podcast,0,no_action,7
12,afternoon,6,1,social,date,138,home,54.6,86.8,7,2.36,145.8,rain,95.0,17.4,0,2,podcast,0,no_action,7
20,evening,2,0,work,presentation,61,work,59.5,75.6,2,0.27,67.6,clear,10.4,59.5,0,1,podcast,0,no_action,7
16,afternoon,4,0,none,none,999,outside,34.1,73.4,1,1.88,50.6,snow,3.2,88.2,0,3,none,0,no_action,7
16,afternoon,2,0,none,none,999,home,16.6,95.5,2,3.34,162.3,rain,32.1,54.3,0,0,podcast,0,no_action,7
8,morning,4,0,health,doctor_appointment,164,home,15.8,60.7,1,0.67,53.6,clear,27.5,26.3,0,5,music,0,no_action,7
2,night,0,0,social,friends_hangout,18,commuting,13.3,92.8,5,0.74,137.6,clear,28.9,5.0,0,2,none,1,sleep_suggestion,15
21,night,4,0,none,none,999,home,82.7,100.0,7,1.13,151.0,clear,40.3,55.6,1,0,none,1,wind_down,22
4,night,5,1,social,date,169,home,92.2,88.2,10,1.72,162.6,clear,44.5,39.7,0,2,podcast,1,no_action,7
2,night,6,1,none,none,999,home,68.6,43.0,0,1.12,114.4,rain,82.8,79.1,0,0,podcast,1,no_action,7
3,night,3,0,social,date,43,outside,14.2,67.3,3,3.74,93.8,clear,32.4,16.0,1,5,none,1,sleep_suggestion,15
14,afternoon,3,0,work,presentation,92,work,95.9,78.1,6,0.26,5.7,clear,81.3,50.8,0,2,podcast,0,no_action,7
14,afternoon,1,0,school,exam,40,school,81.6,100.0,1,3.37,6.7,rain,73.2,43.5,0,5,podcast,0,study_for_class,18
4,night,1,0,none,none,999,home,91.4,34.0,4,0.09,77.7,rain,27.6,100.0,0,5,podcast,1,no_action,7
21,night,4,0,school,assignment_due,133,school,78.3,91.1,4,0.2,120.1,clear,71.6,29.1,0,3,none,1,take_break,20
22,night,4,0,none,none,999,outside,43.2,75.7,2,3.32,14.0,snow,87.4,68.7,0,2,music,1,wind_down,22
10,morning,6,1,health,therapy,139,home,50.4,57.8,7,3.73,131.6,clear,54.1,40.0,0,3,music,0,no_action,7
9,morning,4,0,none,none,999,home,59.6,71.6,0,1.43,161.8,clear,77.5,100.0,0,2,music,0,no_action,7
1,night,6,1,none,none,999,outside,33.2,69.8,9,0.02,167.1,clear,72.3,58.0,0,0,music,1,sleep_suggestion,15
10,morning,0,0,health,doctor_appointment,52,home,43.7,89.3,2,2.04,107.3,clear,83.6,32.3,0,2,none,0,no_action,7
13,afternoon,0,0,health,medication_reminder,81,home,88.3,64.0,5,0.06,64.0,rain,65.6,100.0,0,2,music,0,no_action,7
23,night,0,0,none,none,999,outside,17.3,38.8,2,7.16,140.1,clear,38.5,36.0,0,4,podcast,1,sleep_suggestion,15
12,afternoon,6,1,social,date,-8,commuting,93.9,62.4,6,0.55,103.0,clear,97.3,100.0,0,2,podcast,0,suggest_repeat_action,19
4,night,5,1,school,lecture,157,school,23.5,12.9,5,0.92,13.5,clear,46.6,66.2,0,4,none,1,charge_phone,0
15,afternoon,1,0,social,friends_hangout,107,home,68.1,89.4,6,2.49,50.5,clear,43.6,24.6,1,0,music,0,no_action,7
5,morning,5,1,none,none,999,home,36.9,79.3,5,1.35,167.0,rain,19.7,65.2,0,1,podcast,1,no_action,7
11,morning,0,0,school,lecture,-8,school,76.3,100.0,5,3.63,86.8,clear,63.4,68.1,0,1,music,0,silence_phone,14
19,evening,3,0,work,deadline,44,work,40.5,100.0,9,2.23,139.6,rain,22.0,76.8,0,2,podcast,0,take_break,20
11,morning,6,1,social,friends_hangout,20,home,20.3,55.8,3,9.24,101.0,clear,95.0,51.7,1,3,none,0,eat_something,1
18,evening,2,0,school,lecture,177,school,85.6,75.8,8,5.76,160.2,clear,65.1,85.5,1,4,none,0,take_break,20
2,night,2,0,none,none,999,home,38.3,74.3,4,3.64,18.0,fog,39.4,38.4,0,5,podcast,1,sleep_suggestion,15
14,afternoon,6,1,social,date,-18,commuting,18.8,100.0,7,2.39,162.1,rain,3.4,93.6,0,3,music,0,send_late_message,13
0,night,1,0,none,none,999,outside,83.1,80.9,10,5.34,47.9,rain,58.0,69.6,0,3,none,1,no_action,7
9,morning,2,0,social,dinner,55,restaurant,99.3,70.6,5,2.9,81.0,clear,92.1,54.6,0,0,podcast,0,no_action,7
7,morning,5,1,school,assignment_due,7,commuting,69.4,100.0,9,2.38,94.7,clear,65.5,77.0,0,4,podcast,0,find_parking,4
8,morning,5,1,none,none,999,home,20.4,85.2,7,0.9,45.1,fog,22.5,95.5,0,2,podcast,0,no_action,7
22,night,2,0,social,family_time,151,home,99.4,96.3,5,2.51,142.6,rain,55.3,96.2,1,4,music,1,no_action,7
20,evening,6,1,health,doctor_appointment,127,outside,62.3,100.0,2,1.25,27.4,clear,31.9,82.6,0,5,none,0,no_action,7
8,morning,0,0,social,dinner,169,restaurant,69.2,46.4,0,3.9,136.4,clear,45.7,100.0,0,4,podcast,0,no_action,7
16,afternoon,5,1,none,none,999,home,56.2,89.9,8,4.28,13.5,snow,82.5,100.0,1,0,music,0,read_email_alert,12
23,night,4,0,health,medication_reminder,21,home,20.1,8.2,1,0.09,110.0,rain,17.1,74.9,0,3,music,1,charge_phone,0
2,night,1,0,none,none,999,outside,48.1,96.7,0,0.67,142.9,rain,6.2,86.2,0,4,podcast,1,no_action,7
4,night,0,0,none,none,999,home,43.9,85.8,2,1.82,158.5,fog,28.6,91.4,0,0,podcast,1,sleep_suggestion,15
14,afternoon,6,1,none,none,999,home,95.0,40.0,6,1.9,40.4,rain,11.0,100.0,0,3,none,0,focus_session,5
23,night,6,1,none,none,999,home,94.9,84.3,3,2.8,116.4,clear,90.5,64.1,0,2,podcast,1,wind_down,22
1,night,0,0,none,none,999,outside,76.7,62.9,3,0.86,78.5,clear,37.2,54.7,0,0,music,1,no_action,7
2,night,0,0,none,none,999,outside,54.8,64.6,7,1.04,28.5,clear,10.1,68.3,1,4,none,1,no_action,7
19,evening,4,0,school,lecture,87,school,29.7,55.3,10,0.13,131.8,rain,61.7,34.7,1,0,none,0,study_for_class,18
13,afternoon,0,0,none,none,999,home,88.1,84.0,5,5.78,33.6,clear,16.6,74.4,0,5,none,0,focus_session,5
10,morning,6,1,none,none,999,outside,55.5,65.1,8,2.59,7.8,clear,86.4,67.8,1,0,podcast,0,read_email_alert,12
13,afternoon,6,1,social,dinner,24,restaurant,59.5,75.2,3,1.19,71.1,rain,76.7,96.4,1,1,music,0,get_ready,6
4,night,1,0,none,none,999,home,86.4,100.0,9,0.95,168.6,clear,17.7,98.1,0,5,none,1,no_action,7
21,night,0,0,health,medication_reminder,110,outside,69.2,77.7,8,4.56,112.4,rain,68.7,89.0,0,2,podcast,1,no_action,7
15,afternoon,2,0,health,doctor_appointment,-1,commuting,55.0,41.5,6,0.1,170.7,fog,61.3,60.7,0,1,music,0,suggest_repeat_action,19
18,evening,0,0,social,dinner,11,restaurant,84.8,95.3,9,1.02,25.8,snow,64.0,100.0,0,1,podcast,0,get_ready,6
14,afternoon,1,0,social,family_time,130,outside,31.0,100.0,6,0.87,26.0,clear,86.8,93.4,0,2,none,0,no_action,7
9,morning,4,0,school,lecture,127,school,63.2,69.3,8,8.5,16.1,rain,43.7,42.4,0,2,podcast,0,eat_something,1
23,night,1,0,health,medication_reminder,149,home,41.3,100.0,1,0.99,168.7,clear,91.5,74.6,1,3,podcast,1,sleep_suggestion,15
22,night,5,1,none,none,999,home,80.2,100.0,0,1.57,115.0,clear,25.8,75.9,0,4,music,1,wind_down,22
4,night,1,0,none,none,999,home,83.6,69.9,0,0.83,52.5,clear,78.1,57.8,0,3,none,1,no_action,7
4,night,2,0,none,none,999,home,53.5,65.2,5,2.98,148.2,clear,47.2,45.9,0,4,music,1,no_action,7
23,night,0,0,none,none,999,home,85.0,89.1,5,3.19,73.5,snow,38.7,49.7,0,1,none,1,wind_down,22
12,afternoon,6,1,none,none,999,outside,55.3,70.8,3,4.16,48.5,clear,88.1,72.1,0,3,podcast,0,no_action,7
22,night,2,0,health,doctor_appointment,150,home,30.0,100.0,3,0.78,134.6,fog,4.5,31.9,0,2,music,1,no_action,7
14,afternoon,5,1,social,family_time,97,home,99.4,88.7,5,1.92,93.0,snow,41.3,58.9,1,5,music,0,no_action,7
21,night,3,0,none,none,999,outside,97.8,40.1,5,2.18,153.2,clear,74.1,17.1,1,5,podcast,1,wind_down,22
1,night,4,0,none,none,999,outside,16.7,100.0,1,0.66,41.0,clear,79.5,40.9,0,0,none,1,sleep_suggestion,15
23,night,6,1,none,none,999,outside,32.0,82.7,8,0.84,151.1,clear,37.7,68.9,0,4,podcast,1,sleep_suggestion,15
14,afternoon,1,0,social,date,151,home,98.0,63.3,3,1.05,25.5,clear,85.9,42.4,0,1,none,0,no_action,7
19,evening,6,1,social,family_time,36,home,49.1,80.0,10,3.46,76.6,clear,47.8,70.1,0,5,none,0,start_commute,17
13,afternoon,1,0,work,deadline,-17,work,27.4,41.4,6,1.09,10.6,rain,48.3,80.4,1,2,music,0,send_late_message,13
5,morning,5,1,none,none,999,home,34.8,77.1,9,1.47,2.4,clear,18.2,54.5,0,4,none,1,no_action,7
22,night,4,0,none,none,999,home,37.5,70.1,8,2.87,86.8,rain,66.7,38.7,0,5,music,1,wind_down,22
21,night,4,0,health,medication_reminder,149,home,63.4,70.2,1,0.14,155.6,fog,77.8,35.8,0,1,podcast,1,no_action,7
5,morning,3,0,none,none,999,outside,20.5,100.0,7,2.14,26.3,rain,83.7,80.5,0,2,music,1,no_action,7
4,night,4,0,social,dinner,-17,restaurant,16.2,100.0,1,0.39,101.9,snow,34.5,80.1,0,4,podcast,1,sleep_suggestion,15
17,evening,2,0,school,assignment_due,91,school,99.7,54.2,1,1.1,125.6,clear,92.3,39.8,0,3,podcast,0,take_break,20
3,night,1,0,none,none,999,home,31.5,58.3,2,1.68,142.2,clear,71.7,81.7,0,1,music,1,sleep_suggestion,15
9,morning,4,0,social,family_time,136,outside,47.8,54.7,3,0.78,144.4,clear,57.8,76.5,0,1,podcast,0,no_action,7
11,morning,3,0,school,lecture,103,school,75.1,80.5,8,2.17,147.3,rain,49.1,47.1,1,2,music,0,study_for_class,18
19,evening,3,0,school,exam,154,school,73.7,57.9,3,0.43,106.3,rain,14.4,36.8,0,2,music,0,take_break,20
23,night,5,1,health,therapy,86,home,63.5,39.8,0,1.98,86.4,clear,99.7,58.7,1,5,music,1,no_action,7
16,afternoon,0,0,school,lecture,69,school,83.0,84.1,8,3.04,154.8,clear,7.6,92.6,1,5,music,0,study_for_class,18
6,morning,2,0,work,deadline,85,work,22.2,46.3,6,1.07,112.6,snow,63.8,53.0,0,3,music,0,take_break,20
3,night,3,0,none,none,999,home,89.4,97.3,2,1.79,70.0,fog,75.2,40.2,0,0,none,1,no_action,7
14,afternoon,1,0,health,gym,-16,gym,45.9,34.7,1,2.08,34.7,clear,83.8,45.7,0,0,podcast,0,no_action,7
3,night,5,1,work,team_meeting,46,work,19.6,100.0,9,0.36,176.9,fog,36.8,100.0,0,2,music,1,sleep_suggestion,15
16,afternoon,4,0,work,presentation,-25,work,15.7,73.8,8,2.55,81.3,snow,50.0,17.7,0,1,podcast,0,send_late_message,13
20,evening,3,0,none,none,999,home,44.7,93.9,7,3.1,75.2,fog,69.9,62.7,1,3,music,0,wind_down,22
8,morning,0,0,school,exam,66,school,16.7,38.7,5,1.49,4.5,rain,67.2,100.0,1,2,music,0,study_for_class,18
12,afternoon,5,1,health,therapy,123,home,94.8,71.0,4,4.55,160.8,clear,67.8,99.6,0,3,music,0,no_action,7
8,morning,3,0,school,exam,-26,commuting,56.1,100.0,4,4.61,6.2,snow,21.0,67.3,0,3,none,0,send_late_message,13
9,morning,6,1,none,none,999,home,75.6,57.2,4,1.12,78.2,rain,81.9,100.0,0,1,music,0,focus_session,5
20,evening,5,1,health,therapy,-28,commuting,69.9,84.2,6,0.6,174.6,clear,93.8,84.2,0,2,music,0,suggest_repeat_action,19
23,night,5,1,school,exam,149,school,18.6,74.1,8,0.91,44.0,snow,21.9,78.0,1,3,music,1,sleep_suggestion,15
10,morning,1,0,work,deadline,164,work,64.5,50.0,10,1.55,108.4,clear,86.2,79.9,1,0,music,0,take_break,20
15,afternoon,1,0,work,focus_work,88,work,96.7,34.1,9,1.82,106.5,rain,24.8,89.2,0,1,music,0,take_break,20
13,afternoon,2,0,health,therapy,165,home,83.5,64.4,7,0.25,174.9,fog,98.0,57.6,0,0,music,0,no_action,7
1,night,4,0,social,dinner,20,restaurant,54.5,92.0,10,2.69,117.0,clear,36.0,59.2,1,4,none,1,get_ready,6
9,morning,1,0,social,family_time,144,home,60.4,53.3,8,6.5,83.7,clear,29.2,41.9,1,5,podcast,0,eat_something,1
9,morning,2,0,work,team_meeting,144,work,45.7,56.1,7,7.21,121.6,rain,58.3,28.7,0,1,none,0,eat_something,1
4,night,2,0,none,none,999,home,17.5,92.1,9,1.17,172.4,clear,94.1,55.8,0,2,none,1,sleep_suggestion,15
0,night,1,0,none,none,999,home,77.7,68.7,4,3.52,30.1,snow,2.8,56.8,0,1,none,1,no_action,7
4,night,0,0,none,none,999,outside,99.1,53.7,6,3.5,102.9,clear,77.8,58.0,0,2,music,1,no_action,7
4,night,0,0,none,none,999,home,71.1,100.0,10,1.76,72.1,clear,50.3,93.4,0,5,podcast,1,no_action,7
10,morning,3,0,none,none,999,home,88.5,96.9,1,0.44,86.6,clear,20.4,68.6,0,2,music,0,exercise_suggestion,2
11,morning,6,1,health,medication_reminder,160,outside,93.4,44.9,7,1.06,47.1,rain,97.8,53.6,1,1,none,0,no_action,7
23,night,0,0,none,none,999,home,15.7,100.0,10,0.39,159.5,rain,88.2,100.0,0,3,none,1,sleep_suggestion,15
12,afternoon,4,0,health,doctor_appointment,115,home,83.0,47.4,10,0.04,60.7,clear,60.9,54.1,1,3,music,0,no_action,7
3,night,0,0,none,none,999,home,74.4,48.9,2,1.62,134.7,clear,80.8,67.7,0,3,podcast,1,no_action,7
8,morning,0,0,school,study_session,-24,commuting,38.2,71.5,8,10.0,11.7,clear,89.7,95.4,0,0,none,0,eat_something,1
12,afternoon,1,0,health,medication_reminder,152,home,36.5,85.0,1,1.1,76.4,fog,89.0,70.4,1,5,none,0,no_action,7
9,morning,2,0,school,exam,73,school,11.9,71.4,8,1.48,74.2,rain,76.9,60.3,0,4,podcast,0,study_for_class,18
23,night,0,0,school,study_session,134,school,39.3,44.9,8,6.24,152.4,rain,44.5,83.0,1,2,music,1,sleep_suggestion,15
2,night,2,0,none,none,999,home,85.8,85.3,3,5.12,81.3,clear,69.9,5.0,0,1,music,1,no_action,7
17,evening,6,1,social,date,151,outside,88.1,73.3,9,0.87,150.7,clear,47.2,30.7,0,3,music,0,no_action,7
19,evening,4,0,health,doctor_appointment,108,outside,66.2,43.4,7,6.15,10.1,clear,31.3,63.8,0,5,music,0,eat_something,1
1,night,1,0,none,none,999,home,42.4,82.5,0,1.45,65.8,snow,14.9,45.6,0,2,none,1,sleep_suggestion,15
2,night,6,1,none,none,999,outside,87.0,42.2,6,0.07,87.1,clear,89.2,56.2,0,4,music,1,no_action,7
15,afternoon,2,0,work,presentation,33,work,17.3,86.7,4,0.12,113.0,clear,94.7,27.9,0,2,podcast,0,take_break,20
5,morning,2,0,work,presentation,156,work,34.7,96.7,9,0.97,35.6,clear,67.8,78.4,0,0,none,1,no_action,7
20,evening,1,0,social,date,108,home,16.0,64.8,0,2.23,108.9,clear,39.5,81.9,0,1,none,0,no_action,7
11,morning,6,1,social,dinner,10,restaurant,40.5,40.7,5,5.6,116.8,clear,17.5,67.5,0,4,none,0,get_ready,6
22,night,2,0,none,none,999,outside,27.4,36.5,8,1.15,45.1,fog,11.3,80.1,0,4,none,1,wind_down,22
17,evening,4,0,school,exam,-15,school,25.9,60.2,2,1.47,123.7,clear,41.4,76.7,0,3,none,0,send_late_message,13
1,night,4,0,none,none,999,home,53.8,82.8,9,0.92,137.7,clear,56.8,76.4,0,1,none,1,no_action,7
9,morning,2,0,none,none,999,home,17.9,76.2,1,2.39,109.6,rain,17.6,92.7,1,2,none,0,read_email_alert,12
6,morning,4,0,school,exam,151,school,84.8,27.1,7,0.81,74.9,rain,21.5,35.8,0,2,music,0,no_action,7
23,night,1,0,none,none,999,outside,92.3,30.7,10,3.72,15.2,clear,49.8,77.8,1,4,none,1,wind_down,22
9,morning,4,0,work,focus_work,47,commuting,37.8,51.8,1,1.57,24.0,clear,96.6,34.6,0,1,none,0,play_music,9
23,night,4,0,none,none,999,home,57.4,92.3,10,1.81,178.9,fog,54.9,100.0,0,2,podcast,1,wind_down,22
11,morning,0,0,none,none,999,home,34.8,41.2,6,1.15,152.7,clear,31.6,80.6,0,5,none,0,no_action,7
5,morning,0,0,social,date,160,outside,14.9,70.2,10,1.81,42.3,rain,60.8,87.6,0,0,music,1,no_action,7
9,morning,5,1,none,none,999,home,12.3,38.5,3,0.02,75.0,rain,21.4,59.3,0,1,music,0,no_action,7
23,night,3,0,none,none,999,home,94.9,54.1,8,1.18,145.0,snow,83.2,48.1,0,1,podcast,1,wind_down,22
16,afternoon,4,0,health,therapy,85,home,48.6,100.0,3,0.6,74.4,rain,63.6,47.1,0,2,music,0,no_action,7
12,afternoon,0,0,work,deadline,25,work,34.9,77.7,1,2.59,8.8,clear,2.1,56.7,0,1,music,0,no_action,7
22,night,5,1,school,study_session,75,school,95.3,54.1,1,0.71,76.2,clear,55.1,46.4,0,0,music,1,study_for_class,18
5,morning,1,0,social,date,-3,commuting,62.2,58.0,7,6.72,68.5,rain,4.7,74.8,0,3,none,1,eat_something,1
5,morning,6,1,none,none,999,outside,69.9,90.4,10,1.19,12.3,clear,30.3,57.7,0,3,podcast,1,no_action,7
6,morning,0,0,work,focus_work,113,work,18.1,100.0,2,0.62,19.9,clear,61.7,29.8,0,0,podcast,0,no_action,7
13,afternoon,2,0,none,none,999,home,67.4,100.0,5,0.68,60.2,snow,87.4,86.7,1,3,none,0,read_email_alert,12
20,evening,4,0,social,family_time,145,outside,35.4,100.0,7,0.21,127.4,clear,45.3,83.0,0,5,none,0,no_action,7
12,afternoon,4,0,none,none,999,outside,49.0,60.6,10,1.66,2.3,clear,81.7,81.4,1,0,podcast,0,read_email_alert,12
22,night,1,0,none,none,999,home,23.0,100.0,6,3.73,148.0,rain,34.0,85.7,1,0,podcast,1,wind_down,22
4,night,0,0,none,none,999,outside,54.5,100.0,1,0.75,34.2,clear,85.8,56.0,1,5,none,1,no_action,7
12,afternoon,1,0,work,deadline,154,work,86.1,38.1,9,1.77,77.9,clear,27.9,92.1,0,4,music,0,no_action,7
9,morning,5,1,social,dinner,65,restaurant,82.3,87.1,3,2.84,107.9,clear,66.1,38.5,0,1,none,0,no_action,7
22,night,2,0,none,none,999,outside,42.2,46.4,3,2.59,60.3,rain,15.7,55.7,0,2,music,1,wind_down,22
16,afternoon,1,0,none,none,999,home,84.4,56.9,0,0.47,114.9,rain,92.1,32.7,1,5,none,0,read_email_alert,12
10,morning,5,1,none,none,999,home,66.4,41.7,3,0.09,33.8,clear,32.5,72.9,0,1,music,0,exercise_suggestion,2
21,night,1,0,work,presentation,107,work,20.3,53.9,1,2.29,21.8,snow,3.5,90.8,1,1,podcast,1,no_action,7
18,evening,4,0,school,assignment_due,159,school,57.5,35.8,1,0.42,66.1,clear,80.8,65.1,0,5,none,0,no_action,7
20,evening,6,1,social,family_time,14,commuting,95.0,61.1,2,0.18,118.6,clear,35.1,65.0,0,2,music,0,suggest_repeat_action,19
6,morning,6,1,social,dinner,100,restaurant,41.2,85.0,2,0.92,14.6,rain,34.9,100.0,0,2,music,0,no_action,7
7,morning,0,0,health,medication_reminder,131,home,75.8,100.0,3,0.26,8.5,fog,40.3,87.3,0,2,none,0,no_action,7
0,night,2,0,none,none,999,outside,37.4,100.0,2,0.95,125.4,clear,19.1,53.8,0,3,none,1,sleep_suggestion,15
20,evening,4,0,none,none,999,home,65.9,100.0,7,3.02,63.2,snow,59.6,89.3,1,3,podcast,0,wind_down,22
11,morning,3,0,school,exam,128,school,64.6,82.5,1,0.57,132.3,rain,13.4,97.7,0,5,podcast,0,take_break,20
13,afternoon,6,1,social,dinner,86,restaurant,66.0,53.4,7,4.05,6.2,snow,44.2,75.7,0,1,none,0,no_action,7
0,night,2,0,none,none,999,outside,14.1,66.2,1,2.47,14.4,clear,62.5,36.6,0,3,none,1,sleep_suggestion,15
1,night,5,1,none,none,999,outside,66.5,53.8,9,1.34,102.5,clear,6.0,98.9,0,2,podcast,1,no_action,7
3,night,3,0,none,none,999,outside,14.3,70.5,6,2.56,5.3,clear,5.0,37.3,0,4,none,1,sleep_suggestion,15
9,morning,5,1,none,none,999,home,48.8,56.1,7,0.86,131.1,clear,0.6,56.2,0,4,music,0,no_action,7
11,morning,3,0,social,friends_hangout,112,home,12.3,68.3,5,0.1,6.8,clear,6.1,54.9,0,5,music,0,no_action,7
22,night,3,0,none,none,999,outside,57.0,62.2,2,0.31,41.9,rain,14.6,99.4,0,0,none,1,wind_down,22
22,night,0,0,none,none,999,home,11.0,50.0,1,2.35,110.4,rain,84.4,65.4,1,0,podcast,1,wind_down,22
15,afternoon,3,0,none,none,999,outside,34.5,71.9,8,1.4,16.3,rain,46.5,54.2,0,0,music,0,no_action,7
7,morning,3,0,social,friends_hangout,50,home,43.3,31.5,2,1.19,2.5,rain,6.6,76.8,0,4,music,0,no_action,7
16,afternoon,6,1,social,friends_hangout,2,commuting,88.8,100.0,0,7.32,153.2,clear,74.9,63.3,0,5,music,0,eat_something,1
10,morning,2,0,none,none,999,home,20.9,67.0,3,2.94,47.2,clear,80.1,80.6,0,4,none,0,no_action,7
17,evening,4,0,health,medication_reminder,-8,commuting,81.9,75.7,4,3.24,116.5,rain,6.4,90.4,0,4,podcast,0,suggest_repeat_action,19
14,afternoon,6,1,social,family_time,156,home,63.4,29.5,6,7.8,112.5,clear,48.8,100.0,0,4,none,0,eat_something,1
2,night,1,0,none,none,999,home,49.0,56.7,6,0.0,147.1,clear,79.6,59.1,0,1,music,1,no_action,7
15,afternoon,4,0,health,gym,161,gym,43.5,100.0,3,2.35,11.7,clear,25.4,79.5,0,0,music,0,no_action,7
12,afternoon,2,0,work,presentation,2,work,47.1,93.7,7,3.38,153.3,snow,94.4,44.9,0,3,music,0,silence_phone,14
10,morning,5,1,none,none,999,outside,50.0,63.6,8,0.32,157.1,clear,80.2,66.8,1,2,music,0,read_email_alert,12
20,evening,2,0,health,therapy,90,home,64.0,85.0,6,1.07,32.1,snow,5.7,61.5,0,4,none,0,no_action,7
11,morning,0,0,work,focus_work,117,work,25.9,80.1,1,7.28,91.3,clear,31.2,55.2,1,2,none,0,eat_something,1
9,morning,2,0,school,exam,77,school,23.5,91.9,9,1.25,151.1,fog,75.7,53.3,0,4,podcast,0,study_for_class,18
2,night,5,1,none,none,999,outside,84.9,65.9,7,0.04,87.6,clear,47.0,64.0,0,2,podcast,1,no_action,7
12,afternoon,3,0,none,none,999,home,32.6,49.4,0,2.31,54.4,clear,2.9,100.0,0,2,podcast,0,no_action,7
6,morning,6,1,school,lecture,155,school,15.2,100.0,9,0.14,89.5,rain,62.3,88.2,0,0,music,0,no_action,7
0,night,6,1,none,none,999,home,82.3,71.5,8,3.18,97.5,clear,1.9,55.8,1,2,none,1,no_action,7
8,morning,2,0,health,medication_reminder,103,home,78.6,89.5,8,3.29,159.1,rain,82.1,27.9,0,5,none,0,no_action,7
12,afternoon,6,1,health,medication_reminder,27,home,98.4,47.3,3,5.77,113.1,clear,63.6,24.9,0,0,none,0,start_commute,17
15,afternoon,5,1,social,friends_hangout,137,home,33.8,67.9,2,3.39,83.6,clear,81.6,97.9,0,0,music,0,no_action,7
20,evening,5,1,social,dinner,99,restaurant,54.1,40.6,2,2.88,146.3,rain,28.3,90.6,0,2,none,0,no_action,7
21,night,6,1,health,therapy,138,outside,28.9,75.3,0,2.98,139.0,fog,14.1,45.9,0,2,none,1,no_action,7
8,morning,5,1,health,medication_reminder,138,home,22.0,72.1,7,1.67,51.9,clear,48.6,56.9,1,3,none,0,no_action,7
8,morning,6,1,none,none,999,outside,26.9,62.7,5,0.1,111.3,snow,89.6,100.0,1,5,none,0,read_email_alert,12
15,afternoon,2,0,work,deadline,141,work,46.0,44.9,5,6.22,78.7,clear,23.7,35.3,1,3,none,0,eat_something,1
23,night,2,0,none,none,999,home,51.2,93.5,0,0.83,108.2,clear,80.6,44.6,0,2,none,1,wind_down,22
7,morning,1,0,social,date,-6,commuting,46.1,34.9,3,0.14,22.0,clear,65.5,17.1,1,5,none,0,find_gas_station,3
8,morning,6,1,social,friends_hangout,137,home,35.8,94.0,4,6.11,121.8,clear,9.2,100.0,1,2,none,0,eat_something,1
14,afternoon,0,0,school,assignment_due,-15,school,57.6,63.1,9,1.3,175.2,snow,9.2,68.4,0,0,music,0,take_break,20
5,morning,0,0,none,none,999,home,84.2,60.4,8,0.49,105.4,clear,24.3,99.1,0,5,music,1,no_action,7
21,night,2,0,school,study_session,121,school,50.2,74.0,7,1.12,93.2,snow,83.2,52.6,0,2,none,1,take_break,20
11,morning,3,0,school,assignment_due,173,school,33.8,77.5,5,3.53,36.0,clear,58.8,32.2,1,1,none,0,no_action,7
19,evening,1,0,school,assignment_due,-20,school,37.9,60.0,9,0.49,96.9,clear,94.0,99.7,0,0,music,0,take_break,20
15,afternoon,4,0,work,presentation,75,work,79.8,57.9,1,1.67,17.2,rain,39.8,57.6,0,0,none,0,no_action,7
2,night,1,0,social,dinner,3,restaurant,46.5,87.2,8,3.51,16.7,rain,86.2,37.6,0,0,music,1,no_action,7
4,night,2,0,none,none,999,home,81.1,79.7,6,5.65,128.1,clear,81.2,97.5,0,0,none,1,no_action,7
18,evening,5,1,none,none,999,home,89.1,64.3,10,1.77,15.1,clear,23.1,75.9,1,2,music,0,read_email_alert,12
3,night,5,1,school,assignment_due,-3,school,71.5,84.9,10,0.78,37.7,snow,94.5,100.0,1,3,none,1,no_action,7
6,morning,3,0,work,team_meeting,59,commuting,83.5,77.7,9,0.38,23.0,clear,71.9,45.0,0,0,podcast,0,play_podcast,10
14,afternoon,5,1,none,none,999,home,66.1,95.8,7,0.7,8.2,clear,40.6,98.7,1,2,none,0,read_email_alert,12
1,night,6,1,none,none,999,home,74.6,45.1,0,5.81,60.1,rain,24.9,33.2,1,5,none,1,no_action,7
0,night,6,1,none,none,999,home,81.0,100.0,9,1.02,119.8,clear,5.9,37.4,1,3,podcast,1,no_action,7
21,night,1,0,none,none,999,home,55.2,72.2,9,0.02,5.4,clear,34.3,98.7,1,3,music,1,wind_down,22
19,evening,2,0,health,therapy,105,home,74.1,85.1,7,0.86,25.9,clear,15.2,100.0,0,3,none,0,no_action,7
19,evening,6,1,health,medication_reminder,30,outside,48.8,85.3,1,1.86,42.8,clear,21.2,46.9,0,4,none,0,start_commute,17
12,afternoon,5,1,none,none,999,outside,87.3,36.9,0,1.81,41.8,rain,68.1,74.5,0,3,none,0,exercise_suggestion,2
22,night,5,1,none,none,999,home,64.0,40.4,5,2.07,86.8,rain,92.3,100.0,0,4,podcast,1,wind_down,22
13,afternoon,4,0,school,assignment_due,143,school,69.4,69.4,8,1.16,63.3,clear,99.4,23.1,0,0,music,0,no_action,7
8,morning,1,0,school,lecture,124,school,48.9,95.1,3,0.18,159.6,snow,16.9,34.3,1,3,podcast,0,take_break,20
11,morning,5,1,health,medication_reminder,-5,commuting,31.2,79.8,3,0.23,168.0,fog,24.0,86.6,0,4,podcast,0,play_podcast,10
19,evening,0,0,school,lecture,169,school,46.9,76.6,1,2.12,147.8,clear,56.3,46.8,0,4,music,0,take_break,20
2,night,0,0,none,none,999,home,38.7,77.3,8,0.88,117.5,rain,7.4,86.2,0,0,music,1,sleep_suggestion,15
2,night,0,0,none,none,999,home,99.6,54.7,6,7.96,94.4,rain,57.4,66.3,0,0,music,1,eat_something,1
22,night,1,0,none,none,999,home,38.4,97.8,0,5.44,91.4,fog,7.3,90.9,0,1,none,1,wind_down,22
7,morning,5,1,social,date,30,home,22.2,68.6,8,4.49,131.5,rain,62.6,100.0,0,5,music,0,start_commute,17
21,night,6,1,none,none,999,home,30.2,59.3,5,2.36,31.9,rain,91.9,100.0,0,2,music,1,wind_down,22
22,night,2,0,none,none,999,home,43.5,94.3,7,0.75,155.0,rain,12.1,100.0,1,5,podcast,1,wind_down,22
23,night,5,1,social,friends_hangout,74,outside,95.0,65.2,3,0.69,102.4,fog,21.0,36.0,0,1,music,1,no_action,7
10,morning,5,1,none,none,999,home,89.7,80.3,7,0.18,5.2,rain,84.1,48.0,0,4,none,0,focus_session,5
6,morning,5,1,social,family_time,24,home,40.3,42.3,7,0.43,23.2,rain,5.9,49.3,1,5,music,0,start_commute,17
16,afternoon,3,0,health,gym,78,gym,29.5,93.7,3,0.88,22.5,clear,6.3,86.5,0,3,podcast,0,no_action,7
11,morning,2,0,work,presentation,47,work,28.9,100.0,2,3.88,56.0,snow,69.7,54.7,1,2,none,0,no_action,7
8,morning,5,1,social,date,139,home,36.1,100.0,1,3.27,55.7,clear,17.5,69.2,0,5,music,0,no_action,7
16,afternoon,0,0,work,presentation,32,work,81.4,94.7,3,0.86,99.1,clear,71.1,48.2,0,5,none,0,take_break,20
5,morning,0,0,health,medication_reminder,98,home,50.3,74.9,6,4.47,163.9,clear,6.6,89.5,0,0,podcast,1,no_action,7
10,morning,0,0,work,focus_work,67,work,19.5,35.0,6,0.59,30.1,fog,96.0,10.2,0,1,none,0,no_action,7
3,night,4,0,social,family_time,178,outside,14.1,55.8,10,1.18,47.3,rain,85.9,55.7,1,3,none,1,sleep_suggestion,15
3,night,4,0,social,family_time,35,home,29.1,59.8,2,2.41,39.0,clear,23.3,77.1,0,5,music,1,sleep_suggestion,15
20,evening,2,0,health,medication_reminder,14,commuting,63.2,47.4,4,2.19,98.1,clear,30.5,20.7,0,0,none,0,take_medication,21
7,morning,5,1,health,doctor_appointment,129,home,75.6,100.0,0,2.43,141.9,clear,6.9,81.4,1,2,music,0,no_action,7
19,evening,2,0,none,none,999,outside,72.5,89.6,7,1.71,104.6,clear,26.8,100.0,0,1,none,0,focus_session,5
19,evening,4,0,work,focus_work,-14,work,44.8,80.3,5,0.86,156.7,clear,64.0,31.9,0,3,music,0,send_late_message,13
1,night,3,0,none,none,999,home,45.4,100.0,4,3.66,74.9,clear,92.0,87.0,0,4,none,1,no_action,7
20,evening,6,1,none,none,999,home,46.9,55.3,5,8.0,2.0,clear,7.6,54.1,1,3,none,0,eat_something,1
3,night,5,1,none,none,999,home,73.9,81.3,10,0.01,51.3,rain,90.3,60.9,0,5,none,1,no_action,7
3,night,5,1,none,none,999,home,31.6,81.5,1,2.5,133.4,rain,12.0,100.0,0,3,podcast,1,sleep_suggestion,15
6,morning,2,0,school,exam,93,school,87.4,60.9,1,1.55,160.3,clear,72.5,63.7,0,0,podcast,0,study_for_class,18
9,morning,4,0,work,presentation,142,work,48.7,64.6,2,0.4,46.3,clear,63.7,55.1,0,4,none,0,no_action,7
6,morning,6,1,none,none,999,home,60.4,75.8,5,3.53,87.1,fog,25.5,100.0,1,1,none,0,no_action,7
12,afternoon,6,1,social,friends_hangout,16,commuting,12.8,25.0,6,1.17,135.0,clear,42.2,65.6,0,2,none,0,get_ready,6
19,evening,2,0,none,none,999,home,12.2,46.9,0,1.9,120.2,fog,87.5,62.7,1,0,music,0,read_email_alert,12
11,morning,0,0,none,none,999,home,49.2,43.6,7,0.44,156.4,snow,83.6,52.3,1,0,none,0,read_email_alert,12
2,night,5,1,none,none,999,home,10.6,63.1,7,1.03,130.3,clear,3.6,58.2,0,5,music,1,sleep_suggestion,15
11,morning,3,0,social,family_time,138,outside,31.4,70.8,8,2.96,62.1,rain,18.8,62.8,0,4,music,0,no_action,7
14,afternoon,0,0,work,focus_work,30,work,87.7,69.4,5,0.24,164.4,clear,97.1,62.9,1,0,music,0,take_break,20
12,afternoon,2,0,none,none,999,home,21.5,79.1,6,2.43,45.6,clear,45.8,76.7,1,3,podcast,0,read_email_alert,12
20,evening,0,0,health,medication_reminder,174,home,36.1,100.0,1,0.34,140.4,fog,80.9,75.6,1,3,music,0,no_action,7
16,afternoon,1,0,health,medication_reminder,165,home,77.8,96.2,7,0.31,144.7,clear,7.5,79.0,0,3,music,0,no_action,7
13,afternoon,1,0,work,team_meeting,94,work,77.2,70.0,9,0.27,59.2,clear,45.2,88.2,0,0,none,0,no_action,7
16,afternoon,6,1,social,date,-4,commuting,49.6,76.5,0,4.17,178.1,rain,61.9,49.1,1,2,music,0,suggest_repeat_action,19
13,afternoon,1,0,school,exam,57,school,79.6,45.6,3,2.45,134.5,clear,43.2,84.1,0,3,podcast,0,study_for_class,18
10,morning,0,0,school,exam,88,school,45.8,100.0,2,0.61,98.1,clear,15.6,57.3,0,0,none,0,study_for_class,18
14,afternoon,3,0,work,presentation,104,work,37.9,49.8,1,0.66,134.7,rain,12.5,100.0,0,2,none,0,take_break,20
9,morning,4,0,school,study_session,71,school,89.8,77.3,0,0.19,7.1,rain,45.7,77.4,0,0,none,0,study_for_class,18
18,evening,0,0,health,doctor_appointment,41,home,80.7,100.0,4,2.86,114.9,fog,30.3,61.1,0,4,music,0,no_action,7
17,evening,1,0,school,exam,158,school,78.2,94.2,1,3.3,164.3,clear,14.7,54.4,1,5,none,0,take_break,20
0,night,1,0,social,dinner,127,restaurant,55.7,96.0,10,3.15,157.9,clear,36.3,45.1,1,2,podcast,1,no_action,7
10,morning,1,0,work,deadline,177,work,60.0,90.4,4,2.04,67.6,rain,12.7,100.0,0,0,music,0,no_action,7
23,night,0,0,none,none,999,home,34.5,46.6,9,0.53,9.6,clear,40.5,78.2,1,5,none,1,sleep_suggestion,15
5,morning,4,0,social,dinner,-22,restaurant,91.2,89.9,4,0.19,174.7,rain,1.3,88.1,0,0,music,1,no_action,7
1,night,5,1,none,none,999,home,65.6,43.1,0,3.13,79.8,rain,90.8,42.2,1,2,music,1,no_action,7
9,morning,2,0,work,team_meeting,19,commuting,48.9,51.4,0,1.52,68.9,clear,63.3,78.3,0,4,podcast,0,play_podcast,10
14,afternoon,0,0,school,exam,154,school,76.3,59.9,1,3.08,168.1,clear,32.1,88.4,1,0,podcast,0,take_break,20
10,morning,2,0,school,lecture,117,school,92.1,58.3,1,0.11,132.1,clear,51.7,96.0,0,4,none,0,study_for_class,18
17,evening,5,1,social,dinner,122,restaurant,16.8,100.0,3,2.15,144.7,clear,49.2,83.1,0,2,none,0,no_action,7
22,night,5,1,none,none,999,home,23.6,72.4,5,0.93,54.3,clear,83.9,15.8,0,0,music,1,wind_down,22
7,morning,5,1,none,none,999,home,66.9,51.8,2,0.39,159.8,rain,76.5,71.8,0,3,podcast,0,exercise_suggestion,2
13,afternoon,5,1,work,team_meeting,172,work,25.5,98.3,10,3.49,163.3,clear,76.3,72.5,0,3,none,0,take_break,20
13,afternoon,1,0,work,team_meeting,28,work,98.3,22.9,7,0.56,142.4,rain,78.0,42.4,0,4,none,0,prepare_for_meeting,11
19,evening,2,0,none,none,999,outside,38.4,60.5,7,1.26,54.2,snow,73.2,56.5,0,3,none,0,no_action,7
17,evening,2,0,work,team_meeting,165,work,57.6,100.0,1,0.87,142.3,rain,48.6,70.3,0,4,none,0,take_break,20
2,night,2,0,none,none,999,home,72.2,91.1,8,2.3,18.8,clear,26.2,73.5,0,0,none,1,no_action,7
6,morning,2,0,work,presentation,83,work,46.6,52.4,3,0.33,28.9,clear,81.1,28.3,0,1,none,0,no_action,7
16,afternoon,5,1,health,doctor_appointment,107,home,81.8,69.3,4,0.34,64.4,fog,30.4,57.7,1,0,none,0,no_action,7
14,afternoon,4,0,school,study_session,116,school,31.6,91.4,9,3.61,150.1,clear,27.1,39.1,0,5,none,0,study_for_class,18
4,night,4,0,none,none,999,home,24.5,47.1,9,1.02,15.6,fog,70.5,33.9,0,0,none,1,sleep_suggestion,15
21,night,1,0,none,none,999,outside,44.6,100.0,9,1.36,159.8,fog,45.6,64.8,0,0,music,1,wind_down,22
18,evening,6,1,health,medication_reminder,63,outside,45.8,75.9,4,1.1,29.7,clear,89.0,77.4,1,1,podcast,0,no_action,7
0,night,3,0,social,family_time,116,home,85.1,72.8,2,2.78,143.5,rain,31.5,5.0,0,0,podcast,1,no_action,7
4,night,1,0,none,none,999,outside,50.5,67.8,4,0.57,127.2,rain,1.9,58.1,0,1,none,1,no_action,7
15,afternoon,3,0,work,presentation,83,work,99.7,63.7,2,1.14,64.6,clear,53.5,51.3,0,1,none,0,no_action,7
8,morning,6,1,none,none,999,home,19.6,57.1,5,3.91,17.6,clear,36.8,20.2,0,4,music,0,no_action,7
13,afternoon,2,0,social,dinner,84,restaurant,17.2,64.0,0,1.45,155.8,clear,82.4,100.0,0,1,music,0,no_action,7
11,morning,3,0,health,doctor_appointment,3,commuting,84.9,94.5,7,0.02,21.8,snow,83.8,60.1,1,3,music,0,find_parking,4
0,night,4,0,none,none,999,home,77.2,79.6,3,4.14,104.8,clear,93.7,42.8,0,4,none,1,no_action,7
12,afternoon,5,1,work,presentation,144,work,94.8,62.9,2,0.35,77.2,clear,94.5,100.0,0,5,none,0,no_action,7
16,afternoon,2,0,work,team_meeting,110,work,37.0,78.1,10,0.89,7.9,clear,90.9,62.0,0,5,none,0,no_action,7
14,afternoon,4,0,school,lecture,157,school,30.3,100.0,9,1.78,9.6,clear,81.3,77.8,1,1,music,0,no_action,7
1,night,1,0,social,date,25,outside,64.1,78.5,10,2.63,49.9,clear,94.7,100.0,0,0,none,1,start_commute,17
4,night,3,0,none,none,999,home,29.5,34.8,6,0.12,138.1,rain,41.5,61.8,0,1,music,1,sleep_suggestion,15
13,afternoon,0,0,work,presentation,-24,work,57.1,100.0,9,2.49,5.6,clear,74.4,31.7,0,1,music,0,send_late_message,13
17,evening,5,1,social,friends_hangout,90,outside,38.9,63.5,2,3.04,4.0,clear,93.3,88.9,0,5,music,0,no_action,7
10,morning,3,0,work,team_meeting,110,work,74.5,69.3,10,2.28,177.7,rain,76.4,15.2,1,1,music,0,take_break,20
16,afternoon,1,0,school,exam,71,school,62.5,73.3,4,0.79,64.2,clear,42.8,12.0,1,5,none,0,study_for_class,18
13,afternoon,0,0,none,none,999,home,33.6,100.0,10,0.21,95.9,rain,19.8,83.5,0,3,podcast,0,no_action,7
1,night,4,0,none,none,999,home,37.3,32.9,2,1.14,105.7,clear,70.1,21.9,0,5,podcast,1,sleep_suggestion,15
3,night,5,1,none,none,999,home,88.6,51.4,10,0.25,115.6,clear,18.4,50.5,1,4,podcast,1,no_action,7
2,night,0,0,none,none,999,home,28.2,83.2,6,0.08,11.3,clear,18.2,76.3,1,3,podcast,1,sleep_suggestion,15
2,night,5,1,school,lecture,-13,school,11.9,56.9,5,0.36,75.3,clear,9.9,87.1,1,4,none,1,sleep_suggestion,15
10,morning,5,1,social,friends_hangout,46,home,18.8,91.6,2,1.25,117.3,rain,82.0,93.1,0,1,music,0,no_action,7
2,night,5,1,school,exam,99,school,99.7,100.0,1,0.93,170.8,snow,59.0,42.0,0,5,podcast,1,study_for_class,18
18,evening,5,1,social,friends_hangout,105,home,67.7,74.7,10,0.2,173.9,rain,25.3,64.1,0,0,none,0,no_action,7
9,morning,5,1,none,none,999,outside,70.3,91.1,4,0.62,91.4,rain,18.6,72.9,0,4,none,0,focus_session,5
9,morning,0,0,none,none,999,home,24.2,99.2,10,1.59,6.5,clear,89.2,5.0,1,0,music,0,read_email_alert,12
22,night,3,0,social,family_time,51,home,67.7,13.0,6,3.9,60.7,rain,14.9,55.4,0,0,none,1,charge_phone,0
1,night,1,0,none,none,999,home,77.6,100.0,6,8.28,98.3,rain,62.7,47.0,1,4,music,1,eat_something,1
3,night,4,0,none,none,999,home,56.9,66.1,6,0.05,95.2,fog,71.4,53.4,0,3,music,1,no_action,7
19,evening,1,0,school,study_session,40,school,51.5,81.0,8,1.1,141.7,clear,37.9,88.4,0,4,none,0,study_for_class,18
9,morning,2,0,health,therapy,64,home,91.1,100.0,1,0.26,1.6,snow,1.7,51.5,0,5,none,0,no_action,7
9,morning,5,1,none,none,999,home,100.0,65.8,7,0.3,69.6,clear,49.2,85.9,1,4,music,0,read_email_alert,12
17,evening,2,0,social,friends_hangout,-15,commuting,83.0,73.7,1,4.65,134.9,clear,28.7,100.0,0,0,music,0,suggest_repeat_action,19
9,morning,4,0,work,presentation,32,commuting,68.4,76.1,10,6.69,24.0,clear,21.1,54.1,0,4,none,0,eat_something,1
22,night,5,1,social,dinner,43,restaurant,59.9,44.2,0,1.48,47.1,clear,87.3,97.0,1,2,podcast,1,no_action,7
3,night,6,1,work,deadline,163,work,37.4,50.8,5,0.78,155.0,rain,93.6,92.4,0,3,none,1,sleep_suggestion,15
8,morning,4,0,none,none,999,home,23.4,69.5,2,3.33,110.5,rain,8.1,46.4,1,3,none,0,read_email_alert,12
6,morning,2,0,school,lecture,63,school,90.8,100.0,2,1.67,28.4,clear,87.7,62.4,0,2,music,0,study_for_class,18
19,evening,1,0,work,deadline,-25,work,26.5,100.0,0,1.61,85.4,rain,99.5,51.1,1,4,none,0,send_late_message,13
12,afternoon,1,0,work,team_meeting,158,work,68.7,68.5,7,8.15,49.6,rain,61.3,53.4,0,2,none,0,eat_something,1
21,night,2,0,work,deadline,-14,work,45.5,75.3,3,4.86,135.0,clear,91.9,100.0,0,5,music,1,send_late_message,13
12,afternoon,0,0,health,therapy,139,outside,79.8,34.3,6,2.86,74.5,clear,29.1,67.2,1,4,none,0,no_action,7
14,afternoon,4,0,none,none,999,home,88.6,100.0,10,2.47,18.4,clear,68.4,65.2,0,4,none,0,focus_session,5
8,morning,2,0,school,exam,143,school,70.0,67.0,5,0.96,135.1,rain,2.8,100.0,1,0,none,0,take_break,20
16,afternoon,2,0,work,deadline,32,work,89.7,36.2,8,7.11,166.3,rain,36.0,81.8,0,3,none,0,eat_something,1
7,morning,6,1,social,friends_hangout,-29,commuting,42.9,49.8,8,0.04,73.6,rain,28.8,53.4,1,2,none,0,send_late_message,13
14,afternoon,1,0,none,none,999,outside,22.3,95.3,7,2.22,50.2,clear,58.7,29.8,0,1,music,0,no_action,7
15,afternoon,2,0,work,presentation,-3,work,33.7,69.0,5,0.28,161.3,clear,12.9,67.4,0,2,none,0,silence_phone,14
22,night,6,1,none,none,999,home,69.8,41.9,0,0.79,68.0,rain,43.6,21.7,0,5,none,1,wind_down,22
3,night,6,1,none,none,999,home,81.8,59.7,8,1.53,121.4,rain,89.8,56.8,1,5,music,1,no_action,7
9,morning,6,1,none,none,999,outside,11.6,86.9,7,4.17,106.1,rain,6.8,50.6,0,0,none,0,no_action,7
14,afternoon,2,0,work,deadline,63,work,91.0,85.8,7,0.37,132.6,clear,62.6,45.9,0,1,none,0,take_break,20
8,morning,5,1,none,none,999,home,66.1,56.6,4,0.39,142.4,clear,54.8,91.7,1,1,music,0,read_email_alert,12
3,night,3,0,none,none,999,outside,22.0,89.4,1,4.31,127.8,rain,72.0,59.7,1,5,podcast,1,sleep_suggestion,15
13,afternoon,0,0,none,none,999,home,76.1,59.7,9,2.1,139.7,rain,65.0,63.3,1,1,podcast,0,read_email_alert,12
2,night,5,1,none,none,999,outside,85.7,100.0,3,1.3,52.0,clear,51.2,13.5,1,2,none,1,no_action,7
0,night,0,0,social,friends_hangout,72,home,42.7,59.5,1,6.05,99.5,clear,51.9,100.0,1,1,music,1,sleep_suggestion,15
11,morning,0,0,work,deadline,7,work,51.8,38.8,9,0.65,172.9,clear,45.9,98.6,1,4,music,0,take_break,20
15,afternoon,2,0,none,none,999,home,96.4,60.0,0,1.32,16.8,rain,8.1,56.9,0,5,music,0,exercise_suggestion,2
18,evening,5,1,social,family_time,94,home,22.0,30.2,10,1.55,30.5,clear,38.1,88.9,0,1,podcast,0,no_action,7
3,night,6,1,none,none,999,home,22.4,97.1,1,10.0,118.3,clear,8.8,96.1,0,3,none,1,sleep_suggestion,15
8,morning,5,1,social,dinner,87,restaurant,94.0,40.7,0,0.24,167.1,clear,6.8,93.9,0,0,none,0,no_action,7
13,afternoon,3,0,social,family_time,175,home,25.6,69.9,7,1.29,152.0,rain,25.0,36.4,0,3,none,0,no_action,7
2,night,6,1,none,none,999,home,53.0,83.8,9,0.53,176.7,clear,16.2,58.6,0,1,music,1,no_action,7
16,afternoon,2,0,health,doctor_appointment,143,home,46.8,38.8,0,0.26,11.7,clear,17.3,43.4,0,2,podcast,0,no_action,7
23,night,4,0,none,none,999,outside,93.7,100.0,6,0.21,165.5,clear,89.5,20.7,0,0,none,1,wind_down,22
12,afternoon,3,0,school,lecture,75,school,35.2,52.0,8,1.19,135.0,fog,56.0,86.2,0,4,podcast,0,study_for_class,18
21,night,1,0,social,dinner,159,restaurant,60.9,49.1,9,0.44,68.2,rain,27.7,46.4,0,0,music,1,no_action,7
17,evening,6,1,none,none,999,outside,92.8,76.6,6,6.64,84.2,clear,32.8,87.5,1,0,none,0,eat_something,1
4,night,2,0,school,lecture,90,school,58.9,84.4,4,0.36,152.7,clear,57.0,72.3,0,2,none,1,study_for_class,18
19,evening,2,0,health,doctor_appointment,150,home,44.8,52.8,4,1.63,45.3,clear,46.1,69.5,1,3,podcast,0,no_action,7
20,evening,4,0,work,focus_work,133,work,10.2,50.1,2,0.16,32.1,clear,84.2,40.3,0,3,music,0,no_action,7
23,night,5,1,none,none,999,home,98.5,33.6,9,0.02,98.1,rain,90.9,100.0,1,1,music,1,wind_down,22
15,afternoon,6,1,none,none,999,home,38.7,68.5,0,0.9,150.9,fog,88.1,70.6,0,1,music,0,social_suggestion,16
20,evening,4,0,none,none,999,home,71.9,85.4,6,3.42,129.8,rain,9.9,67.5,0,5,music,0,wind_down,22
9,morning,2,0,social,date,149,home,52.6,77.8,7,0.38,161.5,clear,90.0,100.0,0,2,podcast,0,no_action,7
18,evening,6,1,social,friends_hangout,90,home,55.9,49.1,6,0.56,153.6,fog,41.5,30.9,1,0,podcast,0,no_action,7
14,afternoon,2,0,none,none,999,outside,60.7,67.2,5,2.6,162.8,clear,99.5,60.4,0,1,music,0,focus_session,5
3,night,6,1,none,none,999,outside,95.9,66.1,10,0.96,43.8,rain,97.6,98.1,0,2,none,1,no_action,7
5,morning,0,0,none,none,999,home,38.9,100.0,2,7.28,1.2,snow,74.0,94.8,1,1,music,1,eat_something,1
17,evening,0,0,work,deadline,123,work,56.3,98.5,10,2.7,95.1,snow,87.0,87.9,0,4,none,0,take_break,20
21,night,1,0,work,team_meeting,178,work,28.8,60.3,9,0.51,121.3,clear,72.4,54.4,0,4,music,1,take_break,20
17,evening,4,0,work,deadline,90,work,73.3,57.2,10,1.61,78.2,rain,27.5,62.6,0,1,none,0,no_action,7
1,night,1,0,none,none,999,home,59.1,52.6,8,1.51,166.0,clear,5.4,62.1,0,3,music,1,no_action,7
6,morning,5,1,none,none,999,home,71.6,100.0,9,1.99,178.9,snow,64.5,46.1,0,2,music,0,exercise_suggestion,2
13,afternoon,6,1,social,friends_hangout,19,commuting,74.0,82.3,10,3.61,24.5,clear,73.5,85.9,1,5,podcast,0,suggest_repeat_action,19
21,night,4,0,work,team_meeting,121,work,21.2,100.0,2,0.88,158.3,clear,61.4,71.7,0,2,none,1,take_break,20
3,night,3,0,none,none,999,home,81.9,39.7,8,0.87,33.6,clear,68.2,57.7,1,4,music,1,no_action,7
22,night,2,0,none,none,999,outside,93.8,36.0,1,3.52,146.0,clear,77.2,44.1,0,0,music,1,wind_down,22
2,night,2,0,none,none,999,home,60.6,100.0,4,2.05,85.0,snow,5.1,71.0,0,3,none,1,no_action,7
0,night,6,1,none,none,999,home,99.4,73.3,8,0.45,111.1,clear,32.5,51.3,0,2,podcast,1,no_action,7
2,night,0,0,none,none,999,outside,30.8,61.0,8,2.92,139.8,clear,71.7,77.7,0,2,podcast,1,sleep_suggestion,15
0,night,0,0,none,none,999,home,88.6,49.2,1,5.41,47.8,fog,2.3,77.6,1,2,none,1,no_action,7
10,morning,3,0,none,none,999,outside,28.2,74.2,0,0.02,143.1,rain,45.5,60.3,1,2,podcast,0,read_email_alert,12
11,morning,5,1,none,none,999,outside,27.1,91.0,10,3.3,7.4,rain,2.9,15.0,0,3,podcast,0,no_action,7
19,evening,5,1,social,friends_hangout,173,home,76.9,67.5,9,0.48,135.8,clear,59.9,46.9,1,4,none,0,no_action,7
0,night,6,1,social,date,52,outside,17.0,60.6,7,6.67,161.4,clear,76.7,67.2,1,1,none,1,sleep_suggestion,15
23,night,5,1,none,none,999,home,37.4,65.5,2,2.77,38.0,clear,7.5,17.6,0,1,none,1,sleep_suggestion,15
4,night,5,1,social,family_time,154,home,21.5,92.9,1,1.91,57.5,fog,44.1,62.4,0,5,music,1,sleep_suggestion,15
7,morning,2,0,school,assignment_due,141,school,61.4,75.0,10,1.11,1.4,clear,9.7,63.2,0,5,none,0,no_action,7
23,night,4,0,none,none,999,home,28.8,54.7,3,3.1,114.1,fog,42.8,75.4,0,1,none,1,sleep_suggestion,15
2,night,0,0,none,none,999,home,80.5,58.2,7,1.07,160.1,clear,44.8,59.2,0,5,none,1,no_action,7
9,morning,5,1,none,none,999,outside,15.2,58.8,10,0.54,111.8,clear,72.0,66.5,0,1,none,0,no_action,7
0,night,2,0,none,none,999,home,97.6,62.7,5,1.49,129.5,clear,64.6,37.4,0,1,none,1,no_action,7
15,afternoon,5,1,none,none,999,home,50.7,70.3,4,1.25,6.7,snow,41.9,100.0,0,5,none,0,social_suggestion,16
3,night,1,0,none,none,999,outside,25.2,92.5,2,0.67,91.1,clear,40.1,5.0,1,2,podcast,1,sleep_suggestion,15
6,morning,1,0,work,focus_work,-2,commuting,56.6,79.0,2,0.58,66.9,clear,29.0,86.4,0,4,music,0,play_music,9
18,evening,4,0,work,deadline,37,work,29.2,58.7,5,3.13,100.7,rain,12.6,79.6,0,3,music,0,take_break,20
1,night,6,1,health,gym,25,gym,81.9,100.0,2,0.44,116.9,fog,17.0,53.0,0,4,none,1,no_action,7
11,morning,1,0,work,deadline,50,work,33.1,83.1,4,3.39,66.1,clear,22.6,66.9,0,2,none,0,no_action,7
6,morning,4,0,work,focus_work,112,work,75.1,97.2,9,0.13,167.4,clear,67.3,45.4,0,3,music,0,take_break,20
9,morning,0,0,school,study_session,-1,commuting,66.9,70.5,3,0.0,66.6,clear,6.4,73.0,1,0,music,0,play_music,9
10,morning,1,0,none,none,999,home,90.0,82.3,0,2.14,8.6,clear,43.3,24.1,1,0,none,0,read_email_alert,12
9,morning,0,0,work,team_meeting,-5,commuting,41.8,50.1,4,2.9,171.0,rain,83.2,48.4,0,5,podcast,0,play_podcast,10
22,night,1,0,none,none,999,home,19.7,85.8,5,8.91,28.6,clear,96.0,65.0,1,4,podcast,1,eat_something,1
17,evening,0,0,none,none,999,outside,73.3,69.5,1,7.25,15.3,clear,76.5,42.5,0,4,podcast,0,eat_something,1
1,night,6,1,none,none,999,outside,15.6,60.5,2,2.75,80.6,fog,97.5,52.4,1,0,none,1,sleep_suggestion,15
23,night,4,0,none,none,999,outside,66.7,24.8,0,9.42,103.3,clear,99.8,79.8,1,5,podcast,1,eat_something,1
0,night,5,1,none,none,999,home,97.0,86.2,7,5.25,112.0,fog,35.5,76.6,1,5,music,1,no_action,7
13,afternoon,0,0,school,lecture,62,school,12.9,98.8,0,0.36,165.9,clear,60.5,73.8,0,2,podcast,0,study_for_class,18
4,night,5,1,none,none,999,home,31.5,81.4,5,2.81,141.0,clear,12.1,100.0,0,3,none,1,sleep_suggestion,15
7,morning,3,0,school,lecture,177,school,71.7,89.6,5,2.55,152.7,clear,83.3,78.3,0,2,music,0,take_break,20
7,morning,3,0,health,medication_reminder,145,home,33.4,94.8,9,0.91,179.5,rain,3.9,73.5,0,5,music,0,no_action,7
12,afternoon,4,0,school,assignment_due,67,school,73.8,85.4,9,2.63,98.5,rain,10.1,100.0,1,1,none,0,take_break,20
13,afternoon,2,0,none,none,999,outside,10.5,100.0,9,0.09,90.1,clear,9.9,46.4,1,1,podcast,0,read_email_alert,12
11,morning,5,1,health,therapy,48,home,83.7,33.3,9,0.43,52.4,clear,2.6,90.3,1,4,music,0,no_action,7
0,night,1,0,none,none,999,outside,14.3,61.3,1,0.54,133.6,clear,8.9,75.3,0,2,music,1,sleep_suggestion,15
5,morning,0,0,none,none,999,outside,26.5,100.0,3,0.7,90.4,clear,16.4,47.0,0,5,none,1,no_action,7
8,morning,6,1,social,dinner,-3,restaurant,66.9,86.5,10,0.01,92.8,rain,57.5,82.7,0,3,none,0,no_action,7
21,night,0,0,work,focus_work,110,work,82.9,94.6,1,0.7,8.3,snow,21.4,74.0,0,1,none,1,no_action,7
1,night,3,0,none,none,999,outside,26.8,100.0,2,0.33,55.4,clear,85.0,45.8,1,4,none,1,sleep_suggestion,15
0,night,2,0,none,none,999,home,36.7,49.7,9,1.35,18.2,clear,25.9,100.0,0,3,podcast,1,sleep_suggestion,15
12,afternoon,3,0,work,team_meeting,114,work,37.2,26.6,5,2.63,18.0,clear,3.5,41.9,0,1,none,0,no_action,7
20,evening,4,0,school,assignment_due,136,school,70.2,57.8,6,0.16,147.0,rain,64.7,36.4,0,2,podcast,0,take_break,20
8,morning,1,0,work,team_meeting,35,commuting,79.3,100.0,0,1.94,71.9,clear,26.1,5.0,0,0,none,0,find_gas_station,3
4,night,6,1,none,none,999,home,99.4,33.9,9,2.13,126.6,clear,50.4,89.8,0,1,podcast,1,no_action,7
10,morning,0,0,school,assignment_due,110,school,11.6,82.6,7,0.64,159.5,rain,75.0,59.6,0,3,podcast,0,take_break,20
9,morning,0,0,work,focus_work,96,work,30.1,77.8,6,3.13,111.3,snow,44.0,56.5,0,2,none,0,take_break,20
22,night,6,1,none,none,999,outside,20.8,79.3,4,0.57,172.4,rain,89.1,56.4,0,0,none,1,wind_down,22
3,night,1,0,school,study_session,179,school,99.4,56.9,2,0.51,156.5,clear,87.2,47.4,1,4,music,1,take_break,20
9,morning,2,0,health,medication_reminder,136,home,19.5,55.8,1,1.62,163.3,fog,24.9,26.5,0,3,none,0,no_action,7
0,night,6,1,school,exam,80,school,30.7,63.8,5,10.0,53.0,snow,93.0,46.9,1,0,podcast,1,sleep_suggestion,15
2,night,6,1,none,none,999,outside,37.6,98.5,2,4.23,25.8,clear,13.5,43.8,0,5,podcast,1,sleep_suggestion,15
20,evening,5,1,social,dinner,110,restaurant,97.5,37.6,2,0.73,107.8,clear,59.7,26.7,1,0,none,0,no_action,7
9,morning,1,0,work,presentation,53,commuting,78.4,56.1,10,0.04,11.5,clear,15.5,29.8,0,4,podcast,0,play_podcast,10
5,morning,4,0,social,family_time,69,home,92.4,100.0,10,0.62,12.9,fog,66.0,20.2,0,1,music,1,no_action,7
5,morning,1,0,none,none,999,home,33.6,100.0,4,5.63,24.8,fog,64.1,74.9,0,3,music,1,no_action,7
13,afternoon,4,0,work,deadline,144,work,55.0,100.0,8,3.73,86.9,rain,55.4,64.1,0,1,music,0,no_action,7
17,evening,5,1,health,doctor_appointment,21,outside,13.4,100.0,6,0.91,174.2,clear,26.2,17.0,0,0,music,0,start_commute,17
4,night,5,1,none,none,999,outside,25.7,81.2,8,2.56,55.3,rain,40.4,33.8,0,0,podcast,1,sleep_suggestion,15
8,morning,2,0,health,gym,46,gym,34.9,51.7,7,2.37,32.5,clear,30.5,78.1,1,5,music,0,no_action,7
8,morning,0,0,work,focus_work,-12,commuting,89.5,61.9,10,0.85,8.1,clear,53.3,13.4,0,3,podcast,0,find_gas_station,3
14,afternoon,2,0,work,focus_work,96,work,35.5,40.5,10,3.58,96.4,fog,54.5,57.2,1,0,music,0,take_break,20
10,morning,2,0,health,gym,89,gym,67.4,90.8,6,0.19,25.6,fog,44.2,75.7,1,1,podcast,0,no_action,7
9,morning,4,0,work,deadline,167,work,47.5,67.1,3,1.89,164.9,clear,78.6,75.1,0,5,none,0,take_break,20
8,morning,2,0,social,friends_hangout,-24,commuting,21.9,82.8,0,0.34,36.3,clear,45.0,50.3,0,3,music,0,send_late_message,13
2,night,4,0,none,none,999,home,28.3,64.5,4,0.56,44.7,clear,87.9,66.5,0,0,none,1,sleep_suggestion,15
18,evening,5,1,social,dinner,-16,restaurant,35.9,80.6,0,0.68,20.6,clear,45.8,30.3,0,3,podcast,0,send_late_message,13
11,morning,2,0,work,focus_work,54,work,60.7,85.8,3,7.9,2.4,snow,87.8,40.0,1,2,music,0,eat_something,1
11,morning,0,0,work,focus_work,39,work,50.8,58.8,6,0.27,76.2,rain,11.7,46.0,1,5,podcast,0,no_action,7
18,evening,6,1,none,none,999,outside,43.0,50.5,8,1.44,60.7,clear,54.0,80.5,0,5,music,0,social_suggestion,16
10,morning,0,0,work,focus_work,77,work,71.5,85.4,9,0.96,106.3,rain,50.1,71.8,0,1,none,0,take_break,20
9,morning,3,0,school,exam,92,school,76.6,84.8,2,0.9,0.6,fog,63.1,86.6,0,1,none,0,study_for_class,18
9,morning,4,0,work,deadline,23,commuting,99.3,87.3,5,0.19,85.2,clear,27.8,22.0,1,0,music,0,play_music,9
18,evening,6,1,none,none,999,home,59.5,86.0,5,1.03,6.1,rain,57.2,25.0,0,5,none,0,social_suggestion,16
15,afternoon,6,1,health,therapy,-27,commuting,78.5,70.4,0,0.2,149.9,clear,68.2,62.6,0,3,music,0,suggest_repeat_action,19
10,morning,2,0,school,exam,136,school,62.8,39.9,4,0.91,125.1,clear,25.0,80.7,1,2,none,0,take_break,20
8,morning,5,1,none,none,999,outside,97.7,55.2,2,4.08,11.6,clear,10.8,86.1,0,1,podcast,0,exercise_suggestion,2
22,night,5,1,work,presentation,7,work,79.7,70.6,9,1.79,26.0,fog,69.6,85.7,0,1,podcast,1,prepare_for_meeting,11
13,afternoon,3,0,school,assignment_due,24,school,52.0,70.7,8,0.21,88.9,snow,95.8,12.8,1,0,none,0,no_action,7
3,night,6,1,none,none,999,outside,98.0,81.4,9,1.36,108.0,clear,13.1,95.2,1,3,none,1,no_action,7
4,night,4,0,none,none,999,home,40.0,74.1,9,3.21,77.5,clear,21.7,78.9,0,2,music,1,sleep_suggestion,15
18,evening,4,0,health,therapy,0,commuting,84.7,66.8,0,1.04,54.5,fog,24.0,100.0,0,5,music,0,find_parking,4
15,afternoon,5,1,social,dinner,3,restaurant,74.9,98.2,3,1.17,60.1,clear,83.4,37.9,1,2,none,0,no_action,7
1,night,0,0,social,date,107,home,92.8,9.8,8,1.04,107.3,clear,69.4,85.5,0,0,music,1,charge_phone,0
0,night,1,0,work,deadline,148,work,90.5,41.2,1,3.78,137.7,clear,6.8,73.8,0,5,podcast,1,take_break,20
4,night,6,1,none,none,999,home,12.0,67.2,2,4.85,127.2,rain,9.0,52.6,0,2,podcast,1,sleep_suggestion,15
21,night,0,0,none,none,999,outside,93.3,34.4,4,0.88,113.5,fog,94.9,100.0,0,4,music,1,wind_down,22
4,night,5,1,school,study_session,90,school,19.5,73.8,0,1.6,129.8,clear,75.5,59.2,1,4,podcast,1,sleep_suggestion,15
2,night,3,0,none,none,999,home,48.9,31.4,1,6.96,47.3,snow,78.3,100.0,0,4,none,1,eat_something,1
6,morning,0,0,school,study_session,-28,commuting,53.5,72.9,4,3.8,153.0,rain,92.6,73.6,0,4,podcast,0,send_late_message,13
23,night,5,1,social,dinner,72,restaurant,35.2,43.8,7,0.81,172.5,clear,75.0,66.5,0,5,none,1,sleep_suggestion,15
9,morning,3,0,none,none,999,home,85.6,100.0,0,0.85,64.3,rain,31.9,45.2,0,1,music,0,exercise_suggestion,2
19,evening,2,0,none,none,999,home,78.4,88.8,0,0.68,3.0,snow,73.4,61.2,0,5,music,0,exercise_suggestion,2
6,morning,0,0,school,exam,111,school,37.2,55.5,7,2.11,138.8,clear,37.7,61.0,0,4,podcast,0,study_for_class,18
22,night,4,0,none,none,999,outside,38.8,36.9,5,0.36,146.8,fog,96.6,53.5,1,1,podcast,1,wind_down,22
4,night,4,0,none,none,999,home,97.0,55.1,0,0.04,116.7,clear,44.1,84.3,0,4,podcast,1,no_action,7
14,afternoon,1,0,school,exam,138,school,76.6,79.7,7,0.4,136.2,clear,22.0,54.9,0,3,music,0,take_break,20
1,night,2,0,none,none,999,home,47.2,36.8,8,1.8,124.2,clear,40.8,52.9,0,2,music,1,no_action,7
20,evening,1,0,work,presentation,162,work,49.3,77.0,10,2.11,28.7,fog,26.8,89.4,0,1,music,0,no_action,7
2,night,4,0,none,none,999,home,50.7,88.4,10,1.38,62.7,rain,86.1,59.1,0,5,podcast,1,no_action,7
14,afternoon,2,0,school,study_session,114,school,90.5,78.5,1,0.4,3.9,clear,77.5,42.5,0,4,podcast,0,study_for_class,18
9,morning,0,0,health,therapy,84,home,59.9,80.5,1,0.13,123.9,clear,85.3,83.8,0,0,podcast,0,no_action,7
1,night,4,0,none,none,999,home,47.1,42.4,10,0.64,66.1,clear,18.0,78.5,0,3,none,1,no_action,7
9,morning,5,1,none,none,999,home,18.2,44.7,7,2.85,154.5,clear,6.0,58.7,0,0,podcast,0,no_action,7
17,evening,4,0,health,doctor_appointment,22,home,96.3,32.2,3,2.6,61.4,fog,25.6,48.4,0,1,podcast,0,start_commute,17
5,morning,5,1,work,presentation,143,work,13.6,79.2,1,1.69,167.2,snow,73.5,59.8,0,4,none,1,take_break,20
15,afternoon,1,0,social,dinner,74,restaurant,58.5,81.1,3,2.57,144.7,rain,96.4,93.1,0,0,none,0,no_action,7
14,afternoon,5,1,none,none,999,home,41.2,69.1,9,4.04,144.7,rain,10.3,38.0,0,4,none,0,social_suggestion,16
8,morning,3,0,work,presentation,110,work,37.4,92.5,9,3.01,143.6,clear,55.9,82.1,0,3,music,0,take_break,20
19,evening,4,0,social,dinner,20,restaurant,73.7,78.4,1,9.39,107.4,clear,33.1,27.7,0,3,none,0,eat_something,1
14,afternoon,1,0,health,therapy,133,home,42.2,89.3,3,1.81,104.7,rain,40.2,71.7,0,0,podcast,0,no_action,7
15,afternoon,3,0,work,team_meeting,77,work,40.1,73.6,7,2.04,135.1,rain,75.7,66.9,1,1,music,0,take_break,20
8,morning,6,1,social,dinner,81,restaurant,19.5,64.2,9,0.21,100.1,rain,63.8,80.3,0,0,music,0,no_action,7
14,afternoon,4,0,none,none,999,outside,92.1,84.5,6,7.02,147.3,clear,70.6,100.0,0,3,podcast,0,eat_something,1
2,night,1,0,none,none,999,home,11.0,96.0,3,1.33,136.4,clear,9.9,64.5,0,3,music,1,sleep_suggestion,15
9,morning,4,0,school,assignment_due,30,commuting,92.8,60.4,0,2.15,82.1,clear,4.3,47.5,0,1,podcast,0,play_podcast,10
10,morning,0,0,work,focus_work,46,work,20.6,66.6,10,3.75,5.4,clear,59.8,67.4,0,2,podcast,0,no_action,7
2,night,4,0,none,none,999,home,17.1,68.9,1,0.9,61.7,clear,6.7,51.6,0,4,music,1,sleep_suggestion,15
3,night,5,1,none,none,999,home,42.0,62.4,6,3.55,175.3,rain,48.0,85.3,0,0,none,1,sleep_suggestion,15
12,afternoon,6,1,social,dinner,100,restaurant,24.6,77.5,3,2.08,163.4,clear,12.8,50.7,0,1,podcast,0,no_action,7
0,night,3,0,none,none,999,outside,46.5,66.6,8,0.35,78.1,clear,1.2,100.0,0,5,none,1,no_action,7
10,morning,6,1,none,none,999,home,39.8,76.2,1,1.06,175.7,fog,51.7,62.9,1,3,podcast,0,read_email_alert,12
4,night,4,0,none,none,999,home,25.0,37.8,8,2.13,127.9,clear,43.3,61.5,1,0,music,1,sleep_suggestion,15
10,morning,3,0,none,none,999,home,60.2,85.9,3,2.05,131.7,rain,6.8,100.0,0,0,none,0,no_action,7
6,morning,5,1,health,medication_reminder,16,commuting,12.9,78.9,1,0.51,176.2,rain,9.7,80.3,0,3,music,0,play_music,9
12,afternoon,4,0,school,assignment_due,-1,school,65.7,72.6,4,0.74,148.7,clear,5.2,54.7,0,2,music,0,take_break,20
15,afternoon,2,0,work,presentation,-12,work,40.7,81.0,7,1.79,10.5,clear,96.6,62.1,1,3,none,0,send_late_message,13
8,morning,6,1,none,none,999,home,28.0,71.0,9,3.69,91.0,rain,43.1,79.8,0,2,none,0,no_action,7
9,morning,2,0,school,exam,-18,commuting,34.8,94.1,3,0.02,132.7,clear,22.5,58.0,0,0,none,0,play_music,9
11,morning,3,0,work,team_meeting,86,work,94.7,53.3,8,3.01,164.9,clear,35.8,69.8,0,2,music,0,take_break,20
7,morning,1,0,school,exam,112,school,76.5,100.0,2,3.54,46.0,clear,36.8,66.6,1,4,none,0,study_for_class,18
9,morning,1,0,work,presentation,96,work,94.9,100.0,2,4.46,151.4,clear,87.6,67.1,0,5,podcast,0,take_break,20
19,evening,1,0,health,medication_reminder,72,home,14.5,45.6,1,1.32,70.5,rain,91.1,43.4,0,4,podcast,0,no_action,7
10,morning,6,1,social,friends_hangout,30,home,96.0,100.0,10,1.0,111.8,clear,80.6,100.0,0,3,music,0,start_commute,17
11,morning,4,0,work,team_meeting,40,work,39.7,35.5,7,1.74,128.1,rain,6.5,90.6,0,5,music,0,take_break,20
15,afternoon,4,0,work,deadline,133,work,71.1,100.0,6,2.2,154.1,fog,45.0,66.1,0,3,podcast,0,take_break,20
4,night,1,0,none,none,999,outside,54.4,100.0,3,2.13,178.1,rain,33.8,75.3,0,5,none,1,no_action,7
1,night,5,1,none,none,999,home,36.2,65.2,9,7.56,51.8,clear,42.5,70.3,0,1,music,1,sleep_suggestion,15
17,evening,2,0,health,therapy,67,home,46.6,48.1,7,2.01,11.3,clear,91.3,70.7,0,3,music,0,no_action,7
11,morning,4,0,school,exam,8,school,96.9,84.1,1,2.17,103.4,clear,98.6,71.1,0,1,none,0,take_break,20
22,night,3,0,none,none,999,home,49.5,95.7,0,0.91,59.1,clear,76.2,79.5,0,4,podcast,1,wind_down,22
5,morning,3,0,none,none,999,home,50.7,71.4,1,4.18,87.7,clear,6.4,65.7,0,4,none,1,no_action,7
12,afternoon,1,0,school,study_session,100,school,93.0,47.5,5,4.6,26.8,clear,98.2,65.3,0,3,none,0,study_for_class,18
13,afternoon,3,0,none,none,999,home,82.0,100.0,1,1.73,135.1,rain,51.2,63.5,0,0,none,0,exercise_suggestion,2
9,morning,4,0,school,lecture,153,school,45.8,100.0,7,0.86,91.9,clear,80.4,20.4,0,2,music,0,take_break,20
9,morning,3,0,work,team_meeting,86,work,39.2,100.0,5,0.4,55.2,clear,9.2,30.4,0,2,none,0,no_action,7
9,morning,6,1,none,none,999,home,74.6,66.6,0,0.05,141.3,rain,12.0,66.1,1,3,none,0,read_email_alert,12
1,night,5,1,social,friends_hangout,52,home,62.2,26.3,0,1.8,163.3,snow,0.3,82.6,0,2,none,1,no_action,7
8,morning,4,0,school,study_session,148,school,99.5,68.5,9,1.06,69.5,rain,67.5,41.9,0,4,music,0,no_action,7
5,morning,1,0,none,none,999,outside,24.8,50.9,5,0.18,0.2,clear,37.9,70.8,0,4,none,1,no_action,7
12,afternoon,5,1,none,none,999,home,28.9,97.2,6,4.63,145.0,fog,76.9,64.9,0,0,music,0,no_action,7
0,night,5,1,health,therapy,96,home,86.4,100.0,0,4.33,83.8,clear,26.8,54.9,0,5,music,1,no_action,7
4,night,2,0,none,none,999,home,42.2,81.4,0,3.45,65.2,rain,31.5,37.4,1,3,none,1,sleep_suggestion,15
15,afternoon,4,0,work,focus_work,88,work,39.6,100.0,5,3.63,43.4,fog,61.2,74.6,1,3,none,0,no_action,7
14,afternoon,5,1,health,gym,139,gym,86.6,61.5,6,6.93,125.0,clear,13.8,12.4,0,2,podcast,0,eat_something,1
3,night,5,1,none,none,999,home,59.5,65.1,0,0.7,1.6,rain,63.4,84.7,1,2,none,1,no_action,7
12,afternoon,2,0,social,date,137,home,49.3,90.1,10,0.88,177.6,clear,52.6,46.3,1,2,podcast,0,no_action,7
5,morning,4,0,none,none,999,outside,28.0,52.9,5,2.89,24.3,clear,37.6,76.5,0,1,none,1,no_action,7
23,night,6,1,none,none,999,outside,15.4,42.2,3,0.04,48.2,clear,77.8,75.7,0,2,music,1,sleep_suggestion,15
15,afternoon,6,1,health,therapy,176,home,14.0,70.7,7,3.94,78.3,clear,71.3,72.2,0,3,none,0,no_action,7
11,morning,2,0,social,family_time,178,home,65.7,63.7,6,2.62,175.5,clear,76.7,100.0,1,2,none,0,no_action,7
22,night,4,0,none,none,999,home,89.2,100.0,7,3.54,23.0,clear,33.4,76.8,1,0,podcast,1,wind_down,22
6,morning,2,0,none,none,999,home,24.7,77.2,3,0.51,32.3,rain,65.5,57.5,0,4,none,0,no_action,7
6,morning,3,0,school,assignment_due,0,commuting,86.7,77.5,5,0.23,47.9,clear,73.8,59.2,0,5,none,0,find_parking,4
20,evening,0,0,school,lecture,174,school,72.9,59.3,9,0.21,7.9,fog,99.2,34.8,1,3,podcast,0,no_action,7
1,night,2,0,social,date,95,outside,79.9,53.4,8,2.48,99.2,fog,69.9,97.2,1,4,podcast,1,no_action,7
13,afternoon,4,0,health,medication_reminder,114,outside,42.0,38.8,9,1.02,167.8,rain,0.1,57.2,0,4,podcast,0,no_action,7
10,morning,6,1,health,gym,35,gym,53.1,81.1,0,7.45,97.1,clear,48.1,69.4,0,0,music,0,eat_something,1
18,evening,2,0,work,focus_work,145,work,88.0,48.0,7,3.06,104.5,fog,29.6,61.6,0,3,none,0,take_break,20
3,night,3,0,school,assignment_due,111,school,84.8,89.1,10,3.12,99.6,rain,7.4,54.9,0,2,podcast,1,take_break,20
0,night,1,0,health,medication_reminder,24,home,56.2,78.8,9,2.08,72.9,clear,44.4,84.6,1,3,music,1,start_commute,17
20,evening,6,1,social,dinner,57,restaurant,23.0,94.2,1,0.68,172.1,clear,6.3,61.4,0,5,music,0,no_action,7
13,afternoon,4,0,work,team_meeting,89,work,38.5,74.8,6,3.29,131.9,clear,52.0,46.6,0,2,none,0,take_break,20
0,night,2,0,none,none,999,outside,86.8,72.5,10,0.17,10.1,clear,40.0,91.5,0,4,none,1,no_action,7
4,night,6,1,work,deadline,81,work,67.3,83.8,9,3.61,158.7,clear,19.4,82.2,0,4,music,1,take_break,20
19,evening,5,1,none,none,999,home,82.8,72.8,10,0.59,119.7,clear,17.3,67.0,0,2,none,0,focus_session,5
3,night,0,0,school,assignment_due,138,school,71.6,49.2,9,0.22,16.2,rain,96.4,63.1,1,1,podcast,1,no_action,7
4,night,5,1,none,none,999,outside,61.1,91.7,0,1.51,130.3,fog,99.5,64.4,0,5,music,1,no_action,7
0,night,5,1,school,study_session,165,school,47.7,98.6,0,0.26,38.7,clear,34.4,35.0,0,0,none,1,no_action,7
9,morning,3,0,none,none,999,outside,43.8,63.2,4,0.08,118.3,fog,46.0,96.9,0,5,music,0,no_action,7
5,morning,2,0,none,none,999,home,31.8,52.5,9,3.72,96.2,clear,26.6,57.7,0,3,none,1,no_action,7
5,morning,0,0,social,date,26,home,40.4,46.0,5,0.04,126.6,clear,12.5,47.8,0,0,podcast,1,start_commute,17
17,evening,3,0,health,doctor_appointment,-15,commuting,94.6,77.4,1,0.21,173.4,rain,91.3,56.4,0,0,music,0,suggest_repeat_action,19
7,morning,1,0,work,deadline,116,work,17.5,32.3,4,3.74,106.7,clear,14.4,59.5,0,3,none,0,take_break,20
8,morning,2,0,work,focus_work,176,work,30.2,63.8,7,1.06,129.5,clear,74.2,73.0,0,0,none,0,take_break,20
14,afternoon,3,0,work,deadline,-16,work,63.6,87.9,9,1.58,27.8,rain,72.4,36.9,0,1,music,0,send_late_message,13
3,night,6,1,none,none,999,outside,75.3,77.0,3,0.23,129.2,fog,65.5,67.3,0,4,none,1,no_action,7
0,night,5,1,none,none,999,home,54.6,76.5,0,0.57,169.7,snow,86.1,37.5,0,3,podcast,1,no_action,7
11,morning,0,0,work,presentation,115,work,57.8,50.5,3,2.99,85.6,snow,81.9,76.7,0,1,music,0,no_action,7
9,morning,4,0,work,focus_work,134,work,33.6,42.8,9,0.41,14.6,snow,61.5,59.3,0,5,podcast,0,no_action,7
4,night,2,0,none,none,999,home,53.5,100.0,0,3.69,149.9,clear,51.9,29.9,0,4,none,1,no_action,7
17,evening,0,0,none,none,999,home,46.1,100.0,7,1.65,62.5,clear,15.3,75.6,1,1,podcast,0,read_email_alert,12
6,morning,6,1,health,medication_reminder,25,home,88.3,64.9,4,5.0,128.9,rain,29.0,74.2,1,0,none,0,start_commute,17
18,evening,1,0,school,assignment_due,-6,school,37.4,96.4,8,0.35,168.0,rain,29.1,50.3,0,4,none,0,take_break,20
4,night,0,0,none,none,999,outside,17.1,75.3,2,1.31,75.4,snow,56.4,45.7,0,1,none,1,sleep_suggestion,15
6,morning,4,0,work,presentation,13,commuting,19.8,89.2,7,1.11,169.0,rain,9.6,49.0,0,4,music,0,play_music,9
4,night,1,0,none,none,999,home,47.6,64.6,6,0.39,9.6,clear,25.5,46.4,1,3,music,1,no_action,7
10,morning,4,0,none,none,999,home,55.6,97.5,7,2.21,69.5,clear,11.6,65.3,0,3,music,0,no_action,7
12,afternoon,0,0,health,therapy,-29,commuting,46.3,100.0,9,0.91,163.5,clear,28.1,73.5,0,0,music,0,suggest_repeat_action,19
15,afternoon,6,1,social,date,20,home,63.8,77.4,9,0.3,121.6,rain,33.3,68.0,0,1,none,0,start_commute,17
10,morning,5,1,none,none,999,home,94.4,56.9,2,0.96,143.4,clear,34.0,88.9,0,0,music,0,exercise_suggestion,2
2,night,0,0,school,assignment_due,-7,school,58.6,7.9,8,0.63,125.3,snow,79.4,27.3,0,1,music,1,charge_phone,0
14,afternoon,1,0,none,none,999,outside,10.0,97.9,3,0.65,136.5,clear,45.9,46.2,0,2,music,0,no_action,7
14,afternoon,2,0,none,none,999,home,77.8,78.7,1,6.2,140.0,snow,47.6,40.7,1,1,none,0,eat_something,1
1,night,3,0,school,lecture,30,school,56.0,69.8,0,7.18,168.3,fog,36.6,53.7,0,1,none,1,eat_something,1
14,afternoon,4,0,social,family_time,107,home,36.4,56.3,4,4.31,31.3,clear,89.1,60.7,0,4,none,0,no_action,7
19,evening,2,0,school,lecture,96,school,16.1,44.3,8,0.83,54.2,clear,72.5,37.6,0,0,none,0,study_for_class,18
23,night,1,0,none,none,999,outside,86.8,39.2,7,0.31,125.6,rain,34.2,100.0,0,2,none,1,wind_down,22
14,afternoon,3,0,work,deadline,29,work,67.7,65.0,9,1.24,96.6,clear,73.4,34.5,0,0,none,0,take_break,20
16,afternoon,1,0,health,therapy,-10,commuting,14.2,60.5,1,3.34,7.4,rain,77.8,69.6,0,3,podcast,0,suggest_repeat_action,19
5,morning,6,1,none,none,999,home,48.5,93.4,0,1.43,72.1,clear,77.1,100.0,0,0,podcast,1,no_action,7
1,night,6,1,none,none,999,outside,49.3,69.1,4,1.31,12.2,rain,69.3,69.8,0,5,none,1,no_action,7
23,night,0,0,social,date,-26,commuting,60.7,53.0,1,5.96,161.3,clear,83.4,52.7,0,3,podcast,1,send_late_message,13
0,night,0,0,none,none,999,home,42.8,100.0,9,10.0,12.2,clear,7.0,26.5,1,3,podcast,1,sleep_suggestion,15
5,morning,6,1,none,none,999,outside,59.7,100.0,3,0.88,28.5,rain,72.1,60.9,1,0,podcast,1,no_action,7
19,evening,1,0,work,deadline,114,work,14.6,91.8,9,0.1,99.3,clear,16.8,55.9,1,4,music,0,take_break,20
12,afternoon,1,0,none,none,999,home,25.6,86.8,10,2.22,147.1,rain,15.9,77.6,0,3,music,0,no_action,7
20,evening,1,0,school,assignment_due,48,school,65.8,80.2,10,2.59,46.2,rain,36.5,53.3,0,3,podcast,0,no_action,7
7,morning,1,0,social,date,155,outside,84.5,77.0,2,0.48,149.9,clear,60.6,96.9,0,4,music,0,no_action,7
16,afternoon,5,1,social,date,-30,commuting,76.9,65.3,7,0.23,74.7,rain,7.4,97.3,0,4,music,0,send_late_message,13
22,night,5,1,none,none,999,outside,78.3,20.4,4,1.08,132.7,rain,85.7,59.8,1,5,none,1,wind_down,22
21,night,6,1,social,date,70,home,46.0,86.5,3,1.11,47.0,clear,46.8,51.8,0,0,music,1,no_action,7
12,afternoon,6,1,social,date,81,home,79.7,94.0,1,1.43,86.4,clear,75.7,59.2,0,4,music,0,no_action,7
5,morning,2,0,social,date,116,home,96.5,27.8,8,3.83,144.6,snow,86.5,77.2,1,0,podcast,1,no_action,7
22,night,6,1,school,study_session,130,school,79.6,65.1,1,2.1,117.2,clear,36.3,56.0,0,5,none,1,take_break,20
0,night,3,0,none,none,999,home,88.7,73.3,4,5.96,78.3,rain,3.1,75.4,1,4,none,1,no_action,7
7,morning,2,0,health,therapy,112,home,90.2,82.5,2,1.62,152.7,clear,44.6,52.2,0,2,podcast,0,no_action,7
7,morning,1,0,health,medication_reminder,-20,commuting,36.9,90.9,3,1.23,170.4,rain,15.5,92.6,0,0,music,0,play_music,9
22,night,1,0,social,friends_hangout,92,home,92.3,74.1,1,2.29,121.8,clear,86.5,52.5,0,0,none,1,no_action,7
17,evening,2,0,school,lecture,101,school,77.3,100.0,5,0.62,44.4,clear,7.1,52.5,0,3,music,0,study_for_class,18
7,morning,6,1,none,none,999,home,88.2,82.4,9,1.8,102.1,rain,21.2,85.9,0,1,none,0,exercise_suggestion,2
11,morning,6,1,none,none,999,outside,50.3,90.4,7,1.24,151.0,rain,15.8,94.2,0,0,none,0,no_action,7
23,night,2,0,none,none,999,outside,57.2,50.7,2,0.81,86.6,clear,4.7,86.0,1,5,music,1,wind_down,22
20,evening,4,0,none,none,999,outside,92.5,20.2,3,7.68,167.5,rain,17.2,57.4,1,1,music,0,eat_something,1
16,afternoon,1,0,school,assignment_due,69,school,69.9,63.0,10,1.59,17.3,clear,37.2,50.0,0,0,music,0,no_action,7
7,morning,6,1,health,therapy,171,outside,23.8,100.0,7,5.04,48.7,rain,98.0,70.9,0,3,none,0,no_action,7
14,afternoon,0,0,health,medication_reminder,147,home,12.2,59.5,4,7.44,146.4,fog,9.7,8.6,1,3,none,0,eat_something,1
13,afternoon,1,0,work,team_meeting,161,work,81.6,98.9,7,0.1,87.7,clear,56.4,37.0,1,5,none,0,no_action,7
6,morning,1,0,work,team_meeting,64,work,97.1,50.3,7,0.89,100.1,rain,1.2,30.8,0,0,podcast,0,take_break,20
2,night,3,0,none,none,999,home,91.0,86.9,1,0.41,6.2,clear,64.6,42.0,0,4,music,1,no_action,7
21,night,2,0,work,presentation,34,work,41.8,79.7,1,2.19,165.5,fog,3.9,66.7,0,4,music,1,take_break,20
5,morning,4,0,none,none,999,home,50.7,59.6,7,0.28,147.6,clear,22.0,36.4,0,2,music,1,no_action,7
9,morning,0,0,none,none,999,home,97.1,100.0,3,0.05,19.0,snow,83.8,59.8,0,3,podcast,0,exercise_suggestion,2
11,morning,6,1,none,none,999,outside,62.6,93.3,5,9.09,164.8,fog,28.8,50.7,0,1,none,0,eat_something,1
3,night,0,0,none,none,999,home,60.1,32.8,2,0.97,159.8,clear,31.9,71.8,1,2,none,1,no_action,7
12,afternoon,5,1,none,none,999,outside,37.4,84.8,1,2.02,172.7,fog,30.5,93.4,1,1,music,0,read_email_alert,12
10,morning,4,0,work,focus_work,-20,work,47.6,83.3,6,6.06,8.9,clear,97.3,69.9,0,4,music,0,eat_something,1
21,night,5,1,social,date,93,outside,95.2,79.4,2,0.77,43.7,snow,46.0,82.6,1,5,podcast,1,no_action,7
4,night,3,0,work,team_meeting,156,work,16.7,77.8,8,3.71,21.2,clear,15.7,30.3,0,1,music,1,sleep_suggestion,15
2,night,3,0,none,none,999,home,88.6,100.0,0,4.0,67.6,clear,55.3,53.4,0,0,none,1,no_action,7
10,morning,2,0,health,doctor_appointment,31,outside,81.4,70.1,3,3.19,141.4,clear,75.1,79.2,0,4,music,0,start_commute,17
8,morning,0,0,health,therapy,125,home,83.1,75.4,5,3.6,78.2,clear,84.8,69.1,0,2,none,0,no_action,7
9,morning,4,0,none,none,999,home,59.6,46.8,9,2.68,143.5,clear,86.5,100.0,0,4,none,0,no_action,7
10,morning,2,0,school,lecture,60,school,60.0,67.1,10,0.46,142.4,rain,63.0,92.4,0,5,music,0,study_for_class,18
21,night,1,0,school,study_session,116,school,61.2,5.3,8,2.23,6.7,snow,53.1,98.6,0,3,none,1,charge_phone,0
20,evening,2,0,social,friends_hangout,96,home,74.4,100.0,3,2.19,35.8,snow,40.4,87.8,0,4,none,0,no_action,7
18,evening,1,0,work,focus_work,149,work,22.4,91.8,6,10.0,22.6,rain,46.3,30.9,0,5,none,0,eat_something,1
6,morning,6,1,health,gym,2,gym,55.3,49.8,3,1.62,158.6,clear,57.2,69.6,0,4,music,0,no_action,7
8,morning,6,1,work,focus_work,104,work,67.6,53.7,8,0.91,57.7,fog,60.3,56.8,0,0,podcast,0,no_action,7
2,night,5,1,none,none,999,home,99.2,56.9,2,1.04,117.9,clear,56.7,35.5,1,5,none,1,no_action,7
2,night,3,0,none,none,999,home,32.3,91.1,1,2.84,84.2,clear,93.6,59.9,0,4,podcast,1,sleep_suggestion,15
13,afternoon,0,0,school,study_session,99,school,50.1,72.0,3,1.63,72.3,fog,97.9,15.5,0,1,music,0,study_for_class,18
16,afternoon,2,0,work,deadline,-1,work,41.9,100.0,4,0.81,35.5,clear,96.4,64.5,0,4,music,0,no_action,7
8,morning,4,0,social,family_time,45,home,96.4,22.2,0,0.99,41.8,clear,23.9,82.5,0,5,podcast,0,no_action,7
8,morning,0,0,work,focus_work,-12,commuting,79.5,92.8,4,1.26,66.4,clear,72.5,87.2,1,0,none,0,play_music,9
23,night,1,0,health,medication_reminder,113,home,69.4,41.5,7,2.56,96.8,rain,42.2,100.0,1,3,none,1,no_action,7
14,afternoon,2,0,health,doctor_appointment,89,home,58.5,100.0,2,3.0,74.3,rain,81.5,73.9,1,0,music,0,no_action,7
0,night,3,0,none,none,999,home,90.6,92.5,1,0.39,9.6,clear,78.8,54.9,1,0,none,1,no_action,7
9,morning,2,0,work,deadline,121,work,83.7,36.7,1,1.59,29.4,clear,18.4,40.1,0,3,music,0,no_action,7
19,evening,2,0,work,team_meeting,-15,work,56.5,91.7,6,0.48,106.4,clear,47.4,82.1,0,1,music,0,send_late_message,13
21,night,3,0,school,exam,4,school,76.7,100.0,6,0.08,170.5,rain,91.3,100.0,0,4,none,1,silence_phone,14
3,night,2,0,none,none,999,home,25.6,63.6,1,0.84,80.0,clear,84.5,41.0,0,5,podcast,1,sleep_suggestion,15
6,morning,2,0,work,presentation,142,work,31.2,92.2,2,4.91,98.0,snow,5.9,91.3,0,3,music,0,take_break,20
8,morning,1,0,health,doctor_appointment,25,home,21.0,100.0,2,2.77,29.0,clear,99.0,43.8,0,2,none,0,start_commute,17
9,morning,5,1,none,none,999,home,47.2,68.7,2,1.01,150.4,clear,62.2,76.2,0,3,podcast,0,no_action,7
21,night,0,0,social,date,141,outside,20.1,53.5,6,1.88,127.3,rain,53.6,90.0,0,3,none,1,no_action,7
10,morning,0,0,health,therapy,73,home,46.8,88.0,1,0.86,26.0,clear,66.7,61.4,0,1,podcast,0,no_action,7
14,afternoon,5,1,school,lecture,169,school,33.0,36.8,3,0.6,47.9,snow,3.9,47.6,1,1,music,0,no_action,7
8,morning,6,1,none,none,999,home,92.3,86.6,4,2.1,168.4,clear,59.3,53.1,0,3,none,0,focus_session,5
8,morning,6,1,health,therapy,43,home,88.2,43.4,0,0.41,179.5,clear,20.6,81.6,1,2,none,0,no_action,7
1,night,4,0,none,none,999,home,14.2,70.2,7,0.36,163.8,clear,47.9,64.9,0,2,none,1,sleep_suggestion,15
23,night,5,1,work,deadline,90,work,68.6,67.3,5,6.13,163.9,rain,96.9,69.4,0,3,music,1,eat_something,1
23,night,4,0,none,none,999,outside,93.1,29.6,5,0.77,178.8,clear,53.0,40.1,1,2,music,1,wind_down,22
20,evening,1,0,school,exam,93,school,60.6,74.8,8,4.98,40.2,clear,93.2,76.2,0,0,none,0,study_for_class,18
10,morning,3,0,school,lecture,109,school,32.3,81.1,9,0.03,33.5,clear,47.1,66.5,0,4,none,0,study_for_class,18
22,night,0,0,none,none,999,home,51.6,100.0,8,2.82,179.0,snow,78.9,58.9,1,2,podcast,1,wind_down,22
19,evening,3,0,work,presentation,173,work,42.6,100.0,3,0.14,140.3,clear,6.8,65.0,1,5,music,0,take_break,20
14,afternoon,1,0,health,medication_reminder,54,home,59.8,83.0,0,2.63,63.8,rain,88.8,91.8,0,5,podcast,0,no_action,7
5,morning,4,0,none,none,999,outside,96.2,70.5,1,0.9,10.2,snow,30.8,63.0,1,4,none,1,no_action,7
8,morning,4,0,none,none,999,outside,54.2,37.3,8,1.01,171.2,rain,89.7,77.6,0,4,none,0,no_action,7
10,morning,3,0,social,date,-7,commuting,36.0,67.2,7,0.08,37.0,clear,18.9,92.6,0,0,none,0,play_music,9
22,night,4,0,social,dinner,-27,restaurant,58.5,100.0,10,5.35,11.0,clear,81.8,48.4,1,0,podcast,1,no_action,7
5,morning,1,0,none,none,999,home,67.1,61.4,5,0.43,52.3,rain,73.9,94.1,0,3,podcast,1,no_action,7
4,night,1,0,none,none,999,home,86.0,46.9,3,1.7,113.9,rain,7.7,100.0,0,0,podcast,1,no_action,7
4,night,5,1,none,none,999,outside,72.1,62.4,0,0.56,33.7,fog,23.0,27.0,1,3,music,1,no_action,7
4,night,5,1,none,none,999,home,17.1,25.2,1,4.57,115.5,snow,57.2,34.3,0,2,podcast,1,sleep_suggestion,15
11,morning,2,0,health,gym,86,gym,33.5,88.5,2,9.04,15.6,rain,54.0,81.0,1,5,none,0,eat_something,1
0,night,3,0,none,none,999,outside,65.7,29.6,8,2.68,83.3,clear,98.1,53.4,0,4,music,1,no_action,7
15,afternoon,5,1,none,none,999,home,13.1,8.0,8,0.38,86.4,clear,33.1,74.6,1,0,none,0,charge_phone,0
22,night,4,0,none,none,999,outside,64.9,43.7,9,1.27,134.6,clear,87.0,19.1,0,1,none,1,wind_down,22
9,morning,6,1,health,gym,143,gym,71.8,63.1,8,4.2,28.0,clear,48.6,84.6,0,0,none,0,no_action,7
14,afternoon,2,0,school,study_session,136,school,45.3,27.2,4,3.81,150.6,clear,23.2,34.2,0,4,music,0,take_break,20
13,afternoon,4,0,social,date,159,home,16.6,93.1,3,0.42,81.9,rain,28.2,89.2,0,2,none,0,no_action,7
13,afternoon,6,1,social,dinner,35,restaurant,100.0,60.5,0,0.19,99.6,clear,2.5,98.2,0,2,music,0,no_action,7
17,evening,1,0,social,friends_hangout,89,outside,96.6,58.0,0,1.99,107.4,clear,11.6,75.6,1,0,none,0,no_action,7
0,night,2,0,none,none,999,home,81.9,56.8,7,1.24,5.9,rain,73.3,73.0,0,2,none,1,no_action,7
18,evening,5,1,work,focus_work,22,work,55.2,50.8,9,10.0,169.0,clear,40.2,68.8,0,4,podcast,0,eat_something,1
18,evening,1,0,health,gym,81,gym,28.4,74.0,4,4.58,86.9,clear,25.9,55.0,0,4,none,0,no_action,7
2,night,5,1,none,none,999,home,63.1,98.7,6,2.82,30.5,snow,0.9,79.1,1,1,podcast,1,no_action,7
13,afternoon,6,1,school,assignment_due,177,school,71.2,93.0,5,0.96,22.9,fog,97.3,79.1,1,0,podcast,0,no_action,7
3,night,4,0,none,none,999,outside,58.6,75.0,8,0.54,178.0,clear,25.4,8.7,0,4,music,1,no_action,7
9,morning,4,0,none,none,999,home,38.6,78.5,7,1.08,38.0,rain,75.1,39.3,1,0,podcast,0,read_email_alert,12
13,afternoon,0,0,work,team_meeting,11,work,22.2,79.8,5,3.02,4.1,clear,2.1,80.8,0,2,podcast,0,prepare_for_meeting,11
6,morning,5,1,none,none,999,home,36.7,24.5,1,0.14,97.7,clear,96.3,84.7,0,2,none,0,plan_day,8
15,afternoon,2,0,school,lecture,157,school,65.7,100.0,0,0.19,42.6,clear,32.0,28.5,0,1,podcast,0,no_action,7
9,morning,3,0,school,lecture,20,commuting,52.6,68.2,9,1.53,153.4,clear,97.5,71.5,1,5,podcast,0,play_podcast,10
1,night,3,0,none,none,999,home,57.8,78.7,7,1.93,152.5,clear,68.6,30.5,0,3,podcast,1,no_action,7
5,morning,6,1,none,none,999,home,22.7,48.0,8,2.77,144.3,rain,13.8,65.2,1,4,none,1,no_action,7
4,night,3,0,school,exam,92,school,16.5,60.0,6,2.84,59.3,snow,90.8,83.1,0,1,podcast,1,sleep_suggestion,15
7,morning,5,1,health,doctor_appointment,68,home,41.5,74.1,0,0.38,152.0,clear,68.7,29.2,0,5,none,0,no_action,7
10,morning,2,0,health,gym,134,gym,85.5,83.3,1,1.09,174.5,clear,95.3,52.8,0,4,music,0,no_action,7
9,morning,4,0,work,team_meeting,148,work,97.6,100.0,6,1.86,51.6,rain,1.4,99.9,0,0,music,0,no_action,7
16,afternoon,1,0,health,doctor_appointment,145,home,35.0,62.6,7,3.55,101.7,rain,6.5,17.0,0,3,podcast,0,no_action,7
20,evening,1,0,school,assignment_due,38,school,74.1,75.8,1,1.15,85.3,clear,95.0,83.3,0,5,none,0,no_action,7
19,evening,4,0,school,assignment_due,67,school,37.0,89.8,2,1.4,178.6,clear,92.5,73.7,0,3,music,0,take_break,20
6,morning,6,1,social,family_time,145,outside,34.1,82.3,1,1.09,117.2,clear,79.2,62.1,0,0,music,0,no_action,7
21,night,2,0,social,date,6,commuting,59.4,77.7,6,3.28,178.8,fog,41.9,78.6,0,0,music,1,find_parking,4
6,morning,5,1,none,none,999,home,88.8,69.1,10,2.17,34.1,fog,99.1,64.4,0,4,none,0,exercise_suggestion,2
10,morning,1,0,social,friends_hangout,138,home,42.8,100.0,10,1.12,103.7,clear,56.8,40.4,0,4,music,0,no_action,7
15,afternoon,4,0,none,none,999,outside,55.7,100.0,10,0.39,67.7,rain,10.2,44.7,0,1,podcast,0,no_action,7
0,night,6,1,health,doctor_appointment,0,commuting,77.1,51.3,1,0.92,150.5,fog,5.1,55.9,0,2,none,1,find_parking,4
15,afternoon,5,1,health,medication_reminder,31,outside,57.9,99.5,5,0.34,67.8,clear,38.7,77.4,0,4,none,0,start_commute,17
16,afternoon,0,0,school,lecture,92,school,68.0,64.6,7,0.49,86.4,clear,50.5,60.2,0,5,music,0,study_for_class,18
14,afternoon,1,0,health,medication_reminder,9,commuting,79.0,67.8,10,1.06,87.7,clear,93.8,40.0,0,4,music,0,find_parking,4
16,afternoon,1,0,work,presentation,72,work,33.2,59.0,1,2.52,31.1,fog,71.2,100.0,0,0,music,0,no_action,7
16,afternoon,2,0,work,deadline,68,work,46.0,71.9,7,0.24,52.1,fog,13.4,100.0,1,2,none,0,no_action,7
21,night,0,0,health,therapy,54,home,45.4,25.4,8,0.27,88.8,clear,10.5,84.1,0,5,music,1,no_action,7
5,morning,4,0,work,deadline,67,work,69.2,75.4,4,3.68,128.8,rain,41.0,74.2,0,0,none,1,take_break,20
21,night,0,0,work,focus_work,45,work,24.0,100.0,5,4.43,32.7,clear,31.4,79.3,0,0,music,1,no_action,7
4,night,4,0,none,none,999,home,46.0,73.0,8,0.55,43.9,clear,27.0,70.2,0,0,podcast,1,no_action,7
18,evening,6,1,social,friends_hangout,-6,commuting,89.9,62.8,9,3.01,36.3,rain,87.2,53.6,0,4,podcast,0,suggest_repeat_action,19
12,afternoon,4,0,work,focus_work,3,work,73.1,33.9,0,0.31,119.8,rain,20.6,87.6,0,3,podcast,0,take_break,20
22,night,6,1,none,none,999,home,99.0,54.0,2,0.88,15.2,rain,75.6,100.0,0,1,music,1,wind_down,22
6,morning,4,0,work,deadline,-19,commuting,21.8,63.5,5,0.17,115.0,clear,75.9,89.6,0,1,none,0,send_late_message,13
12,afternoon,0,0,work,team_meeting,-9,work,96.3,66.0,8,1.66,78.1,clear,2.9,86.5,0,3,music,0,silence_phone,14
9,morning,0,0,health,gym,150,gym,50.0,48.5,1,3.86,118.0,snow,49.2,48.8,1,1,music,0,no_action,7
18,evening,0,0,health,medication_reminder,162,home,14.9,90.6,1,9.29,138.3,fog,38.6,54.8,1,3,podcast,0,eat_something,1
8,morning,6,1,social,date,-27,commuting,46.6,85.3,2,0.24,61.4,rain,34.0,63.3,0,2,none,0,send_late_message,13
12,afternoon,6,1,social,date,178,home,73.1,75.2,7,1.59,2.8,snow,44.0,30.3,1,1,music,0,no_action,7
13,afternoon,5,1,none,none,999,home,78.1,68.3,6,2.39,77.8,rain,38.5,34.3,1,3,music,0,read_email_alert,12
9,morning,3,0,social,friends_hangout,157,home,11.1,88.1,10,0.93,59.6,fog,33.3,18.2,0,1,music,0,no_action,7
11,morning,1,0,work,team_meeting,50,work,52.9,98.9,8,1.3,106.4,snow,36.8,75.0,1,1,music,0,take_break,20
8,morning,6,1,social,friends_hangout,-17,commuting,95.9,91.9,8,0.75,58.4,clear,66.6,68.0,1,4,none,0,send_late_message,13
9,morning,6,1,none,none,999,home,68.6,67.1,0,0.19,65.4,rain,65.7,75.2,0,0,none,0,exercise_suggestion,2
2,night,5,1,none,none,999,outside,15.3,90.2,7,7.27,130.9,fog,35.7,83.2,0,3,none,1,sleep_suggestion,15
10,morning,1,0,school,study_session,-4,school,23.2,100.0,1,3.33,28.7,fog,8.6,36.2,0,0,music,0,no_action,7
21,night,2,0,social,date,86,outside,59.4,39.9,9,2.28,73.0,clear,84.4,53.5,0,0,none,1,no_action,7
16,afternoon,3,0,school,assignment_due,65,school,91.6,48.5,7,0.22,137.1,clear,80.9,53.6,0,4,none,0,take_break,20
6,morning,3,0,health,medication_reminder,-21,commuting,21.8,67.6,1,2.08,132.8,clear,36.6,38.8,0,5,podcast,0,play_podcast,10
15,afternoon,1,0,work,team_meeting,16,work,77.2,88.9,6,2.98,14.1,clear,48.4,71.9,0,3,music,0,prepare_for_meeting,11
18,evening,1,0,work,team_meeting,77,work,85.7,94.6,2,1.21,166.0,fog,12.8,34.3,0,4,none,0,take_break,20
2,night,5,1,social,dinner,28,restaurant,94.4,100.0,0,4.03,13.7,rain,31.7,95.6,1,1,music,1,get_ready,6
16,afternoon,3,0,none,none,999,outside,28.6,100.0,5,0.92,156.7,rain,15.1,19.2,0,4,music,0,no_action,7
15,afternoon,0,0,social,friends_hangout,-22,commuting,55.2,56.6,4,1.5,168.2,clear,99.9,78.1,1,1,music,0,send_late_message,13
5,morning,2,0,none,none,999,home,86.7,57.3,7,1.94,145.4,snow,46.8,76.4,0,1,music,1,no_action,7
9,morning,0,0,school,assignment_due,177,school,65.9,58.6,6,1.74,30.1,rain,10.5,72.4,0,0,none,0,no_action,7
4,night,5,1,none,none,999,home,17.9,51.4,6,5.77,19.4,clear,93.9,71.1,0,1,none,1,sleep_suggestion,15
0,night,4,0,none,none,999,outside,59.5,65.7,6,0.97,134.7,fog,24.5,67.9,0,2,podcast,1,no_action,7
10,morning,3,0,social,dinner,-23,restaurant,55.9,48.0,8,0.52,60.8,rain,65.4,55.4,0,1,none,0,send_late_message,13
1,night,4,0,none,none,999,home,42.7,47.6,0,7.47,98.6,rain,28.9,67.3,0,5,podcast,1,sleep_suggestion,15
20,evening,6,1,none,none,999,home,99.1,81.4,1,0.2,38.3,clear,71.1,50.5,0,5,music,0,social_suggestion,16
9,morning,6,1,social,date,132,home,81.1,72.9,3,0.34,71.3,clear,71.3,100.0,0,5,podcast,0,no_action,7
11,morning,1,0,work,team_meeting,148,work,86.5,85.0,5,2.27,134.9,rain,36.8,75.5,0,0,none,0,take_break,20
13,afternoon,5,1,health,gym,60,gym,86.1,63.5,7,0.83,161.0,clear,49.9,83.0,1,4,none,0,no_action,7
2,night,1,0,none,none,999,outside,12.6,64.0,4,0.11,120.7,clear,36.8,90.5,1,5,none,1,sleep_suggestion,15
14,afternoon,4,0,work,focus_work,84,work,95.6,93.5,7,2.09,160.7,rain,31.6,28.3,1,5,none,0,take_break,20
20,evening,0,0,work,focus_work,-5,work,42.0,47.4,4,0.22,99.8,clear,82.1,47.9,1,1,music,0,take_break,20
14,afternoon,6,1,none,none,999,outside,82.6,78.8,1,0.15,107.1,clear,36.8,100.0,0,4,music,0,exercise_suggestion,2
6,morning,0,0,health,therapy,72,outside,57.5,96.7,10,0.17,33.6,clear,29.3,64.7,1,1,none,0,no_action,7
10,morning,1,0,none,none,999,home,31.5,78.7,4,0.05,149.8,snow,53.6,41.7,0,2,music,0,no_action,7
23,night,6,1,none,none,999,home,18.5,96.1,2,1.01,98.4,clear,8.5,30.9,0,2,podcast,1,sleep_suggestion,15
14,afternoon,4,0,social,date,-16,commuting,55.5,74.2,10,0.07,20.8,fog,26.1,36.5,0,0,music,0,suggest_repeat_action,19
22,night,0,0,none,none,999,outside,66.2,64.2,6,1.67,177.2,clear,26.2,81.8,1,3,music,1,wind_down,22
7,morning,6,1,none,none,999,outside,12.8,100.0,6,4.25,123.3,rain,28.6,48.9,0,2,podcast,0,no_action,7
16,afternoon,0,0,none,none,999,home,60.1,29.7,1,2.03,19.9,fog,97.1,81.2,0,5,none,0,no_action,7
20,evening,1,0,none,none,999,home,64.8,58.2,5,0.04,38.9,clear,13.8,76.8,1,5,none,0,wind_down,22
23,night,4,0,work,deadline,86,work,32.3,82.9,9,2.43,14.4,rain,1.2,64.3,0,3,none,1,sleep_suggestion,15
10,morning,4,0,school,lecture,-1,school,64.2,93.2,8,3.43,99.6,fog,4.8,100.0,0,4,none,0,silence_phone,14
15,afternoon,2,0,school,lecture,141,school,72.2,49.8,10,2.82,113.0,snow,77.6,30.7,0,5,music,0,take_break,20
17,evening,0,0,social,date,142,outside,21.3,78.0,2,2.96,67.0,clear,16.3,89.6,0,3,podcast,0,no_action,7
15,afternoon,5,1,social,friends_hangout,109,home,98.9,88.3,1,1.76,51.9,rain,90.8,100.0,0,3,none,0,no_action,7
9,morning,2,0,none,none,999,outside,25.9,100.0,0,4.77,10.5,rain,57.7,75.9,0,5,none,0,no_action,7
7,morning,2,0,work,deadline,-6,commuting,39.1,71.0,8,0.89,90.9,clear,30.6,100.0,0,5,music,0,play_music,9
16,afternoon,6,1,none,none,999,outside,56.9,76.2,5,2.42,29.9,rain,33.1,91.8,0,5,none,0,social_suggestion,16
2,night,2,0,social,family_time,-11,commuting,71.0,79.9,2,0.18,87.3,rain,79.5,79.7,0,3,music,1,send_late_message,13
17,evening,3,0,work,deadline,86,work,41.4,83.3,2,1.99,123.5,clear,70.9,70.3,0,4,none,0,take_break,20
9,morning,4,0,school,study_session,55,commuting,57.4,93.1,1,3.42,38.8,clear,22.4,70.6,0,1,music,0,play_music,9
1,night,6,1,none,none,999,home,40.0,82.0,7,0.46,94.2,snow,2.8,56.3,0,4,podcast,1,sleep_suggestion,15
22,night,0,0,none,none,999,home,16.0,87.0,9,0.61,58.6,clear,8.3,22.9,0,3,none,1,wind_down,22
13,afternoon,1,0,health,doctor_appointment,143,home,59.2,40.1,7,2.34,69.3,clear,6.8,10.3,0,4,podcast,0,no_action,7
8,morning,1,0,work,team_meeting,162,work,23.7,77.7,6,4.22,130.2,rain,90.0,42.0,0,2,none,0,take_break,20
14,afternoon,1,0,none,none,999,home,80.4,66.8,5,1.24,117.1,clear,36.4,54.2,0,5,music,0,focus_session,5
4,night,3,0,none,none,999,home,72.6,17.2,0,3.96,137.7,rain,36.6,41.8,1,0,none,1,no_action,7
20,evening,0,0,school,exam,84,school,99.6,67.5,8,4.06,161.1,rain,96.4,29.9,0,5,none,0,study_for_class,18
23,night,0,0,none,none,999,home,20.7,100.0,2,1.52,153.8,snow,45.4,45.6,1,2,none,1,sleep_suggestion,15
5,morning,6,1,none,none,999,home,24.3,95.9,5,1.06,124.0,rain,18.9,34.1,0,1,none,1,no_action,7
8,morning,2,0,school,study_session,5,commuting,17.5,76.4,2,0.05,83.9,clear,67.0,40.7,1,3,none,0,find_parking,4
14,afternoon,0,0,social,friends_hangout,93,home,45.1,27.8,7,1.16,67.6,snow,2.8,87.4,0,1,music,0,no_action,7
12,afternoon,0,0,work,deadline,122,work,38.6,68.7,7,5.78,33.9,rain,10.3,94.3,0,3,podcast,0,no_action,7
7,morning,4,0,none,none,999,home,11.5,100.0,5,1.75,24.7,clear,79.2,46.6,0,0,none,0,no_action,7
18,evening,2,0,social,dinner,-20,restaurant,94.0,100.0,4,0.66,88.8,rain,91.9,58.6,0,4,none,0,send_late_message,13
2,night,5,1,none,none,999,home,15.2,82.5,1,6.06,152.5,clear,44.0,76.4,0,5,podcast,1,sleep_suggestion,15
12,afternoon,5,1,social,friends_hangout,83,home,20.2,64.4,8,10.0,135.9,snow,82.5,58.7,1,3,none,0,eat_something,1
17,evening,6,1,none,none,999,home,15.7,67.1,2,0.25,74.6,rain,15.7,71.5,0,1,none,0,social_suggestion,16
20,evening,4,0,social,friends_hangout,-20,commuting,25.3,58.9,7,0.55,42.8,clear,14.8,57.2,1,0,none,0,no_action,7
9,morning,0,0,health,doctor_appointment,34,home,75.3,64.3,0,0.0,79.4,clear,68.5,59.6,0,2,music,0,start_commute,17
1,night,5,1,health,medication_reminder,89,outside,36.6,79.5,3,2.46,15.3,fog,67.8,74.8,1,1,none,1,sleep_suggestion,15
5,morning,3,0,work,deadline,112,work,19.6,81.6,9,0.89,12.5,clear,27.1,84.7,0,3,none,1,no_action,7
1,night,6,1,social,dinner,131,restaurant,66.5,42.8,8,6.28,84.9,clear,8.1,84.8,0,5,music,1,eat_something,1
8,morning,3,0,school,study_session,27,commuting,35.9,54.9,5,0.08,19.2,clear,82.6,38.5,0,0,podcast,0,play_podcast,10
1,night,4,0,none,none,999,home,61.0,74.7,5,1.58,90.8,clear,25.1,56.8,0,0,music,1,no_action,7
9,morning,5,1,social,friends_hangout,81,home,28.5,54.1,10,0.24,136.1,snow,39.8,33.9,0,0,music,0,no_action,7
22,night,6,1,none,none,999,outside,65.7,94.5,0,4.75,36.3,clear,84.2,76.3,0,5,none,1,wind_down,22
12,afternoon,0,0,social,family_time,88,home,35.3,89.7,0,1.37,74.0,clear,85.8,63.7,0,5,music,0,no_action,7
2,night,2,0,none,none,999,home,58.6,24.1,6,0.25,157.7,clear,43.9,100.0,0,3,none,1,no_action,7
15,afternoon,5,1,health,therapy,64,outside,89.4,70.1,2,3.1,110.9,rain,83.2,16.8,0,5,music,0,no_action,7
10,morning,1,0,social,friends_hangout,65,home,71.2,45.8,8,1.25,107.1,clear,41.8,66.2,0,5,none,0,no_action,7
16,afternoon,0,0,work,team_meeting,120,work,52.7,56.2,0,9.66,137.6,rain,33.0,65.6,0,4,music,0,eat_something,1
5,morning,2,0,none,none,999,home,22.5,47.2,8,10.0,62.2,snow,85.6,52.2,1,5,music,1,eat_something,1
15,afternoon,6,1,social,family_time,39,outside,49.6,11.0,9,3.75,75.2,rain,27.4,45.4,0,1,none,0,charge_phone,0
9,morning,5,1,none,none,999,home,77.9,88.7,9,1.06,82.0,clear,80.2,90.8,0,1,podcast,0,focus_session,5
4,night,5,1,none,none,999,home,51.8,77.8,1,3.05,98.2,clear,49.1,35.2,1,5,music,1,no_action,7
3,night,4,0,none,none,999,home,70.8,50.6,8,3.09,141.0,rain,85.7,89.3,1,2,none,1,no_action,7
20,evening,6,1,work,focus_work,132,work,63.3,69.9,3,2.37,87.5,snow,37.4,30.0,0,4,none,0,no_action,7
15,afternoon,2,0,none,none,999,outside,75.4,95.1,1,2.08,68.0,snow,76.1,26.3,0,5,none,0,exercise_suggestion,2
11,morning,5,1,social,friends_hangout,121,home,99.2,74.8,9,3.63,29.4,clear,72.5,94.4,0,4,none,0,no_action,7
3,night,5,1,school,exam,8,school,10.2,69.3,8,1.15,35.2,snow,93.6,69.3,0,2,none,1,sleep_suggestion,15
12,afternoon,5,1,none,none,999,outside,63.1,69.8,1,0.17,67.5,rain,49.7,35.1,0,0,none,0,no_action,7
6,morning,1,0,health,doctor_appointment,-4,commuting,53.9,86.0,3,3.97,132.4,clear,51.3,33.7,1,1,music,0,play_music,9
4,night,6,1,health,therapy,-12,commuting,10.8,38.8,2,0.76,77.2,clear,9.5,74.6,1,0,none,1,sleep_suggestion,15
4,night,2,0,health,medication_reminder,178,home,32.8,31.6,4,0.9,135.1,rain,82.5,67.5,0,0,none,1,sleep_suggestion,15
20,evening,6,1,social,date,10,commuting,11.6,41.6,4,1.66,121.4,fog,9.2,100.0,0,5,music,0,play_music,9
2,night,6,1,none,none,999,outside,35.2,78.3,4,6.21,135.6,clear,96.9,72.9,1,2,none,1,sleep_suggestion,15
9,morning,2,0,school,study_session,177,school,20.9,48.6,9,2.21,41.8,clear,16.1,57.3,1,4,none,0,no_action,7
17,evening,1,0,none,none,999,home,33.3,48.3,5,2.03,164.1,clear,83.1,74.3,0,5,none,0,no_action,7
22,night,0,0,social,family_time,-21,commuting,44.1,100.0,3,1.76,70.6,rain,86.7,49.2,0,0,music,1,play_music,9
6,morning,2,0,work,deadline,80,work,70.7,58.9,7,0.84,104.0,clear,42.7,74.9,0,3,none,0,take_break,20
3,night,0,0,work,deadline,76,work,37.7,64.8,2,2.45,169.7,clear,65.3,62.7,0,1,podcast,1,sleep_suggestion,15
21,night,0,0,work,focus_work,-9,work,21.1,100.0,2,0.66,155.1,rain,90.9,98.6,0,5,podcast,1,take_break,20
8,morning,5,1,none,none,999,home,43.9,100.0,1,4.67,91.6,clear,78.2,100.0,0,5,music,0,plan_day,8
2,night,3,0,none,none,999,home,98.7,67.2,9,0.18,120.5,clear,82.4,43.1,0,2,none,1,no_action,7
6,morning,0,0,work,team_meeting,114,work,26.6,43.2,8,2.43,110.2,snow,54.1,69.4,0,1,none,0,take_break,20
1,night,0,0,social,friends_hangout,92,home,95.5,39.5,2,0.64,161.7,clear,33.3,77.5,0,0,music,1,no_action,7
6,morning,4,0,social,date,110,home,19.6,52.1,7,1.25,14.2,clear,95.3,100.0,0,4,music,0,no_action,7
19,evening,1,0,work,presentation,119,work,90.7,85.8,8,0.86,94.7,clear,50.3,83.4,0,2,none,0,take_break,20
8,morning,1,0,none,none,999,home,63.9,32.8,5,0.44,10.0,clear,41.6,65.4,0,5,music,0,focus_session,5
11,morning,3,0,none,none,999,home,36.3,58.7,5,2.16,102.8,rain,26.1,79.6,0,1,music,0,no_action,7
7,morning,0,0,work,focus_work,119,work,18.5,100.0,9,1.06,11.4,clear,45.1,85.6,1,1,music,0,no_action,7
0,night,0,0,none,none,999,home,45.0,60.3,2,2.0,150.5,rain,32.2,19.1,0,4,music,1,no_action,7
18,evening,5,1,social,dinner,6,restaurant,17.8,68.0,6,0.07,0.7,fog,5.1,80.7,0,3,none,0,get_ready,6
12,afternoon,2,0,health,gym,84,gym,72.6,79.4,8,2.09,49.4,clear,32.4,45.7,0,0,none,0,no_action,7
16,afternoon,6,1,health,medication_reminder,160,home,32.3,33.9,2,2.75,176.5,rain,31.8,81.7,0,3,music,0,no_action,7
6,morning,6,1,health,medication_reminder,11,commuting,12.2,76.1,7,2.7,94.0,rain,2.1,27.5,0,2,music,0,play_music,9
16,afternoon,2,0,work,presentation,99,work,37.6,83.2,3,1.9,91.2,clear,99.8,95.5,0,5,none,0,take_break,20
0,night,1,0,social,date,49,outside,61.1,28.3,6,1.19,70.9,rain,64.6,42.6,0,4,music,1,no_action,7
15,afternoon,5,1,social,dinner,49,restaurant,38.1,100.0,5,0.05,127.3,rain,0.7,51.6,0,0,none,0,no_action,7
16,afternoon,0,0,health,gym,65,gym,93.5,71.6,2,10.0,3.5,clear,63.1,5.0,0,5,podcast,0,eat_something,1
11,morning,4,0,health,medication_reminder,110,home,50.1,43.4,7,2.37,28.7,snow,5.9,36.4,0,4,music,0,no_action,7
17,evening,6,1,social,dinner,165,restaurant,32.7,100.0,2,1.04,166.5,clear,93.7,30.2,0,2,podcast,0,no_action,7
23,night,6,1,none,none,999,home,25.8,100.0,8,3.82,13.3,rain,31.1,68.5,0,1,podcast,1,sleep_suggestion,15
20,evening,0,0,social,date,55,home,62.6,79.3,5,4.44,37.9,fog,6.7,77.1,0,1,podcast,0,no_action,7
1,night,0,0,none,none,999,home,88.0,57.6,1,0.59,103.0,clear,57.1,89.2,0,4,none,1,no_action,7
14,afternoon,3,0,school,study_session,164,school,84.4,100.0,7,0.81,122.8,clear,96.9,49.1,0,4,none,0,take_break,20
