Date,Time,"GPU Temperature [°C]","GPU Hot Spot Temperature [°C]","GPU Power (Total) [W]","GPU Rail Powers (avg) [W]","GPU Clock [MHz]","GPU Memory Clock [MHz]","GPU Memory Usage [%]","GPU D3D Memory Dedicated [MB]",
25.4.2026,11:29:46.810,42.3,50.0,51.917,0.000,390.0,101.2,10.7,649,
25.4.2026,11:29:47.014,42.4,50.0,53.580,0.000,660.0,202.5,10.7,653,
25.4.2026,11:29:47.214,42.4,49.9,52.028,0.000,660.0,202.5,10.7,653,
25.4.2026,11:29:47.423,42.4,49.9,51.894,0.000,660.0,202.5,10.7,653,
25.4.2026,11:29:47.623,42.4,50.1,51.907,0.000,660.0,202.5,10.7,653,
25.4.2026,11:29:47.826,42.5,50.0,53.000,0.000,660.0,202.5,10.8,661,
25.4.2026,11:29:48.036,42.4,50.0,52.021,0.000,660.0,202.5,10.8,661,
25.4.2026,11:29:48.241,42.4,50.1,52.002,0.000,660.0,202.5,10.9,665,
25.4.2026,11:29:48.442,42.4,50.1,52.103,0.000,660.0,202.5,10.9,665,
25.4.2026,11:29:48.646,42.4,50.0,52.348,0.000,660.0,202.5,10.9,666,
25.4.2026,11:29:48.845,42.4,50.0,52.170,0.000,300.0,101.2,10.9,666,
25.4.2026,11:29:49.051,42.3,50.0,53.038,0.000,285.0,101.2,10.9,666,
25.4.2026,11:29:49.250,42.4,50.0,52.432,0.000,270.0,101.2,10.9,666,
25.4.2026,11:29:49.449,42.3,50.0,52.311,0.000,255.0,101.2,10.9,666,
25.4.2026,11:29:49.655,42.3,50.1,52.723,0.000,255.0,101.2,10.9,666,
25.4.2026,11:29:49.856,42.3,50.1,51.970,0.000,240.0,101.2,10.8,662,
25.4.2026,11:29:50.066,42.3,50.0,52.472,0.000,225.0,101.2,10.8,656,
25.4.2026,11:29:50.261,42.3,50.0,51.953,0.000,225.0,101.2,10.8,662,
25.4.2026,11:29:50.468,42.4,50.0,52.141,0.000,225.0,101.2,10.8,662,
25.4.2026,11:29:50.672,42.3,50.1,51.970,0.000,210.0,101.2,10.9,665,
25.4.2026,11:29:50.872,42.3,50.1,51.970,0.000,210.0,101.2,10.9,668,
25.4.2026,11:29:51.079,42.3,50.1,51.985,0.000,210.0,101.2,10.9,668,
25.4.2026,11:29:51.281,42.4,50.2,52.116,0.000,210.0,101.2,10.9,668,
25.4.2026,11:29:51.483,42.4,50.1,51.928,0.000,210.0,101.2,10.9,668,
25.4.2026,11:29:51.689,42.3,50.1,52.087,0.000,210.0,101.2,10.9,668,
25.4.2026,11:29:51.891,42.4,50.2,51.928,0.000,210.0,101.2,10.9,665,
25.4.2026,11:29:52.091,42.4,50.2,52.210,0.000,210.0,101.2,10.8,663,
25.4.2026,11:29:52.295,42.4,50.1,52.051,0.000,210.0,101.2,10.9,665,
25.4.2026,11:29:52.502,42.4,50.2,52.514,0.000,210.0,101.2,10.9,665,
25.4.2026,11:29:52.700,42.4,50.2,52.741,0.000,210.0,101.2,10.9,665,
25.4.2026,11:29:52.907,42.4,50.2,52.893,0.000,210.0,101.2,10.9,665,
25.4.2026,11:29:53.106,42.4,50.2,52.992,0.000,210.0,101.2,10.9,665,
25.4.2026,11:29:53.309,42.4,50.3,52.967,0.000,210.0,101.2,10.9,665,
25.4.2026,11:29:53.516,42.4,50.2,52.118,0.000,210.0,101.2,10.9,665,
25.4.2026,11:29:53.718,42.4,50.2,53.245,0.000,210.0,101.2,10.9,665,
25.4.2026,11:29:53.919,43.1,50.4,53.935,0.000,2475.0,2062.7,12.0,760,
25.4.2026,11:29:54.123,43.3,50.5,54.607,0.000,2475.0,2062.7,12.1,762,
25.4.2026,11:29:54.325,43.4,50.5,54.359,0.000,2475.0,2062.7,12.1,762,
25.4.2026,11:29:54.528,43.5,50.6,54.292,0.000,2475.0,2062.7,12.1,762,
25.4.2026,11:29:54.736,43.5,50.7,54.317,0.000,2475.0,2062.7,12.1,762,
25.4.2026,11:29:54.935,43.6,50.6,54.230,0.000,2475.0,2062.7,12.1,762,
25.4.2026,11:29:55.140,43.6,50.7,54.308,0.000,2475.0,2062.7,12.1,762,
25.4.2026,11:29:55.342,43.6,50.8,54.305,0.000,2475.0,2062.7,12.5,802,
25.4.2026,11:29:55.549,43.7,50.7,54.262,0.000,2475.0,2062.7,12.6,810,
25.4.2026,11:29:55.746,44.1,50.9,54.510,0.000,2475.0,2062.7,12.6,810,
25.4.2026,11:29:55.955,44.2,50.8,54.445,0.000,2475.0,2062.7,12.7,812,
25.4.2026,11:29:56.159,44.2,51.0,54.671,0.000,2475.0,2062.7,12.7,812,
25.4.2026,11:29:56.361,44.3,51.0,54.893,0.000,2475.0,2062.7,12.7,812,
25.4.2026,11:29:56.564,44.3,51.0,54.880,0.000,2475.0,2062.7,12.7,812,
25.4.2026,11:29:56.767,44.3,51.0,54.828,0.000,2475.0,2062.7,12.7,812,
25.4.2026,11:29:56.970,44.3,51.0,54.738,0.000,2475.0,2062.7,12.7,812,
25.4.2026,11:29:57.170,44.4,51.0,54.835,0.000,2475.0,2062.7,12.7,812,
25.4.2026,11:29:57.378,44.4,51.2,54.661,0.000,2475.0,2062.7,12.7,812,
25.4.2026,11:29:57.578,44.4,51.1,54.571,0.000,2475.0,2062.7,12.7,812,
25.4.2026,11:29:57.787,44.5,51.2,54.744,0.000,2475.0,2062.7,12.7,812,
25.4.2026,11:29:57.984,44.5,51.2,54.706,0.000,2475.0,2062.7,12.7,812,
25.4.2026,11:29:58.188,44.5,51.2,54.753,0.000,2475.0,2062.7,12.7,812,
25.4.2026,11:29:58.394,44.6,51.2,54.627,0.000,2475.0,2062.7,12.7,812,
25.4.2026,11:29:58.598,44.6,51.3,54.973,0.000,2475.0,2062.7,12.7,812,
25.4.2026,11:29:58.800,44.6,51.2,54.960,0.000,2475.0,2062.7,12.7,812,
25.4.2026,11:29:59.008,44.5,51.1,55.252,0.000,2475.0,2062.7,12.7,812,
25.4.2026,11:29:59.212,44.5,51.3,54.986,0.000,2475.0,2062.7,12.7,812,
25.4.2026,11:29:59.409,44.7,51.3,54.582,0.000,2475.0,2062.7,12.7,812,
25.4.2026,11:29:59.613,44.6,51.4,54.770,0.000,2475.0,2062.7,12.7,812,
25.4.2026,11:29:59.811,44.7,51.5,54.558,0.000,2475.0,2062.7,12.7,812,
25.4.2026,11:30:0.016,44.7,51.5,54.771,0.000,2475.0,2062.7,12.7,812,
25.4.2026,11:30:0.218,44.7,51.5,54.523,0.000,2475.0,2062.7,12.7,812,
25.4.2026,11:30:0.421,44.7,51.5,54.492,0.000,2475.0,2062.7,12.7,812,
25.4.2026,11:30:0.627,43.8,51.2,52.393,0.000,780.0,1250.2,12.7,812,
25.4.2026,11:30:0.828,43.7,51.2,52.164,0.000,780.0,1250.2,12.7,812,
25.4.2026,11:30:1.038,43.7,51.2,52.156,0.000,780.0,1250.2,12.7,812,
25.4.2026,11:30:1.234,43.6,51.2,52.275,0.000,780.0,202.5,12.7,812,
25.4.2026,11:30:1.436,43.5,51.1,52.209,0.000,780.0,202.5,12.7,812,
25.4.2026,11:30:1.645,43.5,51.0,52.091,0.000,780.0,202.5,12.7,812,
25.4.2026,11:30:1.844,43.5,51.1,52.419,0.000,780.0,202.5,12.7,812,
25.4.2026,11:30:2.048,43.5,51.0,52.446,0.000,780.0,202.5,12.7,812,
25.4.2026,11:30:2.250,43.5,51.0,53.217,0.000,780.0,202.5,12.7,812,
25.4.2026,11:30:2.453,43.4,51.0,52.204,0.000,780.0,202.5,12.7,812,
25.4.2026,11:30:2.659,43.5,51.0,52.455,0.000,780.0,202.5,12.7,812,
25.4.2026,11:30:2.859,43.5,51.1,52.080,0.000,780.0,202.5,12.7,812,
25.4.2026,11:30:3.063,43.4,51.1,52.368,0.000,780.0,202.5,12.7,812,
25.4.2026,11:30:3.270,43.4,51.0,52.274,0.000,765.0,202.5,12.7,812,
25.4.2026,11:30:3.470,43.4,51.0,52.075,0.000,765.0,202.5,12.7,812,
25.4.2026,11:30:3.675,43.4,51.1,52.075,0.000,750.0,202.5,12.7,812,
25.4.2026,11:30:3.879,43.4,51.1,52.351,0.000,750.0,202.5,12.7,812,
25.4.2026,11:30:4.077,43.4,51.1,52.278,0.000,735.0,202.5,12.7,812,
25.4.2026,11:30:4.284,43.4,51.1,52.154,0.000,720.0,202.5,12.6,807,
25.4.2026,11:30:4.488,43.4,51.1,52.132,0.000,705.0,202.5,12.6,809,
25.4.2026,11:30:4.689,43.4,51.0,52.364,0.000,705.0,202.5,12.7,812,
25.4.2026,11:30:4.892,43.4,51.0,52.427,0.000,690.0,202.5,12.7,812,
25.4.2026,11:30:5.092,43.4,51.1,52.218,0.000,690.0,202.5,12.7,812,
25.4.2026,11:30:5.301,43.4,51.2,52.451,0.000,675.0,202.5,12.7,812,
25.4.2026,11:30:5.498,43.4,51.0,52.371,0.000,675.0,202.5,12.7,812,
25.4.2026,11:30:5.703,43.4,51.0,52.434,0.000,660.0,202.5,12.7,812,
25.4.2026,11:30:5.905,43.4,51.0,52.629,0.000,645.0,202.5,12.7,812,
25.4.2026,11:30:6.110,43.4,51.0,52.405,0.000,630.0,202.5,12.7,812,
25.4.2026,11:30:6.312,43.4,51.0,53.057,0.000,630.0,202.5,12.7,812,
25.4.2026,11:30:6.520,43.4,51.0,52.083,0.000,630.0,202.5,12.7,812,
25.4.2026,11:30:6.723,43.4,51.0,52.121,0.000,615.0,202.5,12.7,812,
25.4.2026,11:30:6.923,43.4,51.0,52.190,0.000,600.0,202.5,12.7,812,
25.4.2026,11:30:7.124,43.4,50.9,52.125,0.000,585.0,202.5,12.7,812,
25.4.2026,11:30:7.325,43.4,51.1,52.451,0.000,585.0,202.5,12.7,812,
25.4.2026,11:30:7.532,43.4,51.0,52.044,0.000,570.0,202.5,12.7,812,
25.4.2026,11:30:7.736,43.4,51.0,52.129,0.000,555.0,202.5,12.7,812,
25.4.2026,11:30:7.942,43.4,51.1,52.097,0.000,540.0,202.5,12.7,812,
25.4.2026,11:30:8.140,43.4,51.0,52.184,0.000,540.0,202.5,12.7,812,
25.4.2026,11:30:8.346,43.4,51.1,52.178,0.000,525.0,202.5,12.7,812,
25.4.2026,11:30:8.545,43.4,51.1,52.002,0.000,510.0,202.5,12.7,812,
25.4.2026,11:30:8.751,43.4,51.1,52.393,0.000,510.0,202.5,12.7,812,
25.4.2026,11:30:8.955,43.4,51.1,52.320,0.000,510.0,202.5,12.7,812,
25.4.2026,11:30:9.158,43.7,51.1,52.193,0.000,780.0,2062.7,12.7,812,
25.4.2026,11:30:9.362,43.8,51.1,52.065,0.000,780.0,2062.7,12.7,812,
25.4.2026,11:30:9.563,43.8,51.2,52.161,0.000,780.0,2062.7,12.7,812,
25.4.2026,11:30:9.765,43.9,51.2,52.293,0.000,780.0,2062.7,12.7,812,
25.4.2026,11:30:9.968,43.9,51.2,52.286,0.000,780.0,2062.7,12.7,812,
25.4.2026,11:30:10.178,43.9,51.3,52.175,0.000,780.0,2062.7,12.7,812,
25.4.2026,11:30:10.373,44.0,51.3,52.247,0.000,780.0,2062.7,12.7,812,
25.4.2026,11:30:10.584,44.0,51.2,52.338,0.000,780.0,2062.7,12.7,812,
25.4.2026,11:30:10.781,44.0,51.3,52.414,0.000,780.0,2062.7,12.7,812,
25.4.2026,11:30:10.989,44.0,51.2,52.071,0.000,780.0,2062.7,12.7,812,
25.4.2026,11:30:11.185,44.0,51.2,52.278,0.000,780.0,2062.7,12.7,812,
25.4.2026,11:30:11.394,44.0,51.3,52.472,0.000,780.0,2062.7,12.7,812,
25.4.2026,11:30:11.601,43.9,51.3,52.312,0.000,600.0,202.5,12.7,812,
25.4.2026,11:30:11.800,43.7,51.3,52.904,0.000,600.0,202.5,12.7,812,
25.4.2026,11:30:12.000,43.7,51.3,52.817,0.000,600.0,202.5,12.7,812,
25.4.2026,11:30:12.205,43.6,51.3,52.747,0.000,600.0,202.5,12.7,812,
25.4.2026,11:30:12.406,43.6,51.4,52.928,0.000,600.0,202.5,12.7,812,
25.4.2026,11:30:12.606,43.6,51.3,52.958,0.000,600.0,202.5,12.7,812,
25.4.2026,11:30:12.812,43.7,51.3,53.008,0.000,585.0,202.5,12.7,812,
25.4.2026,11:30:13.014,43.6,51.3,52.201,0.000,585.0,202.5,12.7,812,
25.4.2026,11:30:13.223,43.6,51.2,52.321,0.000,585.0,202.5,12.7,816,
25.4.2026,11:30:13.424,43.6,51.3,52.351,0.000,570.0,202.5,12.7,816,
25.4.2026,11:30:13.622,43.6,51.2,52.085,0.000,555.0,202.5,12.7,816,
25.4.2026,11:30:13.826,43.6,51.3,52.416,0.000,555.0,202.5,12.7,816,
25.4.2026,11:30:14.032,43.6,51.4,52.096,0.000,540.0,202.5,12.7,816,
25.4.2026,11:30:14.234,43.6,51.4,52.082,0.000,525.0,202.5,12.7,817,
25.4.2026,11:30:14.437,43.8,51.2,52.047,0.000,780.0,2062.7,12.7,812,
25.4.2026,11:30:14.648,44.0,51.3,52.051,0.000,780.0,2062.7,12.6,803,
25.4.2026,11:30:14.845,44.0,51.3,52.175,0.000,780.0,2062.7,12.5,799,
25.4.2026,11:30:15.046,44.1,51.5,52.353,0.000,780.0,2062.7,12.6,803,
25.4.2026,11:30:15.251,44.1,51.4,52.334,0.000,780.0,2062.7,12.6,803,
25.4.2026,11:30:15.457,44.1,51.5,52.355,0.000,780.0,2062.7,12.6,803,
25.4.2026,11:30:15.672,44.1,51.5,52.337,0.000,780.0,2062.7,12.6,804,
25.4.2026,11:30:15.862,44.1,51.6,52.113,0.000,780.0,2062.7,12.7,811,
25.4.2026,11:30:16.058,44.2,51.5,52.237,0.000,780.0,2062.7,12.7,811,
25.4.2026,11:30:16.262,44.2,51.5,52.237,0.000,780.0,2062.7,12.7,811,
25.4.2026,11:30:16.466,44.2,51.6,52.018,0.000,780.0,2062.7,12.7,811,
25.4.2026,11:30:16.676,44.2,51.6,52.063,0.000,780.0,2062.7,12.6,807,
25.4.2026,11:30:16.877,44.2,51.5,52.074,0.000,780.0,2062.7,12.6,807,
25.4.2026,11:30:17.077,44.2,51.6,52.493,0.000,780.0,2062.7,12.7,819,
25.4.2026,11:30:17.279,44.3,51.5,52.359,0.000,780.0,2062.7,12.8,823,
25.4.2026,11:30:17.484,44.3,51.7,52.184,0.000,780.0,2062.7,12.8,823,
25.4.2026,11:30:17.684,44.2,51.6,52.175,0.000,780.0,2062.7,12.8,823,
25.4.2026,11:30:17.888,44.3,51.6,52.140,0.000,780.0,2062.7,12.8,823,
25.4.2026,11:30:18.090,44.3,51.6,52.357,0.000,780.0,2062.7,12.8,823,
25.4.2026,11:30:18.294,44.3,51.6,52.094,0.000,780.0,2062.7,12.8,823,
25.4.2026,11:30:18.500,44.1,51.6,52.145,0.000,780.0,2062.7,12.8,823,
25.4.2026,11:30:18.701,44.0,51.7,52.069,0.000,540.0,202.5,12.8,823,
25.4.2026,11:30:18.902,43.9,51.7,52.309,0.000,540.0,202.5,12.8,823,
25.4.2026,11:30:19.108,43.9,51.6,52.383,0.000,540.0,202.5,12.8,823,
25.4.2026,11:30:19.314,43.9,51.7,52.189,0.000,525.0,202.5,12.8,823,
25.4.2026,11:30:19.517,43.9,51.7,52.189,0.000,525.0,202.5,12.8,823,
25.4.2026,11:30:19.716,43.8,51.5,52.064,0.000,510.0,202.5,12.8,823,
25.4.2026,11:30:19.934,43.9,51.6,52.043,0.000,510.0,202.5,12.8,823,
25.4.2026,11:30:20.121,43.9,51.6,52.040,0.000,495.0,202.5,12.8,823,
25.4.2026,11:30:20.327,43.8,51.5,52.147,0.000,480.0,202.5,12.8,823,
25.4.2026,11:30:20.529,43.8,51.7,52.338,0.000,480.0,202.5,12.8,823,
25.4.2026,11:30:20.732,43.9,51.6,52.093,0.000,480.0,202.5,12.8,823,
25.4.2026,11:30:20.940,43.8,51.6,52.119,0.000,480.0,202.5,12.8,823,
25.4.2026,11:30:21.143,43.8,51.5,52.094,0.000,465.0,202.5,12.8,823,
25.4.2026,11:30:21.346,43.9,51.6,52.120,0.000,465.0,202.5,12.8,823,
25.4.2026,11:30:21.555,43.8,51.5,52.102,0.000,450.0,202.5,12.8,823,
25.4.2026,11:30:21.751,43.9,51.6,52.537,0.000,450.0,202.5,12.8,823,
25.4.2026,11:30:21.949,43.9,51.6,52.114,0.000,480.0,202.5,12.8,823,
25.4.2026,11:30:22.157,43.9,51.6,52.061,0.000,495.0,202.5,12.8,823,
25.4.2026,11:30:22.368,43.9,51.6,52.343,0.000,525.0,202.5,12.8,823,
25.4.2026,11:30:22.563,43.9,51.7,52.227,0.000,525.0,202.5,12.8,823,
25.4.2026,11:30:22.769,43.9,51.6,52.533,0.000,525.0,202.5,12.8,823,
25.4.2026,11:30:22.968,43.9,51.7,52.119,0.000,525.0,202.5,12.8,823,
25.4.2026,11:30:23.181,43.9,51.6,52.357,0.000,525.0,202.5,12.8,823,
25.4.2026,11:30:23.383,43.9,51.6,52.123,0.000,525.0,202.5,12.8,823,
25.4.2026,11:30:23.594,43.9,51.7,52.629,0.000,525.0,202.5,12.8,823,
25.4.2026,11:30:23.787,43.9,51.7,52.840,0.000,525.0,202.5,12.8,823,
25.4.2026,11:30:23.984,43.9,51.7,53.022,0.000,525.0,202.5,12.8,823,
25.4.2026,11:30:24.189,43.9,51.6,52.137,0.000,510.0,202.5,12.8,823,
25.4.2026,11:30:24.388,43.9,51.7,53.047,0.000,510.0,202.5,12.8,823,
25.4.2026,11:30:24.601,43.9,51.7,52.974,0.000,495.0,202.5,12.8,823,
25.4.2026,11:30:24.795,43.9,51.7,52.760,0.000,495.0,202.5,12.8,823,
25.4.2026,11:30:25.018,43.9,51.6,52.745,0.000,495.0,202.5,12.8,823,
25.4.2026,11:30:25.210,43.9,51.7,52.254,0.000,525.0,202.5,12.8,823,
25.4.2026,11:30:25.407,44.0,51.7,52.326,0.000,525.0,202.5,12.8,823,
25.4.2026,11:30:25.617,43.9,51.6,52.105,0.000,525.0,202.5,12.8,823,
25.4.2026,11:30:25.814,43.9,51.7,52.129,0.000,555.0,202.5,12.8,823,
25.4.2026,11:30:26.026,43.9,51.8,52.356,0.000,555.0,202.5,12.8,823,
25.4.2026,11:30:26.215,43.9,51.8,52.220,0.000,555.0,202.5,12.8,823,
25.4.2026,11:30:26.421,43.9,51.7,52.151,0.000,555.0,202.5,12.8,823,
25.4.2026,11:30:26.633,43.9,51.7,52.063,0.000,555.0,202.5,12.8,823,
25.4.2026,11:30:26.835,43.9,51.7,52.163,0.000,555.0,202.5,12.8,823,
25.4.2026,11:30:27.029,43.9,51.7,52.126,0.000,555.0,202.5,12.8,823,
25.4.2026,11:30:27.252,43.9,51.7,52.163,0.000,555.0,202.5,12.8,823,
25.4.2026,11:30:27.447,44.0,51.7,52.354,0.000,555.0,202.5,12.8,823,
25.4.2026,11:30:27.653,44.0,51.7,52.294,0.000,540.0,202.5,12.8,823,
25.4.2026,11:30:27.854,44.0,51.7,52.674,0.000,540.0,202.5,12.8,823,
25.4.2026,11:30:28.054,44.0,51.7,52.557,0.000,540.0,202.5,12.8,823,
25.4.2026,11:30:28.253,44.0,51.8,52.488,0.000,555.0,202.5,12.8,823,
25.4.2026,11:30:28.460,44.0,51.8,51.960,0.000,555.0,202.5,12.8,823,
25.4.2026,11:30:28.652,44.0,51.7,52.299,0.000,555.0,202.5,12.8,823,
25.4.2026,11:30:28.859,44.0,51.7,52.442,0.000,555.0,202.5,12.8,823,
25.4.2026,11:30:29.066,44.0,51.7,52.134,0.000,555.0,202.5,12.8,823,
25.4.2026,11:30:29.272,44.0,51.8,52.151,0.000,555.0,202.5,12.8,823,
25.4.2026,11:30:29.473,44.0,51.7,52.288,0.000,555.0,202.5,12.8,823,
25.4.2026,11:30:29.673,44.0,51.7,52.110,0.000,555.0,202.5,12.8,823,
25.4.2026,11:30:29.875,44.0,51.9,52.510,0.000,555.0,202.5,12.8,823,
25.4.2026,11:30:30.086,44.0,51.7,52.080,0.000,525.0,202.5,12.8,823,
25.4.2026,11:30:30.285,44.1,51.8,52.814,0.000,525.0,202.5,12.8,823,
25.4.2026,11:30:30.483,44.0,51.8,53.019,0.000,525.0,202.5,12.8,823,
25.4.2026,11:30:30.697,44.0,51.8,52.817,0.000,525.0,202.5,12.8,823,
25.4.2026,11:30:30.899,44.0,51.8,53.089,0.000,525.0,202.5,12.8,823,
25.4.2026,11:30:31.090,44.1,51.9,52.147,0.000,525.0,202.5,12.8,823,
25.4.2026,11:30:31.299,44.1,51.8,52.138,0.000,525.0,202.5,12.8,823,
25.4.2026,11:30:31.524,44.1,51.8,52.248,0.000,525.0,202.5,12.8,823,
25.4.2026,11:30:31.705,44.1,51.8,52.368,0.000,525.0,202.5,12.8,823,
25.4.2026,11:30:31.925,44.1,51.8,52.109,0.000,510.0,202.5,12.8,823,
25.4.2026,11:30:32.111,44.0,51.7,52.055,0.000,510.0,202.5,12.8,823,
25.4.2026,11:30:32.310,44.0,51.8,52.117,0.000,510.0,202.5,12.8,823,
25.4.2026,11:30:32.515,44.0,51.8,52.096,0.000,495.0,202.5,12.8,823,
25.4.2026,11:30:32.726,44.0,51.8,52.088,0.000,480.0,202.5,12.8,823,
25.4.2026,11:30:32.922,44.1,51.8,52.342,0.000,480.0,202.5,12.8,823,
25.4.2026,11:30:33.132,44.1,51.8,52.062,0.000,480.0,202.5,12.8,823,
25.4.2026,11:30:33.335,44.1,51.8,52.398,0.000,495.0,202.5,12.8,823,
25.4.2026,11:30:33.532,44.1,51.8,52.260,0.000,495.0,202.5,12.8,823,
25.4.2026,11:30:33.736,44.1,51.8,52.601,0.000,495.0,202.5,12.8,823,
25.4.2026,11:30:33.941,44.1,51.9,52.383,0.000,510.0,202.5,12.8,823,
25.4.2026,11:30:34.141,44.1,51.9,52.067,0.000,510.0,202.5,12.8,823,
25.4.2026,11:30:34.357,44.1,51.7,52.405,0.000,510.0,202.5,12.8,823,
25.4.2026,11:30:34.555,44.1,51.8,52.402,0.000,510.0,202.5,12.8,823,
25.4.2026,11:30:34.754,44.1,51.8,52.229,0.000,510.0,202.5,12.8,823,
25.4.2026,11:30:34.958,44.1,51.9,52.367,0.000,510.0,202.5,12.8,823,
25.4.2026,11:30:35.172,44.1,51.8,52.208,0.000,510.0,202.5,12.8,823,
25.4.2026,11:30:35.357,44.1,51.7,52.326,0.000,510.0,202.5,12.8,823,
25.4.2026,11:30:35.562,44.1,51.8,52.243,0.000,495.0,202.5,12.8,823,
25.4.2026,11:30:35.778,44.1,51.8,52.465,0.000,495.0,202.5,12.8,823,
25.4.2026,11:30:35.968,44.1,51.9,52.036,0.000,495.0,202.5,12.8,823,
25.4.2026,11:30:36.172,44.1,51.9,52.109,0.000,480.0,202.5,12.8,823,
25.4.2026,11:30:36.373,44.1,51.8,52.237,0.000,480.0,202.5,12.8,823,
25.4.2026,11:30:36.580,44.1,51.7,52.336,0.000,465.0,202.5,12.8,823,
25.4.2026,11:30:36.795,44.1,51.7,52.336,0.000,465.0,202.5,12.8,823,
25.4.2026,11:30:36.981,44.1,51.9,52.147,0.000,465.0,202.5,12.8,823,
25.4.2026,11:30:37.184,44.1,51.9,52.162,0.000,465.0,202.5,12.8,823,
25.4.2026,11:30:37.388,44.1,52.0,52.178,0.000,465.0,202.5,12.8,823,
25.4.2026,11:30:37.597,44.1,51.9,52.803,0.000,450.0,202.5,12.8,823,
25.4.2026,11:30:37.797,44.1,51.8,52.100,0.000,450.0,202.5,12.8,823,
25.4.2026,11:30:38.000,44.2,51.8,52.264,0.000,450.0,202.5,12.8,823,
25.4.2026,11:30:38.216,44.1,51.8,52.937,0.000,450.0,202.5,12.8,823,
25.4.2026,11:30:38.404,44.1,51.9,52.138,0.000,450.0,202.5,12.8,823,
25.4.2026,11:30:38.610,44.2,51.9,52.113,0.000,435.0,202.5,12.8,823,
25.4.2026,11:30:38.813,44.1,51.9,52.198,0.000,435.0,202.5,12.8,823,
25.4.2026,11:30:39.017,44.1,51.9,52.157,0.000,435.0,202.5,12.8,823,
25.4.2026,11:30:39.219,44.1,51.8,52.189,0.000,435.0,202.5,12.8,823,
25.4.2026,11:30:39.420,44.2,51.9,52.303,0.000,420.0,202.5,12.8,823,
25.4.2026,11:30:39.622,44.2,51.9,52.097,0.000,420.0,202.5,12.8,823,
25.4.2026,11:30:39.833,44.2,51.9,52.156,0.000,420.0,202.5,12.8,823,
25.4.2026,11:30:40.028,44.2,52.0,52.409,0.000,480.0,202.5,12.8,823,
25.4.2026,11:30:40.230,44.2,52.0,52.386,0.000,480.0,202.5,12.8,823,
25.4.2026,11:30:40.434,44.2,52.0,52.186,0.000,510.0,202.5,12.8,823,
25.4.2026,11:30:40.641,44.2,52.1,52.150,0.000,510.0,202.5,12.8,823,
25.4.2026,11:30:40.847,44.2,52.0,52.145,0.000,510.0,202.5,12.8,823,
25.4.2026,11:30:41.044,44.2,52.0,52.417,0.000,510.0,202.5,12.8,823,
25.4.2026,11:30:41.246,44.2,52.0,52.132,0.000,510.0,202.5,12.8,823,
25.4.2026,11:30:41.454,44.2,51.9,52.385,0.000,510.0,202.5,12.8,823,
25.4.2026,11:30:41.655,44.2,51.9,52.258,0.000,510.0,202.5,12.8,823,
25.4.2026,11:30:41.860,44.2,52.1,52.458,0.000,510.0,202.5,12.8,823,
25.4.2026,11:30:42.059,44.2,52.0,52.616,0.000,480.0,202.5,12.8,823,
25.4.2026,11:30:42.263,44.2,52.0,52.439,0.000,480.0,202.5,12.8,823,
25.4.2026,11:30:42.467,44.2,52.0,52.411,0.000,495.0,202.5,12.8,823,
25.4.2026,11:30:42.669,44.2,52.0,52.207,0.000,495.0,202.5,12.8,823,
25.4.2026,11:30:42.873,44.2,52.0,52.350,0.000,510.0,202.5,12.8,823,
25.4.2026,11:30:43.075,44.2,52.1,53.087,0.000,510.0,202.5,12.8,823,
25.4.2026,11:30:43.277,44.2,52.0,52.249,0.000,510.0,202.5,12.8,823,
25.4.2026,11:30:43.481,44.3,52.0,52.775,0.000,510.0,202.5,12.8,823,
25.4.2026,11:30:43.685,44.3,52.0,52.437,0.000,510.0,202.5,12.8,823,
25.4.2026,11:30:43.886,44.2,52.1,52.734,0.000,510.0,202.5,12.8,823,
25.4.2026,11:30:44.089,44.3,52.0,52.861,0.000,510.0,202.5,12.8,823,
25.4.2026,11:30:44.295,44.3,52.1,52.498,0.000,510.0,202.5,12.8,823,
25.4.2026,11:30:44.498,44.2,52.0,52.082,0.000,510.0,202.5,12.8,823,
25.4.2026,11:30:44.700,44.3,52.0,52.135,0.000,465.0,202.5,12.8,823,
25.4.2026,11:30:44.908,44.3,52.1,52.125,0.000,450.0,202.5,12.8,823,
25.4.2026,11:30:45.110,44.3,52.1,52.101,0.000,450.0,202.5,12.8,823,
25.4.2026,11:30:45.312,44.3,52.0,52.375,0.000,450.0,202.5,12.8,823,
25.4.2026,11:30:45.515,44.3,52.0,52.233,0.000,480.0,202.5,12.8,823,
25.4.2026,11:30:45.724,44.3,52.1,52.143,0.000,480.0,202.5,12.8,823,
25.4.2026,11:30:45.926,44.3,52.1,52.437,0.000,480.0,202.5,12.8,823,
25.4.2026,11:30:46.123,44.4,52.2,52.071,0.000,495.0,202.5,12.8,823,
25.4.2026,11:30:46.324,44.4,52.2,52.213,0.000,495.0,202.5,12.8,823,
25.4.2026,11:30:46.529,44.3,52.1,52.093,0.000,495.0,202.5,12.8,823,
25.4.2026,11:30:46.732,44.3,52.1,52.369,0.000,495.0,202.5,12.8,823,
25.4.2026,11:30:46.942,44.3,52.1,52.439,0.000,495.0,202.5,12.8,823,
25.4.2026,11:30:47.141,44.3,52.1,52.148,0.000,495.0,202.5,12.8,823,
25.4.2026,11:30:47.342,44.4,52.1,52.433,0.000,495.0,202.5,12.8,823,
25.4.2026,11:30:47.553,44.3,52.1,52.012,0.000,495.0,202.5,12.8,823,
25.4.2026,11:30:47.749,44.4,52.0,52.012,0.000,495.0,202.5,12.8,823,
25.4.2026,11:30:47.954,44.4,52.2,52.233,0.000,480.0,202.5,12.8,823,
25.4.2026,11:30:48.152,44.4,52.2,52.420,0.000,495.0,202.5,12.8,823,
25.4.2026,11:30:48.358,44.4,52.1,52.158,0.000,495.0,202.5,12.8,823,
25.4.2026,11:30:48.563,44.4,52.2,52.241,0.000,525.0,202.5,12.8,823,
25.4.2026,11:30:48.767,44.4,52.1,52.566,0.000,525.0,202.5,12.8,823,
25.4.2026,11:30:48.968,44.4,52.1,52.724,0.000,540.0,202.5,12.8,823,
25.4.2026,11:30:49.169,44.4,52.2,52.350,0.000,540.0,202.5,12.8,823,
25.4.2026,11:30:49.371,44.4,52.2,52.651,0.000,540.0,202.5,12.8,823,
25.4.2026,11:30:49.579,44.4,52.1,52.675,0.000,540.0,202.5,12.8,823,
25.4.2026,11:30:49.781,44.4,52.1,52.197,0.000,540.0,202.5,12.8,823,
25.4.2026,11:30:49.982,44.4,52.2,52.592,0.000,540.0,202.5,12.8,823,
25.4.2026,11:30:50.184,44.4,52.2,52.349,0.000,540.0,202.5,12.8,823,
25.4.2026,11:30:50.387,44.4,52.2,52.138,0.000,540.0,202.5,12.8,823,
25.4.2026,11:30:50.590,44.4,52.2,52.144,0.000,540.0,202.5,12.8,823,
25.4.2026,11:30:50.798,44.4,52.1,52.721,0.000,495.0,202.5,12.8,823,
25.4.2026,11:30:50.997,44.4,52.2,52.276,0.000,495.0,202.5,12.8,823,
25.4.2026,11:30:51.204,44.4,52.2,52.172,0.000,495.0,202.5,12.8,823,
25.4.2026,11:30:51.404,44.4,52.2,52.169,0.000,495.0,202.5,12.8,823,
25.4.2026,11:30:51.614,44.4,52.2,52.431,0.000,495.0,202.5,12.8,823,
25.4.2026,11:30:51.812,44.4,52.2,52.208,0.000,480.0,202.5,12.8,823,
25.4.2026,11:30:52.013,44.4,52.2,52.420,0.000,495.0,202.5,12.8,823,
25.4.2026,11:30:52.215,44.5,52.2,52.160,0.000,510.0,202.5,12.8,823,
25.4.2026,11:30:52.425,44.5,52.2,52.137,0.000,510.0,202.5,12.8,823,
25.4.2026,11:30:52.622,44.5,52.1,52.342,0.000,510.0,202.5,12.8,823,
25.4.2026,11:30:52.835,44.4,52.3,52.212,0.000,510.0,202.5,12.8,823,
25.4.2026,11:30:53.029,44.5,52.2,52.217,0.000,510.0,202.5,12.8,823,
25.4.2026,11:30:53.233,44.5,52.2,52.362,0.000,510.0,202.5,12.8,823,
25.4.2026,11:30:53.438,44.5,52.2,52.036,0.000,510.0,202.5,12.8,823,
25.4.2026,11:30:53.643,44.5,52.2,52.267,0.000,510.0,202.5,12.8,823,
25.4.2026,11:30:53.842,44.5,52.2,52.386,0.000,510.0,202.5,12.8,823,
25.4.2026,11:30:54.044,44.5,52.2,52.800,0.000,510.0,202.5,12.8,823,
25.4.2026,11:30:54.249,44.5,52.2,52.695,0.000,510.0,202.5,12.8,823,
25.4.2026,11:30:54.453,44.5,52.3,52.613,0.000,510.0,202.5,12.8,823,
25.4.2026,11:30:54.656,44.5,52.2,52.714,0.000,510.0,202.5,12.8,823,
25.4.2026,11:30:54.859,44.5,52.3,52.566,0.000,510.0,202.5,12.8,823,
25.4.2026,11:30:55.060,44.6,52.4,53.019,0.000,510.0,202.5,12.8,823,
25.4.2026,11:30:55.266,44.5,52.4,52.104,0.000,510.0,202.5,12.8,823,
25.4.2026,11:30:55.467,44.5,52.3,52.355,0.000,510.0,202.5,12.8,823,
25.4.2026,11:30:55.674,44.5,52.3,52.643,0.000,510.0,202.5,12.8,823,
25.4.2026,11:30:55.875,44.5,52.4,52.520,0.000,495.0,202.5,12.8,823,
25.4.2026,11:30:56.081,44.5,52.3,52.290,0.000,480.0,202.5,12.8,823,
25.4.2026,11:30:56.282,44.6,52.4,52.467,0.000,480.0,202.5,12.8,823,
25.4.2026,11:30:56.482,44.5,52.3,52.545,0.000,480.0,202.5,12.8,823,
25.4.2026,11:30:56.687,44.5,52.3,52.519,0.000,480.0,202.5,12.8,823,
25.4.2026,11:30:56.890,44.6,52.4,52.316,0.000,480.0,202.5,12.8,823,
25.4.2026,11:30:57.091,44.6,52.3,52.129,0.000,525.0,202.5,12.8,823,
25.4.2026,11:30:57.294,44.6,52.4,52.132,0.000,525.0,202.5,12.8,823,
25.4.2026,11:30:57.498,44.5,52.3,52.380,0.000,525.0,202.5,12.8,823,
25.4.2026,11:30:57.701,44.6,52.4,52.100,0.000,525.0,202.5,12.8,823,
25.4.2026,11:30:57.919,44.6,52.3,52.292,0.000,525.0,202.5,12.8,823,
25.4.2026,11:30:58.105,44.6,52.4,52.054,0.000,525.0,202.5,12.8,823,
25.4.2026,11:30:58.309,44.6,52.4,52.220,0.000,525.0,202.5,12.8,823,
25.4.2026,11:30:58.516,44.6,52.5,52.287,0.000,525.0,202.5,12.8,823,
25.4.2026,11:30:58.715,44.6,52.4,52.363,0.000,525.0,202.5,12.8,823,
25.4.2026,11:30:58.925,44.6,52.5,52.363,0.000,525.0,202.5,12.8,823,
25.4.2026,11:30:59.125,44.6,52.5,52.100,0.000,495.0,202.5,12.8,823,
25.4.2026,11:30:59.330,44.6,52.4,52.290,0.000,495.0,202.5,12.8,823,
25.4.2026,11:30:59.545,44.6,52.5,52.419,0.000,525.0,202.5,12.8,823,
25.4.2026,11:30:59.732,44.6,52.4,52.412,0.000,525.0,202.5,12.8,823,
25.4.2026,11:30:59.939,44.6,52.4,52.250,0.000,525.0,202.5,12.8,823,
25.4.2026,11:31:0.138,44.6,52.4,52.168,0.000,525.0,202.5,12.8,823,
25.4.2026,11:31:0.339,44.7,52.4,52.327,0.000,525.0,202.5,12.8,823,
25.4.2026,11:31:0.543,44.7,52.5,52.181,0.000,540.0,202.5,12.8,823,
25.4.2026,11:31:0.750,44.7,52.5,52.103,0.000,555.0,202.5,12.8,823,
25.4.2026,11:31:0.954,44.7,52.4,52.160,0.000,555.0,202.5,12.8,823,
25.4.2026,11:31:1.155,44.7,52.5,52.287,0.000,570.0,202.5,12.8,823,
25.4.2026,11:31:1.358,44.6,52.4,52.090,0.000,570.0,202.5,12.8,823,
25.4.2026,11:31:1.566,44.6,52.5,52.197,0.000,570.0,202.5,12.8,823,
25.4.2026,11:31:1.768,44.6,52.5,52.111,0.000,570.0,202.5,12.8,823,
25.4.2026,11:31:1.970,44.7,52.5,52.440,0.000,570.0,202.5,12.8,823,
25.4.2026,11:31:2.174,44.7,52.5,52.592,0.000,570.0,202.5,12.8,823,
25.4.2026,11:31:2.373,44.7,52.5,52.868,0.000,570.0,202.5,12.8,823,
25.4.2026,11:31:2.577,44.7,52.5,52.869,0.000,570.0,202.5,12.8,823,
25.4.2026,11:31:2.788,44.7,52.6,52.903,0.000,570.0,202.5,12.8,823,
25.4.2026,11:31:2.995,44.7,52.5,52.611,0.000,540.0,202.5,12.8,823,
25.4.2026,11:31:3.188,44.7,52.5,52.243,0.000,540.0,202.5,12.8,823,
25.4.2026,11:31:3.393,44.7,52.6,52.479,0.000,540.0,202.5,12.8,823,
25.4.2026,11:31:3.593,44.7,52.5,52.899,0.000,540.0,202.5,12.8,823,
25.4.2026,11:31:3.794,44.7,52.6,52.143,0.000,540.0,202.5,12.8,823,
25.4.2026,11:31:4.003,44.7,52.6,52.247,0.000,540.0,202.5,12.8,823,
25.4.2026,11:31:4.202,44.7,52.5,52.173,0.000,525.0,202.5,12.8,823,
25.4.2026,11:31:4.415,44.7,52.5,52.135,0.000,525.0,202.5,12.8,823,
25.4.2026,11:31:4.610,44.7,52.5,52.272,0.000,525.0,202.5,12.8,823,
25.4.2026,11:31:4.814,44.7,52.5,52.368,0.000,525.0,202.5,12.8,823,
25.4.2026,11:31:5.018,44.7,52.6,52.182,0.000,510.0,202.5,12.8,823,
25.4.2026,11:31:5.229,44.7,52.5,52.722,0.000,510.0,202.5,12.8,823,
25.4.2026,11:31:5.421,44.7,52.6,52.465,0.000,510.0,202.5,12.8,823,
25.4.2026,11:31:5.621,44.7,52.6,52.380,0.000,510.0,202.5,12.8,823,
25.4.2026,11:31:5.827,44.8,52.6,52.110,0.000,495.0,202.5,12.8,823,
25.4.2026,11:31:6.030,44.7,52.6,52.250,0.000,495.0,202.5,12.8,823,
25.4.2026,11:31:6.231,44.7,52.6,52.032,0.000,495.0,202.5,12.8,823,
25.4.2026,11:31:6.435,44.7,52.6,52.410,0.000,480.0,202.5,12.8,823,
25.4.2026,11:31:6.640,44.8,52.7,52.253,0.000,495.0,202.5,12.8,823,
25.4.2026,11:31:6.845,44.8,52.6,52.123,0.000,510.0,202.5,12.8,823,
25.4.2026,11:31:7.046,44.7,52.5,52.375,0.000,510.0,202.5,12.8,823,
25.4.2026,11:31:7.246,44.7,52.6,52.423,0.000,510.0,202.5,12.8,823,
25.4.2026,11:31:7.454,44.7,52.6,52.466,0.000,510.0,202.5,12.8,823,
25.4.2026,11:31:7.653,44.8,52.6,52.488,0.000,510.0,202.5,12.8,823,
25.4.2026,11:31:7.860,44.7,52.6,52.294,0.000,510.0,202.5,12.8,823,
25.4.2026,11:31:8.059,44.8,52.8,52.672,0.000,510.0,202.5,12.8,823,
25.4.2026,11:31:8.264,44.8,52.6,52.033,0.000,510.0,202.5,12.8,823,
25.4.2026,11:31:8.467,44.8,52.8,52.482,0.000,510.0,202.5,12.8,823,
25.4.2026,11:31:8.669,44.8,52.8,52.488,0.000,465.0,202.5,12.8,823,
25.4.2026,11:31:8.873,44.8,52.8,52.309,0.000,465.0,202.5,12.8,823,
25.4.2026,11:31:9.077,44.8,52.7,52.303,0.000,480.0,202.5,12.8,823,
25.4.2026,11:31:9.277,44.8,52.6,52.228,0.000,480.0,202.5,12.8,823,
25.4.2026,11:31:9.484,44.8,52.8,52.646,0.000,480.0,202.5,12.8,823,
25.4.2026,11:31:9.685,44.8,52.7,52.142,0.000,480.0,202.5,12.8,823,
25.4.2026,11:31:9.888,44.9,52.8,52.291,0.000,510.0,202.5,12.8,823,
25.4.2026,11:31:10.090,44.8,52.7,52.416,0.000,510.0,202.5,12.8,823,
25.4.2026,11:31:10.297,44.8,52.7,52.111,0.000,510.0,202.5,12.8,823,
25.4.2026,11:31:10.496,44.9,52.7,52.397,0.000,510.0,202.5,12.8,823,
25.4.2026,11:31:10.705,44.9,52.7,52.397,0.000,510.0,202.5,12.8,823,
25.4.2026,11:31:10.904,44.9,52.7,52.359,0.000,510.0,202.5,12.8,823,
25.4.2026,11:31:11.107,44.9,52.8,52.197,0.000,525.0,202.5,12.8,823,
25.4.2026,11:31:11.311,44.9,52.8,52.121,0.000,525.0,202.5,12.8,823,
25.4.2026,11:31:11.514,44.8,52.8,52.421,0.000,525.0,202.5,12.8,823,
25.4.2026,11:31:11.716,44.9,52.8,52.183,0.000,525.0,202.5,12.8,823,
25.4.2026,11:31:11.922,44.9,52.8,52.266,0.000,525.0,202.5,12.8,823,
25.4.2026,11:31:12.122,44.9,52.8,52.439,0.000,525.0,202.5,12.8,823,
25.4.2026,11:31:12.327,44.9,52.8,52.385,0.000,525.0,202.5,12.8,823,
25.4.2026,11:31:12.530,44.9,52.8,52.353,0.000,525.0,202.5,12.8,823,
25.4.2026,11:31:12.731,44.9,52.8,52.162,0.000,525.0,202.5,12.8,823,
25.4.2026,11:31:12.936,44.9,52.8,52.174,0.000,510.0,202.5,12.8,823,
25.4.2026,11:31:13.139,44.9,52.8,52.183,0.000,510.0,202.5,12.8,823,
25.4.2026,11:31:13.345,44.9,52.8,52.167,0.000,495.0,202.5,12.8,823,
25.4.2026,11:31:13.546,44.9,52.8,52.163,0.000,495.0,202.5,12.8,823,
25.4.2026,11:31:13.753,44.9,52.8,52.205,0.000,480.0,202.5,12.8,823,
25.4.2026,11:31:13.952,44.9,52.8,52.302,0.000,495.0,202.5,12.8,823,
25.4.2026,11:31:14.158,44.9,52.8,52.662,0.000,510.0,202.5,12.8,823,
25.4.2026,11:31:14.358,44.9,52.7,52.095,0.000,510.0,202.5,12.8,823,
25.4.2026,11:31:14.563,44.9,52.8,52.170,0.000,510.0,202.5,12.8,823,
25.4.2026,11:31:14.763,44.9,52.8,52.746,0.000,510.0,202.5,12.8,823,
25.4.2026,11:31:14.967,44.9,52.8,52.506,0.000,510.0,202.5,12.8,823,
25.4.2026,11:31:15.169,44.9,52.8,52.831,0.000,510.0,202.5,12.8,823,
25.4.2026,11:31:15.374,44.9,52.8,52.604,0.000,510.0,202.5,12.8,823,
25.4.2026,11:31:15.583,44.9,52.8,52.788,0.000,510.0,202.5,12.8,823,
25.4.2026,11:31:15.782,44.9,52.7,52.786,0.000,510.0,202.5,12.8,823,
25.4.2026,11:31:15.982,44.9,52.8,52.860,0.000,465.0,202.5,12.8,823,
25.4.2026,11:31:16.186,44.9,52.8,52.790,0.000,465.0,202.5,12.8,823,
25.4.2026,11:31:16.388,44.9,52.8,52.245,0.000,465.0,202.5,12.8,823,
25.4.2026,11:31:16.594,44.9,52.7,52.399,0.000,465.0,202.5,12.8,823,
25.4.2026,11:31:16.793,44.9,52.7,52.087,0.000,465.0,202.5,12.8,823,
25.4.2026,11:31:16.999,45.0,52.8,52.413,0.000,465.0,202.5,12.8,823,
25.4.2026,11:31:17.205,45.0,52.7,52.172,0.000,495.0,202.5,12.8,823,
25.4.2026,11:31:17.403,45.0,52.7,52.357,0.000,495.0,202.5,12.8,823,
25.4.2026,11:31:17.614,44.9,52.7,52.370,0.000,495.0,202.5,12.8,823,
25.4.2026,11:31:17.813,44.9,52.8,52.029,0.000,495.0,202.5,12.8,823,
25.4.2026,11:31:18.016,45.0,52.8,52.103,0.000,495.0,202.5,12.8,823,
25.4.2026,11:31:18.219,45.0,52.8,52.142,0.000,495.0,202.5,12.8,823,
25.4.2026,11:31:18.422,45.0,52.9,52.274,0.000,495.0,202.5,12.8,823,
25.4.2026,11:31:18.623,45.0,52.8,52.253,0.000,495.0,202.5,12.8,823,
25.4.2026,11:31:18.828,45.0,52.9,51.977,0.000,465.0,202.5,12.8,823,
25.4.2026,11:31:19.028,45.0,52.8,52.082,0.000,465.0,202.5,12.8,823,
25.4.2026,11:31:19.231,45.0,52.9,52.149,0.000,450.0,202.5,12.8,823,
25.4.2026,11:31:19.438,45.0,52.8,52.153,0.000,450.0,202.5,12.8,823,
25.4.2026,11:31:19.645,45.0,52.8,52.479,0.000,435.0,202.5,12.8,823,
25.4.2026,11:31:19.840,45.0,52.8,52.392,0.000,435.0,202.5,12.8,823,
25.4.2026,11:31:20.044,45.0,52.9,52.404,0.000,450.0,202.5,12.8,823,
25.4.2026,11:31:20.248,45.0,52.9,52.715,0.000,450.0,202.5,12.8,823,
25.4.2026,11:31:20.448,45.0,53.0,52.738,0.000,480.0,202.5,12.8,823,
25.4.2026,11:31:20.653,45.0,52.9,52.228,0.000,480.0,202.5,12.8,823,
25.4.2026,11:31:20.859,45.0,52.9,52.244,0.000,525.0,202.5,12.8,823,
25.4.2026,11:31:21.065,45.1,53.0,52.456,0.000,525.0,202.5,12.8,823,
25.4.2026,11:31:21.263,45.0,52.9,52.435,0.000,525.0,202.5,12.8,823,
25.4.2026,11:31:21.465,45.1,52.9,52.323,0.000,525.0,202.5,12.8,823,
25.4.2026,11:31:21.670,45.1,52.9,52.557,0.000,525.0,202.5,12.8,823,
25.4.2026,11:31:21.871,45.1,53.0,52.617,0.000,525.0,202.5,12.8,823,
25.4.2026,11:31:22.079,45.0,53.0,52.573,0.000,525.0,202.5,12.8,823,
25.4.2026,11:31:22.278,45.1,52.9,52.605,0.000,525.0,202.5,12.8,823,
25.4.2026,11:31:22.481,45.1,53.0,52.469,0.000,525.0,202.5,12.8,823,
25.4.2026,11:31:22.685,45.1,53.0,52.174,0.000,525.0,202.5,12.8,823,
25.4.2026,11:31:22.901,45.1,53.2,52.148,0.000,525.0,202.5,12.8,823,
25.4.2026,11:31:23.095,45.1,53.1,52.408,0.000,525.0,202.5,12.8,823,
25.4.2026,11:31:23.303,45.1,53.0,52.200,0.000,525.0,202.5,12.8,823,
25.4.2026,11:31:23.499,45.1,53.0,52.200,0.000,525.0,202.5,12.8,823,
25.4.2026,11:31:23.700,45.1,53.0,52.481,0.000,540.0,202.5,12.8,823,
25.4.2026,11:31:23.906,45.1,52.8,52.318,0.000,540.0,202.5,12.8,823,
25.4.2026,11:31:24.108,45.1,52.9,52.181,0.000,540.0,202.5,12.8,823,
25.4.2026,11:31:24.318,45.1,53.0,52.277,0.000,540.0,202.5,12.8,823,
25.4.2026,11:31:24.516,45.1,53.1,52.232,0.000,540.0,202.5,12.8,823,
25.4.2026,11:31:24.719,45.1,53.0,52.325,0.000,540.0,202.5,12.8,823,
25.4.2026,11:31:24.920,45.1,52.9,52.145,0.000,540.0,202.5,12.8,823,
25.4.2026,11:31:25.123,45.1,52.9,52.191,0.000,540.0,202.5,12.8,823,
25.4.2026,11:31:25.326,45.1,52.9,52.202,0.000,540.0,202.5,12.8,823,
25.4.2026,11:31:25.529,45.1,53.0,52.117,0.000,495.0,202.5,12.8,823,
25.4.2026,11:31:25.731,45.1,53.0,52.186,0.000,495.0,202.5,12.8,823,
25.4.2026,11:31:25.942,45.1,53.0,52.140,0.000,495.0,202.5,12.8,823,
25.4.2026,11:31:26.138,45.2,52.9,52.229,0.000,495.0,202.5,12.8,823,
25.4.2026,11:31:26.340,45.2,53.1,52.549,0.000,510.0,202.5,12.8,823,
25.4.2026,11:31:26.545,45.2,53.1,52.127,0.000,510.0,202.5,12.8,823,
25.4.2026,11:31:26.750,45.2,53.0,52.480,0.000,525.0,202.5,12.8,823,
25.4.2026,11:31:26.951,45.2,53.1,52.365,0.000,525.0,202.5,12.8,823,
25.4.2026,11:31:27.154,45.2,53.1,52.676,0.000,525.0,202.5,12.8,823,
25.4.2026,11:31:27.355,45.2,53.0,52.760,0.000,525.0,202.5,12.8,823,
25.4.2026,11:31:27.560,45.2,53.0,52.157,0.000,525.0,202.5,12.8,823,
25.4.2026,11:31:27.767,45.2,53.1,52.867,0.000,525.0,202.5,12.8,823,
25.4.2026,11:31:27.967,45.2,53.1,53.067,0.000,525.0,202.5,12.8,823,
25.4.2026,11:31:28.169,45.2,53.0,52.840,0.000,525.0,202.5,12.8,823,
25.4.2026,11:31:28.374,45.2,53.2,52.807,0.000,525.0,202.5,12.8,823,
25.4.2026,11:31:28.578,45.2,53.1,53.071,0.000,525.0,202.5,12.8,823,
25.4.2026,11:31:28.780,45.2,53.1,52.845,0.000,510.0,202.5,12.8,823,
25.4.2026,11:31:28.983,45.2,53.1,52.132,0.000,510.0,202.5,12.8,823,
25.4.2026,11:31:29.185,45.2,53.1,52.784,0.000,540.0,202.5,12.8,823,
25.4.2026,11:31:29.389,45.2,53.1,52.399,0.000,540.0,202.5,12.8,823,
25.4.2026,11:31:29.596,45.2,53.1,52.190,0.000,540.0,202.5,12.8,823,
25.4.2026,11:31:29.794,45.2,53.1,52.324,0.000,540.0,202.5,12.8,823,
25.4.2026,11:31:29.997,45.2,53.1,52.122,0.000,540.0,202.5,12.8,823,
25.4.2026,11:31:30.207,45.2,53.2,52.326,0.000,540.0,202.5,12.8,823,
25.4.2026,11:31:30.405,45.2,53.1,52.109,0.000,540.0,202.5,12.8,823,
25.4.2026,11:31:30.609,45.2,53.0,52.151,0.000,540.0,202.5,12.8,823,
25.4.2026,11:31:30.811,45.2,53.1,52.140,0.000,495.0,202.5,12.8,823,
25.4.2026,11:31:31.015,45.2,53.2,52.159,0.000,495.0,202.5,12.8,823,
25.4.2026,11:31:31.216,45.2,53.1,52.598,0.000,495.0,202.5,12.8,823,
25.4.2026,11:31:31.422,45.2,53.2,52.134,0.000,495.0,202.5,12.8,823,
25.4.2026,11:31:31.621,45.3,53.2,52.739,0.000,495.0,202.5,12.8,823,
25.4.2026,11:31:31.827,45.2,53.2,52.208,0.000,480.0,202.5,12.8,823,
25.4.2026,11:31:32.028,45.2,53.1,52.488,0.000,480.0,202.5,12.8,823,
25.4.2026,11:31:32.236,45.2,53.2,52.540,0.000,480.0,202.5,12.8,823,
25.4.2026,11:31:32.437,45.2,53.2,52.537,0.000,480.0,202.5,12.8,823,
25.4.2026,11:31:32.643,45.3,53.2,52.686,0.000,480.0,202.5,12.8,823,
25.4.2026,11:31:32.841,45.2,53.2,52.792,0.000,480.0,202.5,12.8,823,
25.4.2026,11:31:33.044,45.3,53.3,52.747,0.000,465.0,202.5,12.8,823,
25.4.2026,11:31:33.250,45.2,53.2,52.751,0.000,465.0,202.5,12.8,823,
25.4.2026,11:31:33.451,45.3,53.2,52.612,0.000,465.0,202.5,12.8,823,
25.4.2026,11:31:33.656,45.3,53.2,52.320,0.000,465.0,202.5,12.8,823,
25.4.2026,11:31:33.865,45.3,53.2,52.298,0.000,480.0,202.5,12.8,823,
25.4.2026,11:31:34.060,45.3,53.2,52.581,0.000,480.0,202.5,12.8,823,
25.4.2026,11:31:34.264,45.3,53.1,52.690,0.000,480.0,202.5,12.8,823,
25.4.2026,11:31:34.465,45.3,53.3,52.281,0.000,480.0,202.5,12.8,823,
25.4.2026,11:31:34.671,45.3,53.2,52.507,0.000,480.0,202.5,12.8,823,
25.4.2026,11:31:34.874,45.3,53.2,52.310,0.000,480.0,202.5,12.8,823,
25.4.2026,11:31:35.078,45.3,53.3,52.815,0.000,480.0,202.5,12.8,823,
25.4.2026,11:31:35.277,45.3,53.2,52.159,0.000,480.0,202.5,12.8,823,
25.4.2026,11:31:35.490,45.3,53.2,52.161,0.000,480.0,202.5,12.8,823,
25.4.2026,11:31:35.692,45.3,53.3,52.568,0.000,465.0,202.5,12.8,823,
25.4.2026,11:31:35.892,45.3,53.2,52.057,0.000,465.0,202.5,12.8,823,
25.4.2026,11:31:36.102,45.3,53.3,52.498,0.000,465.0,202.5,12.8,823,
25.4.2026,11:31:36.296,45.4,53.3,52.144,0.000,495.0,202.5,12.8,823,
25.4.2026,11:31:36.513,45.3,53.2,52.132,0.000,495.0,202.5,12.8,823,
25.4.2026,11:31:36.699,45.3,53.3,52.185,0.000,495.0,202.5,12.8,823,
25.4.2026,11:31:36.906,45.3,53.3,52.152,0.000,495.0,202.5,12.8,823,
25.4.2026,11:31:37.106,45.3,53.3,52.141,0.000,495.0,202.5,12.8,823,
25.4.2026,11:31:37.311,45.3,53.3,52.122,0.000,495.0,202.5,12.8,823,
25.4.2026,11:31:37.517,45.4,53.3,52.274,0.000,495.0,202.5,12.8,823,
25.4.2026,11:31:37.728,45.4,53.2,52.258,0.000,495.0,202.5,12.8,823,
25.4.2026,11:31:37.920,45.4,53.2,52.258,0.000,495.0,202.5,12.8,823,
25.4.2026,11:31:38.130,45.4,53.3,52.288,0.000,510.0,202.5,12.8,823,
25.4.2026,11:31:38.328,45.4,53.4,52.226,0.000,510.0,202.5,12.8,823,
25.4.2026,11:31:38.529,45.4,53.4,52.138,0.000,510.0,202.5,12.8,823,
25.4.2026,11:31:38.738,45.4,53.3,52.264,0.000,510.0,202.5,12.8,823,
25.4.2026,11:31:38.934,45.4,53.4,52.343,0.000,510.0,202.5,12.8,823,
25.4.2026,11:31:39.139,45.4,53.3,52.166,0.000,510.0,202.5,12.8,823,
25.4.2026,11:31:39.348,45.4,53.3,52.467,0.000,510.0,202.5,12.8,823,
25.4.2026,11:31:39.545,45.4,53.2,52.133,0.000,510.0,202.5,12.8,823,
25.4.2026,11:31:39.748,45.4,53.3,52.502,0.000,510.0,202.5,12.8,823,
25.4.2026,11:31:39.954,45.4,53.3,52.226,0.000,510.0,202.5,12.8,823,
25.4.2026,11:31:40.167,45.5,53.5,52.423,0.000,510.0,202.5,12.8,823,
25.4.2026,11:31:40.358,45.4,53.3,52.507,0.000,525.0,202.5,12.8,823,
25.4.2026,11:31:40.559,45.4,53.3,53.078,0.000,525.0,202.5,12.8,823,
25.4.2026,11:31:40.771,45.5,53.4,52.865,0.000,525.0,202.5,12.8,823,
25.4.2026,11:31:40.974,45.5,53.4,52.852,0.000,525.0,202.5,12.8,823,
25.4.2026,11:31:41.168,45.4,53.3,52.796,0.000,525.0,202.5,12.8,823,
25.4.2026,11:31:41.373,45.4,53.3,53.176,0.000,525.0,202.5,12.8,823,
25.4.2026,11:31:41.586,45.5,53.3,52.436,0.000,525.0,202.5,12.8,823,
25.4.2026,11:31:41.778,45.4,53.3,52.281,0.000,525.0,202.5,12.8,823,
25.4.2026,11:31:41.990,45.5,53.4,52.421,0.000,525.0,202.5,12.8,823,
25.4.2026,11:31:42.188,45.4,53.4,52.314,0.000,495.0,202.5,12.8,823,
25.4.2026,11:31:42.396,45.4,53.4,52.193,0.000,480.0,202.5,12.8,823,
25.4.2026,11:31:42.594,45.4,53.4,52.199,0.000,480.0,202.5,12.8,823,
25.4.2026,11:31:42.796,45.4,53.4,52.197,0.000,465.0,202.5,12.8,823,
25.4.2026,11:31:43.001,45.4,53.5,52.164,0.000,465.0,202.5,12.8,823,
25.4.2026,11:31:43.204,45.5,53.3,52.479,0.000,510.0,202.5,12.8,823,
25.4.2026,11:31:43.402,45.5,53.4,52.277,0.000,510.0,202.5,12.8,823,
25.4.2026,11:31:43.605,45.5,53.4,52.143,0.000,510.0,202.5,12.8,823,
25.4.2026,11:31:43.808,45.5,53.3,52.304,0.000,510.0,202.5,12.8,823,
25.4.2026,11:31:44.013,45.5,53.4,52.168,0.000,510.0,202.5,12.8,823,
25.4.2026,11:31:44.218,45.5,53.5,52.503,0.000,510.0,202.5,12.8,823,
25.4.2026,11:31:44.420,45.5,53.5,52.577,0.000,510.0,202.5,12.8,823,
25.4.2026,11:31:44.625,45.5,53.3,52.158,0.000,510.0,202.5,12.8,823,
25.4.2026,11:31:44.827,45.6,53.5,52.589,0.000,510.0,202.5,12.8,823,
25.4.2026,11:31:45.027,45.6,53.5,52.246,0.000,525.0,202.5,12.8,823,
25.4.2026,11:31:45.238,45.5,53.4,52.537,0.000,525.0,202.5,12.8,823,
25.4.2026,11:31:45.439,45.5,53.6,52.245,0.000,525.0,202.5,12.8,823,
25.4.2026,11:31:45.641,45.6,53.5,52.752,0.000,525.0,202.5,12.8,823,
25.4.2026,11:31:45.846,45.6,53.5,52.782,0.000,525.0,202.5,12.8,823,
25.4.2026,11:31:46.053,45.5,53.5,52.275,0.000,525.0,202.5,12.8,823,
25.4.2026,11:31:46.252,45.6,53.4,53.176,0.000,540.0,202.5,12.8,823,
25.4.2026,11:31:46.450,45.6,53.4,53.026,0.000,540.0,202.5,12.8,823,
25.4.2026,11:31:46.658,45.6,53.4,52.850,0.000,540.0,202.5,12.8,823,
25.4.2026,11:31:46.860,45.6,53.5,52.382,0.000,540.0,202.5,12.8,823,
25.4.2026,11:31:47.064,45.6,53.5,52.454,0.000,540.0,202.5,12.8,823,
25.4.2026,11:31:47.265,45.6,53.5,52.629,0.000,540.0,202.5,12.8,823,
25.4.2026,11:31:47.466,45.6,53.5,52.810,0.000,540.0,202.5,12.8,823,
25.4.2026,11:31:47.671,45.6,53.5,52.576,0.000,540.0,202.5,12.8,823,
25.4.2026,11:31:47.875,45.6,53.5,52.231,0.000,540.0,202.5,12.8,823,
25.4.2026,11:31:48.078,45.6,53.5,52.587,0.000,525.0,202.5,12.8,823,
25.4.2026,11:31:48.285,45.6,53.5,52.144,0.000,525.0,202.5,12.8,823,
25.4.2026,11:31:48.481,45.6,53.5,52.416,0.000,510.0,202.5,12.8,823,
25.4.2026,11:31:48.684,45.6,53.6,52.440,0.000,510.0,202.5,12.8,823,
25.4.2026,11:31:48.890,45.6,53.6,52.276,0.000,510.0,202.5,12.8,823,
25.4.2026,11:31:49.107,45.6,53.5,52.415,0.000,510.0,202.5,12.8,823,
25.4.2026,11:31:49.296,45.6,53.6,52.311,0.000,510.0,202.5,12.8,823,
25.4.2026,11:31:49.500,45.6,53.6,52.176,0.000,510.0,202.5,12.8,823,
25.4.2026,11:31:49.699,45.6,53.6,52.245,0.000,510.0,202.5,12.8,823,
25.4.2026,11:31:49.912,45.6,53.6,52.337,0.000,525.0,202.5,12.8,823,
25.4.2026,11:31:50.106,45.6,53.6,52.337,0.000,525.0,202.5,12.8,823,
25.4.2026,11:31:50.311,45.6,53.6,52.470,0.000,525.0,202.5,12.8,823,
25.4.2026,11:31:50.512,45.6,53.5,52.482,0.000,540.0,202.5,12.8,823,
25.4.2026,11:31:50.718,45.6,53.5,52.396,0.000,540.0,202.5,12.8,823,
25.4.2026,11:31:50.922,45.7,53.5,52.485,0.000,540.0,202.5,12.8,823,
25.4.2026,11:31:51.122,45.6,53.6,52.145,0.000,540.0,202.5,12.8,823,
25.4.2026,11:31:51.324,45.7,53.6,52.480,0.000,540.0,202.5,12.8,823,
25.4.2026,11:31:51.529,45.7,53.5,52.229,0.000,540.0,202.5,12.8,823,
25.4.2026,11:31:51.734,45.7,53.7,52.318,0.000,540.0,202.5,12.8,823,
25.4.2026,11:31:51.938,45.7,53.6,52.376,0.000,540.0,202.5,12.8,823,
25.4.2026,11:31:52.139,45.7,53.6,52.444,0.000,540.0,202.5,12.8,823,
25.4.2026,11:31:52.345,45.7,53.6,52.206,0.000,510.0,202.5,12.8,823,
25.4.2026,11:31:52.546,45.7,53.6,52.307,0.000,510.0,202.5,12.8,823,
25.4.2026,11:31:52.750,45.7,53.6,52.224,0.000,510.0,202.5,12.8,823,
25.4.2026,11:31:52.951,45.7,53.6,53.242,0.000,510.0,202.5,12.8,823,
25.4.2026,11:31:53.155,45.7,53.8,52.507,0.000,525.0,202.5,12.8,823,
25.4.2026,11:31:53.360,45.7,53.8,52.912,0.000,525.0,202.5,12.8,823,
25.4.2026,11:31:53.562,45.7,53.7,52.823,0.000,525.0,202.5,12.8,823,
25.4.2026,11:31:53.764,45.7,53.7,52.723,0.000,525.0,202.5,12.8,823,
25.4.2026,11:31:53.966,45.7,53.7,52.892,0.000,525.0,202.5,12.8,823,
25.4.2026,11:31:54.172,45.7,53.7,52.049,0.000,525.0,202.5,12.8,823,
25.4.2026,11:31:54.373,45.7,53.7,52.402,0.000,525.0,202.5,12.8,823,
25.4.2026,11:31:54.577,45.7,53.7,52.119,0.000,525.0,202.5,12.8,823,
25.4.2026,11:31:54.780,45.7,53.6,52.424,0.000,525.0,202.5,12.8,823,
25.4.2026,11:31:54.983,45.7,53.7,52.416,0.000,495.0,202.5,12.8,823,
25.4.2026,11:31:55.183,45.7,53.7,52.081,0.000,495.0,202.5,12.8,823,
25.4.2026,11:31:55.389,45.7,53.8,52.467,0.000,480.0,202.5,12.8,823,
25.4.2026,11:31:55.593,45.7,53.8,52.095,0.000,480.0,202.5,12.8,823,
25.4.2026,11:31:55.796,45.7,53.8,52.150,0.000,480.0,202.5,12.8,823,
25.4.2026,11:31:55.997,45.7,53.8,52.375,0.000,480.0,202.5,12.8,823,
25.4.2026,11:31:56.200,45.7,53.8,52.257,0.000,480.0,202.5,12.8,823,
25.4.2026,11:31:56.406,45.7,53.8,52.166,0.000,465.0,202.5,12.8,823,
25.4.2026,11:31:56.610,45.7,53.8,52.135,0.000,465.0,202.5,12.8,823,
25.4.2026,11:31:56.811,45.7,53.8,52.256,0.000,465.0,202.5,12.8,823,
25.4.2026,11:31:57.017,45.7,53.8,52.186,0.000,465.0,202.5,12.8,823,
25.4.2026,11:31:57.218,45.7,53.7,52.341,0.000,465.0,202.5,12.8,823,
25.4.2026,11:31:57.418,45.8,53.8,52.432,0.000,465.0,202.5,12.8,823,
25.4.2026,11:31:57.621,45.7,53.8,52.293,0.000,450.0,202.5,12.8,823,
25.4.2026,11:31:57.829,45.7,53.8,52.093,0.000,450.0,202.5,12.8,823,
25.4.2026,11:31:58.027,45.7,53.8,52.805,0.000,450.0,202.5,12.8,823,
25.4.2026,11:31:58.234,45.7,53.8,52.179,0.000,450.0,202.5,12.8,823,
25.4.2026,11:31:58.436,45.7,53.8,52.469,0.000,450.0,202.5,12.8,823,
25.4.2026,11:31:58.640,45.8,53.9,52.476,0.000,510.0,202.5,12.8,823,
25.4.2026,11:31:58.839,45.8,53.8,52.792,0.000,525.0,202.5,12.8,823,
25.4.2026,11:31:59.046,45.9,54.0,52.416,0.000,525.0,202.5,12.8,823,
25.4.2026,11:31:59.247,45.8,53.8,52.607,0.000,525.0,202.5,12.8,823,
25.4.2026,11:31:59.450,45.8,53.9,52.550,0.000,525.0,202.5,12.8,823,
25.4.2026,11:31:59.654,45.8,53.8,52.375,0.000,525.0,202.5,12.8,823,
25.4.2026,11:31:59.857,45.8,53.8,52.408,0.000,525.0,202.5,12.8,823,
25.4.2026,11:32:0.067,45.8,53.8,52.127,0.000,525.0,202.5,12.8,823,
25.4.2026,11:32:0.263,45.8,53.9,52.345,0.000,525.0,202.5,12.8,823,
25.4.2026,11:32:0.467,45.8,53.8,52.652,0.000,525.0,202.5,12.8,823,
25.4.2026,11:32:0.669,45.8,53.8,52.432,0.000,525.0,202.5,12.8,823,
25.4.2026,11:32:0.873,45.8,53.8,52.232,0.000,525.0,202.5,12.8,823,
25.4.2026,11:32:1.076,45.8,53.9,52.426,0.000,525.0,202.5,12.8,823,
25.4.2026,11:32:1.277,45.8,53.9,52.185,0.000,525.0,202.5,12.8,823,
25.4.2026,11:32:1.483,45.8,54.0,52.446,0.000,525.0,202.5,12.8,823,
25.4.2026,11:32:1.693,45.8,53.9,52.189,0.000,525.0,202.5,12.8,823,
25.4.2026,11:32:1.890,45.8,53.8,52.190,0.000,525.0,202.5,12.8,823,
25.4.2026,11:32:2.092,45.9,53.8,52.190,0.000,525.0,202.5,12.8,823,
25.4.2026,11:32:2.297,45.9,53.8,52.446,0.000,525.0,202.5,12.8,823,
25.4.2026,11:32:2.497,45.9,54.0,52.210,0.000,525.0,202.5,12.8,823,
25.4.2026,11:32:2.700,45.8,53.9,52.427,0.000,525.0,202.5,12.8,823,
25.4.2026,11:32:2.905,45.9,53.8,52.208,0.000,525.0,202.5,12.8,823,
25.4.2026,11:32:3.106,45.9,53.9,52.450,0.000,525.0,202.5,12.8,823,
25.4.2026,11:32:3.313,45.9,53.9,52.457,0.000,525.0,202.5,12.8,823,
25.4.2026,11:32:3.521,45.9,53.8,52.249,0.000,525.0,202.5,12.8,823,
25.4.2026,11:32:3.730,45.9,53.9,52.133,0.000,525.0,202.5,12.8,823,
25.4.2026,11:32:3.919,45.9,53.9,52.197,0.000,510.0,202.5,12.8,823,
25.4.2026,11:32:4.125,45.9,53.9,52.212,0.000,510.0,202.5,12.8,823,
25.4.2026,11:32:4.330,45.9,53.9,52.212,0.000,495.0,202.5,12.8,823,
25.4.2026,11:32:4.538,45.9,53.8,52.220,0.000,495.0,202.5,12.8,823,
25.4.2026,11:32:4.733,45.9,54.0,52.422,0.000,480.0,202.5,12.8,823,
25.4.2026,11:32:4.950,45.9,53.8,52.548,0.000,465.0,202.5,12.8,823,
25.4.2026,11:32:5.152,45.9,54.0,52.867,0.000,465.0,202.5,12.8,823,
25.4.2026,11:32:5.340,45.9,53.9,52.873,0.000,465.0,202.5,12.8,823,
25.4.2026,11:32:5.546,45.8,53.9,53.170,0.000,450.0,202.5,12.8,823,
25.4.2026,11:32:5.748,45.9,53.9,52.123,0.000,450.0,202.5,12.8,823,
25.4.2026,11:32:5.950,45.9,53.9,53.011,0.000,435.0,202.5,12.8,823,
25.4.2026,11:32:6.154,45.9,54.0,52.843,0.000,435.0,202.5,12.8,823,
25.4.2026,11:32:6.357,45.9,54.0,52.836,0.000,435.0,202.5,12.8,823,
25.4.2026,11:32:6.562,45.9,54.0,53.111,0.000,480.0,202.5,12.8,823,
25.4.2026,11:32:6.764,45.9,53.9,52.214,0.000,480.0,202.5,12.8,823,
25.4.2026,11:32:6.972,45.9,54.0,53.106,0.000,480.0,202.5,12.8,823,
25.4.2026,11:32:7.173,45.9,54.0,52.433,0.000,480.0,202.5,12.8,823,
25.4.2026,11:32:7.371,45.9,54.0,52.248,0.000,480.0,202.5,12.8,823,
25.4.2026,11:32:7.576,45.9,54.0,52.506,0.000,525.0,202.5,12.8,823,
25.4.2026,11:32:7.787,45.9,54.0,52.393,0.000,525.0,202.5,12.8,823,
25.4.2026,11:32:7.983,45.9,54.0,52.363,0.000,525.0,202.5,12.8,823,
25.4.2026,11:32:8.185,45.9,53.9,52.164,0.000,525.0,202.5,12.8,823,
25.4.2026,11:32:8.391,46.0,54.0,52.503,0.000,540.0,202.5,12.8,823,
25.4.2026,11:32:8.593,46.0,54.0,52.155,0.000,540.0,202.5,12.8,823,
25.4.2026,11:32:8.799,45.9,54.1,52.411,0.000,540.0,202.5,12.8,823,
25.4.2026,11:32:8.998,46.0,54.0,52.191,0.000,540.0,202.5,12.8,823,
25.4.2026,11:32:9.199,46.0,54.1,52.270,0.000,540.0,202.5,12.8,823,
25.4.2026,11:32:9.404,46.0,54.0,52.281,0.000,540.0,202.5,12.8,823,
25.4.2026,11:32:9.612,46.0,54.1,52.169,0.000,540.0,202.5,12.8,823,
25.4.2026,11:32:9.812,46.0,54.0,52.763,0.000,540.0,202.5,12.8,823,
25.4.2026,11:32:10.024,46.0,53.9,52.609,0.000,540.0,202.5,12.8,823,
25.4.2026,11:32:10.221,46.0,54.0,52.554,0.000,525.0,202.5,12.8,823,
25.4.2026,11:32:10.420,46.0,54.0,52.594,0.000,525.0,202.5,12.8,823,
25.4.2026,11:32:10.622,46.1,54.1,52.763,0.000,525.0,202.5,12.8,823,
25.4.2026,11:32:10.824,46.0,54.1,52.777,0.000,525.0,202.5,12.8,823,
25.4.2026,11:32:11.028,46.0,54.1,52.562,0.000,525.0,202.5,12.8,823,
25.4.2026,11:32:11.236,46.0,54.1,52.205,0.000,510.0,202.5,12.8,823,
25.4.2026,11:32:11.436,46.0,54.1,52.493,0.000,510.0,202.5,12.8,823,
25.4.2026,11:32:11.640,46.0,54.0,52.173,0.000,495.0,202.5,12.8,823,
25.4.2026,11:32:11.840,46.0,54.2,52.179,0.000,495.0,202.5,12.8,823,
25.4.2026,11:32:12.045,46.0,54.1,52.617,0.000,480.0,202.5,12.8,823,
25.4.2026,11:32:12.249,46.1,54.1,52.902,0.000,480.0,202.5,12.8,823,
25.4.2026,11:32:12.457,46.0,54.0,52.623,0.000,495.0,202.5,12.8,823,
25.4.2026,11:32:12.654,46.1,54.1,52.574,0.000,495.0,202.5,12.8,823,
25.4.2026,11:32:12.858,46.0,54.0,52.603,0.000,510.0,202.5,12.8,823,
25.4.2026,11:32:13.060,46.0,54.1,52.196,0.000,510.0,202.5,12.8,823,
25.4.2026,11:32:13.265,46.1,54.1,52.907,0.000,525.0,202.5,12.8,823,
25.4.2026,11:32:13.467,46.1,54.2,52.221,0.000,525.0,202.5,12.8,823,
25.4.2026,11:32:13.671,46.1,54.1,52.466,0.000,525.0,202.5,12.8,823,
25.4.2026,11:32:13.872,46.1,54.1,52.426,0.000,525.0,202.5,12.8,823,
25.4.2026,11:32:14.076,46.1,54.1,52.172,0.000,525.0,202.5,12.8,823,
25.4.2026,11:32:14.279,46.1,54.1,52.321,0.000,525.0,202.5,12.8,823,
25.4.2026,11:32:14.483,46.1,54.1,52.490,0.000,525.0,202.5,12.8,823,
25.4.2026,11:32:14.688,46.1,54.1,52.186,0.000,525.0,202.5,12.8,823,
25.4.2026,11:32:14.891,46.1,54.1,52.186,0.000,525.0,202.5,12.8,823,
25.4.2026,11:32:15.091,46.1,54.1,52.221,0.000,525.0,202.5,12.8,823,
25.4.2026,11:32:15.293,46.1,54.1,52.434,0.000,525.0,202.5,12.8,823,
25.4.2026,11:32:15.499,46.1,54.2,52.247,0.000,525.0,202.5,12.8,823,
25.4.2026,11:32:15.699,46.1,54.2,52.167,0.000,510.0,202.5,12.8,823,
25.4.2026,11:32:15.904,46.1,54.2,52.440,0.000,510.0,202.5,12.8,823,
25.4.2026,11:32:16.111,46.1,54.2,52.235,0.000,510.0,202.5,12.8,823,
25.4.2026,11:32:16.309,46.1,54.2,52.374,0.000,510.0,202.5,12.8,823,
25.4.2026,11:32:16.516,46.1,54.1,52.375,0.000,510.0,202.5,12.8,823,
25.4.2026,11:32:16.719,46.1,54.1,52.488,0.000,510.0,202.5,12.8,823,
25.4.2026,11:32:16.920,46.1,54.1,52.096,0.000,495.0,202.5,12.8,823,
25.4.2026,11:32:17.124,46.1,54.2,52.217,0.000,495.0,202.5,12.8,823,
25.4.2026,11:32:17.328,46.1,54.2,52.169,0.000,480.0,202.5,12.8,823,
25.4.2026,11:32:17.530,46.1,54.1,52.277,0.000,480.0,202.5,12.8,823,
25.4.2026,11:32:17.731,46.1,54.2,52.277,0.000,465.0,202.5,12.8,823,
25.4.2026,11:32:17.941,46.1,54.2,52.143,0.000,465.0,202.5,12.8,823,
25.4.2026,11:32:18.140,46.1,54.2,52.515,0.000,465.0,202.5,12.8,823,
25.4.2026,11:32:18.355,46.1,54.2,52.137,0.000,465.0,202.5,12.8,823,
25.4.2026,11:32:18.548,46.1,54.2,52.810,0.000,465.0,202.5,12.8,823,
25.4.2026,11:32:18.748,46.1,54.2,53.085,0.000,465.0,202.5,12.8,823,
25.4.2026,11:32:18.957,46.2,54.3,53.137,0.000,465.0,202.5,12.8,823,
25.4.2026,11:32:19.156,46.1,54.1,52.921,0.000,465.0,202.5,12.8,823,
25.4.2026,11:32:19.357,46.1,54.2,52.666,0.000,465.0,202.5,12.8,823,
25.4.2026,11:32:19.559,46.2,54.2,52.848,0.000,465.0,202.5,12.8,823,
25.4.2026,11:32:19.764,46.1,54.2,52.828,0.000,450.0,202.5,12.8,823,
25.4.2026,11:32:19.968,46.2,54.2,52.449,0.000,480.0,202.5,12.8,823,
25.4.2026,11:32:20.185,46.2,54.1,52.456,0.000,480.0,202.5,12.8,823,
25.4.2026,11:32:20.371,46.2,54.2,52.169,0.000,480.0,202.5,12.8,823,
25.4.2026,11:32:20.577,46.1,54.2,52.257,0.000,480.0,202.5,12.8,823,
25.4.2026,11:32:20.779,46.2,54.1,52.164,0.000,480.0,202.5,12.8,823,
25.4.2026,11:32:20.981,46.2,54.3,52.158,0.000,480.0,202.5,12.8,823,
25.4.2026,11:32:21.184,46.2,54.2,52.286,0.000,480.0,202.5,12.8,823,
25.4.2026,11:32:21.390,46.2,54.2,52.330,0.000,480.0,202.5,12.8,823,
25.4.2026,11:32:21.592,46.2,54.2,52.354,0.000,480.0,202.5,12.8,823,
25.4.2026,11:32:21.796,46.2,54.2,52.131,0.000,450.0,202.5,12.8,823,
25.4.2026,11:32:21.997,46.2,54.2,52.560,0.000,465.0,202.5,12.8,823,
25.4.2026,11:32:22.199,46.2,54.2,52.322,0.000,465.0,202.5,12.8,823,
25.4.2026,11:32:22.413,46.2,54.2,52.458,0.000,465.0,202.5,12.8,823,
25.4.2026,11:32:22.607,46.2,54.3,52.460,0.000,465.0,202.5,12.8,823,
25.4.2026,11:32:22.823,46.2,54.3,52.372,0.000,465.0,202.5,12.8,823,
25.4.2026,11:32:23.017,46.2,54.3,52.792,0.000,465.0,202.5,12.8,823,
25.4.2026,11:32:23.217,46.2,54.3,52.544,0.000,465.0,202.5,12.8,823,
25.4.2026,11:32:23.424,46.2,54.3,52.512,0.000,465.0,202.5,12.8,823,
25.4.2026,11:32:23.625,46.2,54.3,52.494,0.000,465.0,202.5,12.8,823,
25.4.2026,11:32:23.826,46.2,54.3,52.485,0.000,435.0,202.5,12.8,823,
25.4.2026,11:32:24.028,46.2,54.3,53.271,0.000,435.0,202.5,12.8,823,
25.4.2026,11:32:24.236,46.2,54.3,52.634,0.000,450.0,202.5,12.8,823,
25.4.2026,11:32:24.435,46.2,54.3,52.184,0.000,450.0,202.5,12.8,823,
25.4.2026,11:32:24.638,46.3,54.3,53.079,0.000,465.0,202.5,12.8,823,
25.4.2026,11:32:24.840,46.2,54.4,52.388,0.000,495.0,202.5,12.8,823,
25.4.2026,11:32:25.045,46.2,54.4,52.361,0.000,495.0,202.5,12.8,823,
25.4.2026,11:32:25.249,46.2,54.3,52.830,0.000,495.0,202.5,12.8,823,
25.4.2026,11:32:25.451,46.3,54.3,52.626,0.000,495.0,202.5,12.8,823,
25.4.2026,11:32:25.660,46.2,54.2,52.318,0.000,495.0,202.5,12.8,823,
25.4.2026,11:32:25.860,46.2,54.3,52.403,0.000,495.0,202.5,12.8,823,
25.4.2026,11:32:26.061,46.3,54.3,52.356,0.000,510.0,202.5,12.8,823,
25.4.2026,11:32:26.266,46.3,54.4,52.218,0.000,510.0,202.5,12.8,823,
25.4.2026,11:32:26.465,46.3,54.3,52.257,0.000,510.0,202.5,12.8,823,
25.4.2026,11:32:26.670,46.2,54.3,52.311,0.000,510.0,202.5,12.8,823,
25.4.2026,11:32:26.873,46.3,54.4,52.359,0.000,510.0,202.5,12.8,823,
25.4.2026,11:32:27.077,46.3,54.3,52.193,0.000,510.0,202.5,12.8,823,
25.4.2026,11:32:27.280,46.3,54.4,52.173,0.000,510.0,202.5,12.8,823,
25.4.2026,11:32:27.481,46.3,54.3,52.337,0.000,510.0,202.5,12.8,823,
25.4.2026,11:32:27.686,46.3,54.4,52.228,0.000,510.0,202.5,12.8,823,
25.4.2026,11:32:27.890,46.3,54.3,52.194,0.000,510.0,202.5,12.8,823,
25.4.2026,11:32:28.091,46.3,54.3,52.771,0.000,510.0,202.5,12.8,823,
25.4.2026,11:32:28.293,46.3,54.4,52.173,0.000,510.0,202.5,12.8,823,
25.4.2026,11:32:28.499,46.3,54.5,52.504,0.000,495.0,202.5,12.8,823,
25.4.2026,11:32:28.702,46.3,54.4,52.172,0.000,495.0,202.5,12.8,823,
25.4.2026,11:32:28.905,46.3,54.4,52.233,0.000,480.0,202.5,12.8,823,
25.4.2026,11:32:29.110,46.3,54.4,52.253,0.000,480.0,202.5,12.8,823,
25.4.2026,11:32:29.309,46.3,54.5,52.253,0.000,480.0,202.5,12.8,823,
25.4.2026,11:32:29.513,46.3,54.5,52.247,0.000,465.0,202.5,12.8,823,
25.4.2026,11:32:29.717,46.3,54.5,52.180,0.000,465.0,202.5,12.8,823,
25.4.2026,11:32:29.920,46.3,54.4,52.382,0.000,465.0,202.5,12.8,823,
25.4.2026,11:32:30.126,46.3,54.3,52.248,0.000,465.0,202.5,12.8,823,
25.4.2026,11:32:30.324,46.3,54.4,52.459,0.000,480.0,202.5,12.8,823,
25.4.2026,11:32:30.527,46.4,54.4,52.221,0.000,495.0,202.5,12.8,823,
25.4.2026,11:32:30.733,46.4,54.3,52.541,0.000,495.0,202.5,12.8,823,
25.4.2026,11:32:30.937,46.3,54.4,52.202,0.000,495.0,202.5,12.8,823,
25.4.2026,11:32:31.141,46.4,54.4,52.347,0.000,495.0,202.5,12.8,823,
25.4.2026,11:32:31.345,46.3,54.5,52.139,0.000,495.0,202.5,12.8,823,
25.4.2026,11:32:31.550,46.4,54.5,52.711,0.000,495.0,202.5,12.8,823,
25.4.2026,11:32:31.750,46.4,54.5,52.934,0.000,495.0,202.5,12.8,823,
25.4.2026,11:32:31.959,46.4,54.5,52.527,0.000,495.0,202.5,12.8,823,
25.4.2026,11:32:32.152,46.4,54.4,52.262,0.000,495.0,202.5,12.8,823,
25.4.2026,11:32:32.356,46.4,54.4,52.401,0.000,495.0,202.5,12.8,823,
25.4.2026,11:32:32.559,46.4,54.5,52.690,0.000,495.0,202.5,12.8,823,
25.4.2026,11:32:32.764,46.4,54.5,52.407,0.000,495.0,202.5,12.8,823,
25.4.2026,11:32:32.969,46.4,54.5,52.137,0.000,480.0,202.5,12.8,823,
25.4.2026,11:32:33.170,46.4,54.5,52.512,0.000,480.0,202.5,12.8,823,
25.4.2026,11:32:33.376,46.4,54.6,52.173,0.000,480.0,202.5,12.8,823,
25.4.2026,11:32:33.578,46.4,54.5,52.213,0.000,480.0,202.5,12.8,823,
25.4.2026,11:32:33.777,46.4,54.5,52.451,0.000,465.0,202.5,12.8,823,
25.4.2026,11:32:33.982,46.4,54.6,52.215,0.000,465.0,202.5,12.8,823,
25.4.2026,11:32:34.186,46.4,54.5,52.326,0.000,465.0,202.5,12.8,823,
25.4.2026,11:32:34.390,46.4,54.5,52.175,0.000,465.0,202.5,12.8,823,
25.4.2026,11:32:34.596,46.4,54.5,52.449,0.000,480.0,202.5,12.8,823,
25.4.2026,11:32:34.795,46.4,54.5,52.389,0.000,480.0,202.5,12.8,823,
25.4.2026,11:32:34.997,46.4,54.5,52.205,0.000,480.0,202.5,12.8,823,
25.4.2026,11:32:35.200,46.4,54.6,52.262,0.000,480.0,202.5,12.8,823,
25.4.2026,11:32:35.402,46.4,54.6,52.148,0.000,480.0,202.5,12.8,823,
25.4.2026,11:32:35.607,46.4,54.6,52.075,0.000,480.0,202.5,12.8,823,
25.4.2026,11:32:35.811,46.4,54.6,52.698,0.000,480.0,202.5,12.8,823,
25.4.2026,11:32:36.014,46.4,54.5,52.804,0.000,480.0,202.5,12.8,823,
25.4.2026,11:32:36.218,46.4,54.5,52.765,0.000,465.0,202.5,12.8,823,
25.4.2026,11:32:36.420,46.4,54.5,52.512,0.000,465.0,202.5,12.8,823,
25.4.2026,11:32:36.631,46.4,54.5,52.452,0.000,450.0,202.5,12.8,823,
25.4.2026,11:32:36.828,46.4,54.4,52.375,0.000,465.0,202.5,12.8,823,
25.4.2026,11:32:37.027,46.4,54.4,52.703,0.000,465.0,202.5,12.8,823,
25.4.2026,11:32:37.232,46.4,54.5,52.670,0.000,465.0,202.5,12.8,823,
25.4.2026,11:32:37.435,46.5,54.5,52.362,0.000,465.0,202.5,12.8,823,
25.4.2026,11:32:37.638,46.4,54.5,52.503,0.000,465.0,202.5,12.8,823,
25.4.2026,11:32:37.840,46.5,54.5,52.858,0.000,465.0,202.5,12.8,823,
25.4.2026,11:32:38.046,46.5,54.5,53.024,0.000,480.0,202.5,12.8,823,
25.4.2026,11:32:38.250,46.4,54.6,53.013,0.000,480.0,202.5,12.8,823,
25.4.2026,11:32:38.449,46.5,54.6,52.340,0.000,480.0,202.5,12.8,823,
25.4.2026,11:32:38.652,46.5,54.6,53.067,0.000,480.0,202.5,12.8,823,
25.4.2026,11:32:38.858,46.5,54.5,52.188,0.000,480.0,202.5,12.8,823,
25.4.2026,11:32:39.061,46.5,54.6,52.521,0.000,480.0,202.5,12.8,823,
25.4.2026,11:32:39.264,46.5,54.6,52.226,0.000,480.0,202.5,12.8,823,
25.4.2026,11:32:39.467,46.5,54.6,52.488,0.000,480.0,202.5,12.8,823,
25.4.2026,11:32:39.671,46.5,54.6,52.735,0.000,480.0,202.5,12.8,823,
25.4.2026,11:32:39.877,46.5,54.5,52.377,0.000,480.0,202.5,12.8,823,
25.4.2026,11:32:40.078,46.5,54.6,52.236,0.000,480.0,202.5,12.8,823,
25.4.2026,11:32:40.283,46.5,54.6,52.189,0.000,480.0,202.5,12.8,823,
25.4.2026,11:32:40.485,46.5,54.6,52.391,0.000,480.0,202.5,12.8,823,
25.4.2026,11:32:40.693,46.6,54.6,52.603,0.000,480.0,202.5,12.8,823,
25.4.2026,11:32:40.892,46.5,54.6,52.203,0.000,480.0,202.5,12.8,823,
25.4.2026,11:32:41.095,46.5,54.5,52.214,0.000,465.0,202.5,12.8,823,
25.4.2026,11:32:41.299,46.5,54.4,52.209,0.000,465.0,202.5,12.8,823,
25.4.2026,11:32:41.497,46.5,54.6,52.218,0.000,465.0,202.5,12.8,823,
25.4.2026,11:32:41.704,46.5,54.6,52.218,0.000,450.0,202.5,12.8,823,
25.4.2026,11:32:41.902,46.6,54.5,52.783,0.000,465.0,202.5,12.8,823,
25.4.2026,11:32:42.107,46.5,54.5,52.258,0.000,465.0,202.5,12.8,823,
25.4.2026,11:32:42.314,46.5,54.6,52.520,0.000,480.0,202.5,12.8,823,
25.4.2026,11:32:42.514,46.6,54.6,52.372,0.000,480.0,202.5,12.8,823,
25.4.2026,11:32:42.716,46.6,54.8,52.265,0.000,480.0,202.5,12.8,823,
25.4.2026,11:32:42.918,46.6,54.6,52.488,0.000,480.0,202.5,12.8,823,
25.4.2026,11:32:43.123,46.6,54.7,52.432,0.000,480.0,202.5,12.8,823,
25.4.2026,11:32:43.326,46.6,54.6,52.205,0.000,480.0,202.5,12.8,823,
25.4.2026,11:32:43.529,46.6,54.7,52.537,0.000,480.0,202.5,12.8,823,
25.4.2026,11:32:43.731,46.6,54.8,52.474,0.000,480.0,202.5,12.8,823,
25.4.2026,11:32:43.936,46.6,54.7,52.317,0.000,465.0,202.5,12.8,823,
25.4.2026,11:32:44.137,46.6,54.8,52.708,0.000,465.0,202.5,12.8,823,
25.4.2026,11:32:44.349,46.6,54.8,52.133,0.000,465.0,202.5,12.8,823,
25.4.2026,11:32:44.545,46.6,54.7,52.203,0.000,465.0,202.5,12.8,823,
25.4.2026,11:32:44.750,46.6,54.8,52.453,0.000,465.0,202.5,12.8,823,
25.4.2026,11:32:44.953,46.6,54.6,52.433,0.000,465.0,202.5,12.8,823,
25.4.2026,11:32:45.155,46.6,54.6,52.433,0.000,465.0,202.5,12.8,823,
25.4.2026,11:32:45.360,46.6,54.8,52.351,0.000,465.0,202.5,12.8,823,
25.4.2026,11:32:45.566,46.6,54.7,52.435,0.000,465.0,202.5,12.8,823,
25.4.2026,11:32:45.774,46.6,54.6,52.479,0.000,450.0,202.5,12.8,823,
25.4.2026,11:32:45.965,46.6,54.8,52.184,0.000,450.0,202.5,12.8,823,
25.4.2026,11:32:46.171,46.6,54.5,52.189,0.000,435.0,202.5,12.8,823,
25.4.2026,11:32:46.373,46.6,54.7,52.322,0.000,450.0,202.5,12.8,823,
25.4.2026,11:32:46.575,46.6,54.6,52.221,0.000,450.0,202.5,12.8,823,
25.4.2026,11:32:46.778,46.6,54.8,52.294,0.000,450.0,202.5,12.8,823,
25.4.2026,11:32:46.982,46.6,54.7,52.068,0.000,450.0,202.5,12.8,823,
25.4.2026,11:32:47.188,46.6,54.7,52.223,0.000,450.0,202.5,12.8,823,
25.4.2026,11:32:47.387,46.6,54.7,52.221,0.000,450.0,202.5,12.8,823,
25.4.2026,11:32:47.593,46.6,54.8,52.226,0.000,450.0,202.5,12.8,823,
25.4.2026,11:32:47.794,46.6,54.7,52.248,0.000,450.0,202.5,12.8,823,
25.4.2026,11:32:48.006,46.6,54.8,52.171,0.000,450.0,202.5,12.8,823,
25.4.2026,11:32:48.202,46.6,54.8,52.259,0.000,450.0,202.5,12.8,823,
25.4.2026,11:32:48.407,46.6,54.6,52.414,0.000,450.0,202.5,12.8,823,
25.4.2026,11:32:48.606,46.6,54.6,52.203,0.000,465.0,202.5,12.8,823,
25.4.2026,11:32:48.809,46.7,54.8,52.399,0.000,465.0,202.5,12.8,823,
25.4.2026,11:32:49.013,46.6,54.6,52.215,0.000,465.0,202.5,12.8,823,
25.4.2026,11:32:49.219,46.7,54.7,52.345,0.000,495.0,202.5,12.8,823,
25.4.2026,11:32:49.427,46.7,54.7,52.176,0.000,495.0,202.5,12.8,823,
25.4.2026,11:32:49.622,46.7,54.7,53.129,0.000,495.0,202.5,12.8,823,
25.4.2026,11:32:49.825,46.7,54.8,52.211,0.000,495.0,202.5,12.8,823,
25.4.2026,11:32:50.030,46.7,54.8,52.812,0.000,510.0,202.5,12.8,823,
25.4.2026,11:32:50.236,46.7,54.8,52.962,0.000,510.0,202.5,12.8,823,
25.4.2026,11:32:50.437,46.7,54.9,52.698,0.000,510.0,202.5,12.8,823,
25.4.2026,11:32:50.638,46.7,54.9,52.883,0.000,510.0,202.5,12.8,823,
25.4.2026,11:32:50.843,46.7,54.8,52.911,0.000,510.0,202.5,12.8,823,
25.4.2026,11:32:51.048,46.7,54.8,52.689,0.000,510.0,202.5,12.8,823,
25.4.2026,11:32:51.249,46.7,54.7,53.173,0.000,510.0,202.5,12.8,823,
25.4.2026,11:32:51.453,46.7,54.8,53.050,0.000,510.0,202.5,12.8,823,
25.4.2026,11:32:51.669,46.8,54.8,52.396,0.000,510.0,202.5,12.8,823,
25.4.2026,11:32:51.857,46.7,54.8,52.413,0.000,510.0,202.5,12.8,823,
25.4.2026,11:32:52.058,46.7,54.8,52.379,0.000,510.0,202.5,12.8,823,
25.4.2026,11:32:52.271,46.7,54.8,52.393,0.000,510.0,202.5,12.8,823,
25.4.2026,11:32:52.468,46.7,54.8,52.421,0.000,510.0,202.5,12.8,823,
25.4.2026,11:32:52.669,46.7,54.8,52.141,0.000,495.0,202.5,12.8,823,
25.4.2026,11:32:52.879,46.7,54.8,52.229,0.000,495.0,202.5,12.8,823,
25.4.2026,11:32:53.084,46.7,54.8,52.199,0.000,480.0,202.5,12.8,823,
25.4.2026,11:32:53.279,46.7,54.8,52.470,0.000,480.0,202.5,12.8,823,
25.4.2026,11:32:53.483,46.7,54.8,52.224,0.000,465.0,202.5,12.8,823,
25.4.2026,11:32:53.690,46.7,54.8,52.251,0.000,465.0,202.5,12.8,823,
25.4.2026,11:32:53.891,46.7,54.9,52.127,0.000,450.0,202.5,12.8,823,
25.4.2026,11:32:54.091,46.8,54.9,52.127,0.000,450.0,202.5,12.8,823,
25.4.2026,11:32:54.300,46.7,54.9,52.326,0.000,450.0,202.5,12.8,823,
25.4.2026,11:32:54.499,46.8,54.9,52.431,0.000,465.0,202.5,12.8,823,
25.4.2026,11:32:54.700,46.8,54.8,52.387,0.000,465.0,202.5,12.8,823,
25.4.2026,11:32:54.906,46.8,54.8,52.387,0.000,465.0,202.5,12.8,823,
25.4.2026,11:32:55.111,46.8,54.9,52.326,0.000,465.0,202.5,12.8,823,
25.4.2026,11:32:55.319,46.8,55.0,52.327,0.000,465.0,202.5,12.8,823,
25.4.2026,11:32:55.514,46.8,54.9,52.655,0.000,465.0,202.5,12.8,823,
25.4.2026,11:32:55.716,46.8,54.8,52.689,0.000,465.0,202.5,12.8,823,
25.4.2026,11:32:55.921,46.8,54.8,52.518,0.000,480.0,202.5,12.8,823,
25.4.2026,11:32:56.125,46.8,54.9,52.663,0.000,480.0,202.5,12.8,823,
25.4.2026,11:32:56.328,46.8,54.9,52.481,0.000,480.0,202.5,12.8,823,
25.4.2026,11:32:56.528,46.8,54.9,52.633,0.000,480.0,202.5,12.8,823,
25.4.2026,11:32:56.734,46.8,54.9,52.651,0.000,480.0,202.5,12.8,823,
25.4.2026,11:32:56.933,46.8,54.9,52.651,0.000,480.0,202.5,12.8,823,
25.4.2026,11:32:57.146,46.8,54.9,52.684,0.000,495.0,202.5,12.8,823,
25.4.2026,11:32:57.341,46.8,55.0,52.221,0.000,495.0,202.5,12.8,823,
25.4.2026,11:32:57.546,46.8,55.0,52.650,0.000,495.0,202.5,12.8,823,
25.4.2026,11:32:57.752,46.8,55.0,52.650,0.000,495.0,202.5,12.8,823,
25.4.2026,11:32:57.960,46.8,54.9,52.606,0.000,495.0,202.5,12.8,823,
25.4.2026,11:32:58.156,46.8,54.9,52.501,0.000,495.0,202.5,12.8,823,
25.4.2026,11:32:58.358,46.8,54.9,52.214,0.000,495.0,202.5,12.8,823,
25.4.2026,11:32:58.559,46.8,54.9,52.348,0.000,495.0,202.5,12.8,823,
25.4.2026,11:32:58.767,46.8,54.9,52.133,0.000,495.0,202.5,12.8,823,
25.4.2026,11:32:58.966,46.8,55.0,52.213,0.000,480.0,202.5,12.8,823,
25.4.2026,11:32:59.168,46.8,55.0,52.241,0.000,480.0,202.5,12.8,823,
25.4.2026,11:32:59.373,46.8,55.0,52.269,0.000,465.0,202.5,12.8,823,
25.4.2026,11:32:59.579,46.8,55.1,52.185,0.000,465.0,202.5,12.8,823,
25.4.2026,11:32:59.777,46.8,55.0,52.356,0.000,450.0,202.5,12.8,823,
25.4.2026,11:32:59.986,46.8,54.9,52.518,0.000,450.0,202.5,12.8,823,
25.4.2026,11:33:0.184,46.8,55.0,52.416,0.000,480.0,202.5,12.8,823,
25.4.2026,11:33:0.390,46.8,55.0,52.465,0.000,480.0,202.5,12.8,823,
25.4.2026,11:33:0.590,46.8,54.9,52.354,0.000,480.0,202.5,12.8,823,
25.4.2026,11:33:0.793,46.9,55.0,52.330,0.000,480.0,202.5,12.8,823,
25.4.2026,11:33:1.001,46.9,55.0,52.245,0.000,480.0,202.5,12.8,823,
25.4.2026,11:33:1.202,46.9,55.0,52.416,0.000,510.0,202.5,12.8,823,
25.4.2026,11:33:1.409,46.9,55.1,52.364,0.000,510.0,202.5,12.8,823,
25.4.2026,11:33:1.618,46.9,55.0,52.455,0.000,510.0,202.5,12.8,823,
25.4.2026,11:33:1.811,46.9,55.0,52.864,0.000,510.0,202.5,12.8,823,
25.4.2026,11:33:2.014,46.9,55.0,52.200,0.000,510.0,202.5,12.8,823,
25.4.2026,11:33:2.218,46.9,55.0,52.520,0.000,510.0,202.5,12.8,823,
25.4.2026,11:33:2.420,46.9,55.0,52.762,0.000,510.0,202.5,12.8,823,
25.4.2026,11:33:2.624,46.9,55.0,52.371,0.000,510.0,202.5,12.8,823,
25.4.2026,11:33:2.824,46.9,55.1,52.779,0.000,510.0,202.5,12.8,823,
25.4.2026,11:33:3.032,46.9,55.0,52.719,0.000,510.0,202.5,12.8,823,
25.4.2026,11:33:3.231,46.9,55.1,52.902,0.000,510.0,202.5,12.8,823,
25.4.2026,11:33:3.436,46.9,55.0,52.463,0.000,495.0,202.5,12.8,823,
25.4.2026,11:33:3.641,46.9,55.1,52.329,0.000,495.0,202.5,12.8,823,
25.4.2026,11:33:3.844,46.9,55.2,52.369,0.000,495.0,202.5,12.8,823,
25.4.2026,11:33:4.043,46.9,55.1,52.142,0.000,495.0,202.5,12.8,823,
25.4.2026,11:33:4.248,46.9,55.0,52.683,0.000,480.0,202.5,12.8,823,
25.4.2026,11:33:4.452,46.9,55.1,52.343,0.000,480.0,202.5,12.8,823,
25.4.2026,11:33:4.658,46.9,55.2,52.244,0.000,480.0,202.5,12.8,823,
25.4.2026,11:33:4.864,46.9,55.2,52.097,0.000,465.0,202.5,12.8,823,
25.4.2026,11:33:5.062,46.9,55.1,52.100,0.000,465.0,202.5,12.8,823,
25.4.2026,11:33:5.266,46.9,55.0,52.145,0.000,450.0,202.5,12.8,823,
25.4.2026,11:33:5.476,46.9,55.1,52.145,0.000,450.0,202.5,12.8,823,
25.4.2026,11:33:5.671,46.9,55.1,52.133,0.000,435.0,202.5,12.8,823,
25.4.2026,11:33:5.871,46.9,55.0,52.034,0.000,435.0,202.5,12.8,823,
25.4.2026,11:33:6.075,46.9,55.2,52.357,0.000,435.0,202.5,12.8,823,
25.4.2026,11:33:6.280,46.9,55.1,52.187,0.000,435.0,202.5,12.8,823,
25.4.2026,11:33:6.480,46.9,55.2,52.378,0.000,435.0,202.5,12.8,823,
25.4.2026,11:33:6.685,46.9,55.2,52.230,0.000,435.0,202.5,12.8,823,
25.4.2026,11:33:6.888,46.9,55.2,52.258,0.000,435.0,202.5,12.8,823,
25.4.2026,11:33:7.091,46.9,55.2,52.250,0.000,435.0,202.5,12.8,823,
25.4.2026,11:33:7.297,46.9,55.1,52.244,0.000,435.0,202.5,12.8,823,
25.4.2026,11:33:7.500,46.9,55.2,52.120,0.000,450.0,202.5,12.8,823,
25.4.2026,11:33:7.703,46.9,55.1,52.384,0.000,450.0,202.5,12.8,823,
25.4.2026,11:33:7.905,47.0,55.2,52.414,0.000,450.0,202.5,12.8,823,
25.4.2026,11:33:8.115,47.0,55.2,52.282,0.000,450.0,202.5,12.8,823,
25.4.2026,11:33:8.312,47.0,55.2,52.169,0.000,465.0,202.5,12.8,823,
25.4.2026,11:33:8.515,47.0,55.1,52.350,0.000,465.0,202.5,12.8,823,
25.4.2026,11:33:8.718,47.0,55.2,52.437,0.000,465.0,202.5,12.8,823,
25.4.2026,11:33:8.922,47.0,55.2,53.129,0.000,465.0,202.5,12.8,823,
25.4.2026,11:33:9.124,47.0,55.2,52.383,0.000,465.0,202.5,12.8,823,
25.4.2026,11:33:9.326,47.0,55.2,52.222,0.000,465.0,202.5,12.8,823,
25.4.2026,11:33:9.532,47.0,55.2,52.764,0.000,465.0,202.5,12.8,823,
25.4.2026,11:33:9.731,46.9,55.2,52.849,0.000,465.0,202.5,12.8,823,
25.4.2026,11:33:9.937,47.0,55.2,52.786,0.000,465.0,202.5,12.8,823,
25.4.2026,11:33:10.143,47.0,55.1,52.175,0.000,480.0,202.5,12.8,823,
25.4.2026,11:33:10.341,47.0,55.2,52.160,0.000,495.0,202.5,12.8,823,
25.4.2026,11:33:10.545,47.0,55.2,52.233,0.000,495.0,202.5,12.8,823,
25.4.2026,11:33:10.749,47.0,55.2,52.838,0.000,495.0,202.5,12.8,823,
25.4.2026,11:33:10.951,47.0,55.1,52.367,0.000,495.0,202.5,12.8,823,
25.4.2026,11:33:11.155,47.0,55.2,52.410,0.000,495.0,202.5,12.8,823,
25.4.2026,11:33:11.356,47.0,55.2,52.150,0.000,495.0,202.5,12.8,823,
25.4.2026,11:33:11.561,47.0,55.1,52.138,0.000,495.0,202.5,12.8,823,
25.4.2026,11:33:11.765,47.0,55.2,52.144,0.000,495.0,202.5,12.8,823,
25.4.2026,11:33:11.968,47.0,55.2,52.393,0.000,450.0,202.5,12.8,823,
25.4.2026,11:33:12.173,47.0,55.1,52.400,0.000,450.0,202.5,12.8,823,
25.4.2026,11:33:12.370,47.0,55.1,52.389,0.000,450.0,202.5,12.8,823,
25.4.2026,11:33:12.577,47.0,55.1,52.127,0.000,495.0,202.5,12.8,823,
25.4.2026,11:33:12.778,47.0,55.0,52.415,0.000,495.0,202.5,12.8,823,
25.4.2026,11:33:12.984,47.1,55.2,52.159,0.000,510.0,202.5,12.8,823,
25.4.2026,11:33:13.183,47.1,55.2,52.159,0.000,510.0,202.5,12.8,823,
25.4.2026,11:33:13.388,47.0,55.2,52.350,0.000,510.0,202.5,12.8,823,
25.4.2026,11:33:13.589,47.1,55.2,52.227,0.000,510.0,202.5,12.8,823,
25.4.2026,11:33:13.794,47.0,55.1,52.157,0.000,510.0,202.5,12.8,823,
25.4.2026,11:33:13.997,47.1,55.3,52.334,0.000,510.0,202.5,12.8,823,
25.4.2026,11:33:14.198,47.1,55.2,52.070,0.000,510.0,202.5,12.8,823,
25.4.2026,11:33:14.404,47.1,55.2,52.474,0.000,510.0,202.5,12.8,823,
25.4.2026,11:33:14.609,47.1,55.2,52.367,0.000,510.0,202.5,12.8,823,
25.4.2026,11:33:14.811,47.1,55.2,52.417,0.000,510.0,202.5,12.8,823,
25.4.2026,11:33:15.013,47.1,55.3,52.529,0.000,510.0,202.5,12.8,823,
25.4.2026,11:33:15.216,47.1,55.3,52.352,0.000,510.0,202.5,12.8,823,
25.4.2026,11:33:15.422,47.1,55.3,52.546,0.000,495.0,202.5,12.8,823,
25.4.2026,11:33:15.625,47.1,55.2,52.898,0.000,495.0,202.5,12.8,823,
25.4.2026,11:33:15.829,47.1,55.2,53.076,0.000,495.0,202.5,12.8,823,
25.4.2026,11:33:16.034,47.1,55.3,53.029,0.000,510.0,202.5,12.8,823,
25.4.2026,11:33:16.237,47.1,55.3,52.483,0.000,510.0,202.5,12.8,823,
25.4.2026,11:33:16.434,47.1,55.3,52.893,0.000,510.0,202.5,12.8,823,
25.4.2026,11:33:16.638,47.1,55.3,52.427,0.000,510.0,202.5,12.8,823,
25.4.2026,11:33:16.842,47.1,55.3,52.803,0.000,555.0,202.5,12.8,823,
25.4.2026,11:33:17.044,47.1,55.2,52.134,0.000,555.0,202.5,12.8,823,
25.4.2026,11:33:17.250,47.1,55.2,52.468,0.000,555.0,202.5,12.8,823,
25.4.2026,11:33:17.460,47.1,55.3,52.224,0.000,555.0,202.5,12.8,823,
25.4.2026,11:33:17.661,47.1,55.2,52.235,0.000,555.0,202.5,12.8,823,
25.4.2026,11:33:17.859,47.2,55.3,52.326,0.000,555.0,202.5,12.8,823,
25.4.2026,11:33:18.070,47.2,55.4,52.239,0.000,555.0,202.5,12.8,823,
25.4.2026,11:33:18.264,47.1,55.3,52.730,0.000,555.0,202.5,12.8,823,
25.4.2026,11:33:18.473,47.2,55.3,52.344,0.000,555.0,202.5,12.8,823,
25.4.2026,11:33:18.672,47.2,55.4,52.359,0.000,570.0,202.5,12.8,823,
25.4.2026,11:33:18.872,47.2,55.4,52.165,0.000,570.0,202.5,12.8,823,
25.4.2026,11:33:19.085,47.2,55.3,52.311,0.000,570.0,202.5,12.8,823,
25.4.2026,11:33:19.278,47.2,55.3,52.172,0.000,570.0,202.5,12.8,823,
25.4.2026,11:33:19.485,47.2,55.4,52.402,0.000,570.0,202.5,12.8,823,
25.4.2026,11:33:19.686,47.2,55.4,52.364,0.000,570.0,202.5,12.8,823,
25.4.2026,11:33:19.898,47.2,55.4,52.365,0.000,570.0,202.5,12.8,823,
25.4.2026,11:33:20.094,47.2,55.3,52.525,0.000,570.0,202.5,12.8,823,
25.4.2026,11:33:20.292,47.2,55.4,52.723,0.000,570.0,202.5,12.8,823,
25.4.2026,11:33:20.501,47.2,55.3,52.376,0.000,555.0,202.5,12.8,823,
25.4.2026,11:33:20.711,47.2,55.3,52.193,0.000,555.0,202.5,12.8,823,
25.4.2026,11:33:20.903,47.2,55.5,52.580,0.000,540.0,202.5,12.8,823,
25.4.2026,11:33:21.113,47.2,55.4,52.207,0.000,540.0,202.5,12.8,823,
25.4.2026,11:33:21.309,47.2,55.4,52.383,0.000,555.0,202.5,12.8,823,
25.4.2026,11:33:21.517,47.2,55.4,52.354,0.000,555.0,202.5,12.8,823,
25.4.2026,11:33:21.718,47.2,55.4,52.581,0.000,555.0,202.5,12.8,823,
25.4.2026,11:33:21.920,47.2,55.4,52.605,0.000,555.0,202.5,12.8,823,
25.4.2026,11:33:22.123,47.2,55.5,52.784,0.000,555.0,202.5,12.8,823,
25.4.2026,11:33:22.326,47.2,55.5,52.489,0.000,555.0,202.5,12.8,823,
25.4.2026,11:33:22.528,47.2,55.5,52.163,0.000,555.0,202.5,12.8,823,
25.4.2026,11:33:22.733,47.2,55.5,52.525,0.000,555.0,202.5,12.8,823,
25.4.2026,11:33:22.934,47.2,55.3,52.181,0.000,555.0,202.5,12.8,823,
25.4.2026,11:33:23.137,47.2,55.3,52.181,0.000,555.0,202.5,12.8,823,
25.4.2026,11:33:23.343,47.2,55.4,52.409,0.000,495.0,202.5,12.8,823,
25.4.2026,11:33:23.548,47.2,55.4,52.209,0.000,495.0,202.5,12.8,823,
25.4.2026,11:33:23.748,47.2,55.4,52.179,0.000,495.0,202.5,12.8,823,
25.4.2026,11:33:23.950,47.2,55.4,52.191,0.000,480.0,202.5,12.8,823,
25.4.2026,11:33:24.153,47.2,55.4,52.408,0.000,480.0,202.5,12.8,823,
25.4.2026,11:33:24.357,47.2,55.4,52.214,0.000,465.0,202.5,12.8,823,
25.4.2026,11:33:24.558,47.2,55.3,52.091,0.000,465.0,202.5,12.8,823,
25.4.2026,11:33:24.773,47.2,55.4,52.227,0.000,465.0,202.5,12.8,823,
25.4.2026,11:33:24.969,47.2,55.3,52.177,0.000,450.0,202.5,12.8,823,
25.4.2026,11:33:25.167,47.2,55.4,52.381,0.000,450.0,202.5,12.8,823,
25.4.2026,11:33:25.373,47.2,55.3,52.101,0.000,450.0,202.5,12.8,823,
25.4.2026,11:33:25.589,47.2,55.4,52.229,0.000,435.0,202.5,12.8,823,
25.4.2026,11:33:25.776,47.2,55.3,52.229,0.000,435.0,202.5,12.8,823,
25.4.2026,11:33:25.981,47.2,55.4,52.258,0.000,435.0,202.5,12.8,823,
25.4.2026,11:33:26.188,47.2,55.3,52.040,0.000,435.0,202.5,12.8,823,
25.4.2026,11:33:26.390,47.2,55.4,52.184,0.000,435.0,202.5,12.8,823,
25.4.2026,11:33:26.590,47.2,55.4,52.205,0.000,420.0,202.5,12.8,823,
25.4.2026,11:33:26.795,47.2,55.4,52.186,0.000,420.0,202.5,12.8,823,
25.4.2026,11:33:26.996,47.2,55.4,52.620,0.000,420.0,202.5,12.8,823,
25.4.2026,11:33:27.210,47.2,55.4,52.214,0.000,420.0,202.5,12.8,823,
25.4.2026,11:33:27.402,47.3,55.4,52.558,0.000,435.0,202.5,12.8,823,
25.4.2026,11:33:27.607,47.2,55.4,52.175,0.000,435.0,202.5,12.8,823,
25.4.2026,11:33:27.814,47.3,55.5,52.438,0.000,435.0,202.5,12.8,823,
25.4.2026,11:33:28.014,47.3,55.5,53.241,0.000,450.0,202.5,12.8,823,
25.4.2026,11:33:28.221,47.3,55.4,52.267,0.000,450.0,202.5,12.8,823,
25.4.2026,11:33:28.421,47.3,55.5,52.899,0.000,450.0,202.5,12.8,823,
25.4.2026,11:33:28.624,47.2,55.5,52.567,0.000,450.0,202.5,12.8,823,
25.4.2026,11:33:28.830,47.3,55.4,52.676,0.000,450.0,202.5,12.8,823,
25.4.2026,11:33:29.026,47.3,55.6,52.871,0.000,450.0,202.5,12.8,823,
25.4.2026,11:33:29.233,47.3,55.4,52.813,0.000,450.0,202.5,12.8,823,
25.4.2026,11:33:29.445,47.3,55.4,52.814,0.000,450.0,202.5,12.8,823,
25.4.2026,11:33:29.642,47.3,55.5,52.330,0.000,450.0,202.5,12.8,823,
25.4.2026,11:33:29.839,47.3,55.6,52.224,0.000,450.0,202.5,12.8,823,
25.4.2026,11:33:30.043,47.3,55.6,52.151,0.000,450.0,202.5,12.8,823,
25.4.2026,11:33:30.257,47.3,55.5,52.155,0.000,450.0,202.5,12.8,823,
25.4.2026,11:33:30.453,47.3,55.6,52.436,0.000,450.0,202.5,12.8,823,
25.4.2026,11:33:30.652,47.3,55.5,52.210,0.000,495.0,202.5,12.8,823,
25.4.2026,11:33:30.855,47.3,55.5,52.258,0.000,525.0,202.5,12.8,823,
25.4.2026,11:33:31.060,47.3,55.5,52.156,0.000,525.0,202.5,12.8,823,
25.4.2026,11:33:31.263,47.4,55.5,52.220,0.000,525.0,202.5,12.8,823,
25.4.2026,11:33:31.464,47.3,55.6,52.163,0.000,525.0,202.5,12.8,823,
25.4.2026,11:33:31.668,47.3,55.5,52.167,0.000,525.0,202.5,12.8,823,
25.4.2026,11:33:31.874,47.3,55.4,52.158,0.000,525.0,202.5,12.8,823,
25.4.2026,11:33:32.080,47.4,55.7,52.245,0.000,525.0,202.5,12.8,823,
25.4.2026,11:33:32.279,47.4,55.6,52.260,0.000,525.0,202.5,12.8,823,
25.4.2026,11:33:32.489,47.4,55.5,52.483,0.000,525.0,202.5,12.8,823,
25.4.2026,11:33:32.693,47.4,55.7,52.516,0.000,525.0,202.5,12.8,823,
25.4.2026,11:33:32.889,47.4,55.5,52.486,0.000,525.0,202.5,12.8,823,
25.4.2026,11:33:33.092,47.4,55.5,52.395,0.000,510.0,202.5,12.8,823,
25.4.2026,11:33:33.303,47.4,55.5,52.263,0.000,495.0,202.5,12.8,823,
25.4.2026,11:33:33.501,47.3,55.5,52.676,0.000,495.0,202.5,12.8,823,
25.4.2026,11:33:33.713,47.4,55.6,52.236,0.000,495.0,202.5,12.8,823,
25.4.2026,11:33:33.903,47.4,55.6,52.364,0.000,495.0,202.5,12.8,823,
25.4.2026,11:33:34.108,47.4,55.7,52.136,0.000,495.0,202.5,12.8,823,
25.4.2026,11:33:34.308,47.4,55.5,52.684,0.000,480.0,202.5,12.8,823,
25.4.2026,11:33:34.514,47.4,55.5,52.385,0.000,480.0,202.5,12.8,823,
25.4.2026,11:33:34.714,47.4,55.6,52.567,0.000,480.0,202.5,12.8,823,
25.4.2026,11:33:34.922,47.4,55.7,52.314,0.000,465.0,202.5,12.8,823,
25.4.2026,11:33:35.125,47.3,55.6,52.475,0.000,465.0,202.5,12.8,823,
25.4.2026,11:33:35.323,47.3,55.6,52.475,0.000,450.0,202.5,12.8,823,
25.4.2026,11:33:35.531,47.4,55.6,52.555,0.000,450.0,202.5,12.8,823,
25.4.2026,11:33:35.732,47.4,55.5,52.483,0.000,450.0,202.5,12.8,823,
25.4.2026,11:33:35.936,47.3,55.6,52.443,0.000,435.0,202.5,12.8,823,
25.4.2026,11:33:36.136,47.4,55.6,52.568,0.000,435.0,202.5,12.8,823,
25.4.2026,11:33:36.352,47.4,55.5,52.301,0.000,435.0,202.5,12.8,823,
25.4.2026,11:33:36.546,47.4,55.7,52.376,0.000,420.0,202.5,12.8,823,
25.4.2026,11:33:36.750,47.4,55.6,52.277,0.000,420.0,202.5,12.8,823,
25.4.2026,11:33:36.955,47.4,55.5,52.463,0.000,420.0,202.5,12.8,823,
25.4.2026,11:33:37.153,47.4,55.5,52.317,0.000,435.0,202.5,12.8,823,
25.4.2026,11:33:37.359,47.4,55.5,52.165,0.000,435.0,202.5,12.8,823,
25.4.2026,11:33:37.567,47.4,55.7,52.122,0.000,435.0,202.5,12.8,823,
25.4.2026,11:33:37.764,47.4,55.6,52.413,0.000,435.0,202.5,12.8,823,
25.4.2026,11:33:37.969,47.4,55.6,52.176,0.000,435.0,202.5,12.8,823,
25.4.2026,11:33:38.172,47.4,55.6,52.176,0.000,435.0,202.5,12.8,823,
25.4.2026,11:33:38.380,47.4,55.6,52.411,0.000,495.0,202.5,12.8,823,
25.4.2026,11:33:38.579,47.5,55.6,52.458,0.000,495.0,202.5,12.8,823,
25.4.2026,11:33:38.787,47.5,55.7,52.222,0.000,525.0,202.5,12.8,823,
25.4.2026,11:33:38.988,47.5,55.7,52.356,0.000,525.0,202.5,12.8,823,
25.4.2026,11:33:39.187,47.5,55.8,52.460,0.000,570.0,202.5,12.8,823,
25.4.2026,11:33:39.393,47.5,55.7,52.794,0.000,570.0,202.5,12.8,823,
25.4.2026,11:33:39.598,47.5,55.7,52.418,0.000,570.0,202.5,12.8,823,
25.4.2026,11:33:39.806,47.5,55.7,52.430,0.000,570.0,202.5,12.8,823,
25.4.2026,11:33:40.008,47.5,55.7,53.024,0.000,570.0,202.5,12.8,823,
25.4.2026,11:33:40.213,47.5,55.6,52.532,0.000,570.0,202.5,12.8,823,
25.4.2026,11:33:40.408,47.5,55.7,52.396,0.000,570.0,202.5,12.8,823,
25.4.2026,11:33:40.605,47.5,55.7,52.863,0.000,570.0,202.5,12.8,823,
25.4.2026,11:33:40.815,47.5,55.7,52.195,0.000,540.0,202.5,12.8,823,
25.4.2026,11:33:41.010,47.5,55.7,53.143,0.000,540.0,202.5,12.8,823,
25.4.2026,11:33:41.215,47.5,55.7,52.333,0.000,525.0,202.5,12.8,823,
25.4.2026,11:33:41.420,47.5,55.8,53.017,0.000,525.0,202.5,12.8,823,
25.4.2026,11:33:41.622,47.5,55.7,52.983,0.000,525.0,202.5,12.8,823,
25.4.2026,11:33:41.828,47.5,55.7,52.952,0.000,540.0,202.5,12.8,823,
25.4.2026,11:33:42.037,47.5,55.7,52.858,0.000,540.0,202.5,12.8,823,
25.4.2026,11:33:42.230,47.5,55.7,52.231,0.000,570.0,202.5,12.8,823,
25.4.2026,11:33:42.452,47.6,55.8,52.647,0.000,570.0,202.5,12.8,823,
25.4.2026,11:33:42.635,47.6,55.8,52.483,0.000,570.0,202.5,12.8,823,
25.4.2026,11:33:42.841,47.5,55.5,52.443,0.000,585.0,202.5,12.8,823,
25.4.2026,11:33:43.047,47.6,55.8,52.442,0.000,585.0,202.5,12.8,823,
25.4.2026,11:33:43.248,47.5,55.5,52.206,0.000,585.0,202.5,12.8,823,
25.4.2026,11:33:43.452,47.5,55.7,52.243,0.000,585.0,202.5,12.8,823,
25.4.2026,11:33:43.652,47.6,55.8,52.122,0.000,585.0,202.5,12.8,823,
25.4.2026,11:33:43.866,47.6,55.7,52.407,0.000,585.0,202.5,12.8,823,
25.4.2026,11:33:44.062,47.6,55.8,52.370,0.000,585.0,202.5,12.8,823,
25.4.2026,11:33:44.269,47.6,55.9,52.198,0.000,585.0,202.5,12.8,823,
25.4.2026,11:33:44.465,47.6,55.8,52.212,0.000,585.0,202.5,12.8,823,
25.4.2026,11:33:44.667,47.6,55.9,52.291,0.000,555.0,202.5,12.8,823,
25.4.2026,11:33:44.875,47.6,55.7,52.509,0.000,555.0,202.5,12.8,823,
25.4.2026,11:33:45.074,47.6,55.8,52.228,0.000,555.0,202.5,12.8,823,
25.4.2026,11:33:45.277,47.6,55.8,52.370,0.000,555.0,202.5,12.8,823,
25.4.2026,11:33:45.482,47.6,55.7,52.103,0.000,540.0,202.5,12.8,823,
25.4.2026,11:33:45.686,47.6,55.8,52.601,0.000,540.0,202.5,12.8,823,
25.4.2026,11:33:45.891,47.6,55.8,52.214,0.000,540.0,202.5,12.8,823,
25.4.2026,11:33:46.093,47.6,55.8,52.096,0.000,525.0,202.5,12.8,823,
25.4.2026,11:33:46.294,47.6,55.8,52.122,0.000,510.0,202.5,12.8,823,
25.4.2026,11:33:46.497,47.5,55.8,52.114,0.000,510.0,202.5,12.8,823,
25.4.2026,11:33:46.703,47.6,55.8,52.324,0.000,495.0,202.5,12.8,823,
25.4.2026,11:33:46.909,47.6,55.8,52.376,0.000,495.0,202.5,12.8,823,
25.4.2026,11:33:47.110,47.6,55.8,52.568,0.000,495.0,202.5,12.8,823,
25.4.2026,11:33:47.312,47.6,55.8,52.413,0.000,495.0,202.5,12.8,823,
25.4.2026,11:33:47.518,47.6,55.8,52.580,0.000,495.0,202.5,12.8,823,
25.4.2026,11:33:47.722,47.6,55.8,52.532,0.000,495.0,202.5,12.8,823,
25.4.2026,11:33:47.925,47.6,55.8,52.532,0.000,495.0,202.5,12.8,823,
25.4.2026,11:33:48.125,47.6,55.8,52.363,0.000,540.0,202.5,12.8,823,
25.4.2026,11:33:48.327,47.6,55.8,52.732,0.000,540.0,202.5,12.8,823,
25.4.2026,11:33:48.533,47.6,55.8,52.337,0.000,540.0,202.5,12.8,823,
25.4.2026,11:33:48.739,47.7,55.9,52.139,0.000,540.0,202.5,12.8,823,
25.4.2026,11:33:48.933,47.6,55.8,52.165,0.000,555.0,202.5,12.8,823,
25.4.2026,11:33:49.138,47.7,55.9,52.413,0.000,555.0,202.5,12.8,823,
25.4.2026,11:33:49.340,47.7,55.9,52.167,0.000,555.0,202.5,12.8,823,
25.4.2026,11:33:49.543,47.7,56.0,52.316,0.000,555.0,202.5,12.8,823,
25.4.2026,11:33:49.755,47.6,55.8,52.395,0.000,555.0,202.5,12.8,823,
25.4.2026,11:33:49.953,47.7,55.8,52.116,0.000,555.0,202.5,12.8,823,
25.4.2026,11:33:50.157,47.7,55.9,52.481,0.000,555.0,202.5,12.8,823,
25.4.2026,11:33:50.358,47.7,55.8,52.151,0.000,555.0,202.5,12.8,823,
25.4.2026,11:33:50.572,47.7,55.9,52.221,0.000,555.0,202.5,12.8,823,
25.4.2026,11:33:50.765,47.7,55.9,52.305,0.000,555.0,202.5,12.8,823,
25.4.2026,11:33:50.970,47.7,55.9,52.213,0.000,540.0,202.5,12.8,823,
25.4.2026,11:33:51.168,47.7,55.9,52.127,0.000,540.0,202.5,12.8,823,
25.4.2026,11:33:51.374,47.7,55.8,52.168,0.000,525.0,202.5,12.8,823,
25.4.2026,11:33:51.577,47.7,55.8,52.382,0.000,525.0,202.5,12.8,823,
25.4.2026,11:33:51.781,47.7,55.8,52.106,0.000,525.0,202.5,12.8,823,
25.4.2026,11:33:51.984,47.7,56.0,52.240,0.000,510.0,202.5,12.8,823,
25.4.2026,11:33:52.185,47.7,56.0,52.457,0.000,495.0,202.5,12.8,823,
25.4.2026,11:33:52.390,47.7,55.9,52.714,0.000,480.0,202.5,12.8,823,
25.4.2026,11:33:52.592,47.7,55.9,52.938,0.000,495.0,202.5,12.8,823,
25.4.2026,11:33:52.796,47.7,55.9,52.750,0.000,495.0,202.5,12.8,823,
25.4.2026,11:33:52.998,47.7,55.8,52.977,0.000,495.0,202.5,12.8,823,
25.4.2026,11:33:53.200,47.7,55.8,52.319,0.000,495.0,202.5,12.8,823,
25.4.2026,11:33:53.405,47.7,55.9,52.411,0.000,510.0,202.5,12.8,823,
25.4.2026,11:33:53.605,47.7,56.0,53.062,0.000,510.0,202.5,12.8,823,
25.4.2026,11:33:53.817,47.7,56.0,52.485,0.000,510.0,202.5,12.8,823,
25.4.2026,11:33:54.018,47.7,56.0,52.829,0.000,510.0,202.5,12.8,823,
25.4.2026,11:33:54.214,47.7,55.9,52.844,0.000,510.0,202.5,12.8,823,
25.4.2026,11:33:54.424,47.7,56.0,52.886,0.000,510.0,202.5,12.8,823,
25.4.2026,11:33:54.623,47.7,55.9,53.041,0.000,510.0,202.5,12.8,823,
25.4.2026,11:33:54.826,47.7,56.0,52.861,0.000,510.0,202.5,12.8,823,
25.4.2026,11:33:55.034,47.7,56.0,52.460,0.000,510.0,202.5,12.8,823,
25.4.2026,11:33:55.230,47.7,56.0,52.143,0.000,480.0,202.5,12.8,823,
25.4.2026,11:33:55.435,47.7,55.9,52.284,0.000,480.0,202.5,12.8,823,
25.4.2026,11:33:55.639,47.7,56.0,52.134,0.000,510.0,202.5,12.8,823,
25.4.2026,11:33:55.845,47.7,56.0,52.322,0.000,510.0,202.5,12.8,823,
25.4.2026,11:33:56.048,47.8,56.0,52.427,0.000,510.0,202.5,12.8,823,
25.4.2026,11:33:56.245,47.7,56.0,52.107,0.000,510.0,202.5,12.8,823,
25.4.2026,11:33:56.451,47.7,56.0,52.179,0.000,510.0,202.5,12.8,823,
25.4.2026,11:33:56.655,47.8,56.0,52.205,0.000,510.0,202.5,12.8,823,
25.4.2026,11:33:56.859,47.8,56.1,52.183,0.000,510.0,202.5,12.8,823,
25.4.2026,11:33:57.067,47.8,55.9,52.470,0.000,510.0,202.5,12.8,823,
25.4.2026,11:33:57.264,47.8,56.0,52.178,0.000,510.0,202.5,12.8,823,
25.4.2026,11:33:57.464,47.7,56.0,52.481,0.000,510.0,202.5,12.8,823,
25.4.2026,11:33:57.670,47.8,56.0,52.195,0.000,510.0,202.5,12.8,823,
25.4.2026,11:33:57.873,47.7,56.0,52.152,0.000,495.0,202.5,12.8,823,
25.4.2026,11:33:58.081,47.7,56.0,52.827,0.000,480.0,202.5,12.8,823,
25.4.2026,11:33:58.277,47.8,56.0,52.524,0.000,480.0,202.5,12.8,823,
25.4.2026,11:33:58.484,47.8,56.0,52.237,0.000,510.0,202.5,12.8,823,
25.4.2026,11:33:58.683,47.8,56.0,52.350,0.000,525.0,202.5,12.8,823,
25.4.2026,11:33:58.891,47.8,56.0,52.244,0.000,525.0,202.5,12.8,823,
25.4.2026,11:33:59.089,47.8,56.0,52.541,0.000,525.0,202.5,12.8,823,
25.4.2026,11:33:59.298,47.8,55.9,52.208,0.000,525.0,202.5,12.8,823,
25.4.2026,11:33:59.498,47.8,56.0,52.218,0.000,525.0,202.5,12.8,823,
25.4.2026,11:33:59.699,47.8,56.0,52.218,0.000,525.0,202.5,12.8,823,
25.4.2026,11:33:59.909,47.8,56.0,52.204,0.000,570.0,202.5,12.8,823,
25.4.2026,11:34:0.108,47.8,56.0,52.204,0.000,570.0,202.5,12.8,823,
25.4.2026,11:34:0.309,47.8,56.0,52.498,0.000,570.0,202.5,12.8,823,
25.4.2026,11:34:0.513,47.8,56.1,52.375,0.000,570.0,202.5,12.8,823,
25.4.2026,11:34:0.715,47.8,56.0,52.390,0.000,570.0,202.5,12.8,823,
25.4.2026,11:34:0.930,47.8,56.0,52.654,0.000,570.0,202.5,12.8,823,
25.4.2026,11:34:1.124,47.8,56.1,52.431,0.000,570.0,202.5,12.8,823,
25.4.2026,11:34:1.328,47.8,56.0,52.153,0.000,570.0,202.5,12.8,823,
25.4.2026,11:34:1.530,47.8,56.0,52.355,0.000,570.0,202.5,12.8,823,
25.4.2026,11:34:1.744,47.9,56.1,52.216,0.000,555.0,202.5,12.8,823,
25.4.2026,11:34:1.944,47.9,56.1,52.219,0.000,540.0,202.5,12.8,823,
25.4.2026,11:34:2.141,47.9,56.0,52.178,0.000,570.0,202.5,12.8,823,
25.4.2026,11:34:2.349,47.9,56.1,52.296,0.000,570.0,202.5,12.8,823,
25.4.2026,11:34:2.545,47.9,56.1,52.303,0.000,570.0,202.5,12.8,823,
25.4.2026,11:34:2.755,47.9,56.1,52.358,0.000,570.0,202.5,12.8,823,
25.4.2026,11:34:2.950,47.9,56.0,52.165,0.000,570.0,202.5,12.8,823,
25.4.2026,11:34:3.152,47.9,56.2,52.221,0.000,570.0,202.5,12.8,823,
25.4.2026,11:34:3.358,47.9,56.1,52.182,0.000,570.0,202.5,12.8,823,
25.4.2026,11:34:3.563,47.9,56.2,52.218,0.000,570.0,202.5,12.8,823,
25.4.2026,11:34:3.761,47.9,56.1,52.233,0.000,570.0,202.5,12.8,823,
25.4.2026,11:34:3.964,47.9,56.1,52.279,0.000,525.0,202.5,12.8,823,
25.4.2026,11:34:4.169,47.9,56.1,52.349,0.000,510.0,202.5,12.8,823,
25.4.2026,11:34:4.371,47.9,56.2,52.191,0.000,510.0,202.5,12.8,823,
25.4.2026,11:34:4.581,47.9,56.2,52.466,0.000,495.0,202.5,12.8,823,
25.4.2026,11:34:4.779,47.9,56.1,52.398,0.000,495.0,202.5,12.8,823,
25.4.2026,11:34:4.982,47.9,56.1,52.455,0.000,495.0,202.5,12.8,823,
25.4.2026,11:34:5.190,47.9,56.2,52.564,0.000,495.0,202.5,12.8,823,
25.4.2026,11:34:5.391,47.9,56.1,52.666,0.000,480.0,202.5,12.8,823,
25.4.2026,11:34:5.592,47.9,56.1,52.638,0.000,480.0,202.5,12.8,823,
25.4.2026,11:34:5.794,47.9,56.2,52.129,0.000,480.0,202.5,12.8,823,
25.4.2026,11:34:5.997,47.9,56.1,52.297,0.000,480.0,202.5,12.8,823,
25.4.2026,11:34:6.204,47.9,56.1,52.922,0.000,480.0,202.5,12.8,823,
25.4.2026,11:34:6.403,47.9,56.1,52.456,0.000,480.0,202.5,12.8,823,
25.4.2026,11:34:6.609,47.9,56.2,52.893,0.000,465.0,202.5,12.8,823,
25.4.2026,11:34:6.812,47.8,56.2,53.019,0.000,465.0,202.5,12.8,823,
25.4.2026,11:34:7.022,47.9,56.1,53.149,0.000,465.0,202.5,12.8,823,
25.4.2026,11:34:7.232,47.9,56.1,52.428,0.000,465.0,202.5,12.8,823,
25.4.2026,11:34:7.418,47.9,56.2,52.455,0.000,450.0,202.5,12.8,823,
25.4.2026,11:34:7.623,47.9,56.2,52.414,0.000,450.0,202.5,12.8,823,
25.4.2026,11:34:7.824,47.9,56.2,52.299,0.000,480.0,202.5,12.8,823,
25.4.2026,11:34:8.030,47.9,56.1,52.403,0.000,480.0,202.5,12.8,823,
25.4.2026,11:34:8.239,47.9,56.2,52.115,0.000,480.0,202.5,12.8,823,
25.4.2026,11:34:8.436,47.9,56.2,52.596,0.000,480.0,202.5,12.8,823,
25.4.2026,11:34:8.641,47.9,56.2,52.458,0.000,480.0,202.5,12.8,823,
25.4.2026,11:34:8.849,47.9,56.2,52.211,0.000,480.0,202.5,12.8,823,
25.4.2026,11:34:9.049,47.9,56.2,52.227,0.000,480.0,202.5,12.8,823,
25.4.2026,11:34:9.251,47.9,56.2,52.119,0.000,480.0,202.5,12.8,823,
25.4.2026,11:34:9.448,47.9,56.2,52.240,0.000,480.0,202.5,12.8,823,
25.4.2026,11:34:9.654,48.0,56.2,52.275,0.000,465.0,202.5,12.8,823,
25.4.2026,11:34:9.866,47.9,56.2,52.262,0.000,510.0,202.5,12.8,823,
25.4.2026,11:34:10.058,47.9,56.3,52.489,0.000,510.0,202.5,12.8,823,
25.4.2026,11:34:10.265,47.9,56.2,52.591,0.000,510.0,202.5,12.8,823,
25.4.2026,11:34:10.469,48.0,56.2,52.266,0.000,510.0,202.5,12.8,823,
25.4.2026,11:34:10.680,47.9,56.2,52.514,0.000,510.0,202.5,12.8,823,
25.4.2026,11:34:10.877,48.0,56.2,52.383,0.000,540.0,202.5,12.8,823,
25.4.2026,11:34:11.073,47.9,56.3,52.408,0.000,540.0,202.5,12.8,823,
25.4.2026,11:34:11.291,48.0,56.3,52.214,0.000,540.0,202.5,12.8,823,
25.4.2026,11:34:11.481,48.0,56.3,52.735,0.000,540.0,202.5,12.8,823,
25.4.2026,11:34:11.682,48.0,56.2,52.258,0.000,555.0,202.5,12.8,823,
25.4.2026,11:34:11.889,48.0,56.1,52.450,0.000,555.0,202.5,12.8,823,
25.4.2026,11:34:12.089,48.0,56.2,52.372,0.000,555.0,202.5,12.8,823,
25.4.2026,11:34:12.295,48.0,56.2,52.251,0.000,555.0,202.5,12.8,823,
25.4.2026,11:34:12.501,48.0,56.3,52.593,0.000,555.0,202.5,12.8,823,
25.4.2026,11:34:12.700,48.0,56.3,52.566,0.000,555.0,202.5,12.8,823,
25.4.2026,11:34:12.904,48.0,56.3,52.566,0.000,570.0,202.5,12.8,823,
25.4.2026,11:34:13.115,48.0,56.2,52.337,0.000,570.0,202.5,12.8,823,
25.4.2026,11:34:13.314,48.0,56.2,52.712,0.000,570.0,202.5,12.8,823,
25.4.2026,11:34:13.521,48.0,56.3,52.210,0.000,570.0,202.5,12.8,823,
25.4.2026,11:34:13.715,48.0,56.1,52.671,0.000,570.0,202.5,12.8,823,
25.4.2026,11:34:13.918,48.0,56.3,52.230,0.000,570.0,202.5,12.8,823,
25.4.2026,11:34:14.130,48.0,56.3,52.387,0.000,570.0,202.5,12.8,823,
25.4.2026,11:34:14.329,48.0,56.3,52.198,0.000,570.0,202.5,12.8,823,
25.4.2026,11:34:14.526,48.0,56.2,52.186,0.000,570.0,202.5,12.8,823,
25.4.2026,11:34:14.731,48.1,56.3,52.236,0.000,525.0,202.5,12.8,823,
25.4.2026,11:34:14.940,48.0,56.4,52.179,0.000,510.0,202.5,12.8,823,
25.4.2026,11:34:15.146,48.0,56.3,52.229,0.000,510.0,202.5,12.8,823,
25.4.2026,11:34:15.339,48.0,56.3,52.311,0.000,495.0,202.5,12.8,823,
25.4.2026,11:34:15.547,48.0,56.3,52.152,0.000,495.0,202.5,12.8,823,
25.4.2026,11:34:15.755,48.0,56.3,52.332,0.000,495.0,202.5,12.8,823,
25.4.2026,11:34:15.949,48.0,56.2,52.278,0.000,495.0,202.5,12.8,823,
25.4.2026,11:34:16.167,48.0,56.3,52.284,0.000,495.0,202.5,12.8,823,
25.4.2026,11:34:16.356,48.0,56.2,52.375,0.000,480.0,202.5,12.8,823,
25.4.2026,11:34:16.561,48.1,56.3,52.203,0.000,480.0,202.5,12.8,823,
25.4.2026,11:34:16.774,48.1,56.3,52.255,0.000,480.0,202.5,12.8,823,
25.4.2026,11:34:16.967,48.0,56.3,52.452,0.000,480.0,202.5,12.8,823,
25.4.2026,11:34:17.169,48.0,56.3,52.456,0.000,480.0,202.5,12.8,823,
25.4.2026,11:34:17.383,48.1,56.3,52.282,0.000,480.0,202.5,12.8,823,
25.4.2026,11:34:17.581,48.1,56.4,52.482,0.000,480.0,202.5,12.8,823,
25.4.2026,11:34:17.780,48.0,56.3,52.692,0.000,480.0,202.5,12.8,823,
25.4.2026,11:34:17.980,48.1,56.3,52.751,0.000,480.0,202.5,12.8,823,
25.4.2026,11:34:18.188,48.1,56.4,52.527,0.000,480.0,202.5,12.8,823,
25.4.2026,11:34:18.391,48.1,56.3,52.669,0.000,480.0,202.5,12.8,823,
25.4.2026,11:34:18.595,48.1,56.4,52.459,0.000,480.0,202.5,12.8,823,
25.4.2026,11:34:18.799,48.1,56.3,52.468,0.000,480.0,202.5,12.8,823,
25.4.2026,11:34:18.997,48.1,56.4,53.033,0.000,480.0,202.5,12.8,823,
25.4.2026,11:34:19.199,48.1,56.3,52.407,0.000,480.0,202.5,12.8,823,
25.4.2026,11:34:19.405,48.1,56.4,52.797,0.000,480.0,202.5,12.8,823,
25.4.2026,11:34:19.612,48.1,56.4,52.970,0.000,480.0,202.5,12.8,823,
25.4.2026,11:34:19.814,48.1,56.4,52.873,0.000,480.0,202.5,12.8,823,
25.4.2026,11:34:20.015,48.1,56.3,52.421,0.000,480.0,202.5,12.8,823,
25.4.2026,11:34:20.228,48.1,56.3,52.312,0.000,495.0,202.5,12.8,823,
25.4.2026,11:34:20.426,48.1,56.4,52.214,0.000,495.0,202.5,12.8,823,
25.4.2026,11:34:20.623,48.1,56.4,52.235,0.000,495.0,202.5,12.8,823,
25.4.2026,11:34:20.825,48.1,56.4,52.448,0.000,495.0,202.5,12.8,823,
25.4.2026,11:34:21.030,48.1,56.4,52.222,0.000,495.0,202.5,12.8,823,
25.4.2026,11:34:21.234,48.1,56.4,52.154,0.000,495.0,202.5,12.8,823,
25.4.2026,11:34:21.433,48.1,56.4,52.281,0.000,495.0,202.5,12.8,823,
25.4.2026,11:34:21.643,48.1,56.4,52.235,0.000,495.0,202.5,12.8,823,
25.4.2026,11:34:21.844,48.1,56.5,52.174,0.000,510.0,202.5,12.8,823,
25.4.2026,11:34:22.045,48.1,56.4,52.463,0.000,525.0,202.5,12.8,823,
25.4.2026,11:34:22.253,48.2,56.4,52.177,0.000,525.0,202.5,12.8,823,
25.4.2026,11:34:22.456,48.1,56.5,52.273,0.000,525.0,202.5,12.8,823,
25.4.2026,11:34:22.659,48.1,56.6,52.215,0.000,525.0,202.5,12.8,823,
25.4.2026,11:34:22.859,48.3,56.6,52.219,0.000,780.0,2062.7,12.8,823,
25.4.2026,11:34:23.060,48.5,56.6,52.180,0.000,780.0,2062.7,12.8,823,
25.4.2026,11:34:23.266,48.6,56.7,52.252,0.000,780.0,2062.7,12.8,823,
25.4.2026,11:34:23.466,48.6,56.5,52.260,0.000,780.0,2062.7,12.8,823,
25.4.2026,11:34:23.671,48.6,56.6,52.233,0.000,780.0,2062.7,12.8,823,
25.4.2026,11:34:23.872,48.6,56.6,52.341,0.000,780.0,2062.7,12.8,825,
25.4.2026,11:34:24.076,48.7,56.7,52.367,0.000,780.0,2062.7,12.8,825,
25.4.2026,11:34:24.280,48.7,56.5,52.244,0.000,780.0,2062.7,12.8,825,
25.4.2026,11:34:24.483,48.7,56.8,52.457,0.000,780.0,2062.7,12.8,825,
25.4.2026,11:34:24.686,48.7,56.7,52.396,0.000,780.0,2062.7,12.8,825,
25.4.2026,11:34:24.888,48.7,56.6,52.177,0.000,780.0,2062.7,12.8,825,
25.4.2026,11:34:25.089,48.7,56.6,52.177,0.000,780.0,2062.7,12.8,823,
25.4.2026,11:34:25.294,48.8,56.7,52.301,0.000,780.0,2062.7,12.8,823,
25.4.2026,11:34:25.499,48.8,56.7,52.386,0.000,780.0,2062.7,12.8,823,
25.4.2026,11:34:25.700,48.5,56.7,52.362,0.000,555.0,202.5,12.8,823,
25.4.2026,11:34:25.906,48.4,56.7,52.873,0.000,540.0,202.5,12.8,823,
25.4.2026,11:34:26.107,48.4,56.7,52.633,0.000,555.0,202.5,12.8,823,
25.4.2026,11:34:26.310,48.4,56.7,52.573,0.000,555.0,202.5,12.9,830,
25.4.2026,11:34:26.520,48.6,56.8,52.124,0.000,780.0,2062.7,12.8,823,
25.4.2026,11:34:26.724,48.7,56.7,52.229,0.000,780.0,2062.7,12.8,823,
25.4.2026,11:34:26.921,48.8,56.8,52.231,0.000,780.0,2062.7,12.8,823,
25.4.2026,11:34:27.123,48.8,56.8,52.222,0.000,780.0,2062.7,12.8,823,
25.4.2026,11:34:27.330,48.8,56.9,52.257,0.000,780.0,2062.7,12.8,823,
25.4.2026,11:34:27.528,48.8,56.9,52.198,0.000,780.0,2062.7,12.8,823,
25.4.2026,11:34:27.732,48.8,56.8,52.242,0.000,780.0,2062.7,12.8,823,
25.4.2026,11:34:27.938,48.9,57.0,52.397,0.000,780.0,2062.7,12.8,823,
25.4.2026,11:34:28.143,48.9,57.0,52.338,0.000,780.0,2062.7,12.8,823,
25.4.2026,11:34:28.344,48.9,56.9,52.234,0.000,780.0,2062.7,12.8,823,
25.4.2026,11:34:28.544,48.9,57.0,52.466,0.000,780.0,2062.7,12.8,823,
25.4.2026,11:34:28.749,48.9,56.9,52.221,0.000,780.0,2062.7,12.9,830,
25.4.2026,11:34:28.950,48.9,57.0,52.214,0.000,780.0,2062.7,12.8,823,
25.4.2026,11:34:29.153,48.9,57.1,52.308,0.000,780.0,2062.7,12.8,823,
25.4.2026,11:34:29.358,48.9,57.1,52.314,0.000,780.0,2062.7,12.8,823,
25.4.2026,11:34:29.562,48.9,57.1,52.407,0.000,780.0,2062.7,12.8,823,
25.4.2026,11:34:29.765,48.9,57.0,52.283,0.000,780.0,2062.7,12.8,823,
25.4.2026,11:34:29.966,49.0,57.1,52.181,0.000,780.0,2062.7,12.8,823,
25.4.2026,11:34:30.170,48.9,57.0,52.518,0.000,780.0,2062.7,12.8,823,
25.4.2026,11:34:30.377,49.0,57.0,52.474,0.000,780.0,2062.7,12.8,823,
25.4.2026,11:34:30.577,49.0,57.0,52.518,0.000,780.0,2062.7,12.8,823,
25.4.2026,11:34:30.777,49.0,57.2,52.338,0.000,780.0,2062.7,12.8,823,
25.4.2026,11:34:30.981,49.0,57.0,52.301,0.000,780.0,2062.7,12.8,823,
25.4.2026,11:34:31.184,49.0,57.1,52.758,0.000,780.0,2062.7,12.8,823,
25.4.2026,11:34:31.392,49.0,57.1,52.219,0.000,780.0,2062.7,12.8,823,
25.4.2026,11:34:31.589,48.9,57.2,52.253,0.000,570.0,202.5,12.8,823,
25.4.2026,11:34:31.796,48.7,57.1,53.186,0.000,555.0,202.5,12.8,823,
25.4.2026,11:34:31.997,48.7,57.1,53.132,0.000,555.0,202.5,12.8,823,
25.4.2026,11:34:32.201,48.6,57.0,53.000,0.000,555.0,202.5,12.8,823,
25.4.2026,11:34:32.404,48.6,57.1,52.916,0.000,555.0,202.5,12.8,823,
25.4.2026,11:34:32.608,48.6,57.0,52.468,0.000,540.0,202.5,12.8,823,
25.4.2026,11:34:32.815,48.6,57.1,52.238,0.000,540.0,202.5,12.8,823,
25.4.2026,11:34:33.014,48.6,57.0,52.438,0.000,525.0,202.5,12.8,823,
25.4.2026,11:34:33.216,48.7,57.1,52.616,0.000,555.0,202.5,12.8,823,
25.4.2026,11:34:33.425,48.7,57.1,52.495,0.000,555.0,202.5,12.8,823,
25.4.2026,11:34:33.630,48.6,57.1,52.186,0.000,555.0,202.5,12.8,823,
25.4.2026,11:34:33.843,48.6,57.2,52.476,0.000,555.0,202.5,12.8,823,
25.4.2026,11:34:34.033,48.6,57.0,52.356,0.000,555.0,202.5,12.8,823,
25.4.2026,11:34:34.235,48.6,57.1,52.326,0.000,555.0,202.5,12.8,823,
25.4.2026,11:34:34.432,48.6,57.0,52.265,0.000,555.0,202.5,12.8,823,
25.4.2026,11:34:34.637,48.6,57.1,52.237,0.000,555.0,202.5,12.8,823,
25.4.2026,11:34:34.844,48.6,57.0,52.181,0.000,555.0,202.5,12.8,823,
25.4.2026,11:34:35.045,48.6,57.0,52.391,0.000,555.0,202.5,12.8,823,
25.4.2026,11:34:35.249,48.6,57.0,52.252,0.000,555.0,202.5,12.8,823,
25.4.2026,11:34:35.462,48.6,57.0,52.228,0.000,555.0,202.5,12.8,823,
25.4.2026,11:34:35.651,48.6,57.0,52.299,0.000,540.0,202.5,12.8,823,
25.4.2026,11:34:35.858,48.6,57.0,52.221,0.000,540.0,202.5,12.8,823,
25.4.2026,11:34:36.064,48.6,57.1,52.215,0.000,525.0,202.5,12.8,823,
25.4.2026,11:34:36.262,48.6,57.0,52.490,0.000,525.0,202.5,12.8,823,
25.4.2026,11:34:36.467,48.6,57.0,52.131,0.000,510.0,202.5,12.8,823,
25.4.2026,11:34:36.671,48.6,57.1,52.180,0.000,510.0,202.5,12.8,823,
25.4.2026,11:34:36.870,48.6,57.0,52.180,0.000,510.0,202.5,12.8,823,
25.4.2026,11:34:37.075,48.6,57.0,52.182,0.000,510.0,202.5,12.8,823,
25.4.2026,11:34:37.281,48.6,57.1,52.291,0.000,495.0,202.5,12.8,823,
25.4.2026,11:34:37.486,48.6,57.1,52.160,0.000,495.0,202.5,12.8,823,
25.4.2026,11:34:37.689,48.6,57.1,52.480,0.000,495.0,202.5,12.8,823,
25.4.2026,11:34:37.889,48.6,57.1,52.601,0.000,495.0,202.5,12.8,823,
25.4.2026,11:34:38.089,48.6,57.1,52.385,0.000,495.0,202.5,12.8,823,
25.4.2026,11:34:38.303,48.6,57.1,52.392,0.000,480.0,202.5,12.8,823,
25.4.2026,11:34:38.501,48.6,57.1,52.629,0.000,480.0,202.5,12.8,823,
25.4.2026,11:34:38.705,48.6,57.1,52.196,0.000,480.0,202.5,12.8,823,
25.4.2026,11:34:38.907,48.6,57.2,52.714,0.000,480.0,202.5,12.8,823,
25.4.2026,11:34:39.108,48.7,57.1,52.306,0.000,480.0,202.5,12.8,823,
25.4.2026,11:34:39.320,48.6,57.1,52.261,0.000,480.0,202.5,12.8,823,
25.4.2026,11:34:39.513,48.7,57.1,52.485,0.000,480.0,202.5,12.8,823,
25.4.2026,11:34:39.719,48.6,57.1,52.453,0.000,480.0,202.5,12.8,823,
25.4.2026,11:34:39.919,48.6,57.2,52.368,0.000,480.0,202.5,12.8,823,
25.4.2026,11:34:40.131,48.6,57.1,52.373,0.000,480.0,202.5,12.8,823,
25.4.2026,11:34:40.327,48.6,57.2,52.448,0.000,480.0,202.5,12.8,823,
25.4.2026,11:34:40.529,48.6,57.1,52.256,0.000,480.0,202.5,12.8,823,
25.4.2026,11:34:40.738,48.7,57.1,52.131,0.000,510.0,202.5,12.8,823,
25.4.2026,11:34:40.937,48.7,57.1,52.372,0.000,510.0,202.5,12.8,823,
25.4.2026,11:34:41.137,48.7,57.2,52.476,0.000,525.0,202.5,12.8,823,
25.4.2026,11:34:41.340,48.7,57.1,52.264,0.000,540.0,202.5,12.8,823,
25.4.2026,11:34:41.551,48.7,57.1,52.495,0.000,540.0,202.5,12.8,823,
25.4.2026,11:34:41.750,48.7,57.2,52.337,0.000,540.0,202.5,12.8,823,
25.4.2026,11:34:41.954,48.7,57.2,52.606,0.000,540.0,202.5,12.8,823,
25.4.2026,11:34:42.160,48.7,57.1,52.314,0.000,540.0,202.5,12.8,823,
25.4.2026,11:34:42.375,48.7,57.2,52.552,0.000,540.0,202.5,12.8,823,
25.4.2026,11:34:42.558,48.7,57.2,52.368,0.000,540.0,202.5,12.8,823,
25.4.2026,11:34:42.763,48.7,57.0,52.252,0.000,540.0,202.5,12.8,823,
25.4.2026,11:34:42.968,48.7,57.1,52.213,0.000,570.0,202.5,12.8,823,
25.4.2026,11:34:43.174,48.7,57.0,52.603,0.000,570.0,202.5,12.8,823,
25.4.2026,11:34:43.370,48.7,57.2,52.458,0.000,570.0,202.5,12.8,823,
25.4.2026,11:34:43.577,48.7,57.1,52.607,0.000,570.0,202.5,12.8,823,
25.4.2026,11:34:43.782,48.7,57.1,52.444,0.000,570.0,202.5,12.8,823,
25.4.2026,11:34:43.981,48.7,57.2,53.122,0.000,570.0,202.5,12.8,823,
25.4.2026,11:34:44.185,48.7,57.1,52.936,0.000,570.0,202.5,12.8,823,
25.4.2026,11:34:44.388,48.7,57.1,52.480,0.000,570.0,202.5,12.8,823,
25.4.2026,11:34:44.593,48.7,57.1,52.752,0.000,585.0,202.5,12.8,823,
25.4.2026,11:34:44.797,48.8,57.1,52.470,0.000,585.0,202.5,12.8,823,
25.4.2026,11:34:45.000,48.8,57.1,52.421,0.000,585.0,202.5,12.8,823,
25.4.2026,11:34:45.204,48.7,57.2,52.533,0.000,585.0,202.5,12.8,823,
25.4.2026,11:34:45.408,48.7,57.1,52.607,0.000,585.0,202.5,12.8,823,
25.4.2026,11:34:45.607,48.8,57.2,52.532,0.000,585.0,202.5,12.8,823,
25.4.2026,11:34:45.815,48.7,57.2,52.525,0.000,585.0,202.5,12.8,823,
25.4.2026,11:34:46.014,48.7,57.2,52.446,0.000,585.0,202.5,12.8,823,
25.4.2026,11:34:46.214,48.7,57.2,52.193,0.000,585.0,202.5,12.8,823,
25.4.2026,11:34:46.418,48.8,57.2,52.225,0.000,555.0,202.5,12.8,823,
25.4.2026,11:34:46.630,48.8,57.1,52.537,0.000,555.0,202.5,12.8,823,
25.4.2026,11:34:46.824,48.7,57.2,52.718,0.000,555.0,202.5,12.8,823,
25.4.2026,11:34:47.028,48.7,57.2,52.463,0.000,555.0,202.5,12.8,823,
25.4.2026,11:34:47.235,48.7,57.2,52.486,0.000,540.0,202.5,12.8,823,
25.4.2026,11:34:47.435,48.8,57.3,52.226,0.000,540.0,202.5,12.8,823,
25.4.2026,11:34:47.639,48.7,57.2,52.226,0.000,540.0,202.5,12.8,823,
25.4.2026,11:34:47.847,48.8,57.1,52.211,0.000,525.0,202.5,12.8,823,
25.4.2026,11:34:48.053,48.7,57.2,52.125,0.000,525.0,202.5,12.8,823,
25.4.2026,11:34:48.245,48.7,57.2,52.125,0.000,510.0,202.5,12.8,823,
25.4.2026,11:34:48.452,48.7,57.2,52.478,0.000,510.0,202.5,12.8,823,
25.4.2026,11:34:48.661,48.7,57.2,52.372,0.000,495.0,202.5,12.8,823,
25.4.2026,11:34:48.862,48.7,57.2,52.389,0.000,495.0,202.5,12.8,823,
25.4.2026,11:34:49.062,48.7,57.2,52.422,0.000,495.0,202.5,12.8,823,
25.4.2026,11:34:49.267,48.7,57.3,52.257,0.000,480.0,202.5,12.8,823,
25.4.2026,11:34:49.469,48.7,57.1,52.331,0.000,480.0,202.5,12.8,823,
25.4.2026,11:34:49.669,48.8,57.3,52.223,0.000,480.0,202.5,12.8,823,
25.4.2026,11:34:49.881,48.8,57.2,52.254,0.000,480.0,202.5,12.8,823,
25.4.2026,11:34:50.074,48.8,57.3,52.367,0.000,480.0,202.5,12.8,823,
25.4.2026,11:34:50.281,48.8,57.2,52.416,0.000,465.0,202.5,12.8,823,
25.4.2026,11:34:50.486,48.8,57.3,52.660,0.000,465.0,202.5,12.8,823,
25.4.2026,11:34:50.693,48.8,57.2,52.641,0.000,465.0,202.5,12.8,823,
25.4.2026,11:34:50.894,48.8,57.2,53.157,0.000,465.0,202.5,12.8,823,
25.4.2026,11:34:51.093,48.8,57.2,52.954,0.000,465.0,202.5,12.8,823,
25.4.2026,11:34:51.292,48.8,57.2,52.970,0.000,465.0,202.5,12.8,823,
25.4.2026,11:34:51.499,48.8,57.2,52.906,0.000,465.0,202.5,12.8,823,
25.4.2026,11:34:51.708,48.8,57.3,52.286,0.000,465.0,202.5,12.8,823,
25.4.2026,11:34:51.918,48.8,57.2,53.160,0.000,465.0,202.5,12.8,823,
25.4.2026,11:34:52.104,48.8,57.3,52.432,0.000,465.0,202.5,12.8,823,
25.4.2026,11:34:52.315,48.8,57.2,52.741,0.000,465.0,202.5,12.8,823,
25.4.2026,11:34:52.515,48.8,57.3,52.273,0.000,450.0,202.5,12.8,823,
25.4.2026,11:34:52.717,48.8,57.2,52.324,0.000,450.0,202.5,12.8,823,
25.4.2026,11:34:52.928,48.8,57.2,52.437,0.000,450.0,202.5,12.8,823,
25.4.2026,11:34:53.129,48.8,57.3,52.289,0.000,465.0,202.5,12.8,823,
25.4.2026,11:34:53.325,48.8,57.3,52.279,0.000,465.0,202.5,12.8,823,
25.4.2026,11:34:53.531,48.8,57.3,52.521,0.000,480.0,202.5,12.8,823,
25.4.2026,11:34:53.737,48.8,57.3,52.307,0.000,480.0,202.5,12.8,823,
25.4.2026,11:34:53.937,48.8,57.2,52.245,0.000,480.0,202.5,12.8,823,
25.4.2026,11:34:54.135,48.8,57.3,52.210,0.000,480.0,202.5,12.8,823,
25.4.2026,11:34:54.352,48.8,57.2,52.175,0.000,480.0,202.5,12.8,823,
25.4.2026,11:34:54.554,48.8,57.3,52.607,0.000,480.0,202.5,12.8,823,
25.4.2026,11:34:54.745,48.8,57.4,52.569,0.000,480.0,202.5,12.8,823,
25.4.2026,11:34:54.951,48.8,57.3,52.564,0.000,480.0,202.5,12.8,823,
25.4.2026,11:34:55.164,48.8,57.2,52.215,0.000,480.0,202.5,12.8,823,
25.4.2026,11:34:55.361,48.8,57.3,52.537,0.000,465.0,202.5,12.8,823,
25.4.2026,11:34:55.563,48.8,57.3,52.468,0.000,450.0,202.5,12.8,823,
25.4.2026,11:34:55.764,48.8,57.2,52.568,0.000,450.0,202.5,12.8,823,
25.4.2026,11:34:55.964,48.8,57.2,52.514,0.000,450.0,202.5,12.8,823,
25.4.2026,11:34:56.172,48.8,57.3,52.444,0.000,450.0,202.5,12.8,823,
25.4.2026,11:34:56.390,48.8,57.3,52.604,0.000,450.0,202.5,12.8,823,
25.4.2026,11:34:56.574,48.8,57.3,52.413,0.000,450.0,202.5,12.8,823,
25.4.2026,11:34:56.786,48.8,57.3,52.380,0.000,465.0,202.5,12.8,823,
25.4.2026,11:34:56.982,48.9,57.4,52.529,0.000,465.0,202.5,12.8,823,
25.4.2026,11:34:57.182,48.8,57.3,52.886,0.000,465.0,202.5,12.8,823,
25.4.2026,11:34:57.393,48.8,57.3,52.694,0.000,465.0,202.5,12.8,823,
25.4.2026,11:34:57.593,48.9,57.4,52.420,0.000,465.0,202.5,12.8,823,
25.4.2026,11:34:57.805,48.9,57.2,52.495,0.000,465.0,202.5,12.8,823,
25.4.2026,11:34:57.996,48.8,57.3,52.279,0.000,465.0,202.5,12.8,823,
25.4.2026,11:34:58.211,48.8,57.3,52.501,0.000,465.0,202.5,12.8,823,
25.4.2026,11:34:58.414,48.9,57.4,52.305,0.000,465.0,202.5,12.8,823,
25.4.2026,11:34:58.607,48.9,57.3,52.202,0.000,465.0,202.5,12.8,823,
25.4.2026,11:34:58.810,48.8,57.3,52.202,0.000,450.0,202.5,12.8,823,
25.4.2026,11:34:59.020,48.8,57.3,52.289,0.000,450.0,202.5,12.8,823,
25.4.2026,11:34:59.225,48.8,57.3,52.289,0.000,450.0,202.5,12.8,823,
25.4.2026,11:34:59.432,48.8,57.3,52.243,0.000,450.0,202.5,12.8,823,
25.4.2026,11:34:59.625,48.9,57.3,52.260,0.000,435.0,202.5,12.8,823,
25.4.2026,11:34:59.830,48.9,57.3,52.295,0.000,435.0,202.5,12.8,823,
25.4.2026,11:35:0.032,48.9,57.4,52.261,0.000,435.0,202.5,12.8,823,
25.4.2026,11:35:0.233,48.9,57.3,52.236,0.000,450.0,202.5,12.8,823,
25.4.2026,11:35:0.444,48.9,57.3,52.175,0.000,450.0,202.5,12.8,823,
25.4.2026,11:35:0.637,48.9,57.3,52.336,0.000,450.0,202.5,12.8,823,
25.4.2026,11:35:0.841,48.9,57.4,52.503,0.000,480.0,202.5,12.8,823,
25.4.2026,11:35:1.045,48.9,57.4,52.448,0.000,495.0,202.5,12.8,823,
25.4.2026,11:35:1.249,48.9,57.4,52.292,0.000,495.0,202.5,12.8,823,
25.4.2026,11:35:1.451,48.9,57.4,52.268,0.000,495.0,202.5,12.8,823,
25.4.2026,11:35:1.653,48.9,57.4,52.268,0.000,495.0,202.5,12.8,823,
25.4.2026,11:35:1.857,48.9,57.4,52.248,0.000,495.0,202.5,12.8,823,
25.4.2026,11:35:2.062,48.9,57.3,52.283,0.000,495.0,202.5,12.8,823,
25.4.2026,11:35:2.267,48.9,57.3,52.209,0.000,510.0,202.5,12.8,823,
25.4.2026,11:35:2.475,48.9,57.4,52.419,0.000,540.0,202.5,12.8,823,
25.4.2026,11:35:2.668,48.9,57.4,52.475,0.000,540.0,202.5,12.8,823,
25.4.2026,11:35:2.871,48.9,57.4,52.519,0.000,540.0,202.5,12.8,823,
25.4.2026,11:35:3.081,48.9,57.3,52.227,0.000,540.0,202.5,12.8,823,
25.4.2026,11:35:3.280,48.9,57.3,52.237,0.000,540.0,202.5,12.8,823,
25.4.2026,11:35:3.489,49.0,57.5,53.201,0.000,540.0,202.5,12.8,823,
25.4.2026,11:35:3.684,48.9,57.5,53.051,0.000,540.0,202.5,12.8,823,
25.4.2026,11:35:3.889,49.0,57.4,53.337,0.000,540.0,202.5,12.8,823,
25.4.2026,11:35:4.106,49.0,57.4,53.008,0.000,555.0,202.5,12.8,823,
25.4.2026,11:35:4.296,49.0,57.4,52.296,0.000,555.0,202.5,12.8,823,
25.4.2026,11:35:4.501,48.9,57.4,53.058,0.000,555.0,202.5,12.8,823,
25.4.2026,11:35:4.699,49.0,57.5,52.232,0.000,555.0,202.5,12.8,823,
25.4.2026,11:35:4.920,49.0,57.5,52.905,0.000,555.0,202.5,12.8,823,
25.4.2026,11:35:5.105,49.0,57.5,52.521,0.000,555.0,202.5,12.8,823,
25.4.2026,11:35:5.325,49.0,57.5,52.296,0.000,555.0,202.5,12.8,823,
25.4.2026,11:35:5.526,49.0,57.4,52.715,0.000,555.0,202.5,12.8,823,
25.4.2026,11:35:5.718,49.0,57.4,52.526,0.000,555.0,202.5,12.8,823,
25.4.2026,11:35:5.936,49.0,57.4,52.465,0.000,555.0,202.5,12.8,823,
25.4.2026,11:35:6.136,49.0,57.5,52.638,0.000,555.0,202.5,12.8,823,
25.4.2026,11:35:6.332,48.9,57.4,52.704,0.000,555.0,202.5,12.8,823,
25.4.2026,11:35:6.534,49.0,57.5,53.149,0.000,555.0,202.5,12.8,823,
25.4.2026,11:35:6.742,49.0,57.4,52.537,0.000,540.0,202.5,12.8,823,
25.4.2026,11:35:6.941,49.0,57.5,52.264,0.000,525.0,202.5,12.8,823,
25.4.2026,11:35:7.143,49.0,57.4,52.364,0.000,525.0,202.5,12.8,823,
25.4.2026,11:35:7.346,49.0,57.5,52.553,0.000,510.0,202.5,12.8,823,
25.4.2026,11:35:7.546,49.0,57.4,52.642,0.000,510.0,202.5,12.8,823,
25.4.2026,11:35:7.763,49.0,57.4,52.322,0.000,495.0,202.5,12.8,823,
25.4.2026,11:35:7.948,49.0,57.4,52.805,0.000,495.0,202.5,12.8,823,
25.4.2026,11:35:8.167,49.0,57.4,52.441,0.000,495.0,202.5,12.8,823,
25.4.2026,11:35:8.369,49.0,57.5,52.183,0.000,495.0,202.5,12.8,823,
25.4.2026,11:35:8.561,49.0,57.4,52.702,0.000,495.0,202.5,12.8,823,
25.4.2026,11:35:8.768,49.0,57.5,52.511,0.000,495.0,202.5,12.8,823,
25.4.2026,11:35:8.968,49.0,57.5,52.244,0.000,495.0,202.5,12.8,823,
25.4.2026,11:35:9.176,49.0,57.5,52.297,0.000,480.0,202.5,12.8,823,
25.4.2026,11:35:9.371,49.0,57.6,52.454,0.000,480.0,202.5,12.8,823,
25.4.2026,11:35:9.584,49.0,57.5,52.633,0.000,480.0,202.5,12.8,823,
25.4.2026,11:35:9.788,49.0,57.5,52.603,0.000,480.0,202.5,12.8,823,
25.4.2026,11:35:9.988,49.0,57.6,52.507,0.000,480.0,202.5,12.8,823,
25.4.2026,11:35:10.188,49.0,57.5,52.466,0.000,480.0,202.5,12.8,823,
25.4.2026,11:35:10.400,49.0,57.5,52.462,0.000,480.0,202.5,12.8,823,
25.4.2026,11:35:10.595,49.0,57.5,52.392,0.000,465.0,202.5,12.8,823,
25.4.2026,11:35:10.795,49.0,57.5,52.392,0.000,480.0,202.5,12.8,823,
25.4.2026,11:35:10.995,49.0,57.5,52.713,0.000,510.0,202.5,12.8,823,
25.4.2026,11:35:11.209,49.0,57.5,52.429,0.000,510.0,202.5,12.8,823,
25.4.2026,11:35:11.407,49.0,57.5,52.297,0.000,510.0,202.5,12.8,823,
25.4.2026,11:35:11.609,49.0,57.5,52.429,0.000,510.0,202.5,12.8,823,
25.4.2026,11:35:11.812,49.0,57.5,52.156,0.000,510.0,202.5,12.8,823,
25.4.2026,11:35:12.029,49.0,57.5,52.537,0.000,510.0,202.5,12.8,823,
25.4.2026,11:35:12.228,49.1,57.5,52.224,0.000,510.0,202.5,12.8,823,
25.4.2026,11:35:12.422,49.1,57.5,52.306,0.000,510.0,202.5,12.8,823,
25.4.2026,11:35:12.631,49.1,57.6,52.532,0.000,510.0,202.5,12.8,823,
25.4.2026,11:35:12.834,49.0,57.5,52.209,0.000,510.0,202.5,12.8,823,
25.4.2026,11:35:13.039,49.0,57.5,52.285,0.000,495.0,202.5,12.8,823,
25.4.2026,11:35:13.234,49.1,57.5,52.260,0.000,495.0,202.5,12.8,823,
25.4.2026,11:35:13.434,49.0,57.6,52.258,0.000,480.0,202.5,12.8,823,
25.4.2026,11:35:13.644,49.1,57.5,52.262,0.000,480.0,202.5,12.8,823,
25.4.2026,11:35:13.848,49.1,57.6,52.229,0.000,495.0,202.5,12.8,823,
25.4.2026,11:35:14.044,49.1,57.5,52.531,0.000,510.0,202.5,12.8,823,
25.4.2026,11:35:14.259,49.1,57.6,52.480,0.000,525.0,202.5,12.8,823,
25.4.2026,11:35:14.468,49.1,57.5,52.648,0.000,525.0,202.5,12.8,823,
25.4.2026,11:35:14.655,49.1,57.5,52.853,0.000,525.0,202.5,12.8,823,
25.4.2026,11:35:14.862,49.1,57.6,52.275,0.000,525.0,202.5,12.8,823,
25.4.2026,11:35:15.062,49.1,57.6,52.260,0.000,525.0,202.5,12.8,823,
25.4.2026,11:35:15.276,49.1,57.6,52.480,0.000,525.0,202.5,12.8,823,
25.4.2026,11:35:15.468,49.1,57.6,52.361,0.000,525.0,202.5,12.8,823,
25.4.2026,11:35:15.679,49.1,57.5,52.908,0.000,525.0,202.5,12.8,823,
25.4.2026,11:35:15.873,49.1,57.7,53.268,0.000,525.0,202.5,12.8,823,
25.4.2026,11:35:16.087,49.1,57.5,53.042,0.000,525.0,202.5,12.8,823,
25.4.2026,11:35:16.283,49.1,57.7,52.532,0.000,510.0,202.5,12.5,795,
25.4.2026,11:35:16.499,49.1,57.5,53.068,0.000,510.0,202.5,12.5,795,
25.4.2026,11:35:16.684,49.1,57.6,52.498,0.000,540.0,202.5,12.5,795,
25.4.2026,11:35:16.895,49.1,57.7,53.169,0.000,540.0,202.5,12.5,795,
25.4.2026,11:35:17.090,49.1,57.6,52.250,0.000,540.0,202.5,12.5,795,
25.4.2026,11:35:17.313,49.1,57.5,52.234,0.000,540.0,202.5,12.5,795,
25.4.2026,11:35:17.499,49.1,57.6,52.321,0.000,540.0,202.5,12.5,795,
25.4.2026,11:35:17.712,49.1,57.6,52.326,0.000,540.0,202.5,12.5,795,
25.4.2026,11:35:17.908,49.1,57.7,52.545,0.000,540.0,202.5,12.5,795,
25.4.2026,11:35:18.113,49.1,57.7,52.221,0.000,540.0,202.5,12.5,795,
25.4.2026,11:35:18.317,49.1,57.7,52.252,0.000,510.0,202.5,12.5,795,
25.4.2026,11:35:18.515,49.1,57.6,52.393,0.000,510.0,202.5,12.5,795,
25.4.2026,11:35:18.715,49.1,57.7,52.260,0.000,495.0,202.5,12.5,795,
25.4.2026,11:35:18.927,49.1,57.7,52.229,0.000,495.0,202.5,12.5,795,
25.4.2026,11:35:19.120,49.1,57.7,52.521,0.000,480.0,202.5,12.5,795,
25.4.2026,11:35:19.327,49.1,57.7,52.253,0.000,480.0,202.5,12.5,795,
25.4.2026,11:35:19.537,49.1,57.7,52.704,0.000,480.0,202.5,12.5,795,
25.4.2026,11:35:19.733,49.1,57.7,52.438,0.000,465.0,202.5,12.5,795,
25.4.2026,11:35:19.938,49.1,57.8,52.575,0.000,465.0,202.5,12.5,795,
25.4.2026,11:35:20.150,49.1,57.7,52.496,0.000,465.0,202.5,12.5,795,
25.4.2026,11:35:20.346,49.1,57.7,52.300,0.000,465.0,202.5,12.5,795,
25.4.2026,11:35:20.545,49.1,57.7,52.519,0.000,495.0,202.5,12.5,795,
25.4.2026,11:35:20.751,49.1,57.5,52.279,0.000,495.0,202.5,12.5,795,
25.4.2026,11:35:20.954,49.1,57.7,52.290,0.000,495.0,202.5,12.5,795,
25.4.2026,11:35:21.157,49.1,57.7,52.205,0.000,495.0,202.5,12.5,795,
25.4.2026,11:35:21.358,49.1,57.7,52.205,0.000,495.0,202.5,12.5,795,
25.4.2026,11:35:21.562,49.1,57.5,52.491,0.000,495.0,202.5,12.5,795,
25.4.2026,11:35:21.772,49.1,57.7,52.346,0.000,495.0,202.5,12.5,795,
25.4.2026,11:35:21.970,49.1,57.6,52.283,0.000,495.0,202.5,12.5,795,
25.4.2026,11:35:22.179,49.1,57.8,52.321,0.000,495.0,202.5,12.5,795,
25.4.2026,11:35:22.383,49.2,57.7,52.380,0.000,495.0,202.5,12.5,795,
25.4.2026,11:35:22.577,49.1,57.7,52.810,0.000,480.0,202.5,12.5,795,
25.4.2026,11:35:22.779,49.1,57.7,52.223,0.000,480.0,202.5,12.5,795,
25.4.2026,11:35:22.990,49.2,57.7,52.302,0.000,480.0,202.5,12.5,795,
25.4.2026,11:35:23.185,49.2,57.7,52.702,0.000,495.0,202.5,12.5,795,
25.4.2026,11:35:23.401,49.2,57.7,52.216,0.000,495.0,202.5,12.5,795,
25.4.2026,11:35:23.591,49.1,57.8,52.319,0.000,495.0,202.5,12.5,795,
25.4.2026,11:35:23.796,49.1,57.7,52.166,0.000,495.0,202.5,12.5,795,
25.4.2026,11:35:23.999,49.1,57.7,52.283,0.000,495.0,202.5,12.5,795,
25.4.2026,11:35:24.204,49.2,57.6,52.335,0.000,495.0,202.5,12.5,795,
25.4.2026,11:35:24.406,49.2,57.7,52.270,0.000,495.0,202.5,12.5,795,
25.4.2026,11:35:24.610,49.2,57.7,52.282,0.000,495.0,202.5,12.5,795,
25.4.2026,11:35:24.810,49.2,57.6,52.210,0.000,435.0,202.5,12.5,795,
25.4.2026,11:35:25.014,49.2,57.6,52.257,0.000,435.0,202.5,12.5,795,
25.4.2026,11:35:25.220,49.1,57.6,52.198,0.000,420.0,202.5,12.5,795,
25.4.2026,11:35:25.423,49.2,57.7,52.561,0.000,420.0,202.5,12.5,795,
25.4.2026,11:35:25.630,49.2,57.7,52.238,0.000,420.0,202.5,12.5,795,
25.4.2026,11:35:25.825,49.2,57.6,52.490,0.000,420.0,202.5,12.5,795,
25.4.2026,11:35:26.036,49.2,57.6,52.448,0.000,450.0,202.5,12.5,795,
25.4.2026,11:35:26.242,49.2,57.6,52.517,0.000,450.0,202.5,12.5,795,
25.4.2026,11:35:26.439,49.2,57.7,52.258,0.000,450.0,202.5,12.5,795,
25.4.2026,11:35:26.642,49.2,57.8,52.573,0.000,480.0,202.5,12.5,795,
25.4.2026,11:35:26.848,49.3,57.7,52.416,0.000,480.0,202.5,12.5,795,
25.4.2026,11:35:27.048,49.2,57.7,52.241,0.000,480.0,202.5,12.5,795,
25.4.2026,11:35:27.250,49.3,57.8,52.387,0.000,480.0,202.5,12.5,795,
25.4.2026,11:35:27.455,49.2,57.7,52.741,0.000,480.0,202.5,12.5,795,
25.4.2026,11:35:27.661,49.2,57.7,52.529,0.000,480.0,202.5,12.5,795,
25.4.2026,11:35:27.855,49.2,57.8,52.635,0.000,480.0,202.5,12.5,795,
25.4.2026,11:35:28.065,49.2,57.7,52.883,0.000,480.0,202.5,12.5,795,
25.4.2026,11:35:28.262,49.2,57.7,52.500,0.000,480.0,202.5,12.5,795,
25.4.2026,11:35:28.477,49.2,57.7,52.738,0.000,450.0,202.5,12.5,795,
25.4.2026,11:35:28.670,49.3,57.7,52.934,0.000,450.0,202.5,12.5,795,
25.4.2026,11:35:28.874,49.2,57.8,53.013,0.000,450.0,202.5,12.5,795,
25.4.2026,11:35:29.076,49.2,57.7,52.945,0.000,450.0,202.5,12.5,795,
25.4.2026,11:35:29.280,49.3,57.8,52.889,0.000,450.0,202.5,12.5,795,
25.4.2026,11:35:29.487,49.3,57.7,53.150,0.000,465.0,202.5,12.5,795,
25.4.2026,11:35:29.688,49.2,57.8,53.015,0.000,465.0,202.5,12.5,795,
25.4.2026,11:35:29.895,49.3,57.8,52.530,0.000,480.0,202.5,12.5,795,
25.4.2026,11:35:30.102,49.3,57.9,52.290,0.000,480.0,202.5,12.5,795,
25.4.2026,11:35:30.298,49.2,57.8,52.317,0.000,480.0,202.5,12.5,795,
25.4.2026,11:35:30.500,49.3,57.8,52.237,0.000,480.0,202.5,12.5,795,
25.4.2026,11:35:30.705,49.2,57.7,52.232,0.000,480.0,202.5,12.5,795,
25.4.2026,11:35:30.903,49.2,57.7,52.214,0.000,480.0,202.5,12.5,795,
25.4.2026,11:35:31.105,49.2,57.7,52.260,0.000,480.0,202.5,12.5,795,
25.4.2026,11:35:31.314,49.2,57.8,52.088,0.000,480.0,202.5,12.5,795,
25.4.2026,11:35:31.530,49.3,57.7,52.670,0.000,450.0,202.5,12.5,795,
25.4.2026,11:35:31.723,49.3,57.8,52.276,0.000,450.0,202.5,12.5,795,
25.4.2026,11:35:31.919,49.3,57.7,52.223,0.000,450.0,202.5,12.5,795,
25.4.2026,11:35:32.121,49.3,57.8,52.248,0.000,450.0,202.5,12.5,795,
25.4.2026,11:35:32.324,49.3,57.8,52.310,0.000,450.0,202.5,12.5,795,
25.4.2026,11:35:32.543,49.3,57.7,52.757,0.000,450.0,202.5,12.5,795,
25.4.2026,11:35:32.739,49.3,57.9,52.549,0.000,450.0,202.5,12.5,795,
25.4.2026,11:35:32.937,49.3,57.8,52.448,0.000,480.0,202.5,12.5,795,
25.4.2026,11:35:33.138,49.3,57.8,52.757,0.000,480.0,202.5,12.5,795,
25.4.2026,11:35:33.346,49.3,57.8,52.475,0.000,480.0,202.5,12.5,795,
25.4.2026,11:35:33.551,49.3,57.8,52.319,0.000,480.0,202.5,12.5,795,
25.4.2026,11:35:33.758,49.3,57.8,52.287,0.000,495.0,202.5,12.5,795,
25.4.2026,11:35:33.950,49.3,57.8,52.276,0.000,495.0,202.5,12.5,795,
25.4.2026,11:35:34.155,49.3,57.8,52.492,0.000,495.0,202.5,12.5,795,
25.4.2026,11:35:34.365,49.3,57.8,52.266,0.000,495.0,202.5,12.5,795,
25.4.2026,11:35:34.566,49.3,57.8,53.007,0.000,495.0,202.5,12.5,795,
25.4.2026,11:35:34.765,49.3,57.8,52.474,0.000,495.0,202.5,12.5,795,
25.4.2026,11:35:34.965,49.3,57.7,52.466,0.000,495.0,202.5,12.5,795,
25.4.2026,11:35:35.169,49.3,57.8,52.891,0.000,495.0,202.5,12.5,795,
25.4.2026,11:35:35.373,49.3,57.8,52.652,0.000,495.0,202.5,12.5,795,
25.4.2026,11:35:35.576,49.3,57.8,52.693,0.000,495.0,202.5,12.5,795,
25.4.2026,11:35:35.784,49.3,57.8,52.867,0.000,495.0,202.5,12.5,795,
25.4.2026,11:35:35.988,49.3,57.8,52.867,0.000,495.0,202.5,12.5,795,
25.4.2026,11:35:36.185,49.3,57.8,52.444,0.000,480.0,202.5,12.5,795,
25.4.2026,11:35:36.394,49.3,57.9,52.308,0.000,480.0,202.5,12.5,795,
25.4.2026,11:35:36.595,49.3,57.7,52.361,0.000,480.0,202.5,12.5,795,
25.4.2026,11:35:36.797,49.3,57.8,52.267,0.000,480.0,202.5,12.5,795,
25.4.2026,11:35:36.998,49.3,57.9,52.221,0.000,465.0,202.5,12.5,795,
25.4.2026,11:35:37.209,49.3,57.8,52.294,0.000,450.0,202.5,12.5,795,
25.4.2026,11:35:37.403,49.3,57.8,52.298,0.000,450.0,202.5,12.5,795,
25.4.2026,11:35:37.608,49.3,57.8,52.547,0.000,450.0,202.5,12.5,795,
25.4.2026,11:35:37.813,49.3,57.8,52.268,0.000,465.0,202.5,12.5,795,
25.4.2026,11:35:38.019,49.3,57.8,52.251,0.000,465.0,202.5,12.5,795,
25.4.2026,11:35:38.221,49.3,57.9,52.491,0.000,465.0,202.5,12.5,795,
25.4.2026,11:35:38.422,49.4,57.9,52.345,0.000,465.0,202.5,12.5,795,
25.4.2026,11:35:38.624,49.3,57.8,52.283,0.000,465.0,202.5,12.5,795,
25.4.2026,11:35:38.829,49.4,57.7,52.466,0.000,465.0,202.5,12.5,795,
25.4.2026,11:35:39.034,49.4,57.8,52.265,0.000,465.0,202.5,12.5,795,
25.4.2026,11:35:39.246,49.3,57.8,52.474,0.000,465.0,202.5,12.5,795,
25.4.2026,11:35:39.443,49.4,57.8,52.428,0.000,465.0,202.5,12.5,795,
25.4.2026,11:35:39.643,49.4,57.9,52.322,0.000,450.0,202.5,12.5,795,
25.4.2026,11:35:39.844,49.4,57.9,52.368,0.000,465.0,202.5,12.5,795,
25.4.2026,11:35:40.050,49.4,57.8,52.498,0.000,465.0,202.5,12.5,795,
25.4.2026,11:35:40.252,49.4,57.8,52.218,0.000,465.0,202.5,12.5,795,
25.4.2026,11:35:40.464,49.3,57.9,52.489,0.000,465.0,202.5,12.5,795,
25.4.2026,11:35:40.655,49.4,57.9,52.955,0.000,465.0,202.5,12.5,795,
25.4.2026,11:35:40.857,49.3,57.8,52.477,0.000,480.0,202.5,12.5,795,
25.4.2026,11:35:41.063,49.4,57.9,52.474,0.000,480.0,202.5,12.5,795,
25.4.2026,11:35:41.266,49.4,57.9,52.941,0.000,480.0,202.5,12.5,795,
25.4.2026,11:35:41.468,49.4,57.8,52.669,0.000,480.0,202.5,12.5,795,
25.4.2026,11:35:41.668,49.4,57.9,53.030,0.000,480.0,202.5,12.5,795,
25.4.2026,11:35:41.873,49.4,57.9,53.068,0.000,480.0,202.5,12.5,795,
25.4.2026,11:35:42.081,49.4,58.0,52.998,0.000,480.0,202.5,12.5,795,
25.4.2026,11:35:42.289,49.4,57.9,52.251,0.000,480.0,202.5,12.5,795,
25.4.2026,11:35:42.485,49.4,57.9,52.243,0.000,480.0,202.5,12.5,795,
25.4.2026,11:35:42.685,49.4,57.9,52.299,0.000,465.0,202.5,12.5,795,
25.4.2026,11:35:42.889,49.4,57.9,52.271,0.000,465.0,202.5,12.5,795,
25.4.2026,11:35:43.093,49.4,58.0,52.419,0.000,450.0,202.5,12.5,795,
25.4.2026,11:35:43.300,49.4,58.0,52.229,0.000,450.0,202.5,12.5,795,
25.4.2026,11:35:43.500,49.4,57.8,52.326,0.000,450.0,202.5,12.5,795,
25.4.2026,11:35:43.709,49.4,58.0,52.282,0.000,450.0,202.5,12.5,795,
25.4.2026,11:35:43.904,49.4,57.9,52.531,0.000,450.0,202.5,12.5,795,
25.4.2026,11:35:44.110,49.4,57.9,52.212,0.000,465.0,202.5,12.5,795,
25.4.2026,11:35:44.310,49.4,57.9,52.221,0.000,465.0,202.5,12.5,795,
25.4.2026,11:35:44.515,49.4,57.9,52.345,0.000,465.0,202.5,12.5,795,
25.4.2026,11:35:44.717,49.4,57.8,52.327,0.000,465.0,202.5,12.5,795,
25.4.2026,11:35:44.926,49.4,58.0,52.540,0.000,495.0,202.5,12.5,795,
25.4.2026,11:35:45.122,49.4,57.9,52.281,0.000,495.0,202.5,12.5,795,
25.4.2026,11:35:45.328,49.4,58.0,52.519,0.000,495.0,202.5,12.5,795,
25.4.2026,11:35:45.531,49.4,57.9,52.506,0.000,495.0,202.5,12.5,795,
25.4.2026,11:35:45.731,49.4,58.0,52.283,0.000,495.0,202.5,12.5,795,
25.4.2026,11:35:45.935,49.4,58.0,52.248,0.000,495.0,202.5,12.5,795,
25.4.2026,11:35:46.137,49.4,57.8,52.869,0.000,495.0,202.5,12.5,795,
25.4.2026,11:35:46.349,49.4,58.0,52.988,0.000,495.0,202.5,12.5,795,
25.4.2026,11:35:46.548,49.4,57.9,52.308,0.000,495.0,202.5,12.5,795,
25.4.2026,11:35:46.749,49.4,57.9,52.598,0.000,480.0,202.5,12.5,795,
25.4.2026,11:35:46.955,49.4,57.9,52.538,0.000,480.0,202.5,12.5,795,
25.4.2026,11:35:47.155,49.5,58.0,52.559,0.000,480.0,202.5,12.5,795,
25.4.2026,11:35:47.355,49.4,58.0,52.514,0.000,480.0,202.5,12.5,795,
25.4.2026,11:35:47.562,49.4,57.9,52.672,0.000,480.0,202.5,12.5,795,
25.4.2026,11:35:47.763,49.5,58.0,52.668,0.000,480.0,202.5,12.5,795,
25.4.2026,11:35:47.971,49.4,57.8,52.445,0.000,525.0,202.5,12.5,795,
25.4.2026,11:35:48.177,49.4,58.0,52.631,0.000,525.0,202.5,12.5,795,
25.4.2026,11:35:48.372,49.4,57.9,52.225,0.000,525.0,202.5,12.5,795,
25.4.2026,11:35:48.575,49.4,58.0,52.652,0.000,525.0,202.5,12.5,795,
25.4.2026,11:35:48.781,49.4,58.0,52.429,0.000,525.0,202.5,12.5,795,
25.4.2026,11:35:48.980,49.4,58.1,52.428,0.000,525.0,202.5,12.5,795,
25.4.2026,11:35:49.187,49.5,58.1,52.849,0.000,525.0,202.5,12.5,795,
25.4.2026,11:35:49.392,49.5,58.0,52.372,0.000,525.0,202.5,12.5,795,
25.4.2026,11:35:49.593,49.5,58.0,52.419,0.000,525.0,202.5,12.5,795,
25.4.2026,11:35:49.801,49.5,57.9,52.416,0.000,495.0,202.5,12.5,795,
25.4.2026,11:35:50.002,49.5,57.9,52.275,0.000,495.0,202.5,12.5,795,
25.4.2026,11:35:50.202,49.5,57.9,52.275,0.000,480.0,202.5,12.5,795,
25.4.2026,11:35:50.409,49.4,58.0,52.375,0.000,480.0,202.5,12.5,795,
25.4.2026,11:35:50.616,49.4,57.9,52.262,0.000,465.0,202.5,12.5,795,
25.4.2026,11:35:50.812,49.4,58.0,52.294,0.000,465.0,202.5,12.5,795,
25.4.2026,11:35:51.015,49.5,57.9,52.405,0.000,465.0,202.5,12.5,795,
25.4.2026,11:35:51.216,49.4,58.0,52.366,0.000,480.0,202.5,12.5,795,
25.4.2026,11:35:51.424,49.5,58.1,52.396,0.000,480.0,202.5,12.5,795,
25.4.2026,11:35:51.628,49.4,57.9,52.269,0.000,480.0,202.5,12.5,795,
25.4.2026,11:35:51.832,49.5,58.0,52.292,0.000,480.0,202.5,12.5,795,
25.4.2026,11:35:52.045,49.5,57.9,52.345,0.000,480.0,202.5,12.5,795,
25.4.2026,11:35:52.233,49.5,57.9,52.269,0.000,480.0,202.5,12.5,795,
25.4.2026,11:35:52.439,49.6,57.9,52.273,0.000,480.0,202.5,12.5,795,
25.4.2026,11:35:52.651,49.5,58.0,52.253,0.000,480.0,202.5,12.5,795,
25.4.2026,11:35:52.853,49.5,57.9,52.290,0.000,480.0,202.5,12.5,795,
25.4.2026,11:35:53.055,49.5,58.1,52.556,0.000,495.0,202.5,12.5,795,
25.4.2026,11:35:53.262,49.5,57.9,52.643,0.000,510.0,202.5,12.5,795,
25.4.2026,11:35:53.453,49.5,58.0,52.916,0.000,510.0,202.5,12.5,795,
25.4.2026,11:35:53.654,49.5,58.0,52.518,0.000,510.0,202.5,12.5,795,
25.4.2026,11:35:53.858,49.6,58.0,52.584,0.000,510.0,202.5,12.5,795,
25.4.2026,11:35:54.062,49.6,58.0,53.056,0.000,510.0,202.5,12.5,795,
25.4.2026,11:35:54.266,49.5,58.0,52.256,0.000,510.0,202.5,12.5,795,
25.4.2026,11:35:54.470,49.5,58.1,52.930,0.000,510.0,202.5,12.5,795,
25.4.2026,11:35:54.669,49.5,58.0,52.983,0.000,510.0,202.5,12.5,795,
25.4.2026,11:35:54.884,49.5,58.0,52.976,0.000,510.0,202.5,12.5,795,
25.4.2026,11:35:55.081,49.5,57.9,52.271,0.000,465.0,202.5,12.5,795,
25.4.2026,11:35:55.287,49.5,58.0,52.927,0.000,465.0,202.5,12.5,795,
25.4.2026,11:35:55.499,49.5,58.1,52.239,0.000,465.0,202.5,12.5,795,
25.4.2026,11:35:55.684,49.5,58.2,52.426,0.000,450.0,202.5,12.5,795,
25.4.2026,11:35:55.896,49.5,58.0,52.321,0.000,450.0,202.5,12.5,795,
25.4.2026,11:35:56.092,49.5,58.1,52.419,0.000,495.0,202.5,12.5,795,
25.4.2026,11:35:56.297,49.5,58.1,52.199,0.000,495.0,202.5,12.5,795,
25.4.2026,11:35:56.505,49.6,58.1,52.457,0.000,495.0,202.5,12.5,795,
25.4.2026,11:35:56.712,49.6,58.1,52.529,0.000,495.0,202.5,12.5,795,
25.4.2026,11:35:56.911,49.6,58.0,52.315,0.000,495.0,202.5,12.5,795,
25.4.2026,11:35:57.107,49.5,58.1,52.491,0.000,495.0,202.5,12.5,795,
25.4.2026,11:35:57.315,49.6,58.0,52.645,0.000,495.0,202.5,12.5,795,
25.4.2026,11:35:57.524,49.6,58.1,52.424,0.000,495.0,202.5,12.5,795,
25.4.2026,11:35:57.716,49.6,58.1,52.442,0.000,495.0,202.5,12.5,795,
25.4.2026,11:35:57.923,49.5,57.9,52.353,0.000,495.0,202.5,12.5,795,
25.4.2026,11:35:58.125,49.6,58.1,52.643,0.000,495.0,202.5,12.5,795,
25.4.2026,11:35:58.326,49.6,58.1,52.391,0.000,495.0,202.5,12.5,795,
25.4.2026,11:35:58.531,49.6,58.1,52.696,0.000,495.0,202.5,12.5,795,
25.4.2026,11:35:58.732,49.6,58.1,52.529,0.000,495.0,202.5,12.5,795,
25.4.2026,11:35:58.936,49.6,58.1,52.527,0.000,495.0,202.5,12.5,795,
25.4.2026,11:35:59.141,49.6,58.2,52.867,0.000,495.0,202.5,12.5,795,
25.4.2026,11:35:59.345,49.6,58.1,52.416,0.000,480.0,202.5,12.5,795,
25.4.2026,11:35:59.545,49.6,58.1,52.263,0.000,480.0,202.5,12.5,795,
25.4.2026,11:35:59.753,49.6,58.1,52.468,0.000,495.0,202.5,12.5,795,
25.4.2026,11:35:59.959,49.6,58.2,52.519,0.000,495.0,202.5,12.5,795,
25.4.2026,11:36:0.156,49.6,58.0,52.658,0.000,495.0,202.5,12.5,795,
25.4.2026,11:36:0.359,49.6,58.0,52.425,0.000,495.0,202.5,12.5,795,
25.4.2026,11:36:0.563,49.6,58.2,52.309,0.000,495.0,202.5,12.5,795,
25.4.2026,11:36:0.765,49.6,58.2,52.698,0.000,495.0,202.5,12.5,795,
25.4.2026,11:36:0.970,49.6,58.2,52.281,0.000,495.0,202.5,12.5,795,
25.4.2026,11:36:1.172,49.6,58.2,52.359,0.000,495.0,202.5,12.5,795,
25.4.2026,11:36:1.384,49.6,58.2,52.359,0.000,495.0,202.5,12.5,795,
25.4.2026,11:36:1.582,49.6,58.1,52.523,0.000,495.0,202.5,12.5,795,
25.4.2026,11:36:1.781,49.6,58.1,52.473,0.000,495.0,202.5,12.5,795,
25.4.2026,11:36:1.995,49.6,58.1,52.518,0.000,510.0,202.5,12.5,795,
25.4.2026,11:36:2.195,49.6,58.2,52.371,0.000,510.0,202.5,12.5,795,
25.4.2026,11:36:2.391,49.6,58.2,52.316,0.000,510.0,202.5,12.5,795,
25.4.2026,11:36:2.592,49.6,58.2,52.554,0.000,510.0,202.5,12.5,795,
25.4.2026,11:36:2.806,49.6,58.2,52.592,0.000,525.0,202.5,12.5,795,
25.4.2026,11:36:2.999,49.7,58.2,52.268,0.000,525.0,202.5,12.5,795,
25.4.2026,11:36:3.209,49.7,58.2,52.558,0.000,525.0,202.5,12.5,795,
25.4.2026,11:36:3.408,49.7,58.2,52.324,0.000,525.0,202.5,12.5,795,
25.4.2026,11:36:3.611,49.7,58.2,52.311,0.000,525.0,202.5,12.5,795,
25.4.2026,11:36:3.820,49.6,58.1,52.299,0.000,525.0,202.5,12.5,795,
25.4.2026,11:36:4.016,49.6,58.2,52.497,0.000,525.0,202.5,12.5,795,
25.4.2026,11:36:4.220,49.6,58.1,52.590,0.000,525.0,202.5,12.5,795,
25.4.2026,11:36:4.419,49.6,58.2,52.252,0.000,525.0,202.5,12.5,795,
25.4.2026,11:36:4.632,49.7,58.2,52.513,0.000,525.0,202.5,12.5,795,
25.4.2026,11:36:4.826,49.7,58.3,52.579,0.000,525.0,202.5,12.5,795,
25.4.2026,11:36:5.031,49.6,58.0,52.421,0.000,525.0,202.5,12.5,795,
25.4.2026,11:36:5.232,49.6,58.1,52.382,0.000,525.0,202.5,12.5,795,
25.4.2026,11:36:5.436,49.7,58.2,52.659,0.000,525.0,202.5,12.5,795,
25.4.2026,11:36:5.640,49.7,58.3,52.898,0.000,510.0,202.5,12.5,795,
25.4.2026,11:36:5.844,49.7,58.1,52.660,0.000,510.0,202.5,12.5,795,
25.4.2026,11:36:6.048,49.7,58.1,52.611,0.000,510.0,202.5,12.5,795,
25.4.2026,11:36:6.249,49.6,58.2,52.294,0.000,495.0,202.5,12.5,795,
25.4.2026,11:36:6.458,49.6,58.2,52.251,0.000,495.0,202.5,12.5,795,
25.4.2026,11:36:6.660,49.7,58.2,52.937,0.000,480.0,202.5,12.5,795,
25.4.2026,11:36:6.860,49.6,58.2,53.267,0.000,480.0,202.5,12.5,795,
25.4.2026,11:36:7.070,49.7,58.2,52.883,0.000,480.0,202.5,12.5,795,
25.4.2026,11:36:7.268,49.6,58.2,52.974,0.000,465.0,202.5,12.5,795,
25.4.2026,11:36:7.475,49.6,58.2,53.186,0.000,465.0,202.5,12.5,795,
25.4.2026,11:36:7.672,49.7,58.2,52.793,0.000,465.0,202.5,12.5,795,
25.4.2026,11:36:7.885,49.6,58.2,52.975,0.000,465.0,202.5,12.5,795,
25.4.2026,11:36:8.091,49.7,58.2,52.506,0.000,510.0,202.5,12.5,795,
25.4.2026,11:36:8.290,49.7,58.2,52.303,0.000,510.0,202.5,12.5,795,
25.4.2026,11:36:8.487,49.7,58.3,52.376,0.000,510.0,202.5,12.5,795,
25.4.2026,11:36:8.683,49.7,58.2,52.267,0.000,510.0,202.5,12.5,795,
25.4.2026,11:36:8.889,49.7,58.2,52.177,0.000,510.0,202.5,12.5,795,
25.4.2026,11:36:9.090,49.7,58.2,52.229,0.000,510.0,202.5,12.5,795,
25.4.2026,11:36:9.297,49.7,58.3,52.262,0.000,510.0,202.5,12.5,795,
25.4.2026,11:36:9.503,49.7,58.2,52.538,0.000,510.0,202.5,12.5,795,
25.4.2026,11:36:9.709,49.7,58.2,52.370,0.000,480.0,202.5,12.5,795,
25.4.2026,11:36:9.908,49.7,58.2,52.299,0.000,465.0,202.5,12.5,795,
25.4.2026,11:36:10.106,49.7,58.3,52.320,0.000,465.0,202.5,12.5,795,
25.4.2026,11:36:10.310,49.7,58.3,52.281,0.000,480.0,202.5,12.5,795,
25.4.2026,11:36:10.521,49.7,58.3,52.362,0.000,480.0,202.5,12.5,795,
25.4.2026,11:36:10.724,49.7,58.2,52.344,0.000,480.0,202.5,12.5,795,
25.4.2026,11:36:10.919,49.7,58.3,52.743,0.000,495.0,202.5,12.5,795,
25.4.2026,11:36:11.127,49.7,58.2,52.391,0.000,495.0,202.5,12.5,795,
25.4.2026,11:36:11.324,49.7,58.3,52.652,0.000,510.0,202.5,12.5,795,
25.4.2026,11:36:11.530,49.7,58.2,52.369,0.000,510.0,202.5,12.5,795,
25.4.2026,11:36:11.733,49.7,58.2,52.511,0.000,510.0,202.5,12.5,795,
25.4.2026,11:36:11.937,49.7,58.2,52.276,0.000,510.0,202.5,12.5,795,
25.4.2026,11:36:12.139,49.7,58.3,52.336,0.000,510.0,202.5,12.5,795,
25.4.2026,11:36:12.340,49.7,58.3,52.332,0.000,510.0,202.5,12.5,795,
25.4.2026,11:36:12.544,49.7,58.2,52.303,0.000,510.0,202.5,12.5,795,
25.4.2026,11:36:12.753,49.7,58.2,52.610,0.000,510.0,202.5,12.5,795,
25.4.2026,11:36:12.950,49.8,58.3,52.262,0.000,510.0,202.5,12.5,795,
25.4.2026,11:36:13.152,49.8,58.3,52.409,0.000,525.0,202.5,12.5,795,
25.4.2026,11:36:13.355,49.8,58.4,52.770,0.000,525.0,202.5,12.5,795,
25.4.2026,11:36:13.560,49.8,58.3,52.675,0.000,525.0,202.5,12.5,795,
25.4.2026,11:36:13.765,49.8,58.2,52.683,0.000,525.0,202.5,12.5,795,
25.4.2026,11:36:13.968,49.8,58.3,52.572,0.000,525.0,202.5,12.5,795,
25.4.2026,11:36:14.169,49.8,58.3,52.572,0.000,555.0,202.5,12.5,795,
25.4.2026,11:36:14.380,49.8,58.4,52.639,0.000,555.0,202.5,12.5,795,
25.4.2026,11:36:14.584,49.8,58.3,52.829,0.000,555.0,202.5,12.5,795,
25.4.2026,11:36:14.779,49.8,58.3,52.270,0.000,555.0,202.5,12.5,795,
25.4.2026,11:36:14.990,49.8,58.4,52.406,0.000,555.0,202.5,12.5,795,
25.4.2026,11:36:15.188,49.8,58.3,52.475,0.000,555.0,202.5,12.5,795,
25.4.2026,11:36:15.393,49.8,58.2,52.364,0.000,555.0,202.5,12.5,795,
25.4.2026,11:36:15.594,49.8,58.3,52.335,0.000,555.0,202.5,12.5,795,
25.4.2026,11:36:15.799,49.8,58.2,52.316,0.000,555.0,202.5,12.5,795,
25.4.2026,11:36:15.999,49.8,58.4,52.277,0.000,540.0,202.5,12.5,795,
25.4.2026,11:36:16.204,49.8,58.3,52.410,0.000,540.0,202.5,12.5,795,
25.4.2026,11:36:16.405,49.8,58.3,52.531,0.000,540.0,202.5,12.5,795,
25.4.2026,11:36:16.606,49.8,58.3,52.298,0.000,525.0,202.5,12.5,795,
25.4.2026,11:36:16.812,49.8,58.3,52.485,0.000,525.0,202.5,12.5,795,
25.4.2026,11:36:17.014,49.8,58.2,52.306,0.000,525.0,202.5,12.5,795,
25.4.2026,11:36:17.218,49.8,58.3,52.228,0.000,510.0,202.5,12.5,795,
25.4.2026,11:36:17.421,49.8,58.3,52.535,0.000,525.0,202.5,12.5,795,
25.4.2026,11:36:17.625,49.8,58.3,52.221,0.000,525.0,202.5,12.5,795,
25.4.2026,11:36:17.829,49.8,58.3,52.341,0.000,525.0,202.5,12.5,795,
25.4.2026,11:36:18.032,49.8,58.4,52.529,0.000,525.0,202.5,12.5,795,
25.4.2026,11:36:18.230,49.8,58.3,52.641,0.000,525.0,202.5,12.5,795,
25.4.2026,11:36:18.438,49.8,58.3,52.879,0.000,525.0,202.5,12.5,795,
25.4.2026,11:36:18.639,49.8,58.4,52.618,0.000,525.0,202.5,12.5,795,
25.4.2026,11:36:18.839,49.8,58.4,52.740,0.000,525.0,202.5,12.5,795,
25.4.2026,11:36:19.045,49.8,58.3,52.791,0.000,525.0,202.5,12.5,795,
25.4.2026,11:36:19.250,49.8,58.4,52.555,0.000,510.0,202.5,12.5,795,
25.4.2026,11:36:19.451,49.8,58.3,53.007,0.000,510.0,202.5,12.5,795,
25.4.2026,11:36:19.655,49.8,58.3,52.608,0.000,495.0,202.5,12.5,795,
25.4.2026,11:36:19.856,49.8,58.3,52.969,0.000,495.0,202.5,12.5,795,
25.4.2026,11:36:20.067,49.8,58.3,53.171,0.000,495.0,202.5,12.5,795,
25.4.2026,11:36:20.267,49.8,58.4,52.986,0.000,510.0,202.5,12.5,795,
25.4.2026,11:36:20.468,49.9,58.4,53.289,0.000,510.0,202.5,12.5,795,
25.4.2026,11:36:20.668,49.8,58.4,52.582,0.000,510.0,202.5,12.5,795,
25.4.2026,11:36:20.874,49.8,58.4,52.707,0.000,510.0,202.5,12.5,795,
25.4.2026,11:36:21.075,49.8,58.3,52.575,0.000,510.0,202.5,12.5,795,
25.4.2026,11:36:21.281,49.8,58.3,52.504,0.000,510.0,202.5,12.5,795,
25.4.2026,11:36:21.489,49.9,58.3,52.256,0.000,510.0,202.5,12.5,795,
25.4.2026,11:36:21.685,49.8,58.4,52.270,0.000,510.0,202.5,12.5,795,
25.4.2026,11:36:21.891,49.9,58.4,52.631,0.000,495.0,202.5,12.5,795,
25.4.2026,11:36:22.094,49.8,58.4,52.382,0.000,495.0,202.5,12.5,795,
25.4.2026,11:36:22.297,49.8,58.5,52.357,0.000,495.0,202.5,12.5,795,
25.4.2026,11:36:22.498,49.8,58.4,52.190,0.000,495.0,202.5,12.5,795,
25.4.2026,11:36:22.702,49.9,58.5,52.456,0.000,510.0,202.5,12.5,795,
25.4.2026,11:36:22.907,49.9,58.5,52.375,0.000,510.0,202.5,12.5,795,
25.4.2026,11:36:23.109,49.9,58.5,52.483,0.000,510.0,202.5,12.5,795,
25.4.2026,11:36:23.312,49.8,58.4,52.375,0.000,510.0,202.5,12.5,795,
25.4.2026,11:36:23.513,49.8,58.4,52.260,0.000,510.0,202.5,12.5,795,
25.4.2026,11:36:23.720,49.8,58.5,52.268,0.000,510.0,202.5,12.5,795,
25.4.2026,11:36:23.922,49.9,58.4,52.302,0.000,510.0,202.5,12.5,795,
25.4.2026,11:36:24.130,49.8,58.4,52.302,0.000,510.0,202.5,12.5,795,
25.4.2026,11:36:24.332,49.9,58.5,52.458,0.000,510.0,202.5,12.5,795,
25.4.2026,11:36:24.529,49.9,58.5,52.542,0.000,495.0,202.5,12.5,795,
25.4.2026,11:36:24.732,49.9,58.5,52.614,0.000,495.0,202.5,12.5,795,
25.4.2026,11:36:24.934,49.9,58.5,52.491,0.000,495.0,202.5,12.5,795,
25.4.2026,11:36:25.136,49.9,58.5,52.491,0.000,495.0,202.5,12.5,795,
25.4.2026,11:36:25.342,49.9,58.5,52.621,0.000,480.0,202.5,12.5,795,
25.4.2026,11:36:25.544,49.9,58.5,52.563,0.000,480.0,202.5,12.5,795,
25.4.2026,11:36:25.747,49.9,58.4,52.608,0.000,480.0,202.5,12.5,795,
25.4.2026,11:36:25.950,49.9,58.5,52.649,0.000,480.0,202.5,12.5,795,
25.4.2026,11:36:26.162,49.9,58.5,52.702,0.000,480.0,202.5,12.5,795,
25.4.2026,11:36:26.357,49.9,58.5,52.530,0.000,465.0,202.5,12.5,795,
25.4.2026,11:36:26.559,49.9,58.6,52.379,0.000,465.0,202.5,12.5,795,
25.4.2026,11:36:26.764,49.9,58.5,52.551,0.000,465.0,202.5,12.5,795,
25.4.2026,11:36:26.966,49.9,58.4,53.069,0.000,450.0,202.5,12.5,795,
25.4.2026,11:36:27.167,49.9,58.5,52.233,0.000,450.0,202.5,12.5,795,
25.4.2026,11:36:27.371,49.9,58.5,52.736,0.000,450.0,202.5,12.5,795,
25.4.2026,11:36:27.578,49.9,58.5,52.352,0.000,450.0,202.5,12.5,795,
25.4.2026,11:36:27.778,49.9,58.6,52.491,0.000,510.0,202.5,12.5,795,
25.4.2026,11:36:27.983,49.9,58.5,52.605,0.000,525.0,202.5,12.5,795,
25.4.2026,11:36:28.184,49.9,58.4,52.549,0.000,555.0,202.5,12.5,795,
25.4.2026,11:36:28.391,49.9,58.6,52.604,0.000,555.0,202.5,12.5,795,
25.4.2026,11:36:28.600,49.9,58.5,52.545,0.000,555.0,202.5,12.5,795,
25.4.2026,11:36:28.800,50.0,58.5,52.302,0.000,555.0,202.5,12.5,795,
25.4.2026,11:36:28.997,50.0,58.4,52.295,0.000,555.0,202.5,12.5,795,
25.4.2026,11:36:29.201,49.9,58.4,52.202,0.000,555.0,202.5,12.5,795,
25.4.2026,11:36:29.404,50.0,58.5,52.246,0.000,555.0,202.5,12.5,795,
25.4.2026,11:36:29.607,49.9,58.7,52.292,0.000,555.0,202.5,12.5,795,
25.4.2026,11:36:29.809,49.9,58.6,52.319,0.000,555.0,202.5,12.5,795,
25.4.2026,11:36:30.014,49.9,58.6,52.328,0.000,480.0,202.5,12.5,795,
25.4.2026,11:36:30.215,49.9,58.5,52.275,0.000,480.0,202.5,12.5,795,
25.4.2026,11:36:30.422,49.9,58.5,52.245,0.000,480.0,202.5,12.5,795,
25.4.2026,11:36:30.624,49.9,58.6,52.602,0.000,480.0,202.5,12.5,795,
25.4.2026,11:36:30.828,49.9,58.6,52.735,0.000,510.0,202.5,12.5,795,
25.4.2026,11:36:31.034,49.9,58.5,52.656,0.000,510.0,202.5,12.5,795,
25.4.2026,11:36:31.232,49.9,58.6,52.393,0.000,510.0,202.5,12.5,795,
25.4.2026,11:36:31.434,50.0,58.6,52.906,0.000,525.0,202.5,12.5,795,
25.4.2026,11:36:31.643,50.0,58.6,52.847,0.000,555.0,202.5,12.5,795,
25.4.2026,11:36:31.840,50.0,58.6,52.899,0.000,555.0,202.5,12.5,795,
25.4.2026,11:36:32.047,49.9,58.7,52.309,0.000,555.0,202.5,12.5,795,
25.4.2026,11:36:32.249,50.0,58.7,53.257,0.000,555.0,202.5,12.5,795,
25.4.2026,11:36:32.451,50.0,58.7,53.054,0.000,555.0,202.5,12.5,795,
25.4.2026,11:36:32.655,50.0,58.4,53.272,0.000,555.0,202.5,12.5,795,
25.4.2026,11:36:32.864,50.0,58.5,52.875,0.000,570.0,202.5,12.5,795,
25.4.2026,11:36:33.062,50.0,58.6,52.733,0.000,570.0,202.5,12.5,795,
25.4.2026,11:36:33.271,50.0,58.5,52.764,0.000,585.0,202.5,12.5,795,
25.4.2026,11:36:33.467,50.0,58.5,52.295,0.000,585.0,202.5,12.5,795,
25.4.2026,11:36:33.670,50.0,58.7,52.459,0.000,600.0,202.5,12.5,795,
25.4.2026,11:36:33.874,50.0,58.6,52.444,0.000,600.0,202.5,12.5,795,
25.4.2026,11:36:34.076,50.0,58.5,52.559,0.000,600.0,202.5,12.5,795,
25.4.2026,11:36:34.284,50.0,58.5,52.531,0.000,600.0,202.5,12.5,795,
25.4.2026,11:36:34.484,50.0,58.6,52.570,0.000,600.0,202.5,12.5,795,
25.4.2026,11:36:34.683,50.0,58.5,52.252,0.000,600.0,202.5,12.5,795,
25.4.2026,11:36:34.885,50.0,58.5,52.327,0.000,600.0,202.5,12.5,795,
25.4.2026,11:36:35.094,50.0,58.5,52.302,0.000,600.0,202.5,12.5,795,
25.4.2026,11:36:35.300,50.0,58.5,52.289,0.000,600.0,202.5,12.5,795,
25.4.2026,11:36:35.497,50.0,58.4,52.311,0.000,555.0,202.5,12.5,795,
25.4.2026,11:36:35.703,50.0,58.5,52.294,0.000,555.0,202.5,12.5,795,
25.4.2026,11:36:35.906,50.0,58.6,52.614,0.000,555.0,202.5,12.5,795,
25.4.2026,11:36:36.111,50.0,58.5,52.614,0.000,555.0,202.5,12.5,795,
25.4.2026,11:36:36.309,50.0,58.5,52.326,0.000,540.0,202.5,12.5,795,
25.4.2026,11:36:36.515,50.0,58.6,52.479,0.000,540.0,202.5,12.5,795,
25.4.2026,11:36:36.722,50.0,58.5,52.246,0.000,540.0,202.5,12.5,795,
25.4.2026,11:36:36.922,50.0,58.6,52.587,0.000,540.0,202.5,12.5,795,
25.4.2026,11:36:37.120,50.0,58.5,52.374,0.000,540.0,202.5,12.5,795,
25.4.2026,11:36:37.327,50.0,58.7,52.559,0.000,525.0,202.5,12.5,795,
25.4.2026,11:36:37.534,50.0,58.6,52.283,0.000,525.0,202.5,12.5,795,
25.4.2026,11:36:37.731,50.0,58.6,52.368,0.000,525.0,202.5,12.5,795,
25.4.2026,11:36:37.932,50.0,58.5,52.307,0.000,510.0,202.5,12.5,795,
25.4.2026,11:36:38.141,50.0,58.5,52.273,0.000,510.0,202.5,12.5,795,
25.4.2026,11:36:38.342,50.1,58.6,52.549,0.000,510.0,202.5,12.5,795,
25.4.2026,11:36:38.542,50.0,58.5,52.321,0.000,510.0,202.5,12.5,795,
25.4.2026,11:36:38.757,50.0,58.5,52.874,0.000,495.0,202.5,12.5,795,
25.4.2026,11:36:38.949,50.1,58.6,53.128,0.000,495.0,202.5,12.5,795,
25.4.2026,11:36:39.154,50.0,58.6,53.169,0.000,495.0,202.5,12.5,795,
25.4.2026,11:36:39.362,50.0,58.7,52.753,0.000,495.0,202.5,12.5,795,
25.4.2026,11:36:39.562,50.0,58.6,53.236,0.000,480.0,202.5,12.5,795,
25.4.2026,11:36:39.764,50.0,58.6,53.095,0.000,480.0,202.5,12.5,795,
25.4.2026,11:36:39.965,50.0,58.5,52.932,0.000,480.0,202.5,12.5,795,
25.4.2026,11:36:40.170,50.1,58.7,53.215,0.000,480.0,202.5,12.5,795,
25.4.2026,11:36:40.372,50.0,58.6,52.401,0.000,480.0,202.5,12.5,795,
25.4.2026,11:36:40.579,50.0,58.6,52.368,0.000,480.0,202.5,12.5,795,
25.4.2026,11:36:40.778,50.0,58.6,52.303,0.000,465.0,202.5,12.5,795,
25.4.2026,11:36:40.988,50.0,58.7,52.314,0.000,465.0,202.5,12.5,795,
25.4.2026,11:36:41.183,50.0,58.7,52.311,0.000,465.0,202.5,12.5,795,
25.4.2026,11:36:41.391,50.0,58.6,52.323,0.000,465.0,202.5,12.5,795,
25.4.2026,11:36:41.592,50.1,58.5,52.377,0.000,480.0,202.5,12.5,795,
25.4.2026,11:36:41.800,50.1,58.6,52.229,0.000,480.0,202.5,12.5,795,
25.4.2026,11:36:42.001,50.1,58.7,52.357,0.000,495.0,202.5,12.5,795,
25.4.2026,11:36:42.201,50.1,58.7,52.559,0.000,540.0,202.5,12.5,795,
25.4.2026,11:36:42.408,50.1,58.8,52.566,0.000,555.0,202.5,12.5,795,
25.4.2026,11:36:42.607,50.1,58.8,52.621,0.000,555.0,202.5,12.5,795,
25.4.2026,11:36:42.810,50.1,58.6,52.666,0.000,555.0,202.5,12.5,795,
25.4.2026,11:36:43.010,50.1,58.7,52.602,0.000,555.0,202.5,12.5,795,
25.4.2026,11:36:43.218,50.1,58.7,52.636,0.000,570.0,202.5,12.5,795,
25.4.2026,11:36:43.423,50.1,58.7,52.669,0.000,600.0,202.5,12.5,795,
25.4.2026,11:36:43.622,50.1,58.6,52.768,0.000,600.0,202.5,12.5,795,
25.4.2026,11:36:43.826,50.1,58.8,52.621,0.000,600.0,202.5,12.5,795,
25.4.2026,11:36:44.032,50.1,58.6,52.314,0.000,600.0,202.5,12.5,795,
25.4.2026,11:36:44.233,50.1,58.7,52.596,0.000,600.0,202.5,12.5,795,
25.4.2026,11:36:44.439,50.1,58.8,52.463,0.000,600.0,202.5,12.5,795,
25.4.2026,11:36:44.644,50.2,58.7,52.332,0.000,600.0,202.5,12.5,795,
25.4.2026,11:36:44.840,50.1,58.8,52.490,0.000,600.0,202.5,12.5,795,
25.4.2026,11:36:45.044,50.2,58.8,52.767,0.000,600.0,202.5,12.5,795,
25.4.2026,11:36:45.246,50.1,58.7,52.517,0.000,600.0,202.5,12.5,795,
25.4.2026,11:36:45.453,50.2,58.8,53.003,0.000,600.0,202.5,12.5,795,
25.4.2026,11:36:45.653,50.2,58.8,52.566,0.000,600.0,202.5,12.5,795,
25.4.2026,11:36:45.860,50.1,58.8,52.514,0.000,585.0,202.5,12.5,795,
25.4.2026,11:36:46.060,50.1,58.8,52.663,0.000,570.0,202.5,12.5,795,
25.4.2026,11:36:46.266,50.1,58.8,52.423,0.000,570.0,202.5,12.5,795,
25.4.2026,11:36:46.467,50.1,58.7,52.326,0.000,555.0,202.5,12.5,795,
25.4.2026,11:36:46.670,50.2,58.8,52.506,0.000,555.0,202.5,12.5,795,
25.4.2026,11:36:46.873,50.1,58.8,52.498,0.000,540.0,202.5,12.5,795,
25.4.2026,11:36:47.076,50.1,58.8,52.502,0.000,540.0,202.5,12.5,795,
25.4.2026,11:36:47.279,50.1,58.8,52.450,0.000,540.0,202.5,12.5,795,
25.4.2026,11:36:47.483,50.1,58.8,52.348,0.000,540.0,202.5,12.5,795,
25.4.2026,11:36:47.685,50.1,58.8,52.348,0.000,540.0,202.5,12.5,795,
25.4.2026,11:36:47.890,50.2,58.8,52.252,0.000,540.0,202.5,12.5,795,
25.4.2026,11:36:48.092,50.2,58.8,52.382,0.000,555.0,202.5,12.5,795,
25.4.2026,11:36:48.296,50.1,58.8,52.568,0.000,555.0,202.5,12.5,795,
25.4.2026,11:36:48.502,50.2,58.8,52.414,0.000,555.0,202.5,12.5,795,
25.4.2026,11:36:48.703,50.1,58.8,52.406,0.000,555.0,202.5,12.5,795,
25.4.2026,11:36:48.904,50.2,58.7,52.293,0.000,555.0,202.5,12.5,795,
25.4.2026,11:36:49.113,50.2,58.9,52.364,0.000,555.0,202.5,12.5,795,
25.4.2026,11:36:49.314,50.2,58.8,52.583,0.000,555.0,202.5,12.5,795,
25.4.2026,11:36:49.513,50.2,58.8,52.644,0.000,555.0,202.5,12.5,795,
25.4.2026,11:36:49.715,50.2,58.8,52.497,0.000,555.0,202.5,12.5,795,
25.4.2026,11:36:49.921,50.2,58.8,52.229,0.000,540.0,202.5,12.5,795,
25.4.2026,11:36:50.120,50.2,58.8,52.281,0.000,540.0,202.5,12.5,795,
25.4.2026,11:36:50.328,50.2,58.7,52.356,0.000,525.0,202.5,12.5,795,
25.4.2026,11:36:50.531,50.1,58.7,52.545,0.000,525.0,202.5,12.5,795,
25.4.2026,11:36:50.735,50.2,58.7,52.272,0.000,525.0,202.5,12.5,795,
25.4.2026,11:36:50.935,50.2,58.8,52.667,0.000,540.0,202.5,12.5,795,
25.4.2026,11:36:51.148,50.2,58.9,52.992,0.000,540.0,202.5,12.5,795,
25.4.2026,11:36:51.342,50.2,58.8,53.110,0.000,540.0,202.5,12.5,795,
25.4.2026,11:36:51.542,50.2,58.8,52.310,0.000,540.0,202.5,12.5,795,
25.4.2026,11:36:51.757,50.2,58.8,52.788,0.000,540.0,202.5,12.5,795,
25.4.2026,11:36:51.962,50.2,58.8,52.547,0.000,540.0,202.5,12.5,795,
25.4.2026,11:36:52.156,50.2,58.8,52.298,0.000,540.0,202.5,12.5,795,
25.4.2026,11:36:52.356,50.2,58.9,52.524,0.000,570.0,202.5,12.5,795,
25.4.2026,11:36:52.563,50.2,58.8,53.047,0.000,570.0,202.5,12.5,795,
25.4.2026,11:36:52.765,50.2,58.9,52.503,0.000,570.0,202.5,12.5,795,
25.4.2026,11:36:52.967,50.2,58.8,52.713,0.000,570.0,202.5,12.5,795,
25.4.2026,11:36:53.169,50.2,58.8,52.483,0.000,570.0,202.5,12.5,795,
25.4.2026,11:36:53.373,50.2,58.7,52.297,0.000,570.0,202.5,12.5,795,
25.4.2026,11:36:53.577,50.2,58.9,52.322,0.000,570.0,202.5,12.5,795,
25.4.2026,11:36:53.781,50.3,58.9,52.360,0.000,570.0,202.5,12.5,795,
25.4.2026,11:36:53.987,50.3,59.0,52.572,0.000,570.0,202.5,12.5,795,
25.4.2026,11:36:54.189,50.2,58.8,52.560,0.000,555.0,202.5,12.5,795,
25.4.2026,11:36:54.391,50.3,58.8,52.560,0.000,555.0,202.5,12.5,795,
25.4.2026,11:36:54.603,50.3,58.9,52.906,0.000,555.0,202.5,12.5,795,
25.4.2026,11:36:54.795,50.2,58.8,52.273,0.000,555.0,202.5,12.5,795,
25.4.2026,11:36:55.000,50.2,58.8,52.423,0.000,555.0,202.5,12.5,795,
25.4.2026,11:36:55.202,50.3,58.8,52.668,0.000,540.0,202.5,12.5,795,
25.4.2026,11:36:55.412,50.3,58.9,52.524,0.000,540.0,202.5,12.5,795,
25.4.2026,11:36:55.611,50.3,58.9,52.949,0.000,540.0,202.5,12.5,795,
25.4.2026,11:36:55.810,50.2,58.8,52.406,0.000,540.0,202.5,12.5,795,
25.4.2026,11:36:56.014,50.3,58.8,52.870,0.000,540.0,202.5,12.5,795,
25.4.2026,11:36:56.217,50.3,58.9,52.716,0.000,525.0,202.5,12.5,795,
25.4.2026,11:36:56.424,50.2,58.9,52.447,0.000,525.0,202.5,12.5,795,
25.4.2026,11:36:56.625,50.2,58.8,52.560,0.000,510.0,202.5,12.5,795,
25.4.2026,11:36:56.835,50.2,59.0,52.238,0.000,510.0,202.5,12.5,795,
25.4.2026,11:36:57.034,50.2,59.0,52.522,0.000,510.0,202.5,12.5,795,
25.4.2026,11:36:57.232,50.2,58.9,52.409,0.000,495.0,202.5,12.5,795,
25.4.2026,11:36:57.438,50.2,58.8,52.685,0.000,495.0,202.5,12.5,795,
25.4.2026,11:36:57.640,50.3,58.9,52.526,0.000,480.0,202.5,12.5,795,
25.4.2026,11:36:57.843,50.3,59.0,52.557,0.000,510.0,202.5,12.5,795,
25.4.2026,11:36:58.053,50.3,58.9,52.733,0.000,510.0,202.5,12.5,795,
25.4.2026,11:36:58.249,50.3,58.9,52.326,0.000,510.0,202.5,12.5,795,
25.4.2026,11:36:58.452,50.2,58.8,52.394,0.000,510.0,202.5,12.5,795,
25.4.2026,11:36:58.659,50.2,58.8,52.394,0.000,510.0,202.5,12.5,795,
25.4.2026,11:36:58.856,50.3,59.0,52.601,0.000,510.0,202.5,12.5,795,
25.4.2026,11:36:59.064,50.3,59.0,52.427,0.000,510.0,202.5,12.5,795,
25.4.2026,11:36:59.265,50.3,58.9,52.402,0.000,510.0,202.5,12.5,795,
25.4.2026,11:36:59.468,50.3,58.9,52.324,0.000,510.0,202.5,12.5,795,
25.4.2026,11:36:59.670,50.3,58.9,52.634,0.000,510.0,202.5,12.5,795,
25.4.2026,11:36:59.878,50.3,58.9,52.514,0.000,495.0,202.5,12.5,795,
25.4.2026,11:37:0.076,50.3,58.9,52.425,0.000,495.0,202.5,12.5,795,
25.4.2026,11:37:0.284,50.3,59.0,52.583,0.000,495.0,202.5,12.5,795,
25.4.2026,11:37:0.481,50.3,58.8,52.407,0.000,495.0,202.5,12.5,795,
25.4.2026,11:37:0.686,50.3,58.9,52.331,0.000,495.0,202.5,12.5,795,
25.4.2026,11:37:0.894,50.3,58.9,52.537,0.000,480.0,202.5,12.5,795,
25.4.2026,11:37:1.090,50.3,58.9,52.503,0.000,495.0,202.5,12.5,795,
25.4.2026,11:37:1.297,50.3,58.9,52.541,0.000,525.0,202.5,12.5,795,
25.4.2026,11:37:1.499,50.3,58.8,52.608,0.000,525.0,202.5,12.5,795,
25.4.2026,11:37:1.700,50.3,59.0,52.640,0.000,540.0,202.5,12.5,795,
25.4.2026,11:37:1.907,50.3,58.9,52.391,0.000,540.0,202.5,12.5,795,
25.4.2026,11:37:2.106,50.3,59.0,52.402,0.000,540.0,202.5,12.5,795,
25.4.2026,11:37:2.309,50.3,59.0,52.563,0.000,540.0,202.5,12.5,795,
25.4.2026,11:37:2.516,50.3,59.0,52.560,0.000,540.0,202.5,12.5,795,
25.4.2026,11:37:2.717,50.3,58.9,52.662,0.000,540.0,202.5,12.5,795,
25.4.2026,11:37:2.923,50.3,59.1,52.344,0.000,540.0,202.5,12.5,795,
25.4.2026,11:37:3.125,50.3,59.1,52.612,0.000,540.0,202.5,12.5,795,
25.4.2026,11:37:3.329,50.3,59.0,52.583,0.000,540.0,202.5,12.5,795,
25.4.2026,11:37:3.532,50.3,58.9,52.456,0.000,540.0,202.5,12.5,795,
25.4.2026,11:37:3.731,50.4,58.9,52.760,0.000,540.0,202.5,12.5,795,
25.4.2026,11:37:3.936,50.4,59.1,52.847,0.000,570.0,202.5,12.5,795,
25.4.2026,11:37:4.138,50.3,58.9,53.259,0.000,570.0,202.5,12.5,795,
25.4.2026,11:37:4.344,50.3,58.9,53.108,0.000,570.0,202.5,12.5,795,
25.4.2026,11:37:4.550,50.4,58.9,53.312,0.000,570.0,202.5,12.5,795,
25.4.2026,11:37:4.747,50.3,59.0,53.153,0.000,570.0,202.5,12.5,795,
25.4.2026,11:37:4.953,50.4,59.0,52.696,0.000,570.0,202.5,12.5,795,
25.4.2026,11:37:5.154,50.4,59.0,53.031,0.000,570.0,202.5,12.5,795,
25.4.2026,11:37:5.364,50.4,59.0,52.476,0.000,570.0,202.5,12.5,795,
25.4.2026,11:37:5.562,50.4,59.0,52.576,0.000,570.0,202.5,12.5,795,
25.4.2026,11:37:5.768,50.3,59.0,52.226,0.000,570.0,202.5,12.5,795,
25.4.2026,11:37:5.967,50.4,59.0,52.384,0.000,555.0,202.5,12.5,795,
25.4.2026,11:37:6.168,50.4,59.0,52.926,0.000,555.0,202.5,12.5,795,
25.4.2026,11:37:6.375,50.4,59.0,52.569,0.000,540.0,202.5,12.5,795,
25.4.2026,11:37:6.577,50.4,59.0,52.323,0.000,540.0,202.5,12.5,795,
25.4.2026,11:37:6.787,50.4,59.0,52.359,0.000,540.0,202.5,12.5,795,
25.4.2026,11:37:6.988,50.3,59.1,52.236,0.000,540.0,202.5,12.5,795,
25.4.2026,11:37:7.186,50.4,59.1,52.465,0.000,540.0,202.5,12.5,795,
25.4.2026,11:37:7.390,50.4,59.0,52.565,0.000,540.0,202.5,12.5,795,
25.4.2026,11:37:7.590,50.4,59.0,52.266,0.000,525.0,202.5,12.5,795,
25.4.2026,11:37:7.796,50.4,59.1,52.550,0.000,525.0,202.5,12.5,795,
25.4.2026,11:37:7.996,50.4,58.9,52.490,0.000,525.0,202.5,12.5,795,
25.4.2026,11:37:8.201,50.4,59.0,52.340,0.000,525.0,202.5,12.5,795,
25.4.2026,11:37:8.406,50.4,59.0,52.333,0.000,510.0,202.5,12.5,795,
25.4.2026,11:37:8.611,50.4,59.1,52.382,0.000,510.0,202.5,12.5,795,
25.4.2026,11:37:8.811,50.4,59.0,52.490,0.000,495.0,202.5,12.5,795,
25.4.2026,11:37:9.021,50.4,59.0,52.602,0.000,510.0,202.5,12.5,795,
25.4.2026,11:37:9.218,50.4,59.0,52.652,0.000,510.0,202.5,12.5,795,
25.4.2026,11:37:9.423,50.4,59.0,52.366,0.000,510.0,202.5,12.5,795,
25.4.2026,11:37:9.625,50.4,59.0,52.501,0.000,510.0,202.5,12.5,795,
25.4.2026,11:37:9.828,50.4,59.0,52.352,0.000,510.0,202.5,12.5,795,
25.4.2026,11:37:10.028,50.4,59.0,52.352,0.000,510.0,202.5,12.5,795,
25.4.2026,11:37:10.239,50.4,58.9,52.617,0.000,510.0,202.5,12.5,795,
25.4.2026,11:37:10.435,50.4,59.0,52.734,0.000,510.0,202.5,12.5,795,
25.4.2026,11:37:10.646,50.4,59.0,52.596,0.000,510.0,202.5,12.5,795,
25.4.2026,11:37:10.842,50.4,59.0,52.943,0.000,510.0,202.5,12.5,795,
25.4.2026,11:37:11.047,50.4,59.1,52.271,0.000,480.0,202.5,12.5,795,
25.4.2026,11:37:11.245,50.4,59.0,52.842,0.000,480.0,202.5,12.5,795,
25.4.2026,11:37:11.452,50.4,59.1,52.304,0.000,480.0,202.5,12.5,795,
25.4.2026,11:37:11.657,50.4,58.9,53.058,0.000,480.0,202.5,12.5,795,
25.4.2026,11:37:11.862,50.4,58.9,52.589,0.000,480.0,202.5,12.5,795,
25.4.2026,11:37:12.061,50.4,59.0,52.589,0.000,495.0,202.5,12.5,795,
25.4.2026,11:37:12.270,50.4,59.1,52.433,0.000,495.0,202.5,12.5,795,
25.4.2026,11:37:12.467,50.4,59.1,52.339,0.000,495.0,202.5,12.5,795,
25.4.2026,11:37:12.667,50.4,59.0,52.647,0.000,495.0,202.5,12.5,795,
25.4.2026,11:37:12.879,50.5,59.0,52.297,0.000,495.0,202.5,12.5,795,
25.4.2026,11:37:13.085,50.5,59.2,52.580,0.000,525.0,202.5,12.5,795,
25.4.2026,11:37:13.278,50.5,59.1,52.517,0.000,525.0,202.5,12.5,795,
25.4.2026,11:37:13.480,50.5,59.1,52.229,0.000,525.0,202.5,12.5,795,
25.4.2026,11:37:13.686,50.5,59.1,52.546,0.000,525.0,202.5,12.5,795,
25.4.2026,11:37:13.891,50.4,59.0,52.291,0.000,525.0,202.5,12.5,795,
25.4.2026,11:37:14.093,50.4,59.2,52.312,0.000,525.0,202.5,12.5,795,
25.4.2026,11:37:14.294,50.4,59.0,52.316,0.000,525.0,202.5,12.5,795,
25.4.2026,11:37:14.500,50.4,59.1,52.320,0.000,525.0,202.5,12.5,795,
25.4.2026,11:37:14.702,50.5,59.1,52.966,0.000,510.0,202.5,12.5,795,
25.4.2026,11:37:14.909,50.4,59.0,52.649,0.000,510.0,202.5,12.5,795,
25.4.2026,11:37:15.113,50.5,59.1,52.733,0.000,510.0,202.5,12.5,795,
25.4.2026,11:37:15.314,50.5,59.1,52.586,0.000,510.0,202.5,12.5,795,
25.4.2026,11:37:15.518,50.5,59.1,53.031,0.000,540.0,202.5,12.5,795,
25.4.2026,11:37:15.715,50.5,59.1,52.781,0.000,540.0,202.5,12.5,795,
25.4.2026,11:37:15.924,50.5,59.2,52.879,0.000,540.0,202.5,12.5,795,
25.4.2026,11:37:16.124,50.5,59.2,52.614,0.000,540.0,202.5,12.5,795,
25.4.2026,11:37:16.331,50.5,59.1,52.583,0.000,540.0,202.5,12.5,795,
25.4.2026,11:37:16.531,50.5,59.1,52.338,0.000,540.0,202.5,12.5,795,
25.4.2026,11:37:16.739,50.5,59.2,53.306,0.000,540.0,202.5,12.5,795,
25.4.2026,11:37:16.938,50.5,59.1,53.145,0.000,540.0,202.5,12.5,795,
25.4.2026,11:37:17.142,50.5,59.1,52.963,0.000,540.0,202.5,12.5,795,
25.4.2026,11:37:17.343,50.5,59.1,53.122,0.000,525.0,202.5,12.5,795,
25.4.2026,11:37:17.550,50.5,59.2,52.692,0.000,525.0,202.5,12.5,795,
25.4.2026,11:37:17.751,50.5,59.1,52.402,0.000,525.0,202.5,12.5,795,
25.4.2026,11:37:17.949,50.5,59.1,52.507,0.000,510.0,202.5,12.5,795,
25.4.2026,11:37:18.156,50.5,59.1,52.413,0.000,510.0,202.5,12.5,795,
25.4.2026,11:37:18.360,50.5,59.1,52.361,0.000,510.0,202.5,12.5,795,
25.4.2026,11:37:18.562,50.5,59.2,52.556,0.000,510.0,202.5,12.5,795,
25.4.2026,11:37:18.761,50.5,59.1,52.480,0.000,510.0,202.5,12.5,795,
25.4.2026,11:37:18.969,50.5,59.2,52.550,0.000,540.0,202.5,12.5,795,
25.4.2026,11:37:19.176,50.5,59.2,52.301,0.000,540.0,202.5,12.5,795,
25.4.2026,11:37:19.375,50.5,59.2,52.313,0.000,540.0,202.5,12.5,795,
25.4.2026,11:37:19.575,50.5,59.1,52.301,0.000,540.0,202.5,12.5,795,
25.4.2026,11:37:19.779,50.5,59.1,52.306,0.000,540.0,202.5,12.5,795,
25.4.2026,11:37:19.983,50.5,59.2,52.297,0.000,540.0,202.5,12.5,795,
25.4.2026,11:37:20.187,50.5,59.1,52.655,0.000,540.0,202.5,12.5,795,
25.4.2026,11:37:20.391,50.5,59.2,52.368,0.000,555.0,202.5,12.5,795,
25.4.2026,11:37:20.590,50.5,59.2,52.309,0.000,555.0,202.5,12.5,795,
25.4.2026,11:37:20.797,50.5,59.1,52.594,0.000,555.0,202.5,12.5,795,
25.4.2026,11:37:21.002,50.6,59.1,52.603,0.000,585.0,202.5,12.5,795,
25.4.2026,11:37:21.204,50.5,59.2,52.379,0.000,585.0,202.5,12.5,795,
25.4.2026,11:37:21.411,50.5,59.2,52.379,0.000,585.0,202.5,12.5,795,
25.4.2026,11:37:21.609,50.5,59.1,52.410,0.000,600.0,202.5,12.5,795,
25.4.2026,11:37:21.811,50.6,59.2,52.518,0.000,600.0,202.5,12.5,795,
25.4.2026,11:37:22.017,50.5,59.2,52.482,0.000,600.0,202.5,12.5,795,
25.4.2026,11:37:22.221,50.6,59.2,52.360,0.000,600.0,202.5,12.5,795,
25.4.2026,11:37:22.422,50.6,59.2,52.576,0.000,600.0,202.5,12.5,795,
25.4.2026,11:37:22.624,50.6,59.1,52.661,0.000,600.0,202.5,12.5,795,
25.4.2026,11:37:22.824,50.6,59.2,52.428,0.000,600.0,202.5,12.5,795,
25.4.2026,11:37:23.030,50.6,59.2,52.829,0.000,600.0,202.5,12.5,795,
25.4.2026,11:37:23.234,50.6,59.3,52.483,0.000,600.0,202.5,12.5,795,
25.4.2026,11:37:23.437,50.5,59.3,52.693,0.000,540.0,202.5,12.5,795,
25.4.2026,11:37:23.637,50.5,59.1,52.948,0.000,540.0,202.5,12.5,795,
25.4.2026,11:37:23.852,50.5,59.2,52.850,0.000,525.0,202.5,12.5,795,
25.4.2026,11:37:24.045,50.6,59.2,52.608,0.000,525.0,202.5,12.5,795,
25.4.2026,11:37:24.250,50.5,59.2,52.316,0.000,525.0,202.5,12.5,795,
25.4.2026,11:37:24.449,50.6,59.3,52.314,0.000,510.0,202.5,12.5,795,
25.4.2026,11:37:24.656,50.6,59.2,52.526,0.000,510.0,202.5,12.5,795,
25.4.2026,11:37:24.856,50.6,59.2,52.663,0.000,540.0,202.5,12.5,795,
25.4.2026,11:37:25.062,50.6,59.2,52.306,0.000,555.0,202.5,12.5,795,
25.4.2026,11:37:25.269,50.6,59.3,52.389,0.000,555.0,202.5,12.5,795,
25.4.2026,11:37:25.467,50.6,59.3,52.348,0.000,555.0,202.5,12.5,795,
25.4.2026,11:37:25.676,50.6,59.2,52.325,0.000,555.0,202.5,12.5,795,
25.4.2026,11:37:25.871,50.6,59.3,52.303,0.000,555.0,202.5,12.5,795,
25.4.2026,11:37:26.079,50.6,59.3,52.340,0.000,555.0,202.5,12.5,795,
25.4.2026,11:37:26.283,50.6,59.2,52.376,0.000,555.0,202.5,12.5,795,
25.4.2026,11:37:26.482,50.6,59.2,52.244,0.000,555.0,202.5,12.5,795,
25.4.2026,11:37:26.693,50.6,59.2,52.478,0.000,555.0,202.5,12.5,795,
25.4.2026,11:37:26.895,50.6,59.3,52.531,0.000,555.0,202.5,12.5,795,
25.4.2026,11:37:27.096,50.6,59.3,52.556,0.000,555.0,202.5,12.5,795,
25.4.2026,11:37:27.292,50.6,59.2,52.671,0.000,555.0,202.5,12.5,795,
25.4.2026,11:37:27.513,50.6,59.2,52.879,0.000,555.0,202.5,12.5,795,
25.4.2026,11:37:27.698,50.6,59.2,52.766,0.000,570.0,202.5,12.5,795,
25.4.2026,11:37:27.905,50.6,59.3,52.879,0.000,570.0,202.5,12.5,795,
25.4.2026,11:37:28.106,50.6,59.2,52.850,0.000,570.0,202.5,12.5,795,
25.4.2026,11:37:28.308,50.6,59.3,52.652,0.000,570.0,202.5,12.5,795,
25.4.2026,11:37:28.517,50.6,59.2,52.322,0.000,570.0,202.5,12.5,795,
25.4.2026,11:37:28.718,50.6,59.3,52.339,0.000,570.0,202.5,12.5,795,
25.4.2026,11:37:28.918,50.6,59.2,53.010,0.000,570.0,202.5,12.5,795,
25.4.2026,11:37:29.124,50.6,59.3,52.807,0.000,570.0,202.5,12.5,795,
25.4.2026,11:37:29.332,50.7,59.4,52.386,0.000,570.0,202.5,12.5,795,
25.4.2026,11:37:29.530,50.7,59.3,53.196,0.000,555.0,202.5,12.5,795,
25.4.2026,11:37:29.732,50.6,59.2,53.310,0.000,555.0,202.5,12.5,795,
25.4.2026,11:37:29.935,50.6,59.3,53.022,0.000,555.0,202.5,12.5,795,
25.4.2026,11:37:30.137,50.6,59.4,52.977,0.000,540.0,202.5,12.5,795,
25.4.2026,11:37:30.344,50.6,59.4,53.029,0.000,540.0,202.5,12.5,795,
25.4.2026,11:37:30.543,50.6,59.3,52.323,0.000,540.0,202.5,12.5,795,
25.4.2026,11:37:30.751,50.6,59.3,52.655,0.000,525.0,202.5,12.5,795,
25.4.2026,11:37:30.951,50.6,59.3,52.355,0.000,525.0,202.5,12.5,795,
25.4.2026,11:37:31.170,50.6,59.3,52.449,0.000,510.0,202.5,12.5,795,
25.4.2026,11:37:31.364,50.6,59.3,52.335,0.000,510.0,202.5,12.5,795,
25.4.2026,11:37:31.567,50.6,59.3,52.328,0.000,540.0,202.5,12.5,795,
25.4.2026,11:37:31.763,50.7,59.3,52.394,0.000,540.0,202.5,12.5,795,
25.4.2026,11:37:31.966,50.6,59.2,52.321,0.000,540.0,202.5,12.5,795,
25.4.2026,11:37:32.172,50.7,59.3,52.610,0.000,540.0,202.5,12.5,795,
25.4.2026,11:37:32.374,50.7,59.4,52.604,0.000,540.0,202.5,12.5,795,
25.4.2026,11:37:32.576,50.7,59.3,52.325,0.000,540.0,202.5,12.5,795,
25.4.2026,11:37:32.778,50.7,59.3,52.337,0.000,540.0,202.5,12.5,795,
25.4.2026,11:37:33.001,50.6,59.3,52.349,0.000,540.0,202.5,12.5,795,
25.4.2026,11:37:33.184,50.7,59.3,52.540,0.000,555.0,202.5,12.5,795,
25.4.2026,11:37:33.389,50.7,59.3,52.491,0.000,555.0,202.5,12.5,795,
25.4.2026,11:37:33.592,50.7,59.3,52.409,0.000,555.0,202.5,12.5,795,
25.4.2026,11:37:33.797,50.7,59.3,52.319,0.000,555.0,202.5,12.5,795,
25.4.2026,11:37:34.018,50.7,59.4,52.846,0.000,555.0,202.5,12.5,795,
25.4.2026,11:37:34.209,50.7,59.4,52.629,0.000,555.0,202.5,12.5,795,
25.4.2026,11:37:34.405,50.7,59.4,52.504,0.000,555.0,202.5,12.5,795,
25.4.2026,11:37:34.615,50.7,59.4,52.364,0.000,555.0,202.5,12.5,795,
25.4.2026,11:37:34.820,50.7,59.4,52.645,0.000,555.0,202.5,12.5,795,
25.4.2026,11:37:35.011,50.7,59.3,52.588,0.000,570.0,202.5,12.5,795,
25.4.2026,11:37:35.216,50.7,59.4,52.545,0.000,570.0,202.5,12.5,795,
25.4.2026,11:37:35.424,50.7,59.4,52.492,0.000,570.0,202.5,12.5,795,
25.4.2026,11:37:35.623,50.7,59.3,52.583,0.000,570.0,202.5,12.5,795,
25.4.2026,11:37:35.823,50.7,59.4,52.645,0.000,570.0,202.5,12.5,795,
25.4.2026,11:37:36.029,50.7,59.3,52.465,0.000,570.0,202.5,12.5,795,
25.4.2026,11:37:36.233,50.7,59.4,52.531,0.000,570.0,202.5,12.5,795,
25.4.2026,11:37:36.436,50.7,59.4,52.694,0.000,570.0,202.5,12.5,795,
25.4.2026,11:37:36.647,50.7,59.4,52.714,0.000,570.0,202.5,12.5,795,
25.4.2026,11:37:36.842,50.7,59.4,52.714,0.000,570.0,202.5,12.5,795,
25.4.2026,11:37:37.045,50.6,59.5,52.421,0.000,495.0,202.5,12.5,795,
25.4.2026,11:37:37.248,50.7,59.4,52.250,0.000,495.0,202.5,12.5,795,
25.4.2026,11:37:37.454,50.7,59.4,52.325,0.000,480.0,202.5,12.5,795,
25.4.2026,11:37:37.657,50.6,59.4,52.466,0.000,480.0,202.5,12.5,795,
25.4.2026,11:37:37.856,50.7,59.5,52.613,0.000,480.0,202.5,12.5,795,
25.4.2026,11:37:38.062,50.7,59.6,52.322,0.000,465.0,202.5,12.5,795,
25.4.2026,11:37:38.262,50.7,59.4,52.521,0.000,465.0,202.5,12.5,795,
25.4.2026,11:37:38.466,50.7,59.4,52.429,0.000,465.0,202.5,12.5,795,
25.4.2026,11:37:38.670,50.7,59.4,52.455,0.000,465.0,202.5,12.5,795,
25.4.2026,11:37:38.870,50.7,59.4,52.337,0.000,450.0,202.5,12.5,795,
25.4.2026,11:37:39.079,50.7,59.5,52.252,0.000,450.0,202.5,12.5,795,
25.4.2026,11:37:39.281,50.7,59.5,52.624,0.000,450.0,202.5,12.5,795,
25.4.2026,11:37:39.480,50.8,59.4,52.279,0.000,480.0,202.5,12.5,795,
25.4.2026,11:37:39.687,50.7,59.4,52.251,0.000,480.0,202.5,12.5,795,
25.4.2026,11:37:39.891,50.8,59.5,52.367,0.000,480.0,202.5,12.5,795,
25.4.2026,11:37:40.097,50.7,59.5,52.298,0.000,495.0,202.5,12.5,795,
25.4.2026,11:37:40.302,50.7,59.5,52.321,0.000,495.0,202.5,12.5,795,
25.4.2026,11:37:40.497,50.7,59.5,52.395,0.000,495.0,202.5,12.5,795,
25.4.2026,11:37:40.702,50.7,59.5,52.893,0.000,495.0,202.5,12.5,795,
25.4.2026,11:37:40.901,50.8,59.5,52.651,0.000,510.0,202.5,12.5,795,
25.4.2026,11:37:41.105,50.7,59.4,52.725,0.000,510.0,202.5,12.5,795,
25.4.2026,11:37:41.308,50.7,59.5,53.102,0.000,510.0,202.5,12.5,795,
25.4.2026,11:37:41.513,50.7,59.5,52.735,0.000,510.0,202.5,12.5,795,
25.4.2026,11:37:41.719,50.7,59.4,52.766,0.000,510.0,202.5,12.5,795,
25.4.2026,11:37:41.920,50.8,59.5,52.624,0.000,510.0,202.5,12.5,795,
25.4.2026,11:37:42.120,50.7,59.5,52.621,0.000,510.0,202.5,12.5,795,
25.4.2026,11:37:42.323,50.7,59.5,52.975,0.000,510.0,202.5,12.5,795,
25.4.2026,11:37:42.527,50.7,59.5,52.967,0.000,510.0,202.5,12.5,795,
25.4.2026,11:37:42.730,50.7,59.4,52.973,0.000,465.0,202.5,12.5,795,
25.4.2026,11:37:42.941,50.8,59.5,53.367,0.000,480.0,202.5,12.5,795,
25.4.2026,11:37:43.135,50.7,59.4,52.535,0.000,495.0,202.5,12.5,795,
25.4.2026,11:37:43.340,50.7,59.4,53.174,0.000,510.0,202.5,12.5,795,
25.4.2026,11:37:43.545,50.8,59.5,52.994,0.000,510.0,202.5,12.5,795,
25.4.2026,11:37:43.747,50.8,59.6,52.632,0.000,510.0,202.5,12.5,795,
25.4.2026,11:37:43.953,50.8,59.5,52.621,0.000,510.0,202.5,12.5,795,
25.4.2026,11:37:44.152,50.8,59.6,52.587,0.000,510.0,202.5,12.5,795,
25.4.2026,11:37:44.358,50.8,59.4,52.362,0.000,525.0,202.5,12.5,795,
25.4.2026,11:37:44.559,50.8,59.4,52.387,0.000,525.0,202.5,12.5,795,
25.4.2026,11:37:44.764,50.8,59.5,52.466,0.000,525.0,202.5,12.5,795,
25.4.2026,11:37:44.969,50.8,59.5,52.591,0.000,525.0,202.5,12.5,795,
25.4.2026,11:37:45.169,50.8,59.5,52.382,0.000,525.0,202.5,12.5,795,
25.4.2026,11:37:45.373,50.8,59.5,52.479,0.000,525.0,202.5,12.5,795,
25.4.2026,11:37:45.578,50.8,59.4,52.529,0.000,525.0,202.5,12.5,795,
25.4.2026,11:37:45.778,50.8,59.5,52.336,0.000,525.0,202.5,12.5,795,
25.4.2026,11:37:45.983,50.8,59.6,52.330,0.000,525.0,202.5,12.5,795,
25.4.2026,11:37:46.189,50.8,59.4,52.624,0.000,525.0,202.5,12.5,795,
25.4.2026,11:37:46.388,50.8,59.4,52.639,0.000,525.0,202.5,12.5,795,
25.4.2026,11:37:46.593,50.8,59.6,52.240,0.000,525.0,202.5,12.5,795,
25.4.2026,11:37:46.795,50.8,59.5,52.706,0.000,510.0,202.5,12.5,795,
25.4.2026,11:37:47.001,50.8,59.6,52.324,0.000,510.0,202.5,12.5,795,
25.4.2026,11:37:47.200,50.8,59.4,52.372,0.000,510.0,202.5,12.5,795,
25.4.2026,11:37:47.402,50.8,59.5,52.309,0.000,510.0,202.5,12.5,795,
25.4.2026,11:37:47.605,50.8,59.5,52.331,0.000,495.0,202.5,12.5,795,
25.4.2026,11:37:47.811,50.7,59.6,52.421,0.000,495.0,202.5,12.5,795,
25.4.2026,11:37:48.018,50.8,59.5,52.317,0.000,480.0,202.5,12.5,795,
25.4.2026,11:37:48.218,50.8,59.4,52.738,0.000,480.0,202.5,12.5,795,
25.4.2026,11:37:48.426,50.8,59.6,52.591,0.000,480.0,202.5,12.5,795,
25.4.2026,11:37:48.625,50.8,59.5,52.904,0.000,495.0,202.5,12.5,795,
25.4.2026,11:37:48.827,50.8,59.4,52.565,0.000,495.0,202.5,12.5,795,
25.4.2026,11:37:49.028,50.8,59.4,52.565,0.000,495.0,202.5,12.5,795,
25.4.2026,11:37:49.231,50.8,59.4,52.329,0.000,555.0,202.5,12.5,795,
25.4.2026,11:37:49.434,50.8,59.5,52.863,0.000,555.0,202.5,12.5,795,
25.4.2026,11:37:49.639,50.8,59.4,52.294,0.000,555.0,202.5,12.5,795,
25.4.2026,11:37:49.842,50.8,59.5,52.716,0.000,555.0,202.5,12.5,795,
25.4.2026,11:37:50.043,50.8,59.6,52.485,0.000,555.0,202.5,12.5,795,
25.4.2026,11:37:50.247,50.8,59.6,52.336,0.000,555.0,202.5,12.5,795,
25.4.2026,11:37:50.449,50.8,59.6,52.609,0.000,555.0,202.5,12.5,795,
25.4.2026,11:37:50.655,50.8,59.6,52.509,0.000,555.0,202.5,12.5,795,
25.4.2026,11:37:50.859,50.8,59.6,52.414,0.000,555.0,202.5,12.5,795,
25.4.2026,11:37:51.059,50.8,59.5,52.605,0.000,540.0,202.5,12.5,795,
25.4.2026,11:37:51.262,50.8,59.6,52.268,0.000,540.0,202.5,12.5,795,
25.4.2026,11:37:51.465,50.8,59.5,52.300,0.000,540.0,202.5,12.5,795,
25.4.2026,11:37:51.667,50.8,59.5,52.595,0.000,540.0,202.5,12.5,795,
25.4.2026,11:37:51.872,50.8,59.5,52.523,0.000,525.0,202.5,12.5,795,
25.4.2026,11:37:52.080,50.9,59.5,52.361,0.000,555.0,202.5,12.5,795,
25.4.2026,11:37:52.277,50.9,59.5,52.615,0.000,555.0,202.5,12.5,795,
25.4.2026,11:37:52.480,50.8,59.5,52.596,0.000,555.0,202.5,12.5,795,
25.4.2026,11:37:52.683,50.8,59.4,52.400,0.000,555.0,202.5,12.5,795,
25.4.2026,11:37:52.893,50.8,59.4,52.356,0.000,555.0,202.5,12.5,795,
25.4.2026,11:37:53.098,50.8,59.6,52.371,0.000,570.0,202.5,12.5,795,
25.4.2026,11:37:53.298,50.8,59.5,52.322,0.000,570.0,202.5,12.5,795,
25.4.2026,11:37:53.499,50.8,59.5,52.669,0.000,570.0,202.5,12.5,795,
25.4.2026,11:37:53.704,50.8,59.6,52.620,0.000,570.0,202.5,12.5,795,
25.4.2026,11:37:53.906,50.8,59.5,52.621,0.000,570.0,202.5,12.5,795,
25.4.2026,11:37:54.107,50.9,59.4,52.916,0.000,570.0,202.5,12.5,795,
25.4.2026,11:37:54.313,50.8,59.6,52.891,0.000,570.0,202.5,12.5,795,
25.4.2026,11:37:54.515,50.9,59.5,53.024,0.000,570.0,202.5,12.5,795,
25.4.2026,11:37:54.717,50.8,59.5,52.478,0.000,555.0,202.5,12.5,795,
25.4.2026,11:37:54.919,50.9,59.5,53.186,0.000,555.0,202.5,12.5,795,
25.4.2026,11:37:55.122,50.9,59.6,52.861,0.000,555.0,202.5,12.5,795,
25.4.2026,11:37:55.325,50.9,59.5,52.994,0.000,540.0,202.5,12.5,795,
25.4.2026,11:37:55.533,50.9,59.5,53.204,0.000,540.0,202.5,12.5,795,
25.4.2026,11:37:55.739,50.8,59.6,52.418,0.000,540.0,202.5,12.5,795,
25.4.2026,11:37:55.941,50.9,59.6,52.561,0.000,540.0,202.5,12.5,795,
25.4.2026,11:37:56.143,50.9,59.6,52.380,0.000,555.0,202.5,12.5,795,
25.4.2026,11:37:56.356,50.9,59.6,52.599,0.000,570.0,202.5,12.5,795,
25.4.2026,11:37:56.561,50.9,59.6,52.562,0.000,570.0,202.5,12.5,795,
25.4.2026,11:37:56.750,50.9,59.7,52.610,0.000,570.0,202.5,12.5,795,
25.4.2026,11:37:56.952,50.9,59.7,52.613,0.000,570.0,202.5,12.5,795,
25.4.2026,11:37:57.156,50.9,59.6,52.352,0.000,570.0,202.5,12.5,795,
25.4.2026,11:37:57.355,50.9,59.5,52.394,0.000,570.0,202.5,12.5,795,
25.4.2026,11:37:57.558,50.9,59.6,52.607,0.000,570.0,202.5,12.5,795,
25.4.2026,11:37:57.779,50.9,59.6,52.276,0.000,570.0,202.5,12.5,795,
25.4.2026,11:37:57.971,50.9,59.6,52.598,0.000,570.0,202.5,12.5,795,
25.4.2026,11:37:58.181,50.9,59.7,52.634,0.000,585.0,202.5,12.5,795,
25.4.2026,11:37:58.374,50.9,59.7,52.465,0.000,585.0,202.5,12.5,795,
25.4.2026,11:37:58.581,50.9,59.6,52.676,0.000,585.0,202.5,12.5,795,
25.4.2026,11:37:58.780,50.9,59.6,52.333,0.000,585.0,202.5,12.5,795,
25.4.2026,11:37:58.993,50.9,59.7,52.675,0.000,585.0,202.5,12.5,795,
25.4.2026,11:37:59.188,50.9,59.7,52.315,0.000,585.0,202.5,12.5,795,
25.4.2026,11:37:59.390,50.9,59.6,52.367,0.000,585.0,202.5,12.5,795,
25.4.2026,11:37:59.599,50.9,59.6,52.389,0.000,585.0,202.5,12.5,795,
25.4.2026,11:37:59.803,50.9,59.7,52.596,0.000,555.0,202.5,12.5,795,
25.4.2026,11:38:0.012,50.9,59.5,52.464,0.000,555.0,202.5,12.5,795,
25.4.2026,11:38:0.207,51.0,59.7,52.977,0.000,555.0,202.5,12.5,795,
25.4.2026,11:38:0.410,50.9,59.5,52.415,0.000,540.0,202.5,12.5,795,
25.4.2026,11:38:0.612,50.9,59.6,52.361,0.000,540.0,202.5,12.5,795,
25.4.2026,11:38:0.820,50.9,59.7,52.361,0.000,540.0,202.5,12.5,795,
25.4.2026,11:38:1.014,50.9,59.7,52.895,0.000,540.0,202.5,12.5,795,
25.4.2026,11:38:1.228,50.9,59.7,52.631,0.000,570.0,202.5,12.5,795,
25.4.2026,11:38:1.419,50.9,59.7,52.995,0.000,570.0,202.5,12.5,795,
25.4.2026,11:38:1.632,51.0,59.7,52.623,0.000,570.0,202.5,12.5,795,
25.4.2026,11:38:1.835,50.9,59.7,52.866,0.000,570.0,202.5,12.5,795,
25.4.2026,11:38:2.039,50.9,59.7,52.608,0.000,570.0,202.5,12.5,795,
25.4.2026,11:38:2.244,51.0,59.6,52.641,0.000,570.0,202.5,12.5,795,
25.4.2026,11:38:2.434,50.9,59.7,52.398,0.000,570.0,202.5,12.5,795,
25.4.2026,11:38:2.639,50.9,59.6,52.398,0.000,570.0,202.5,12.5,795,
25.4.2026,11:38:2.840,51.0,59.5,52.573,0.000,570.0,202.5,12.5,795,
25.4.2026,11:38:3.052,51.0,59.7,52.373,0.000,585.0,202.5,12.5,795,
25.4.2026,11:38:3.247,51.0,59.6,52.398,0.000,585.0,202.5,12.5,795,
25.4.2026,11:38:3.459,51.0,59.7,52.385,0.000,585.0,202.5,12.5,795,
25.4.2026,11:38:3.655,50.9,59.7,52.567,0.000,585.0,202.5,12.5,795,
25.4.2026,11:38:3.861,51.0,59.7,52.590,0.000,585.0,202.5,12.5,795,
25.4.2026,11:38:4.061,51.0,59.7,52.385,0.000,585.0,202.5,12.5,795,
25.4.2026,11:38:4.264,51.0,59.7,52.337,0.000,585.0,202.5,12.5,795,
25.4.2026,11:38:4.467,51.0,59.8,52.365,0.000,585.0,202.5,12.5,795,
25.4.2026,11:38:4.673,51.0,59.7,52.331,0.000,585.0,202.5,12.5,795,
25.4.2026,11:38:4.871,51.0,59.7,52.643,0.000,525.0,202.5,12.5,795,
25.4.2026,11:38:5.084,51.0,59.6,52.372,0.000,525.0,202.5,12.5,795,
25.4.2026,11:38:5.278,51.0,59.7,52.608,0.000,525.0,202.5,12.5,795,
25.4.2026,11:38:5.480,51.0,59.7,52.394,0.000,525.0,202.5,12.5,795,
25.4.2026,11:38:5.686,51.0,59.7,52.255,0.000,510.0,202.5,12.5,795,
25.4.2026,11:38:5.892,51.0,59.7,52.646,0.000,510.0,202.5,12.5,795,
25.4.2026,11:38:6.089,51.0,59.8,52.948,0.000,510.0,202.5,12.5,795,
25.4.2026,11:38:6.294,51.0,59.7,52.390,0.000,495.0,202.5,12.5,795,
25.4.2026,11:38:6.495,51.0,59.7,52.831,0.000,510.0,202.5,12.5,795,
25.4.2026,11:38:6.698,51.0,59.7,52.355,0.000,510.0,202.5,12.5,795,
25.4.2026,11:38:6.921,51.0,59.6,52.633,0.000,510.0,202.5,12.5,795,
25.4.2026,11:38:7.107,51.0,59.7,53.049,0.000,510.0,202.5,12.5,795,
25.4.2026,11:38:7.316,51.0,59.8,52.620,0.000,510.0,202.5,12.5,795,
25.4.2026,11:38:7.512,51.0,59.8,53.374,0.000,510.0,202.5,12.5,795,
25.4.2026,11:38:7.723,51.0,59.8,53.211,0.000,510.0,202.5,12.5,795,
25.4.2026,11:38:7.920,51.0,59.8,53.268,0.000,510.0,202.5,12.5,795,
25.4.2026,11:38:8.124,51.0,59.8,53.168,0.000,510.0,202.5,12.5,795,
25.4.2026,11:38:8.324,51.0,59.8,53.019,0.000,495.0,202.5,12.5,795,
25.4.2026,11:38:8.535,51.0,59.7,53.196,0.000,495.0,202.5,12.5,795,
25.4.2026,11:38:8.730,51.0,59.7,52.575,0.000,495.0,202.5,12.5,795,
25.4.2026,11:38:8.935,51.0,59.7,52.669,0.000,495.0,202.5,12.5,795,
25.4.2026,11:38:9.143,51.0,59.7,53.033,0.000,510.0,202.5,12.5,795,
25.4.2026,11:38:9.344,51.0,59.6,52.371,0.000,510.0,202.5,12.5,795,
25.4.2026,11:38:9.544,51.0,59.7,52.578,0.000,510.0,202.5,12.5,795,
25.4.2026,11:38:9.745,51.0,59.7,52.369,0.000,510.0,202.5,12.5,795,
25.4.2026,11:38:9.958,51.0,59.7,52.367,0.000,510.0,202.5,12.5,795,
25.4.2026,11:38:10.156,51.0,59.8,52.341,0.000,510.0,202.5,12.5,795,
25.4.2026,11:38:10.359,51.0,59.8,52.343,0.000,510.0,202.5,12.5,795,
25.4.2026,11:38:10.560,51.0,59.7,52.233,0.000,510.0,202.5,12.5,795,
25.4.2026,11:38:10.763,51.0,59.8,52.596,0.000,510.0,202.5,12.5,795,
25.4.2026,11:38:10.968,51.0,59.8,52.614,0.000,465.0,202.5,12.5,795,
25.4.2026,11:38:11.170,51.0,59.7,52.350,0.000,465.0,202.5,12.5,795,
25.4.2026,11:38:11.373,51.0,59.8,52.325,0.000,465.0,202.5,12.5,795,
25.4.2026,11:38:11.575,51.0,59.7,52.724,0.000,465.0,202.5,12.5,795,
25.4.2026,11:38:11.778,51.0,59.7,52.471,0.000,450.0,202.5,12.5,795,
25.4.2026,11:38:11.982,51.0,59.8,52.475,0.000,450.0,202.5,12.5,795,
25.4.2026,11:38:12.189,51.0,59.7,52.846,0.000,450.0,202.5,12.5,795,
25.4.2026,11:38:12.392,51.0,59.8,52.547,0.000,465.0,202.5,12.5,795,
25.4.2026,11:38:12.594,51.0,59.8,52.640,0.000,465.0,202.5,12.5,795,
25.4.2026,11:38:12.794,51.0,59.8,52.375,0.000,480.0,202.5,12.5,795,
25.4.2026,11:38:12.998,51.0,59.7,52.659,0.000,480.0,202.5,12.5,795,
25.4.2026,11:38:13.200,51.0,59.8,52.598,0.000,495.0,202.5,12.5,795,
25.4.2026,11:38:13.411,51.0,59.8,52.769,0.000,495.0,202.5,12.5,795,
25.4.2026,11:38:13.612,51.0,59.8,52.558,0.000,495.0,202.5,12.5,795,
25.4.2026,11:38:13.814,51.0,59.8,52.320,0.000,495.0,202.5,12.5,795,
25.4.2026,11:38:14.019,51.0,59.7,52.585,0.000,495.0,202.5,12.5,795,
25.4.2026,11:38:14.217,51.0,59.8,52.955,0.000,495.0,202.5,12.5,795,
25.4.2026,11:38:14.420,51.0,59.8,52.698,0.000,495.0,202.5,12.5,795,
25.4.2026,11:38:14.623,51.0,59.8,52.745,0.000,495.0,202.5,12.5,795,
25.4.2026,11:38:14.828,51.0,59.8,52.656,0.000,495.0,202.5,12.5,795,
25.4.2026,11:38:15.027,51.1,59.8,52.321,0.000,495.0,202.5,12.5,795,
25.4.2026,11:38:15.230,51.0,59.8,52.333,0.000,480.0,202.5,12.5,795,
25.4.2026,11:38:15.435,51.0,59.8,52.333,0.000,465.0,202.5,12.5,795,
25.4.2026,11:38:15.639,51.0,59.8,52.612,0.000,465.0,202.5,12.5,795,
25.4.2026,11:38:15.843,51.0,59.8,52.558,0.000,465.0,202.5,12.5,795,
25.4.2026,11:38:16.044,51.0,59.8,52.354,0.000,465.0,202.5,12.5,795,
25.4.2026,11:38:16.249,51.0,59.8,52.358,0.000,450.0,202.5,12.5,795,
25.4.2026,11:38:16.452,51.0,59.7,52.355,0.000,450.0,202.5,12.5,795,
25.4.2026,11:38:16.655,51.0,59.7,52.372,0.000,450.0,202.5,12.5,795,
25.4.2026,11:38:16.855,51.0,59.7,52.323,0.000,435.0,202.5,12.5,795,
25.4.2026,11:38:17.063,51.0,59.8,52.519,0.000,435.0,202.5,12.5,795,
25.4.2026,11:38:17.266,51.0,59.8,52.345,0.000,435.0,202.5,12.5,795,
25.4.2026,11:38:17.467,51.0,59.8,52.339,0.000,435.0,202.5,12.5,795,
25.4.2026,11:38:17.669,51.0,59.8,52.554,0.000,435.0,202.5,12.5,795,
25.4.2026,11:38:17.873,51.0,59.8,52.583,0.000,465.0,202.5,12.5,795,
25.4.2026,11:38:18.081,51.0,59.7,52.283,0.000,465.0,202.5,12.5,795,
25.4.2026,11:38:18.282,51.0,59.8,52.631,0.000,465.0,202.5,12.5,795,
25.4.2026,11:38:18.482,51.1,59.8,52.410,0.000,480.0,202.5,12.5,795,
25.4.2026,11:38:18.687,51.0,59.7,52.511,0.000,480.0,202.5,12.5,795,
25.4.2026,11:38:18.893,51.1,59.8,52.488,0.000,480.0,202.5,12.5,795,
25.4.2026,11:38:19.095,51.1,59.8,52.427,0.000,480.0,202.5,12.5,795,
25.4.2026,11:38:19.295,51.0,59.9,52.588,0.000,480.0,202.5,12.5,795,
25.4.2026,11:38:19.498,51.1,59.8,52.366,0.000,480.0,202.5,12.5,795,
25.4.2026,11:38:19.703,51.0,59.8,52.404,0.000,480.0,202.5,12.5,795,
25.4.2026,11:38:19.905,51.1,59.9,52.497,0.000,480.0,202.5,12.5,795,
25.4.2026,11:38:20.108,51.1,59.8,53.310,0.000,525.0,202.5,12.5,795,
25.4.2026,11:38:20.309,51.1,59.9,53.176,0.000,525.0,202.5,12.5,795,
25.4.2026,11:38:20.512,51.1,59.8,53.213,0.000,525.0,202.5,12.5,795,
25.4.2026,11:38:20.716,51.1,59.8,52.997,0.000,525.0,202.5,12.5,795,
25.4.2026,11:38:20.924,51.1,59.8,53.062,0.000,555.0,202.5,12.5,795,
25.4.2026,11:38:21.126,51.1,59.8,53.068,0.000,555.0,202.5,12.5,795,
25.4.2026,11:38:21.325,51.1,59.8,52.334,0.000,555.0,202.5,12.5,795,
25.4.2026,11:38:21.529,51.1,59.8,53.133,0.000,555.0,202.5,12.5,795,
25.4.2026,11:38:21.734,51.1,59.8,52.374,0.000,555.0,202.5,12.5,795,
25.4.2026,11:38:21.933,51.1,59.7,52.346,0.000,555.0,202.5,12.5,795,
25.4.2026,11:38:22.141,51.1,59.9,52.387,0.000,555.0,202.5,12.5,795,
25.4.2026,11:38:22.343,51.1,59.9,52.328,0.000,555.0,202.5,12.5,795,
25.4.2026,11:38:22.547,51.1,59.9,52.368,0.000,555.0,202.5,12.5,795,
25.4.2026,11:38:22.748,51.1,59.9,52.361,0.000,495.0,202.5,12.5,795,
25.4.2026,11:38:22.954,51.1,59.8,52.323,0.000,480.0,202.5,12.5,795,
25.4.2026,11:38:23.155,51.1,59.8,52.359,0.000,480.0,202.5,12.5,795,
25.4.2026,11:38:23.361,51.1,59.8,52.432,0.000,480.0,202.5,12.5,795,
25.4.2026,11:38:23.560,51.1,59.7,52.406,0.000,480.0,202.5,12.5,795,
25.4.2026,11:38:23.763,51.1,59.8,52.474,0.000,480.0,202.5,12.5,795,
25.4.2026,11:38:23.968,51.1,59.8,52.283,0.000,480.0,202.5,12.5,795,
25.4.2026,11:38:24.170,51.1,59.9,52.922,0.000,480.0,202.5,12.5,795,
25.4.2026,11:38:24.373,51.1,59.8,52.583,0.000,480.0,202.5,12.5,795,
25.4.2026,11:38:24.579,51.1,59.9,52.732,0.000,480.0,202.5,12.5,795,
25.4.2026,11:38:24.782,51.1,60.0,52.721,0.000,480.0,202.5,12.5,795,
25.4.2026,11:38:24.982,51.1,59.9,52.742,0.000,480.0,202.5,12.5,795,
25.4.2026,11:38:25.185,51.1,59.9,52.820,0.000,465.0,202.5,12.5,795,
25.4.2026,11:38:25.391,51.1,59.8,52.620,0.000,465.0,202.5,12.5,795,
25.4.2026,11:38:25.595,51.1,59.8,52.887,0.000,495.0,202.5,12.5,795,
25.4.2026,11:38:25.793,51.1,59.8,52.737,0.000,495.0,202.5,12.5,795,
25.4.2026,11:38:25.997,51.1,59.8,52.772,0.000,495.0,202.5,12.5,795,
25.4.2026,11:38:26.211,51.1,59.9,52.453,0.000,495.0,202.5,12.5,795,
25.4.2026,11:38:26.409,51.2,59.9,52.990,0.000,525.0,202.5,12.5,795,
25.4.2026,11:38:26.612,51.1,59.8,53.251,0.000,525.0,202.5,12.5,795,
25.4.2026,11:38:26.809,51.1,59.9,53.059,0.000,525.0,202.5,12.5,795,
25.4.2026,11:38:27.012,51.1,59.8,52.606,0.000,525.0,202.5,12.5,795,
25.4.2026,11:38:27.215,51.1,59.8,52.471,0.000,525.0,202.5,12.5,795,
25.4.2026,11:38:27.420,51.1,59.9,52.614,0.000,525.0,202.5,12.5,795,
25.4.2026,11:38:27.623,51.1,59.8,52.754,0.000,525.0,202.5,12.5,795,
25.4.2026,11:38:27.826,51.1,59.9,52.357,0.000,525.0,202.5,12.5,795,
25.4.2026,11:38:28.029,51.1,59.8,52.383,0.000,510.0,202.5,12.5,795,
25.4.2026,11:38:28.233,51.1,59.8,52.370,0.000,495.0,202.5,12.5,795,
25.4.2026,11:38:28.442,51.1,59.8,52.203,0.000,495.0,202.5,12.5,795,
25.4.2026,11:38:28.638,51.1,59.9,52.351,0.000,465.0,202.5,12.5,795,
25.4.2026,11:38:28.841,51.1,59.8,52.494,0.000,480.0,202.5,12.5,795,
25.4.2026,11:38:29.050,51.1,59.8,52.343,0.000,480.0,202.5,12.5,795,
25.4.2026,11:38:29.264,51.2,59.9,52.598,0.000,480.0,202.5,12.5,795,
25.4.2026,11:38:29.458,51.1,59.9,52.575,0.000,510.0,202.5,12.5,795,
25.4.2026,11:38:29.657,51.1,59.8,52.658,0.000,510.0,202.5,12.5,795,
25.4.2026,11:38:29.856,51.1,59.9,52.614,0.000,525.0,202.5,12.5,795,
25.4.2026,11:38:30.063,51.2,59.8,52.346,0.000,525.0,202.5,12.5,795,
25.4.2026,11:38:30.271,51.2,59.8,52.340,0.000,525.0,202.5,12.5,795,
25.4.2026,11:38:30.466,51.2,59.9,52.511,0.000,525.0,202.5,12.5,795,
25.4.2026,11:38:30.670,51.1,59.9,52.614,0.000,525.0,202.5,12.5,795,
25.4.2026,11:38:30.872,51.1,59.9,52.336,0.000,525.0,202.5,12.5,795,
25.4.2026,11:38:31.075,51.2,59.9,52.336,0.000,525.0,202.5,12.5,795,
25.4.2026,11:38:31.285,51.2,59.9,52.539,0.000,525.0,202.5,12.5,795,
25.4.2026,11:38:31.482,51.1,59.9,52.584,0.000,525.0,202.5,12.5,795,
25.4.2026,11:38:31.700,51.2,59.9,52.509,0.000,525.0,202.5,12.5,795,
25.4.2026,11:38:31.911,51.1,59.9,52.395,0.000,510.0,202.5,12.5,795,
25.4.2026,11:38:32.093,51.2,59.8,52.973,0.000,510.0,202.5,12.5,795,
25.4.2026,11:38:32.297,51.2,59.8,52.561,0.000,510.0,202.5,12.5,795,
25.4.2026,11:38:32.515,51.2,59.8,52.469,0.000,525.0,202.5,12.5,795,
25.4.2026,11:38:32.700,51.2,59.9,52.854,0.000,525.0,202.5,12.5,795,
25.4.2026,11:38:32.906,51.1,59.8,52.749,0.000,525.0,202.5,12.5,795,
25.4.2026,11:38:33.113,51.2,59.8,52.966,0.000,540.0,202.5,12.5,795,
25.4.2026,11:38:33.337,51.2,59.8,53.239,0.000,540.0,202.5,12.5,795,
25.4.2026,11:38:33.515,51.2,59.8,52.402,0.000,540.0,202.5,12.5,795,
25.4.2026,11:38:33.715,51.2,59.9,53.028,0.000,540.0,202.5,12.5,795,
25.4.2026,11:38:33.936,51.2,59.9,53.021,0.000,540.0,202.5,12.5,795,
25.4.2026,11:38:34.137,51.2,59.8,52.360,0.000,540.0,202.5,12.5,795,
25.4.2026,11:38:34.331,51.2,59.9,52.329,0.000,540.0,202.5,12.5,795,
25.4.2026,11:38:34.531,51.2,59.9,52.386,0.000,540.0,202.5,12.5,795,
25.4.2026,11:38:34.734,51.2,59.9,52.444,0.000,525.0,202.5,12.5,795,
25.4.2026,11:38:34.936,51.2,59.9,52.371,0.000,525.0,202.5,12.5,795,
25.4.2026,11:38:35.147,51.2,59.9,52.498,0.000,525.0,202.5,12.5,795,
25.4.2026,11:38:35.346,51.2,59.8,52.285,0.000,525.0,202.5,12.5,795,
25.4.2026,11:38:35.548,51.1,59.8,52.326,0.000,510.0,202.5,12.5,795,
25.4.2026,11:38:35.753,51.1,59.9,52.352,0.000,510.0,202.5,12.5,795,
25.4.2026,11:38:35.954,51.2,59.8,52.572,0.000,510.0,202.5,12.5,795,
25.4.2026,11:38:36.175,51.2,60.0,52.270,0.000,495.0,202.5,12.5,795,
25.4.2026,11:38:36.359,51.2,59.8,52.691,0.000,495.0,202.5,12.5,795,
25.4.2026,11:38:36.562,51.2,60.0,52.635,0.000,495.0,202.5,12.5,795,
25.4.2026,11:38:36.766,51.2,59.8,52.605,0.000,495.0,202.5,12.5,795,
25.4.2026,11:38:36.979,51.2,59.9,52.332,0.000,495.0,202.5,12.5,795,
25.4.2026,11:38:37.184,51.2,59.8,53.183,0.000,495.0,202.5,12.5,795,
25.4.2026,11:38:37.394,51.2,59.8,52.668,0.000,495.0,202.5,12.5,795,
25.4.2026,11:38:37.581,51.2,59.9,52.315,0.000,495.0,202.5,12.5,795,
25.4.2026,11:38:37.786,51.2,59.8,52.793,0.000,480.0,202.5,12.5,795,
25.4.2026,11:38:37.983,51.2,59.9,52.468,0.000,480.0,202.5,12.5,795,
25.4.2026,11:38:38.187,51.2,59.9,52.950,0.000,480.0,202.5,12.5,795,
25.4.2026,11:38:38.389,51.2,59.8,52.303,0.000,465.0,202.5,12.5,795,
25.4.2026,11:38:38.605,51.2,59.9,52.804,0.000,465.0,202.5,12.5,795,
25.4.2026,11:38:38.819,51.2,59.8,53.098,0.000,480.0,202.5,12.5,795,
25.4.2026,11:38:39.007,51.2,59.9,52.675,0.000,480.0,202.5,12.5,795,
25.4.2026,11:38:39.199,51.2,59.9,53.033,0.000,480.0,202.5,12.5,795,
25.4.2026,11:38:39.405,51.2,60.0,52.296,0.000,480.0,202.5,12.5,795,
25.4.2026,11:38:39.615,51.2,59.8,52.708,0.000,480.0,202.5,12.5,795,
25.4.2026,11:38:39.809,51.2,59.9,52.325,0.000,480.0,202.5,12.5,795,
25.4.2026,11:38:40.017,51.2,59.9,52.729,0.000,480.0,202.5,12.5,795,
25.4.2026,11:38:40.223,51.1,59.9,52.521,0.000,480.0,202.5,12.5,795,
25.4.2026,11:38:40.431,51.2,59.9,52.322,0.000,465.0,202.5,12.5,795,
25.4.2026,11:38:40.624,51.2,59.9,52.421,0.000,480.0,202.5,12.5,795,
25.4.2026,11:38:40.825,51.3,59.9,52.630,0.000,540.0,202.5,12.5,795,
25.4.2026,11:38:41.034,51.3,59.9,52.642,0.000,555.0,202.5,12.5,795,
25.4.2026,11:38:41.235,51.2,59.9,52.563,0.000,555.0,202.5,12.5,795,
25.4.2026,11:38:41.434,51.2,59.9,52.283,0.000,555.0,202.5,12.5,795,
25.4.2026,11:38:41.639,51.2,59.9,52.374,0.000,555.0,202.5,12.5,795,
25.4.2026,11:38:41.844,51.2,60.0,52.374,0.000,555.0,202.5,12.5,795,
25.4.2026,11:38:42.048,51.2,60.0,52.375,0.000,555.0,202.5,12.5,795,
25.4.2026,11:38:42.249,51.3,59.9,52.335,0.000,555.0,202.5,12.5,795,
25.4.2026,11:38:42.452,51.3,59.9,52.444,0.000,555.0,202.5,12.5,795,
25.4.2026,11:38:42.659,51.3,59.9,52.444,0.000,555.0,202.5,12.5,795,
25.4.2026,11:38:42.858,51.3,59.9,52.339,0.000,570.0,202.5,12.5,795,
25.4.2026,11:38:43.067,51.2,59.9,52.336,0.000,570.0,202.5,12.5,795,
25.4.2026,11:38:43.261,51.2,60.0,52.444,0.000,570.0,202.5,12.5,795,
25.4.2026,11:38:43.465,51.3,59.9,52.502,0.000,570.0,202.5,12.5,795,
25.4.2026,11:38:43.667,51.3,60.0,52.641,0.000,570.0,202.5,12.5,795,
25.4.2026,11:38:43.875,51.3,60.0,52.588,0.000,570.0,202.5,12.5,795,
25.4.2026,11:38:44.076,51.3,59.9,52.307,0.000,570.0,202.5,12.5,795,
25.4.2026,11:38:44.281,51.3,59.9,52.388,0.000,570.0,202.5,12.5,795,
25.4.2026,11:38:44.485,51.3,60.0,52.345,0.000,585.0,202.5,12.5,795,
25.4.2026,11:38:44.686,51.3,59.9,52.647,0.000,585.0,202.5,12.5,795,
25.4.2026,11:38:44.889,51.3,59.9,52.917,0.000,585.0,202.5,12.5,795,
25.4.2026,11:38:45.092,51.3,59.9,52.351,0.000,585.0,202.5,12.5,795,
25.4.2026,11:38:45.296,51.3,60.0,52.374,0.000,585.0,202.5,12.5,795,
25.4.2026,11:38:45.504,51.3,60.0,52.386,0.000,585.0,202.5,12.5,795,
25.4.2026,11:38:45.701,51.3,60.0,53.339,0.000,585.0,202.5,12.5,795,
25.4.2026,11:38:45.905,51.3,59.9,53.531,0.000,585.0,202.5,12.5,795,
25.4.2026,11:38:46.110,51.3,59.9,53.034,0.000,540.0,202.5,12.5,795,
25.4.2026,11:38:46.308,51.3,60.0,53.042,0.000,540.0,202.5,12.5,795,
25.4.2026,11:38:46.515,51.3,59.9,52.622,0.000,540.0,202.5,12.5,795,
25.4.2026,11:38:46.721,51.3,59.9,53.156,0.000,540.0,202.5,12.5,795,
25.4.2026,11:38:46.920,51.3,59.9,52.638,0.000,525.0,202.5,12.5,795,
25.4.2026,11:38:47.130,51.3,59.9,52.562,0.000,540.0,202.5,12.5,795,
25.4.2026,11:38:47.343,51.3,60.1,52.558,0.000,540.0,202.5,12.5,795,
25.4.2026,11:38:47.537,51.3,60.0,52.326,0.000,540.0,202.5,12.5,795,
25.4.2026,11:38:47.732,51.3,60.0,52.496,0.000,540.0,202.5,12.5,795,
25.4.2026,11:38:47.941,51.3,60.0,52.403,0.000,540.0,202.5,12.5,795,
25.4.2026,11:38:48.142,51.3,59.9,52.368,0.000,540.0,202.5,12.5,795,
25.4.2026,11:38:48.339,51.3,60.1,52.383,0.000,540.0,202.5,12.5,795,
25.4.2026,11:38:48.547,51.3,60.0,52.616,0.000,540.0,202.5,12.5,795,
25.4.2026,11:38:48.747,51.3,59.9,52.372,0.000,540.0,202.5,12.5,795,
25.4.2026,11:38:48.958,51.3,60.0,52.274,0.000,540.0,202.5,12.5,795,
25.4.2026,11:38:49.153,51.3,60.0,52.914,0.000,540.0,202.5,12.5,795,
25.4.2026,11:38:49.358,51.3,60.0,53.159,0.000,540.0,202.5,12.5,795,
25.4.2026,11:38:49.560,51.3,60.0,52.667,0.000,540.0,202.5,12.5,795,
25.4.2026,11:38:49.774,51.3,60.0,52.538,0.000,555.0,202.5,12.5,795,
25.4.2026,11:38:49.965,51.3,60.0,52.512,0.000,555.0,202.5,12.5,795,
25.4.2026,11:38:50.172,51.3,59.9,52.608,0.000,555.0,202.5,12.5,795,
25.4.2026,11:38:50.376,51.3,60.0,52.697,0.000,555.0,202.5,12.5,795,
25.4.2026,11:38:50.577,51.3,60.1,52.653,0.000,555.0,202.5,12.5,795,
25.4.2026,11:38:50.783,51.3,60.1,52.668,0.000,555.0,202.5,12.5,795,
25.4.2026,11:38:50.979,51.3,60.0,52.395,0.000,555.0,202.5,12.5,795,
25.4.2026,11:38:51.188,51.3,60.1,52.581,0.000,555.0,202.5,12.5,795,
25.4.2026,11:38:51.387,51.3,60.0,52.612,0.000,570.0,202.5,12.5,795,
25.4.2026,11:38:51.590,51.3,60.0,52.947,0.000,570.0,202.5,12.5,795,
25.4.2026,11:38:51.792,51.3,60.0,52.700,0.000,570.0,202.5,12.5,795,
25.4.2026,11:38:52.004,51.3,59.9,52.804,0.000,570.0,202.5,12.5,795,
25.4.2026,11:38:52.204,51.3,60.0,52.870,0.000,570.0,202.5,12.5,795,
25.4.2026,11:38:52.402,51.4,60.0,52.738,0.000,570.0,202.5,12.5,795,
25.4.2026,11:38:52.609,51.3,59.9,52.703,0.000,570.0,202.5,12.5,795,
25.4.2026,11:38:52.812,51.4,60.1,52.468,0.000,570.0,202.5,12.5,795,
25.4.2026,11:38:53.017,51.3,60.0,52.538,0.000,570.0,202.5,12.5,795,
25.4.2026,11:38:53.221,51.3,59.9,52.714,0.000,555.0,202.5,12.5,795,
25.4.2026,11:38:53.422,51.3,60.0,52.629,0.000,555.0,202.5,12.5,795,
25.4.2026,11:38:53.625,51.4,60.1,52.649,0.000,555.0,202.5,12.5,795,
25.4.2026,11:38:53.826,51.3,60.0,52.540,0.000,555.0,202.5,12.5,795,
25.4.2026,11:38:54.026,51.4,60.1,52.414,0.000,555.0,202.5,12.5,795,
25.4.2026,11:38:54.231,51.3,60.1,52.636,0.000,555.0,202.5,12.5,795,
25.4.2026,11:38:54.436,51.3,60.0,52.619,0.000,555.0,202.5,12.5,795,
25.4.2026,11:38:54.638,51.3,60.1,52.587,0.000,555.0,202.5,12.5,795,
25.4.2026,11:38:54.846,51.3,60.1,52.368,0.000,555.0,202.5,12.5,795,
25.4.2026,11:38:55.045,51.3,60.1,52.655,0.000,555.0,202.5,12.5,795,
25.4.2026,11:38:55.247,51.3,60.1,52.655,0.000,555.0,202.5,12.5,795,
25.4.2026,11:38:55.451,51.3,60.0,52.425,0.000,555.0,202.5,12.5,795,
25.4.2026,11:38:55.651,51.4,60.1,52.603,0.000,540.0,202.5,12.5,795,
25.4.2026,11:38:55.857,51.3,60.0,52.441,0.000,540.0,202.5,12.5,795,
25.4.2026,11:38:56.068,51.3,60.1,52.371,0.000,525.0,202.5,12.5,795,
25.4.2026,11:38:56.263,51.3,60.0,52.337,0.000,525.0,202.5,12.5,795,
25.4.2026,11:38:56.469,51.4,60.0,52.408,0.000,510.0,202.5,12.5,795,
25.4.2026,11:38:56.671,51.4,60.1,52.312,0.000,510.0,202.5,12.5,795,
25.4.2026,11:38:56.871,51.4,60.0,52.305,0.000,510.0,202.5,12.5,795,
25.4.2026,11:38:57.079,51.4,60.1,52.537,0.000,525.0,202.5,12.5,795,
25.4.2026,11:38:57.277,51.4,60.1,52.310,0.000,525.0,202.5,12.5,795,
25.4.2026,11:38:57.479,51.4,60.2,52.651,0.000,525.0,202.5,12.5,795,
25.4.2026,11:38:57.685,51.4,60.0,52.420,0.000,525.0,202.5,12.5,795,
25.4.2026,11:38:57.889,51.4,60.1,52.347,0.000,525.0,202.5,12.5,795,
25.4.2026,11:38:58.095,51.3,60.0,52.682,0.000,540.0,202.5,12.5,795,
25.4.2026,11:38:58.296,51.4,60.1,53.200,0.000,540.0,202.5,12.5,795,
25.4.2026,11:38:58.507,51.4,60.1,52.980,0.000,540.0,202.5,12.5,795,
25.4.2026,11:38:58.704,51.4,60.0,53.035,0.000,540.0,202.5,12.5,795,
25.4.2026,11:38:58.904,51.4,60.0,53.324,0.000,540.0,202.5,12.5,795,
25.4.2026,11:38:59.105,51.4,60.2,53.294,0.000,540.0,202.5,12.5,795,
25.4.2026,11:38:59.309,51.4,59.9,53.199,0.000,540.0,202.5,12.5,795,
25.4.2026,11:38:59.512,51.4,60.0,53.176,0.000,540.0,202.5,12.5,795,
25.4.2026,11:38:59.719,51.4,60.1,52.784,0.000,540.0,202.5,12.5,795,
25.4.2026,11:38:59.924,51.4,60.1,52.468,0.000,525.0,202.5,12.5,795,
25.4.2026,11:39:0.122,51.4,60.0,52.331,0.000,525.0,202.5,12.5,795,
25.4.2026,11:39:0.326,51.4,60.2,52.669,0.000,525.0,202.5,12.5,795,
25.4.2026,11:39:0.531,51.4,60.1,52.579,0.000,525.0,202.5,12.5,795,
25.4.2026,11:39:0.734,51.4,60.1,52.527,0.000,525.0,202.5,12.5,795,
25.4.2026,11:39:0.936,51.4,60.0,52.360,0.000,540.0,202.5,12.5,795,
25.4.2026,11:39:1.138,51.4,60.1,52.308,0.000,570.0,202.5,12.5,795,
25.4.2026,11:39:1.343,51.4,60.1,52.385,0.000,570.0,202.5,12.5,795,
25.4.2026,11:39:1.542,51.5,60.2,52.443,0.000,570.0,202.5,12.5,795,
25.4.2026,11:39:1.745,51.4,60.2,52.396,0.000,570.0,202.5,12.5,795,
25.4.2026,11:39:1.950,51.4,60.1,52.372,0.000,570.0,202.5,12.5,795,
25.4.2026,11:39:2.157,51.4,60.2,52.619,0.000,570.0,202.5,12.5,795,
25.4.2026,11:39:2.362,51.4,60.1,52.629,0.000,570.0,202.5,12.5,795,
25.4.2026,11:39:2.564,51.4,60.2,52.407,0.000,570.0,202.5,12.5,795,
25.4.2026,11:39:2.767,51.4,60.0,52.938,0.000,570.0,202.5,12.5,795,
25.4.2026,11:39:2.977,51.4,60.1,52.367,0.000,540.0,202.5,12.5,795,
25.4.2026,11:39:3.176,51.5,60.2,52.832,0.000,540.0,202.5,12.5,795,
25.4.2026,11:39:3.370,51.4,60.1,52.670,0.000,540.0,202.5,12.5,795,
25.4.2026,11:39:3.580,51.4,60.2,52.383,0.000,525.0,202.5,12.5,795,
25.4.2026,11:39:3.777,51.4,60.1,52.444,0.000,525.0,202.5,12.5,795,
25.4.2026,11:39:3.981,51.4,60.2,52.414,0.000,510.0,202.5,12.5,795,
25.4.2026,11:39:4.192,51.4,60.2,52.413,0.000,510.0,202.5,12.5,795,
25.4.2026,11:39:4.398,51.4,60.1,52.917,0.000,510.0,202.5,12.5,795,
25.4.2026,11:39:4.592,51.4,60.1,52.629,0.000,510.0,202.5,12.5,795,
25.4.2026,11:39:4.794,51.4,60.1,52.898,0.000,495.0,202.5,12.5,795,
25.4.2026,11:39:5.000,51.4,60.1,52.512,0.000,495.0,202.5,12.5,795,
25.4.2026,11:39:5.202,51.4,60.1,52.773,0.000,495.0,202.5,12.5,795,
25.4.2026,11:39:5.404,51.4,60.1,52.837,0.000,480.0,202.5,12.5,795,
25.4.2026,11:39:5.604,51.4,60.1,52.595,0.000,480.0,202.5,12.5,795,
25.4.2026,11:39:5.808,51.4,60.2,52.724,0.000,480.0,202.5,12.5,795,
25.4.2026,11:39:6.015,51.4,60.1,52.373,0.000,465.0,202.5,12.5,795,
25.4.2026,11:39:6.218,51.4,60.1,52.382,0.000,465.0,202.5,12.5,795,
25.4.2026,11:39:6.426,51.4,60.1,52.382,0.000,465.0,202.5,12.5,795,
25.4.2026,11:39:6.624,51.4,60.2,52.445,0.000,465.0,202.5,12.5,795,
25.4.2026,11:39:6.833,51.4,60.1,52.459,0.000,465.0,202.5,12.5,795,
25.4.2026,11:39:7.029,51.4,60.2,52.302,0.000,465.0,202.5,12.5,795,
25.4.2026,11:39:7.233,51.4,60.2,52.498,0.000,450.0,202.5,12.5,795,
25.4.2026,11:39:7.434,51.4,60.2,52.393,0.000,450.0,202.5,12.5,795,
25.4.2026,11:39:7.638,51.4,60.1,52.260,0.000,450.0,202.5,12.5,795,
25.4.2026,11:39:7.840,51.4,60.2,52.410,0.000,435.0,202.5,12.5,795,
25.4.2026,11:39:8.045,51.4,60.3,52.382,0.000,450.0,202.5,12.5,795,
25.4.2026,11:39:8.254,51.5,60.2,52.551,0.000,450.0,202.5,12.5,795,
25.4.2026,11:39:8.451,51.4,60.1,52.306,0.000,450.0,202.5,12.5,795,
25.4.2026,11:39:8.657,51.5,60.2,52.532,0.000,450.0,202.5,12.5,795,
25.4.2026,11:39:8.859,51.4,60.2,52.404,0.000,450.0,202.5,12.5,795,
25.4.2026,11:39:9.072,51.4,60.2,52.357,0.000,450.0,202.5,12.5,795,
25.4.2026,11:39:9.269,51.5,60.2,52.583,0.000,450.0,202.5,12.5,795,
25.4.2026,11:39:9.469,51.5,60.3,52.439,0.000,450.0,202.5,12.5,795,
25.4.2026,11:39:9.678,51.4,60.1,52.483,0.000,450.0,202.5,12.5,795,
25.4.2026,11:39:9.873,51.5,60.3,52.935,0.000,450.0,202.5,12.5,795,
25.4.2026,11:39:10.073,51.5,60.1,52.927,0.000,435.0,202.5,12.5,795,
25.4.2026,11:39:10.279,51.4,60.2,52.811,0.000,435.0,202.5,12.5,795,
25.4.2026,11:39:10.480,51.4,60.2,52.848,0.000,435.0,202.5,12.5,795,
25.4.2026,11:39:10.691,51.4,60.2,52.439,0.000,435.0,202.5,12.5,795,
25.4.2026,11:39:10.886,51.4,60.1,53.532,0.000,435.0,202.5,12.5,795,
25.4.2026,11:39:11.091,51.5,60.2,52.923,0.000,435.0,202.5,12.5,795,
25.4.2026,11:39:11.298,51.4,60.2,53.183,0.000,435.0,202.5,12.5,795,
25.4.2026,11:39:11.503,51.4,60.2,53.203,0.000,435.0,202.5,12.5,795,
25.4.2026,11:39:11.698,51.4,60.1,52.435,0.000,465.0,202.5,12.5,795,
25.4.2026,11:39:11.905,51.5,60.1,53.310,0.000,465.0,202.5,12.5,795,
25.4.2026,11:39:12.104,51.5,60.2,52.442,0.000,495.0,202.5,12.5,795,
25.4.2026,11:39:12.313,51.5,60.2,52.813,0.000,555.0,202.5,12.5,795,
25.4.2026,11:39:12.521,51.5,60.2,52.433,0.000,555.0,202.5,12.5,795,
25.4.2026,11:39:12.719,51.5,60.1,52.354,0.000,555.0,202.5,12.5,795,
25.4.2026,11:39:12.926,51.5,60.2,52.646,0.000,555.0,202.5,12.5,795,
25.4.2026,11:39:13.126,51.5,60.2,52.368,0.000,585.0,202.5,12.5,795,
25.4.2026,11:39:13.327,51.5,60.2,52.392,0.000,585.0,202.5,12.5,795,
25.4.2026,11:39:13.527,51.5,60.2,52.276,0.000,585.0,202.5,12.5,795,
25.4.2026,11:39:13.733,51.5,60.1,52.369,0.000,585.0,202.5,12.5,795,
25.4.2026,11:39:13.939,51.5,60.2,52.389,0.000,585.0,202.5,12.5,795,
25.4.2026,11:39:14.148,51.5,60.3,52.554,0.000,585.0,202.5,12.5,795,
25.4.2026,11:39:14.349,51.5,60.2,52.683,0.000,585.0,202.5,12.5,795,
25.4.2026,11:39:14.548,51.6,60.4,52.369,0.000,585.0,202.5,12.5,795,
25.4.2026,11:39:14.757,51.5,60.2,52.302,0.000,585.0,202.5,12.5,795,
25.4.2026,11:39:14.950,51.5,60.2,52.639,0.000,570.0,202.5,12.5,795,
25.4.2026,11:39:15.157,51.5,60.3,52.504,0.000,570.0,202.5,12.5,795,
25.4.2026,11:39:15.359,51.5,60.3,52.821,0.000,570.0,202.5,12.5,795,
25.4.2026,11:39:15.563,51.5,60.2,52.717,0.000,570.0,202.5,12.5,795,
25.4.2026,11:39:15.767,51.5,60.2,52.800,0.000,570.0,202.5,12.5,795,
25.4.2026,11:39:15.978,51.5,60.2,52.796,0.000,585.0,202.5,12.5,795,
25.4.2026,11:39:16.169,51.6,60.3,52.669,0.000,585.0,202.5,12.5,795,
25.4.2026,11:39:16.374,51.5,60.3,52.654,0.000,585.0,202.5,12.5,795,
25.4.2026,11:39:16.584,51.5,60.2,52.350,0.000,585.0,202.5,12.5,795,
25.4.2026,11:39:16.782,51.5,60.3,52.676,0.000,585.0,202.5,12.5,795,
25.4.2026,11:39:16.985,51.5,60.3,52.540,0.000,585.0,202.5,12.5,795,
25.4.2026,11:39:17.184,51.5,60.3,52.375,0.000,585.0,202.5,12.5,795,
25.4.2026,11:39:17.400,51.6,60.2,53.002,0.000,585.0,202.5,12.5,795,
25.4.2026,11:39:17.588,51.5,60.3,52.877,0.000,555.0,202.5,12.5,795,
25.4.2026,11:39:17.796,51.5,60.2,52.576,0.000,555.0,202.5,12.5,795,
25.4.2026,11:39:18.004,51.5,60.2,52.800,0.000,555.0,202.5,12.5,795,
25.4.2026,11:39:18.200,51.5,60.3,52.556,0.000,540.0,202.5,12.5,795,
25.4.2026,11:39:18.404,51.5,60.3,52.871,0.000,540.0,202.5,12.5,795,
25.4.2026,11:39:18.604,51.5,60.2,52.391,0.000,540.0,202.5,12.5,795,
25.4.2026,11:39:18.814,51.5,60.2,52.676,0.000,525.0,202.5,12.5,795,
25.4.2026,11:39:19.018,51.5,60.2,52.317,0.000,525.0,202.5,12.5,795,
25.4.2026,11:39:19.220,51.5,60.2,52.317,0.000,525.0,202.5,12.5,795,
25.4.2026,11:39:19.421,51.5,60.2,52.451,0.000,510.0,202.5,12.5,795,
25.4.2026,11:39:19.623,51.5,60.2,52.490,0.000,510.0,202.5,12.5,795,
25.4.2026,11:39:19.836,51.5,60.3,52.634,0.000,525.0,202.5,12.5,795,
25.4.2026,11:39:20.030,51.5,60.4,52.407,0.000,570.0,202.5,12.5,795,
25.4.2026,11:39:20.242,51.5,60.3,52.296,0.000,570.0,202.5,12.5,795,
25.4.2026,11:39:20.451,51.5,60.4,52.431,0.000,570.0,202.5,12.5,795,
25.4.2026,11:39:20.643,51.6,60.3,52.645,0.000,570.0,202.5,12.5,795,
25.4.2026,11:39:20.843,51.6,60.2,52.293,0.000,570.0,202.5,12.5,795,
25.4.2026,11:39:21.044,51.6,60.2,52.358,0.000,570.0,202.5,12.5,795,
25.4.2026,11:39:21.254,51.6,60.3,52.436,0.000,570.0,202.5,12.5,795,
25.4.2026,11:39:21.453,51.6,60.4,52.669,0.000,570.0,202.5,12.5,795,
25.4.2026,11:39:21.656,51.6,60.3,52.613,0.000,585.0,202.5,12.5,795,
25.4.2026,11:39:21.872,51.6,60.3,52.516,0.000,585.0,202.5,12.5,795,
25.4.2026,11:39:22.065,51.6,60.2,52.382,0.000,585.0,202.5,12.5,795,
25.4.2026,11:39:22.264,51.6,60.4,52.549,0.000,585.0,202.5,12.5,795,
25.4.2026,11:39:22.481,51.6,60.3,53.098,0.000,585.0,202.5,12.5,795,
25.4.2026,11:39:22.669,51.6,60.2,52.639,0.000,585.0,202.5,12.5,795,
25.4.2026,11:39:22.879,51.6,60.4,52.640,0.000,585.0,202.5,12.5,795,
25.4.2026,11:39:23.079,51.6,60.2,52.352,0.000,585.0,202.5,12.5,795,
25.4.2026,11:39:23.293,51.6,60.3,52.651,0.000,570.0,202.5,12.5,795,
25.4.2026,11:39:23.498,51.6,60.3,53.089,0.000,570.0,202.5,12.5,795,
25.4.2026,11:39:23.690,51.6,60.3,53.081,0.000,570.0,202.5,12.5,795,
25.4.2026,11:39:23.886,51.6,60.3,53.376,0.000,555.0,202.5,12.5,795,
25.4.2026,11:39:24.092,51.5,60.3,53.292,0.000,555.0,202.5,12.5,795,
25.4.2026,11:39:24.299,51.6,60.4,53.018,0.000,540.0,202.5,12.5,795,
25.4.2026,11:39:24.503,51.6,60.4,53.058,0.000,540.0,202.5,12.5,795,
25.4.2026,11:39:24.702,51.6,60.2,53.034,0.000,525.0,202.5,12.5,795,
25.4.2026,11:39:24.906,51.6,60.3,52.978,0.000,525.0,202.5,12.5,795,
25.4.2026,11:39:25.109,51.6,60.4,52.624,0.000,525.0,202.5,12.5,795,
25.4.2026,11:39:25.311,51.6,60.3,52.490,0.000,540.0,202.5,12.5,795,
25.4.2026,11:39:25.513,51.6,60.3,52.294,0.000,540.0,202.5,12.5,795,
25.4.2026,11:39:25.718,51.6,60.3,52.512,0.000,540.0,202.5,12.5,795,
25.4.2026,11:39:25.920,51.6,60.4,52.322,0.000,555.0,202.5,12.5,795,
25.4.2026,11:39:26.126,51.6,60.4,52.636,0.000,555.0,202.5,12.5,795,
25.4.2026,11:39:26.325,51.6,60.4,52.598,0.000,555.0,202.5,12.5,795,
25.4.2026,11:39:26.532,51.6,60.3,52.628,0.000,555.0,202.5,12.5,795,
25.4.2026,11:39:26.732,51.6,60.3,52.537,0.000,555.0,202.5,12.5,795,
25.4.2026,11:39:26.944,51.6,60.2,52.693,0.000,555.0,202.5,12.5,795,
25.4.2026,11:39:27.146,51.6,60.3,52.483,0.000,555.0,202.5,12.5,795,
25.4.2026,11:39:27.340,51.6,60.2,52.437,0.000,555.0,202.5,12.5,795,
25.4.2026,11:39:27.551,51.6,60.2,52.595,0.000,555.0,202.5,12.5,795,
25.4.2026,11:39:27.755,51.6,60.4,52.582,0.000,510.0,202.5,12.5,795,
25.4.2026,11:39:27.950,51.6,60.2,52.983,0.000,510.0,202.5,12.5,795,
25.4.2026,11:39:28.160,51.6,60.3,52.796,0.000,525.0,202.5,12.5,795,
25.4.2026,11:39:28.361,51.6,60.3,52.618,0.000,525.0,202.5,12.5,795,
25.4.2026,11:39:28.560,51.6,60.3,52.468,0.000,540.0,202.5,12.5,795,
25.4.2026,11:39:28.763,51.6,60.3,52.426,0.000,540.0,202.5,12.5,795,
25.4.2026,11:39:28.967,51.6,60.4,52.546,0.000,540.0,202.5,12.5,795,
25.4.2026,11:39:29.167,51.6,60.3,52.287,0.000,540.0,202.5,12.5,795,
25.4.2026,11:39:29.372,51.6,60.3,52.734,0.000,540.0,202.5,12.5,795,
25.4.2026,11:39:29.582,51.6,60.5,52.410,0.000,540.0,202.5,12.5,795,
25.4.2026,11:39:29.781,51.6,60.5,52.802,0.000,540.0,202.5,12.5,795,
25.4.2026,11:39:29.983,51.6,60.4,52.599,0.000,540.0,202.5,12.5,795,
25.4.2026,11:39:30.188,51.6,60.4,52.568,0.000,540.0,202.5,12.5,795,
25.4.2026,11:39:30.389,51.6,60.4,52.568,0.000,540.0,202.5,12.5,795,
25.4.2026,11:39:30.591,51.6,60.4,52.778,0.000,510.0,202.5,12.5,795,
25.4.2026,11:39:30.795,51.6,60.4,52.531,0.000,510.0,202.5,12.5,795,
25.4.2026,11:39:30.998,51.6,60.3,52.674,0.000,510.0,202.5,12.5,795,
25.4.2026,11:39:31.203,51.6,60.4,52.606,0.000,510.0,202.5,12.5,795,
25.4.2026,11:39:31.409,51.6,60.4,52.499,0.000,495.0,202.5,12.5,795,
25.4.2026,11:39:31.614,51.6,60.5,52.682,0.000,495.0,202.5,12.5,795,
25.4.2026,11:39:31.817,51.6,60.4,52.357,0.000,495.0,202.5,12.5,795,
25.4.2026,11:39:32.015,51.6,60.4,52.677,0.000,495.0,202.5,12.5,795,
25.4.2026,11:39:32.220,51.6,60.3,52.517,0.000,510.0,202.5,12.5,795,
25.4.2026,11:39:32.421,51.7,60.3,52.584,0.000,540.0,202.5,12.5,795,
25.4.2026,11:39:32.627,51.7,60.3,52.655,0.000,540.0,202.5,12.5,795,
25.4.2026,11:39:32.828,51.7,60.4,52.393,0.000,540.0,202.5,12.5,795,
25.4.2026,11:39:33.033,51.7,60.2,52.631,0.000,540.0,202.5,12.5,795,
25.4.2026,11:39:33.242,51.7,60.3,52.587,0.000,585.0,202.5,12.5,795,
25.4.2026,11:39:33.433,51.7,60.4,52.460,0.000,585.0,202.5,12.5,795,
25.4.2026,11:39:33.641,51.7,60.3,52.438,0.000,585.0,202.5,12.5,795,
25.4.2026,11:39:33.850,51.6,60.3,52.462,0.000,585.0,202.5,12.5,795,
25.4.2026,11:39:34.044,51.7,60.4,52.460,0.000,585.0,202.5,12.5,795,
25.4.2026,11:39:34.246,51.7,60.4,52.506,0.000,585.0,202.5,12.5,795,
25.4.2026,11:39:34.451,51.7,60.3,52.464,0.000,585.0,202.5,12.5,795,
25.4.2026,11:39:34.658,51.6,60.5,52.481,0.000,585.0,202.5,12.5,795,
25.4.2026,11:39:34.857,51.7,60.4,52.762,0.000,540.0,202.5,12.5,795,
25.4.2026,11:39:35.071,51.6,60.4,52.621,0.000,540.0,202.5,12.5,795,
25.4.2026,11:39:35.271,51.7,60.4,52.722,0.000,540.0,202.5,12.5,795,
25.4.2026,11:39:35.464,51.6,60.5,52.675,0.000,540.0,202.5,12.5,795,
25.4.2026,11:39:35.673,51.7,60.6,52.378,0.000,525.0,202.5,12.5,795,
25.4.2026,11:39:35.873,51.6,60.5,53.192,0.000,525.0,202.5,12.5,795,
25.4.2026,11:39:36.078,51.6,60.4,53.050,0.000,510.0,202.5,12.5,795,
25.4.2026,11:39:36.281,51.7,60.6,52.527,0.000,510.0,202.5,12.5,795,
25.4.2026,11:39:36.482,51.7,60.4,52.535,0.000,510.0,202.5,12.5,795,
25.4.2026,11:39:36.690,51.7,60.4,52.983,0.000,495.0,202.5,12.5,795,
25.4.2026,11:39:36.890,51.7,60.4,53.253,0.000,495.0,202.5,12.5,795,
25.4.2026,11:39:37.097,51.6,60.4,53.105,0.000,480.0,202.5,12.5,795,
25.4.2026,11:39:37.296,51.7,60.5,52.454,0.000,480.0,202.5,12.5,795,
25.4.2026,11:39:37.495,51.6,60.5,52.798,0.000,480.0,202.5,12.5,795,
25.4.2026,11:39:37.708,51.7,60.4,52.344,0.000,465.0,202.5,12.5,795,
25.4.2026,11:39:37.910,51.6,60.5,52.410,0.000,465.0,202.5,12.5,795,
25.4.2026,11:39:38.109,51.7,60.4,52.426,0.000,465.0,202.5,12.5,795,
25.4.2026,11:39:38.307,51.7,60.4,52.314,0.000,465.0,202.5,12.5,795,
25.4.2026,11:39:38.516,51.6,60.5,52.419,0.000,465.0,202.5,12.5,795,
25.4.2026,11:39:38.716,51.7,60.5,52.506,0.000,465.0,202.5,12.5,795,
25.4.2026,11:39:38.929,51.7,60.5,52.333,0.000,510.0,202.5,12.5,795,
25.4.2026,11:39:39.121,51.7,60.4,52.625,0.000,510.0,202.5,12.5,795,
25.4.2026,11:39:39.331,51.7,60.4,52.639,0.000,510.0,202.5,12.5,795,
25.4.2026,11:39:39.531,51.7,60.4,52.360,0.000,510.0,202.5,12.5,795,
25.4.2026,11:39:39.736,51.7,60.5,52.416,0.000,510.0,202.5,12.5,795,
25.4.2026,11:39:39.933,51.7,60.4,52.682,0.000,510.0,202.5,12.5,795,
25.4.2026,11:39:40.138,51.7,60.4,52.580,0.000,510.0,202.5,12.5,795,
25.4.2026,11:39:40.341,51.7,60.4,52.843,0.000,510.0,202.5,12.5,795,
25.4.2026,11:39:40.552,51.7,60.4,52.553,0.000,510.0,202.5,12.5,795,
25.4.2026,11:39:40.748,51.7,60.5,52.491,0.000,510.0,202.5,12.5,795,
25.4.2026,11:39:40.950,51.7,60.4,52.416,0.000,510.0,202.5,12.5,795,
25.4.2026,11:39:41.159,51.7,60.4,52.627,0.000,495.0,202.5,12.5,795,
25.4.2026,11:39:41.356,51.7,60.4,52.427,0.000,495.0,202.5,12.5,795,
25.4.2026,11:39:41.566,51.7,60.5,52.405,0.000,495.0,202.5,12.5,795,
25.4.2026,11:39:41.768,51.7,60.6,52.381,0.000,495.0,202.5,12.5,795,
25.4.2026,11:39:41.969,51.7,60.6,52.521,0.000,480.0,202.5,12.5,795,
25.4.2026,11:39:42.175,51.7,60.6,52.549,0.000,495.0,202.5,12.5,795,
25.4.2026,11:39:42.373,51.7,60.6,52.392,0.000,495.0,202.5,12.5,795,
25.4.2026,11:39:42.575,51.7,60.6,52.392,0.000,525.0,202.5,12.5,795,
25.4.2026,11:39:42.778,51.7,60.5,52.681,0.000,525.0,202.5,12.5,795,
25.4.2026,11:39:42.984,51.7,60.5,52.486,0.000,525.0,202.5,12.5,795,
25.4.2026,11:39:43.194,51.8,60.5,53.069,0.000,525.0,202.5,12.5,795,
25.4.2026,11:39:43.393,51.7,60.4,52.863,0.000,525.0,202.5,12.5,795,
25.4.2026,11:39:43.592,51.7,60.5,52.422,0.000,525.0,202.5,12.5,795,
25.4.2026,11:39:43.794,51.7,60.6,52.912,0.000,525.0,202.5,12.5,795,
25.4.2026,11:39:44.000,51.7,60.5,52.860,0.000,525.0,202.5,12.5,795,
25.4.2026,11:39:44.209,51.7,60.6,52.529,0.000,525.0,202.5,12.5,795,
25.4.2026,11:39:44.403,51.7,60.6,52.606,0.000,510.0,202.5,12.5,795,
25.4.2026,11:39:44.610,51.8,60.6,52.671,0.000,510.0,202.5,12.5,795,
25.4.2026,11:39:44.816,51.8,60.5,52.506,0.000,510.0,202.5,12.5,795,
25.4.2026,11:39:45.017,51.8,60.5,52.496,0.000,510.0,202.5,12.5,795,
25.4.2026,11:39:45.224,51.8,60.6,52.493,0.000,510.0,202.5,12.5,795,
25.4.2026,11:39:45.429,51.8,60.6,52.368,0.000,510.0,202.5,12.5,795,
25.4.2026,11:39:45.625,51.8,60.5,52.415,0.000,525.0,202.5,12.5,795,
25.4.2026,11:39:45.833,51.8,60.4,52.405,0.000,525.0,202.5,12.5,795,
25.4.2026,11:39:46.038,51.8,60.5,52.664,0.000,525.0,202.5,12.5,795,
25.4.2026,11:39:46.241,51.8,60.6,52.325,0.000,525.0,202.5,12.5,795,
25.4.2026,11:39:46.433,51.8,60.6,52.471,0.000,525.0,202.5,12.5,795,
25.4.2026,11:39:46.637,51.7,60.6,52.449,0.000,525.0,202.5,12.5,795,
25.4.2026,11:39:46.844,51.8,60.6,52.375,0.000,525.0,202.5,12.5,795,
25.4.2026,11:39:47.048,51.7,60.4,52.721,0.000,525.0,202.5,12.5,795,
25.4.2026,11:39:47.250,51.7,60.5,52.666,0.000,495.0,202.5,12.5,795,
25.4.2026,11:39:47.455,51.7,60.6,52.433,0.000,495.0,202.5,12.5,795,
25.4.2026,11:39:47.658,51.7,60.5,52.633,0.000,495.0,202.5,12.5,795,
25.4.2026,11:39:47.858,51.7,60.6,52.801,0.000,495.0,202.5,12.5,795,
25.4.2026,11:39:48.058,51.7,60.5,52.684,0.000,480.0,202.5,12.5,795,
25.4.2026,11:39:48.261,51.8,60.5,52.709,0.000,480.0,202.5,12.5,795,
25.4.2026,11:39:48.477,51.8,60.7,52.752,0.000,480.0,202.5,12.5,795,
25.4.2026,11:39:48.674,51.7,60.6,53.268,0.000,480.0,202.5,12.5,795,
25.4.2026,11:39:48.873,51.8,60.6,53.194,0.000,510.0,202.5,12.5,795,
25.4.2026,11:39:49.073,51.8,60.5,53.083,0.000,510.0,202.5,12.5,795,
25.4.2026,11:39:49.280,51.8,60.5,52.372,0.000,510.0,202.5,12.5,795,
25.4.2026,11:39:49.482,51.8,60.6,53.203,0.000,510.0,202.5,12.5,795,
25.4.2026,11:39:49.691,51.8,60.6,53.135,0.000,510.0,202.5,12.5,795,
25.4.2026,11:39:49.886,51.8,60.5,52.418,0.000,510.0,202.5,12.5,795,
25.4.2026,11:39:50.093,51.8,60.4,52.478,0.000,510.0,202.5,12.5,795,
25.4.2026,11:39:50.294,51.8,60.6,52.444,0.000,510.0,202.5,12.5,795,
25.4.2026,11:39:50.500,51.8,60.5,52.387,0.000,510.0,202.5,12.5,795,
25.4.2026,11:39:50.708,51.8,60.5,52.391,0.000,495.0,202.5,12.5,795,
25.4.2026,11:39:50.907,51.8,60.6,52.410,0.000,495.0,202.5,12.5,795,
25.4.2026,11:39:51.109,51.8,60.6,52.413,0.000,495.0,202.5,12.5,795,
25.4.2026,11:39:51.316,51.8,60.7,52.408,0.000,495.0,202.5,12.5,795,
25.4.2026,11:39:51.511,51.8,60.4,52.600,0.000,495.0,202.5,12.5,795,
25.4.2026,11:39:51.715,51.8,60.6,52.375,0.000,495.0,202.5,12.5,795,
25.4.2026,11:39:51.932,51.8,60.5,52.366,0.000,495.0,202.5,12.5,795,
25.4.2026,11:39:52.125,51.8,60.6,52.652,0.000,495.0,202.5,12.5,795,
25.4.2026,11:39:52.333,51.8,60.5,52.388,0.000,495.0,202.5,12.5,795,
25.4.2026,11:39:52.526,51.8,60.5,52.468,0.000,495.0,202.5,12.5,795,
25.4.2026,11:39:52.736,51.8,60.6,52.391,0.000,495.0,202.5,12.5,795,
25.4.2026,11:39:52.936,51.8,60.3,52.447,0.000,495.0,202.5,12.5,795,
25.4.2026,11:39:53.141,51.8,60.6,52.483,0.000,480.0,202.5,12.5,795,
25.4.2026,11:39:53.339,51.8,60.4,52.550,0.000,480.0,202.5,12.5,795,
25.4.2026,11:39:53.552,51.8,60.6,52.415,0.000,480.0,202.5,12.5,795,
25.4.2026,11:39:53.751,51.8,60.6,52.569,0.000,480.0,202.5,12.5,795,
25.4.2026,11:39:53.954,51.8,60.6,52.447,0.000,495.0,202.5,12.5,795,
25.4.2026,11:39:54.153,51.8,60.5,52.410,0.000,495.0,202.5,12.5,795,
25.4.2026,11:39:54.360,51.8,60.5,52.606,0.000,495.0,202.5,12.5,795,
25.4.2026,11:39:54.559,51.8,60.6,52.425,0.000,495.0,202.5,12.5,795,
25.4.2026,11:39:54.764,51.8,60.6,52.425,0.000,495.0,202.5,12.5,795,
25.4.2026,11:39:54.977,51.8,60.6,52.683,0.000,495.0,202.5,12.5,795,
25.4.2026,11:39:55.174,51.8,60.7,52.395,0.000,495.0,202.5,12.5,795,
25.4.2026,11:39:55.371,51.8,60.6,52.965,0.000,495.0,202.5,12.5,795,
25.4.2026,11:39:55.574,51.8,60.6,52.548,0.000,495.0,202.5,12.5,795,
25.4.2026,11:39:55.778,51.8,60.6,53.021,0.000,495.0,202.5,12.5,795,
25.4.2026,11:39:55.983,51.8,60.6,53.014,0.000,495.0,202.5,12.5,795,
25.4.2026,11:39:56.185,51.8,60.6,52.544,0.000,495.0,202.5,12.5,795,
25.4.2026,11:39:56.398,51.8,60.7,52.899,0.000,510.0,202.5,12.5,795,
25.4.2026,11:39:56.600,51.8,60.6,52.701,0.000,510.0,202.5,12.5,795,
25.4.2026,11:39:56.796,51.8,60.8,52.480,0.000,510.0,202.5,12.5,795,
25.4.2026,11:39:56.997,51.9,60.7,52.537,0.000,510.0,202.5,12.5,795,
25.4.2026,11:39:57.202,51.9,60.8,52.577,0.000,510.0,202.5,12.5,795,
25.4.2026,11:39:57.405,51.8,60.5,52.633,0.000,510.0,202.5,12.5,795,
25.4.2026,11:39:57.606,51.8,60.6,52.444,0.000,510.0,202.5,12.5,795,
25.4.2026,11:39:57.809,51.8,60.6,52.414,0.000,510.0,202.5,12.5,795,
25.4.2026,11:39:58.010,51.8,60.7,52.309,0.000,510.0,202.5,12.5,795,
25.4.2026,11:39:58.214,51.9,60.7,52.344,0.000,510.0,202.5,12.5,795,
25.4.2026,11:39:58.419,51.8,60.7,52.374,0.000,510.0,202.5,12.5,795,
25.4.2026,11:39:58.621,51.8,60.7,52.406,0.000,510.0,202.5,12.5,795,
25.4.2026,11:39:58.827,51.8,60.7,52.371,0.000,495.0,202.5,12.5,795,
25.4.2026,11:39:59.028,51.8,60.7,52.388,0.000,480.0,202.5,12.5,795,
25.4.2026,11:39:59.232,51.8,60.7,52.537,0.000,480.0,202.5,12.5,795,
25.4.2026,11:39:59.437,51.8,60.7,52.364,0.000,465.0,202.5,12.5,795,
25.4.2026,11:39:59.642,51.8,60.7,52.706,0.000,465.0,202.5,12.5,795,
25.4.2026,11:39:59.842,51.9,60.7,52.625,0.000,465.0,202.5,12.5,795,
25.4.2026,11:40:0.047,51.9,60.7,52.783,0.000,465.0,202.5,12.5,795,
25.4.2026,11:40:0.249,51.9,60.7,52.375,0.000,465.0,202.5,12.5,795,
25.4.2026,11:40:0.457,51.8,60.7,52.891,0.000,465.0,202.5,12.5,795,
25.4.2026,11:40:0.654,51.8,60.7,52.701,0.000,465.0,202.5,12.5,795,
25.4.2026,11:40:0.858,51.8,60.6,53.230,0.000,465.0,202.5,12.5,795,
25.4.2026,11:40:1.065,51.9,60.8,53.029,0.000,495.0,202.5,12.5,795,
25.4.2026,11:40:1.269,51.8,60.7,53.348,0.000,495.0,202.5,12.5,795,
25.4.2026,11:40:1.469,51.9,60.7,52.529,0.000,495.0,202.5,12.5,795,
25.4.2026,11:40:1.672,51.8,60.7,53.102,0.000,495.0,202.5,12.5,795,
25.4.2026,11:40:1.876,51.9,60.7,53.325,0.000,495.0,202.5,12.5,795,
25.4.2026,11:40:2.076,51.8,60.7,53.047,0.000,495.0,202.5,12.5,795,
25.4.2026,11:40:2.282,51.9,60.6,52.835,0.000,495.0,202.5,12.5,795,
25.4.2026,11:40:2.485,51.9,60.7,53.136,0.000,495.0,202.5,12.5,795,
25.4.2026,11:40:2.683,51.9,60.6,52.891,0.000,495.0,202.5,12.5,795,
25.4.2026,11:40:2.889,51.9,60.7,52.467,0.000,495.0,202.5,12.5,795,
25.4.2026,11:40:3.094,51.9,60.7,52.703,0.000,495.0,202.5,12.5,795,
25.4.2026,11:40:3.294,51.9,60.7,52.605,0.000,495.0,202.5,12.5,795,
25.4.2026,11:40:3.499,51.9,60.7,52.388,0.000,495.0,202.5,12.5,795,
25.4.2026,11:40:3.703,51.9,60.6,52.664,0.000,480.0,202.5,12.5,795,
25.4.2026,11:40:3.907,51.9,60.8,52.372,0.000,480.0,202.5,12.5,795,
25.4.2026,11:40:4.108,51.9,60.8,52.472,0.000,480.0,202.5,12.5,795,
25.4.2026,11:40:4.313,51.9,60.7,52.391,0.000,480.0,202.5,12.5,795,
25.4.2026,11:40:4.512,51.8,60.7,52.415,0.000,480.0,202.5,12.5,795,
25.4.2026,11:40:4.716,51.8,60.8,52.529,0.000,465.0,202.5,12.5,795,
25.4.2026,11:40:4.920,51.9,60.8,52.296,0.000,465.0,202.5,12.5,795,
25.4.2026,11:40:5.124,51.9,60.7,52.864,0.000,465.0,202.5,12.5,795,
25.4.2026,11:40:5.327,51.9,60.8,52.445,0.000,510.0,202.5,12.5,795,
25.4.2026,11:40:5.529,51.9,60.7,52.549,0.000,510.0,202.5,12.5,795,
25.4.2026,11:40:5.731,51.9,60.7,52.430,0.000,510.0,202.5,12.5,795,
25.4.2026,11:40:5.949,51.9,60.8,52.537,0.000,510.0,202.5,12.5,795,
25.4.2026,11:40:6.146,51.9,60.8,52.355,0.000,510.0,202.5,12.5,795,
25.4.2026,11:40:6.338,51.9,60.8,52.355,0.000,510.0,202.5,12.5,795,
25.4.2026,11:40:6.543,51.9,60.8,52.600,0.000,525.0,202.5,12.5,795,
25.4.2026,11:40:6.745,51.9,60.8,52.485,0.000,525.0,202.5,12.5,795,
25.4.2026,11:40:6.957,51.9,60.7,52.400,0.000,525.0,202.5,12.5,795,
25.4.2026,11:40:7.162,51.9,60.8,52.664,0.000,525.0,202.5,12.5,795,
25.4.2026,11:40:7.358,51.9,60.9,52.595,0.000,525.0,202.5,12.5,795,
25.4.2026,11:40:7.557,51.9,60.7,52.650,0.000,525.0,202.5,12.5,795,
25.4.2026,11:40:7.765,52.0,60.7,52.629,0.000,525.0,202.5,12.5,795,
25.4.2026,11:40:7.973,51.9,60.7,52.945,0.000,525.0,202.5,12.5,795,
25.4.2026,11:40:8.168,51.9,60.8,52.866,0.000,540.0,202.5,12.5,795,
25.4.2026,11:40:8.378,51.9,60.7,52.889,0.000,555.0,202.5,12.5,795,
25.4.2026,11:40:8.574,52.0,60.7,52.989,0.000,555.0,202.5,12.5,795,
25.4.2026,11:40:8.783,52.0,60.8,53.106,0.000,555.0,202.5,12.5,795,
25.4.2026,11:40:8.983,52.0,60.8,53.021,0.000,555.0,202.5,12.5,795,
25.4.2026,11:40:9.190,52.0,60.7,52.453,0.000,555.0,202.5,12.5,795,
25.4.2026,11:40:9.393,52.0,60.8,52.421,0.000,555.0,202.5,12.5,795,
25.4.2026,11:40:9.589,51.9,60.7,52.712,0.000,555.0,202.5,12.5,795,
25.4.2026,11:40:9.800,51.9,60.7,52.380,0.000,555.0,202.5,12.5,795,
25.4.2026,11:40:10.003,51.9,60.7,52.316,0.000,555.0,202.5,12.5,795,
25.4.2026,11:40:10.207,52.0,60.8,52.447,0.000,510.0,202.5,12.5,795,
25.4.2026,11:40:10.403,51.9,60.7,52.330,0.000,510.0,202.5,12.5,795,
25.4.2026,11:40:10.609,52.0,60.8,52.665,0.000,495.0,202.5,12.5,795,
25.4.2026,11:40:10.820,52.0,60.8,52.452,0.000,495.0,202.5,12.5,795,
25.4.2026,11:40:11.013,51.9,60.7,52.292,0.000,495.0,202.5,12.5,795,
25.4.2026,11:40:11.214,52.0,60.8,52.665,0.000,495.0,202.5,12.5,795,
25.4.2026,11:40:11.428,51.9,60.8,52.564,0.000,495.0,202.5,12.5,795,
25.4.2026,11:40:11.624,52.0,60.8,52.335,0.000,495.0,202.5,12.5,795,
25.4.2026,11:40:11.835,51.9,60.7,52.565,0.000,480.0,202.5,12.5,795,
25.4.2026,11:40:12.034,51.9,60.8,52.391,0.000,525.0,202.5,12.5,795,
25.4.2026,11:40:12.230,52.0,60.8,52.649,0.000,525.0,202.5,12.5,795,
25.4.2026,11:40:12.436,52.0,60.8,52.320,0.000,525.0,202.5,12.5,795,
25.4.2026,11:40:12.636,52.0,60.8,52.702,0.000,525.0,202.5,12.5,795,
25.4.2026,11:40:12.842,52.0,60.8,52.617,0.000,525.0,202.5,12.5,795,
25.4.2026,11:40:13.047,52.0,60.8,52.584,0.000,525.0,202.5,12.5,795,
25.4.2026,11:40:13.246,52.0,60.8,52.681,0.000,525.0,202.5,12.5,795,
25.4.2026,11:40:13.455,52.0,60.8,52.628,0.000,525.0,202.5,12.5,795,
25.4.2026,11:40:13.659,52.0,60.8,52.699,0.000,525.0,202.5,12.5,795,
25.4.2026,11:40:13.872,52.0,60.7,53.262,0.000,525.0,202.5,12.5,795,
25.4.2026,11:40:14.057,51.9,60.8,53.118,0.000,525.0,202.5,12.5,795,
25.4.2026,11:40:14.263,52.0,60.8,52.876,0.000,525.0,202.5,12.5,795,
25.4.2026,11:40:14.472,52.0,60.8,52.843,0.000,525.0,202.5,12.5,795,
25.4.2026,11:40:14.667,52.0,60.8,53.094,0.000,555.0,202.5,12.5,795,
25.4.2026,11:40:14.879,52.0,60.8,52.769,0.000,555.0,202.5,12.5,795,
25.4.2026,11:40:15.077,52.0,60.8,52.633,0.000,555.0,202.5,12.5,795,
25.4.2026,11:40:15.279,52.0,60.8,52.589,0.000,555.0,202.5,12.5,795,
25.4.2026,11:40:15.483,52.0,60.8,52.622,0.000,555.0,202.5,12.5,795,
25.4.2026,11:40:15.687,52.0,60.8,52.460,0.000,555.0,202.5,12.5,795,
25.4.2026,11:40:15.889,52.0,60.8,52.418,0.000,555.0,202.5,12.5,795,
25.4.2026,11:40:16.090,52.0,60.9,52.356,0.000,555.0,202.5,12.5,795,
25.4.2026,11:40:16.297,52.0,60.9,52.825,0.000,555.0,202.5,12.5,795,
25.4.2026,11:40:16.504,52.0,60.8,52.562,0.000,525.0,202.5,12.5,795,
25.4.2026,11:40:16.706,52.0,60.9,52.411,0.000,525.0,202.5,12.5,795,
25.4.2026,11:40:16.908,52.0,60.8,52.556,0.000,510.0,202.5,12.5,795,
25.4.2026,11:40:17.113,52.0,60.8,52.421,0.000,540.0,202.5,12.5,795,
25.4.2026,11:40:17.309,52.0,60.9,52.789,0.000,540.0,202.5,12.5,795,
25.4.2026,11:40:17.515,52.0,60.9,52.685,0.000,540.0,202.5,12.5,795,
25.4.2026,11:40:17.718,52.0,60.8,52.411,0.000,540.0,202.5,12.5,795,
25.4.2026,11:40:17.918,52.0,60.9,52.682,0.000,540.0,202.5,12.5,795,
25.4.2026,11:40:18.125,52.0,60.9,52.682,0.000,570.0,202.5,12.5,795,
25.4.2026,11:40:18.327,52.0,60.9,52.444,0.000,570.0,202.5,12.5,795,
25.4.2026,11:40:18.533,52.0,60.8,52.371,0.000,570.0,202.5,12.5,795,
25.4.2026,11:40:18.734,52.0,60.9,52.564,0.000,570.0,202.5,12.5,795,
25.4.2026,11:40:18.937,52.0,60.8,52.365,0.000,570.0,202.5,12.5,795,
25.4.2026,11:40:19.140,52.0,60.8,52.679,0.000,570.0,202.5,12.5,795,
25.4.2026,11:40:19.341,52.0,60.9,52.401,0.000,570.0,202.5,12.5,795,
25.4.2026,11:40:19.548,52.0,60.8,52.414,0.000,570.0,202.5,12.5,795,
25.4.2026,11:40:19.746,52.1,60.8,52.676,0.000,570.0,202.5,12.5,795,
25.4.2026,11:40:19.951,52.0,60.8,52.339,0.000,540.0,202.5,12.5,795,
25.4.2026,11:40:20.163,52.1,60.8,52.384,0.000,540.0,202.5,12.5,795,
25.4.2026,11:40:20.363,52.1,60.8,52.452,0.000,540.0,202.5,12.5,795,
25.4.2026,11:40:20.561,52.0,60.8,52.502,0.000,540.0,202.5,12.5,795,
25.4.2026,11:40:20.765,52.0,60.9,52.597,0.000,540.0,202.5,12.5,795,
25.4.2026,11:40:20.963,52.0,60.8,53.056,0.000,525.0,202.5,12.5,795,
25.4.2026,11:40:21.174,52.0,60.8,53.091,0.000,525.0,202.5,12.5,795,
25.4.2026,11:40:21.370,52.0,60.8,53.056,0.000,510.0,202.5,12.5,795,
25.4.2026,11:40:21.581,52.0,60.8,52.952,0.000,510.0,202.5,12.5,795,
25.4.2026,11:40:21.779,52.0,60.8,53.069,0.000,495.0,202.5,12.5,795,
25.4.2026,11:40:21.982,52.0,60.9,52.558,0.000,525.0,202.5,12.5,795,
25.4.2026,11:40:22.185,52.0,60.8,52.527,0.000,525.0,202.5,12.5,795,
25.4.2026,11:40:22.394,52.0,60.8,53.053,0.000,525.0,202.5,12.5,795,
25.4.2026,11:40:22.589,52.0,60.9,52.672,0.000,525.0,202.5,12.5,795,
25.4.2026,11:40:22.807,52.0,60.8,52.579,0.000,525.0,202.5,12.5,795,
25.4.2026,11:40:23.002,52.0,60.8,52.372,0.000,525.0,202.5,12.5,795,
25.4.2026,11:40:23.199,52.0,60.8,52.660,0.000,525.0,202.5,12.5,795,
25.4.2026,11:40:23.401,52.0,60.8,52.487,0.000,525.0,202.5,12.5,795,
25.4.2026,11:40:23.612,52.0,60.8,52.444,0.000,525.0,202.5,12.5,795,
25.4.2026,11:40:23.813,52.0,60.9,52.376,0.000,495.0,202.5,12.5,795,
25.4.2026,11:40:24.021,52.0,60.8,52.445,0.000,495.0,202.5,12.5,795,
25.4.2026,11:40:24.213,52.0,60.8,52.451,0.000,480.0,202.5,12.5,795,
25.4.2026,11:40:24.419,52.0,60.8,52.635,0.000,480.0,202.5,12.5,795,
25.4.2026,11:40:24.625,52.0,60.8,52.349,0.000,480.0,202.5,12.5,795,
25.4.2026,11:40:24.835,52.0,60.8,52.761,0.000,480.0,202.5,12.5,795,
25.4.2026,11:40:25.037,52.0,60.8,52.678,0.000,495.0,202.5,12.5,795,
25.4.2026,11:40:25.238,52.0,60.8,52.929,0.000,495.0,202.5,12.5,795,
25.4.2026,11:40:25.433,52.0,60.9,52.601,0.000,495.0,202.5,12.5,795,
25.4.2026,11:40:25.639,52.0,60.8,52.649,0.000,495.0,202.5,12.5,795,
25.4.2026,11:40:25.850,52.0,60.9,53.006,0.000,495.0,202.5,12.5,795,
25.4.2026,11:40:26.042,52.0,60.8,52.698,0.000,495.0,202.5,12.5,795,
25.4.2026,11:40:26.245,52.0,60.8,53.016,0.000,495.0,202.5,12.5,795,
25.4.2026,11:40:26.448,52.0,60.9,52.815,0.000,495.0,202.5,12.5,795,
25.4.2026,11:40:26.656,52.0,60.9,52.438,0.000,495.0,202.5,12.5,795,
25.4.2026,11:40:26.856,52.0,60.9,52.975,0.000,495.0,202.5,12.5,795,
25.4.2026,11:40:27.058,52.0,60.9,52.398,0.000,480.0,202.5,12.5,795,
25.4.2026,11:40:27.263,52.0,60.9,52.941,0.000,480.0,202.5,12.5,795,
25.4.2026,11:40:27.467,52.0,60.8,52.874,0.000,480.0,202.5,12.5,795,
25.4.2026,11:40:27.674,52.1,60.8,52.898,0.000,495.0,202.5,12.5,795,
25.4.2026,11:40:27.873,52.0,60.9,52.421,0.000,495.0,202.5,12.5,795,
25.4.2026,11:40:28.079,52.0,60.9,52.573,0.000,495.0,202.5,12.5,795,
25.4.2026,11:40:28.276,52.1,60.9,52.669,0.000,495.0,202.5,12.5,795,
25.4.2026,11:40:28.482,52.0,60.9,52.644,0.000,495.0,202.5,12.5,795,
25.4.2026,11:40:28.684,52.0,60.9,52.588,0.000,495.0,202.5,12.5,795,
25.4.2026,11:40:28.885,52.0,60.8,52.466,0.000,495.0,202.5,12.5,795,
25.4.2026,11:40:29.093,52.0,60.9,52.432,0.000,495.0,202.5,12.5,795,
25.4.2026,11:40:29.296,52.1,61.0,52.484,0.000,495.0,202.5,12.5,795,
25.4.2026,11:40:29.496,52.1,60.9,52.368,0.000,480.0,202.5,12.5,795,
25.4.2026,11:40:29.703,52.0,60.9,52.640,0.000,480.0,202.5,12.5,795,
25.4.2026,11:40:29.905,52.1,60.9,52.447,0.000,480.0,202.5,12.5,795,
25.4.2026,11:40:30.113,52.0,60.9,52.447,0.000,480.0,202.5,12.5,795,
25.4.2026,11:40:30.314,52.0,60.9,52.370,0.000,465.0,202.5,12.5,795,
25.4.2026,11:40:30.519,52.0,60.9,52.370,0.000,465.0,202.5,12.5,795,
25.4.2026,11:40:30.718,52.1,60.8,52.382,0.000,465.0,202.5,12.5,795,
25.4.2026,11:40:30.919,52.1,60.9,52.554,0.000,480.0,202.5,12.5,795,
25.4.2026,11:40:31.121,52.1,61.0,52.631,0.000,480.0,202.5,12.5,795,
25.4.2026,11:40:31.325,52.0,61.0,52.561,0.000,480.0,202.5,12.5,795,
25.4.2026,11:40:31.526,52.1,61.0,52.482,0.000,480.0,202.5,12.5,795,
25.4.2026,11:40:31.737,52.1,60.8,52.422,0.000,480.0,202.5,12.5,795,
25.4.2026,11:40:31.936,52.1,60.9,52.514,0.000,480.0,202.5,12.5,795,
25.4.2026,11:40:32.142,52.1,60.8,52.375,0.000,480.0,202.5,12.5,795,
25.4.2026,11:40:32.343,52.1,60.9,52.611,0.000,480.0,202.5,12.5,795,
25.4.2026,11:40:32.543,52.1,60.9,52.557,0.000,480.0,202.5,12.5,795,
25.4.2026,11:40:32.749,52.1,61.0,52.421,0.000,465.0,202.5,12.5,795,
25.4.2026,11:40:32.957,52.1,60.9,52.467,0.000,465.0,202.5,12.5,795,
25.4.2026,11:40:33.159,52.1,60.9,52.393,0.000,465.0,202.5,12.5,795,
25.4.2026,11:40:33.357,52.1,60.9,52.957,0.000,465.0,202.5,12.5,795,
25.4.2026,11:40:33.569,52.1,61.0,53.039,0.000,465.0,202.5,12.5,795,
25.4.2026,11:40:33.763,52.1,60.8,52.769,0.000,465.0,202.5,12.5,795,
25.4.2026,11:40:33.967,52.1,60.9,53.307,0.000,450.0,202.5,12.5,795,
25.4.2026,11:40:34.177,52.1,60.9,53.020,0.000,450.0,202.5,12.5,795,
25.4.2026,11:40:34.372,52.1,61.0,52.564,0.000,450.0,202.5,12.5,795,
25.4.2026,11:40:34.576,52.1,60.9,53.109,0.000,450.0,202.5,12.5,795,
25.4.2026,11:40:34.782,52.1,60.9,53.167,0.000,435.0,202.5,12.5,795,
25.4.2026,11:40:34.980,52.1,60.9,52.667,0.000,435.0,202.5,12.5,795,
25.4.2026,11:40:35.184,52.1,60.9,52.514,0.000,435.0,202.5,12.5,795,
25.4.2026,11:40:35.403,52.1,61.0,52.613,0.000,435.0,202.5,12.5,795,
25.4.2026,11:40:35.599,52.1,61.0,52.556,0.000,435.0,202.5,12.5,795,
25.4.2026,11:40:35.799,52.1,61.0,52.446,0.000,435.0,202.5,12.5,795,
25.4.2026,11:40:36.010,52.1,61.0,52.467,0.000,450.0,202.5,12.5,795,
25.4.2026,11:40:36.203,52.1,60.9,52.688,0.000,480.0,202.5,12.5,795,
25.4.2026,11:40:36.408,52.1,61.0,52.655,0.000,510.0,202.5,12.5,795,
25.4.2026,11:40:36.606,52.1,61.0,52.683,0.000,525.0,202.5,12.5,795,
25.4.2026,11:40:36.824,52.1,60.9,52.346,0.000,525.0,202.5,12.5,795,
25.4.2026,11:40:37.025,52.1,61.0,52.475,0.000,555.0,202.5,12.5,795,
25.4.2026,11:40:37.221,52.1,60.9,52.990,0.000,570.0,202.5,12.5,795,
25.4.2026,11:40:37.432,52.1,61.0,52.612,0.000,570.0,202.5,12.5,795,
25.4.2026,11:40:37.626,52.2,60.9,52.703,0.000,585.0,202.5,12.5,795,
25.4.2026,11:40:37.825,52.1,61.0,52.415,0.000,585.0,202.5,12.5,795,
25.4.2026,11:40:38.032,52.1,60.9,52.838,0.000,585.0,202.5,12.5,795,
25.4.2026,11:40:38.237,52.2,60.9,52.929,0.000,600.0,202.5,12.5,795,
25.4.2026,11:40:38.439,52.1,60.9,52.745,0.000,600.0,202.5,12.5,795,
25.4.2026,11:40:38.637,52.1,61.0,52.409,0.000,600.0,202.5,12.5,795,
25.4.2026,11:40:38.843,52.1,61.0,52.731,0.000,600.0,202.5,12.5,795,
25.4.2026,11:40:39.045,52.1,61.0,52.371,0.000,600.0,202.5,12.5,795,
25.4.2026,11:40:39.252,52.1,61.0,53.078,0.000,600.0,202.5,12.5,795,
25.4.2026,11:40:39.455,52.2,61.0,52.445,0.000,600.0,202.5,12.5,795,
25.4.2026,11:40:39.664,52.2,61.0,53.133,0.000,600.0,202.5,12.5,795,
25.4.2026,11:40:39.858,52.2,60.9,52.701,0.000,600.0,202.5,12.5,795,
25.4.2026,11:40:40.059,52.1,61.0,52.783,0.000,570.0,202.5,12.5,795,
25.4.2026,11:40:40.264,52.2,61.0,52.979,0.000,570.0,202.5,12.5,795,
25.4.2026,11:40:40.471,52.2,61.0,53.049,0.000,570.0,202.5,12.5,795,
25.4.2026,11:40:40.681,52.2,61.0,52.913,0.000,570.0,202.5,12.5,795,
25.4.2026,11:40:40.880,52.2,61.1,52.511,0.000,555.0,202.5,12.5,795,
25.4.2026,11:40:41.075,52.1,61.1,52.606,0.000,555.0,202.5,12.5,795,
25.4.2026,11:40:41.279,52.2,61.0,52.360,0.000,540.0,202.5,12.5,795,
25.4.2026,11:40:41.480,52.1,61.0,52.681,0.000,540.0,202.5,12.5,795,
25.4.2026,11:40:41.687,52.1,61.0,52.330,0.000,540.0,202.5,12.5,795,
25.4.2026,11:40:41.896,52.1,61.0,52.588,0.000,540.0,202.5,12.5,795,
25.4.2026,11:40:42.096,52.1,61.0,52.588,0.000,525.0,202.5,12.5,795,
25.4.2026,11:40:42.292,52.1,61.0,52.521,0.000,525.0,202.5,12.5,795,
25.4.2026,11:40:42.514,52.1,61.0,52.639,0.000,510.0,202.5,12.5,795,
25.4.2026,11:40:42.702,52.1,61.1,52.384,0.000,510.0,202.5,12.5,795,
25.4.2026,11:40:42.904,52.1,61.0,52.363,0.000,510.0,202.5,12.5,795,
25.4.2026,11:40:43.117,52.1,61.0,52.391,0.000,495.0,202.5,12.5,795,
25.4.2026,11:40:43.307,52.1,61.0,52.514,0.000,495.0,202.5,12.5,795,
25.4.2026,11:40:43.516,52.1,61.0,52.350,0.000,495.0,202.5,12.5,795,
25.4.2026,11:40:43.715,52.1,60.9,52.585,0.000,495.0,202.5,12.5,795,
25.4.2026,11:40:43.920,52.2,60.9,52.499,0.000,495.0,202.5,12.5,795,
25.4.2026,11:40:44.123,52.1,60.9,52.349,0.000,495.0,202.5,12.5,795,
25.4.2026,11:40:44.327,52.1,61.0,52.511,0.000,480.0,202.5,12.5,795,
25.4.2026,11:40:44.537,52.1,61.0,52.433,0.000,480.0,202.5,12.5,795,
25.4.2026,11:40:44.733,52.2,60.9,52.399,0.000,480.0,202.5,12.5,795,
25.4.2026,11:40:44.935,52.2,60.9,52.950,0.000,480.0,202.5,12.5,795,
25.4.2026,11:40:45.141,52.1,60.9,52.422,0.000,480.0,202.5,12.5,795,
25.4.2026,11:40:45.339,52.1,61.0,52.542,0.000,525.0,202.5,12.5,795,
25.4.2026,11:40:45.543,52.2,60.9,52.890,0.000,525.0,202.5,12.5,795,
25.4.2026,11:40:45.757,52.2,60.9,52.875,0.000,540.0,202.5,12.5,795,
25.4.2026,11:40:45.956,52.2,61.0,53.685,0.000,540.0,202.5,12.5,795,
25.4.2026,11:40:46.163,52.2,61.0,53.333,0.000,570.0,202.5,12.5,795,
25.4.2026,11:40:46.358,52.2,61.1,53.110,0.000,585.0,202.5,12.5,795,
25.4.2026,11:40:46.559,52.2,60.9,53.346,0.000,585.0,202.5,12.5,795,
25.4.2026,11:40:46.767,52.2,60.9,53.349,0.000,585.0,202.5,12.5,795,
25.4.2026,11:40:46.974,52.2,60.9,53.630,0.000,585.0,202.5,12.5,795,
25.4.2026,11:40:47.170,52.2,61.0,52.659,0.000,585.0,202.5,12.5,795,
25.4.2026,11:40:47.383,52.2,61.0,52.881,0.000,585.0,202.5,12.5,795,
25.4.2026,11:40:47.573,52.3,61.0,52.694,0.000,585.0,202.5,12.5,795,
25.4.2026,11:40:47.783,52.2,61.0,52.505,0.000,585.0,202.5,12.5,795,
25.4.2026,11:40:47.985,52.2,61.0,52.441,0.000,585.0,202.5,12.5,795,
25.4.2026,11:40:48.185,52.2,61.0,52.529,0.000,585.0,202.5,12.5,795,
25.4.2026,11:40:48.397,52.2,61.1,52.715,0.000,585.0,202.5,12.5,795,
25.4.2026,11:40:48.592,52.3,61.1,52.420,0.000,600.0,202.5,12.5,795,
25.4.2026,11:40:48.800,52.2,60.9,52.424,0.000,600.0,202.5,12.5,795,
25.4.2026,11:40:49.001,52.2,61.0,52.452,0.000,615.0,202.5,12.5,795,
25.4.2026,11:40:49.201,52.2,60.9,52.414,0.000,615.0,202.5,12.5,795,
25.4.2026,11:40:49.404,52.2,61.1,52.471,0.000,615.0,202.5,12.5,795,
25.4.2026,11:40:49.607,52.2,60.9,52.402,0.000,615.0,202.5,12.5,795,
25.4.2026,11:40:49.815,52.2,61.0,52.444,0.000,615.0,202.5,12.5,795,
25.4.2026,11:40:50.018,52.2,61.0,52.422,0.000,615.0,202.5,12.5,795,
25.4.2026,11:40:50.222,52.3,61.0,52.987,0.000,615.0,202.5,12.5,795,
25.4.2026,11:40:50.419,52.2,61.1,53.125,0.000,615.0,202.5,12.5,795,
25.4.2026,11:40:50.621,52.2,61.0,52.653,0.000,615.0,202.5,12.5,795,
25.4.2026,11:40:50.831,52.2,61.0,52.717,0.000,585.0,202.5,12.5,795,
25.4.2026,11:40:51.028,52.2,61.1,53.082,0.000,570.0,202.5,12.5,795,
25.4.2026,11:40:51.232,52.3,61.1,52.641,0.000,570.0,202.5,12.5,795,
25.4.2026,11:40:51.434,52.2,61.0,52.595,0.000,555.0,202.5,12.5,795,
25.4.2026,11:40:51.641,52.2,61.0,52.472,0.000,555.0,202.5,12.5,795,
25.4.2026,11:40:51.839,52.2,61.1,52.549,0.000,540.0,202.5,12.5,795,
25.4.2026,11:40:52.057,52.2,61.0,52.655,0.000,540.0,202.5,12.5,795,
25.4.2026,11:40:52.247,52.2,61.0,52.754,0.000,540.0,202.5,12.5,795,
25.4.2026,11:40:52.457,52.3,61.2,52.787,0.000,525.0,202.5,12.5,795,
25.4.2026,11:40:52.653,52.2,61.0,52.513,0.000,525.0,202.5,12.5,795,
25.4.2026,11:40:52.867,52.2,60.9,52.566,0.000,525.0,202.5,12.5,795,
25.4.2026,11:40:53.059,52.2,61.1,52.566,0.000,525.0,202.5,12.5,795,
25.4.2026,11:40:53.264,52.3,61.1,52.577,0.000,510.0,202.5,12.5,795,
25.4.2026,11:40:53.466,52.3,61.1,52.577,0.000,525.0,202.5,12.5,795,
25.4.2026,11:40:53.676,52.2,61.1,52.813,0.000,525.0,202.5,12.5,795,
25.4.2026,11:40:53.871,52.2,61.0,53.025,0.000,525.0,202.5,12.5,795,
25.4.2026,11:40:54.081,52.3,61.1,52.461,0.000,525.0,202.5,12.5,795,
25.4.2026,11:40:54.278,52.3,61.1,52.619,0.000,555.0,202.5,12.5,795,
25.4.2026,11:40:54.481,52.2,61.1,52.421,0.000,555.0,202.5,12.5,795,
25.4.2026,11:40:54.684,52.3,61.1,52.420,0.000,555.0,202.5,12.5,795,
25.4.2026,11:40:54.889,52.3,61.0,52.511,0.000,555.0,202.5,12.5,795,
25.4.2026,11:40:55.090,52.3,61.1,52.464,0.000,555.0,202.5,12.5,795,
25.4.2026,11:40:55.299,52.2,61.1,52.441,0.000,555.0,202.5,12.5,795,
25.4.2026,11:40:55.505,52.3,61.0,52.474,0.000,555.0,202.5,12.5,795,
25.4.2026,11:40:55.701,52.3,61.1,52.388,0.000,555.0,202.5,12.5,795,
25.4.2026,11:40:55.903,52.3,61.1,52.421,0.000,480.0,202.5,12.5,795,
25.4.2026,11:40:56.108,52.3,61.1,52.543,0.000,480.0,202.5,12.5,795,
25.4.2026,11:40:56.319,52.3,61.2,52.627,0.000,480.0,202.5,12.5,795,
25.4.2026,11:40:56.514,52.3,61.1,52.729,0.000,510.0,202.5,12.5,795,
25.4.2026,11:40:56.721,52.3,61.0,52.558,0.000,510.0,202.5,12.5,795,
25.4.2026,11:40:56.920,52.3,61.1,52.718,0.000,510.0,202.5,12.5,795,
25.4.2026,11:40:57.120,52.3,61.1,52.983,0.000,510.0,202.5,12.5,795,
25.4.2026,11:40:57.336,52.3,61.2,52.761,0.000,510.0,202.5,12.5,795,
25.4.2026,11:40:57.527,52.3,61.2,53.740,0.000,510.0,202.5,12.5,795,
25.4.2026,11:40:57.736,52.3,61.1,52.514,0.000,510.0,202.5,12.5,795,
25.4.2026,11:40:57.936,52.3,61.2,52.993,0.000,510.0,202.5,12.5,795,
25.4.2026,11:40:58.138,52.2,61.1,52.883,0.000,510.0,202.5,12.5,795,
25.4.2026,11:40:58.341,52.2,61.0,52.663,0.000,480.0,202.5,12.5,795,
25.4.2026,11:40:58.545,52.3,61.1,53.007,0.000,480.0,202.5,12.5,795,
25.4.2026,11:40:58.747,52.3,61.1,53.079,0.000,480.0,202.5,12.5,795,
25.4.2026,11:40:58.950,52.3,61.1,53.051,0.000,480.0,202.5,12.5,795,
25.4.2026,11:40:59.160,52.3,61.1,53.305,0.000,480.0,202.5,12.5,795,
25.4.2026,11:40:59.358,52.3,61.1,52.498,0.000,480.0,202.5,12.5,795,
25.4.2026,11:40:59.557,52.3,61.0,53.290,0.000,465.0,202.5,12.5,795,
25.4.2026,11:40:59.769,52.3,61.1,53.049,0.000,495.0,202.5,12.5,795,
25.4.2026,11:40:59.963,52.3,61.2,53.287,0.000,495.0,202.5,12.5,795,
25.4.2026,11:41:0.167,52.3,61.1,52.498,0.000,495.0,202.5,12.5,795,
25.4.2026,11:41:0.379,52.3,61.1,52.695,0.000,495.0,202.5,12.5,795,
25.4.2026,11:41:0.577,52.3,61.1,52.786,0.000,495.0,202.5,12.5,795,
25.4.2026,11:41:0.776,52.3,61.1,52.456,0.000,495.0,202.5,12.5,795,
25.4.2026,11:41:0.985,52.3,61.1,52.379,0.000,495.0,202.5,12.5,795,
25.4.2026,11:41:1.188,52.3,61.1,52.396,0.000,495.0,202.5,12.5,795,
25.4.2026,11:41:1.391,52.3,61.1,52.444,0.000,480.0,202.5,12.5,795,
25.4.2026,11:41:1.591,52.3,61.1,52.706,0.000,465.0,202.5,12.5,795,
25.4.2026,11:41:1.795,52.3,61.1,52.634,0.000,480.0,202.5,12.5,795,
25.4.2026,11:41:2.001,52.3,61.1,52.640,0.000,480.0,202.5,12.5,795,
25.4.2026,11:41:2.203,52.2,61.1,52.383,0.000,480.0,202.5,12.5,795,
25.4.2026,11:41:2.413,52.3,61.1,52.537,0.000,480.0,202.5,12.5,795,
25.4.2026,11:41:2.606,52.3,61.1,52.557,0.000,480.0,202.5,12.5,795,
25.4.2026,11:41:2.819,52.3,61.1,52.493,0.000,480.0,202.5,12.5,795,
25.4.2026,11:41:3.013,52.3,61.1,52.788,0.000,480.0,202.5,12.5,795,
25.4.2026,11:41:3.226,52.3,61.1,52.558,0.000,495.0,202.5,12.5,795,
25.4.2026,11:41:3.425,52.3,61.0,52.449,0.000,495.0,202.5,12.5,795,
25.4.2026,11:41:3.633,52.3,61.2,52.592,0.000,495.0,202.5,12.5,795,
25.4.2026,11:41:3.827,52.3,61.1,52.380,0.000,495.0,202.5,12.5,795,
25.4.2026,11:41:4.033,52.3,61.1,52.559,0.000,495.0,202.5,12.5,795,
25.4.2026,11:41:4.241,52.3,61.1,52.405,0.000,495.0,202.5,12.5,795,
25.4.2026,11:41:4.445,52.3,61.2,52.405,0.000,495.0,202.5,12.5,795,
25.4.2026,11:41:4.644,52.3,61.2,52.710,0.000,495.0,202.5,12.5,795,
25.4.2026,11:41:4.843,52.3,61.2,52.710,0.000,525.0,202.5,12.5,795,
25.4.2026,11:41:5.048,52.3,61.2,52.798,0.000,525.0,202.5,12.5,795,
25.4.2026,11:41:5.245,52.3,61.1,52.614,0.000,525.0,202.5,12.5,795,
25.4.2026,11:41:5.452,52.3,61.1,52.728,0.000,525.0,202.5,12.5,795,
25.4.2026,11:41:5.657,52.3,61.1,52.806,0.000,525.0,202.5,12.5,795,
25.4.2026,11:41:5.874,52.4,61.2,52.562,0.000,525.0,202.5,12.5,795,
25.4.2026,11:41:6.068,52.3,61.2,52.598,0.000,525.0,202.5,12.5,795,
25.4.2026,11:41:6.266,52.3,61.2,52.475,0.000,525.0,202.5,12.5,795,
25.4.2026,11:41:6.466,52.3,61.2,53.164,0.000,510.0,202.5,12.5,795,
25.4.2026,11:41:6.674,52.3,61.2,52.306,0.000,510.0,202.5,12.5,795,
25.4.2026,11:41:6.883,52.3,61.2,52.438,0.000,495.0,202.5,12.5,795,
25.4.2026,11:41:7.083,52.3,61.1,52.447,0.000,495.0,202.5,12.5,795,
25.4.2026,11:41:7.278,52.3,61.1,52.464,0.000,480.0,202.5,12.5,795,
25.4.2026,11:41:7.488,52.3,61.1,52.383,0.000,480.0,202.5,12.5,795,
25.4.2026,11:41:7.691,52.3,61.1,52.386,0.000,480.0,202.5,12.5,795,
25.4.2026,11:41:7.897,52.3,61.2,52.475,0.000,465.0,202.5,12.5,795,
25.4.2026,11:41:8.091,52.3,61.2,52.629,0.000,465.0,202.5,12.5,795,
25.4.2026,11:41:8.302,52.3,61.2,52.413,0.000,465.0,202.5,12.5,795,
25.4.2026,11:41:8.501,52.4,61.2,52.490,0.000,495.0,202.5,12.5,795,
25.4.2026,11:41:8.713,52.3,61.2,52.452,0.000,495.0,202.5,12.5,795,
25.4.2026,11:41:8.909,52.3,61.2,52.706,0.000,510.0,202.5,12.5,795,
25.4.2026,11:41:9.108,52.3,61.2,52.477,0.000,510.0,202.5,12.5,795,
25.4.2026,11:41:9.314,52.4,61.2,52.445,0.000,510.0,202.5,12.5,795,
25.4.2026,11:41:9.525,52.3,61.2,52.742,0.000,525.0,202.5,12.5,795,
25.4.2026,11:41:9.720,52.4,61.2,52.737,0.000,525.0,202.5,12.5,795,
25.4.2026,11:41:9.933,52.4,61.2,52.514,0.000,540.0,202.5,12.5,795,
25.4.2026,11:41:10.132,52.3,61.2,52.702,0.000,540.0,202.5,12.5,795,
25.4.2026,11:41:10.333,52.3,61.2,53.000,0.000,540.0,202.5,12.5,795,
25.4.2026,11:41:10.541,52.4,61.2,52.592,0.000,540.0,202.5,12.5,795,
25.4.2026,11:41:10.735,52.4,61.2,52.906,0.000,540.0,202.5,12.5,795,
25.4.2026,11:41:10.938,52.3,61.2,52.564,0.000,540.0,202.5,12.5,795,
25.4.2026,11:41:11.141,52.3,61.3,53.325,0.000,540.0,202.5,12.5,795,
25.4.2026,11:41:11.343,52.3,61.2,52.865,0.000,540.0,202.5,12.5,795,
25.4.2026,11:41:11.544,52.3,61.3,53.358,0.000,540.0,202.5,12.5,795,
25.4.2026,11:41:11.755,52.3,61.2,53.213,0.000,510.0,202.5,12.5,795,
25.4.2026,11:41:11.948,52.4,61.2,53.548,0.000,510.0,202.5,12.5,795,
25.4.2026,11:41:12.153,52.3,61.2,53.096,0.000,495.0,202.5,12.5,795,
25.4.2026,11:41:12.355,52.3,61.2,52.686,0.000,495.0,202.5,12.5,795,
25.4.2026,11:41:12.566,52.3,61.2,52.806,0.000,495.0,202.5,12.5,795,
25.4.2026,11:41:12.769,52.4,61.1,52.452,0.000,480.0,202.5,12.5,795,
25.4.2026,11:41:12.976,52.3,61.2,52.437,0.000,480.0,202.5,12.5,795,
25.4.2026,11:41:13.183,52.4,61.2,52.446,0.000,465.0,202.5,12.5,795,
25.4.2026,11:41:13.372,52.4,61.2,52.334,0.000,465.0,202.5,12.5,795,
25.4.2026,11:41:13.573,52.3,61.1,52.361,0.000,465.0,202.5,12.5,795,
25.4.2026,11:41:13.784,52.3,61.1,52.333,0.000,450.0,202.5,12.5,795,
25.4.2026,11:41:13.982,52.4,61.2,52.446,0.000,495.0,202.5,12.5,795,
25.4.2026,11:41:14.194,52.3,61.2,52.328,0.000,495.0,202.5,12.5,795,
25.4.2026,11:41:14.387,52.4,61.2,52.404,0.000,495.0,202.5,12.5,795,
25.4.2026,11:41:14.589,52.4,61.2,52.552,0.000,495.0,202.5,12.5,795,
25.4.2026,11:41:14.796,52.4,61.2,52.547,0.000,495.0,202.5,12.5,795,
25.4.2026,11:41:15.000,52.3,61.1,52.686,0.000,495.0,202.5,12.5,795,
25.4.2026,11:41:15.202,52.3,61.2,52.580,0.000,495.0,202.5,12.5,795,
25.4.2026,11:41:15.415,52.4,61.1,52.770,0.000,495.0,202.5,12.5,795,
25.4.2026,11:41:15.609,52.4,61.3,52.390,0.000,495.0,202.5,12.5,795,
25.4.2026,11:41:15.819,52.4,61.3,52.692,0.000,495.0,202.5,12.5,795,
25.4.2026,11:41:16.030,52.4,61.2,52.629,0.000,495.0,202.5,12.5,795,
25.4.2026,11:41:16.226,52.4,61.2,52.629,0.000,495.0,202.5,12.5,795,
25.4.2026,11:41:16.429,52.4,61.2,52.383,0.000,510.0,202.5,12.5,795,
25.4.2026,11:41:16.631,52.4,61.2,52.612,0.000,525.0,202.5,12.5,795,
25.4.2026,11:41:16.841,52.4,61.2,52.551,0.000,540.0,202.5,12.5,795,
25.4.2026,11:41:17.044,52.4,61.1,52.598,0.000,540.0,202.5,12.5,795,
25.4.2026,11:41:17.245,52.4,61.3,52.742,0.000,540.0,202.5,12.5,795,
25.4.2026,11:41:17.449,52.5,61.2,52.686,0.000,540.0,202.5,12.5,795,
25.4.2026,11:41:17.637,52.4,61.1,53.073,0.000,540.0,202.5,12.5,795,
25.4.2026,11:41:17.851,52.5,61.2,53.114,0.000,540.0,202.5,12.5,795,
25.4.2026,11:41:18.056,52.5,61.3,52.675,0.000,540.0,202.5,12.5,795,
25.4.2026,11:41:18.251,52.4,61.1,52.442,0.000,540.0,202.5,12.5,795,
25.4.2026,11:41:18.450,52.4,61.3,53.139,0.000,525.0,202.5,12.5,795,
25.4.2026,11:41:18.662,52.4,61.3,53.152,0.000,525.0,202.5,12.5,795,
25.4.2026,11:41:18.867,52.4,61.2,52.473,0.000,510.0,202.5,12.5,795,
25.4.2026,11:41:19.065,52.4,61.3,52.921,0.000,510.0,202.5,12.5,795,
25.4.2026,11:41:19.263,52.4,61.2,52.429,0.000,495.0,202.5,12.5,795,
25.4.2026,11:41:19.464,52.4,61.2,52.614,0.000,495.0,202.5,12.5,795,
25.4.2026,11:41:19.677,52.4,61.2,52.741,0.000,495.0,202.5,12.5,795,
25.4.2026,11:41:19.877,52.4,61.2,52.658,0.000,495.0,202.5,12.5,795,
25.4.2026,11:41:20.077,52.4,61.2,52.465,0.000,495.0,202.5,12.5,795,
25.4.2026,11:41:20.281,52.5,61.2,52.398,0.000,495.0,202.5,12.5,795,
25.4.2026,11:41:20.496,52.4,61.2,52.729,0.000,480.0,202.5,12.5,795,
25.4.2026,11:41:20.682,52.4,61.2,52.645,0.000,480.0,202.5,12.5,795,
25.4.2026,11:41:20.893,52.4,61.3,52.523,0.000,480.0,202.5,12.5,795,
25.4.2026,11:41:21.092,52.4,61.2,52.393,0.000,480.0,202.5,12.5,795,
25.4.2026,11:41:21.297,52.5,61.3,52.528,0.000,495.0,202.5,12.5,795,
25.4.2026,11:41:21.500,52.4,61.3,52.380,0.000,495.0,202.5,12.5,795,
25.4.2026,11:41:21.698,52.4,61.3,52.402,0.000,495.0,202.5,12.5,795,
25.4.2026,11:41:21.904,52.4,61.3,52.938,0.000,495.0,202.5,12.5,795,
25.4.2026,11:41:22.113,52.5,61.3,53.090,0.000,495.0,202.5,12.5,795,
25.4.2026,11:41:22.321,52.4,61.3,52.642,0.000,495.0,202.5,12.5,795,
25.4.2026,11:41:22.519,52.4,61.3,52.608,0.000,495.0,202.5,12.5,795,
25.4.2026,11:41:22.717,52.4,61.2,52.937,0.000,495.0,202.5,12.5,795,
25.4.2026,11:41:22.924,52.4,61.2,52.752,0.000,495.0,202.5,12.5,795,
25.4.2026,11:41:23.133,52.4,61.2,52.721,0.000,510.0,202.5,12.5,795,
25.4.2026,11:41:23.323,52.5,61.3,52.598,0.000,510.0,202.5,12.5,795,
25.4.2026,11:41:23.532,52.4,61.2,52.606,0.000,510.0,202.5,12.5,795,
25.4.2026,11:41:23.730,52.4,61.3,52.606,0.000,510.0,202.5,12.5,795,
25.4.2026,11:41:23.943,52.4,61.2,52.667,0.000,510.0,202.5,12.5,795,
25.4.2026,11:41:24.145,52.4,61.2,53.118,0.000,510.0,202.5,12.5,795,
25.4.2026,11:41:24.349,52.4,61.2,53.159,0.000,510.0,202.5,12.5,795,
25.4.2026,11:41:24.551,52.4,61.3,53.128,0.000,510.0,202.5,12.5,795,
25.4.2026,11:41:24.745,52.4,61.3,53.119,0.000,510.0,202.5,12.5,795,
25.4.2026,11:41:24.956,52.5,61.3,52.691,0.000,495.0,202.5,12.5,795,
25.4.2026,11:41:25.162,52.5,61.3,52.618,0.000,495.0,202.5,12.5,795,
25.4.2026,11:41:25.358,52.5,61.3,52.720,0.000,495.0,202.5,12.5,795,
25.4.2026,11:41:25.560,52.5,61.3,52.552,0.000,510.0,202.5,12.5,795,
25.4.2026,11:41:25.776,52.5,61.3,52.614,0.000,510.0,202.5,12.5,795,
25.4.2026,11:41:25.978,52.5,61.4,52.613,0.000,510.0,202.5,12.5,795,
25.4.2026,11:41:26.168,52.5,61.4,52.438,0.000,510.0,202.5,12.5,795,
25.4.2026,11:41:26.381,52.5,61.3,52.462,0.000,510.0,202.5,12.5,795,
25.4.2026,11:41:26.587,52.5,61.3,52.353,0.000,510.0,202.5,12.5,795,
25.4.2026,11:41:26.792,52.5,61.3,52.469,0.000,510.0,202.5,12.5,795,
25.4.2026,11:41:26.983,52.5,61.3,52.643,0.000,510.0,202.5,12.5,795,
25.4.2026,11:41:27.198,52.5,61.3,52.444,0.000,510.0,202.5,12.5,795,
25.4.2026,11:41:27.403,52.5,61.4,52.568,0.000,495.0,202.5,12.5,795,
25.4.2026,11:41:27.603,52.5,61.3,53.196,0.000,495.0,202.5,12.5,795,
25.4.2026,11:41:27.793,52.5,61.3,52.761,0.000,495.0,202.5,12.5,795,
25.4.2026,11:41:28.001,52.5,61.4,52.850,0.000,495.0,202.5,12.5,795,
25.4.2026,11:41:28.201,52.5,61.3,52.444,0.000,495.0,202.5,12.5,795,
25.4.2026,11:41:28.404,52.5,61.4,52.462,0.000,495.0,202.5,12.5,795,
25.4.2026,11:41:28.611,52.5,61.3,52.519,0.000,495.0,202.5,12.5,795,
25.4.2026,11:41:28.815,52.4,61.4,52.421,0.000,495.0,202.5,12.5,795,
25.4.2026,11:41:29.021,52.5,61.4,52.537,0.000,495.0,202.5,12.5,795,
25.4.2026,11:41:29.221,52.5,61.3,52.539,0.000,495.0,202.5,12.5,795,
25.4.2026,11:41:29.423,52.5,61.3,52.414,0.000,495.0,202.5,12.5,795,
25.4.2026,11:41:29.632,52.4,61.3,52.522,0.000,495.0,202.5,12.5,795,
25.4.2026,11:41:29.823,52.4,61.3,52.522,0.000,480.0,202.5,12.5,795,
25.4.2026,11:41:30.037,52.4,61.4,52.579,0.000,480.0,202.5,12.5,795,
25.4.2026,11:41:30.235,52.4,61.3,52.516,0.000,465.0,202.5,12.5,795,
25.4.2026,11:41:30.436,52.4,61.3,52.784,0.000,465.0,202.5,12.5,795,
25.4.2026,11:41:30.648,52.5,61.3,52.459,0.000,465.0,202.5,12.5,795,
25.4.2026,11:41:30.841,52.4,61.2,52.751,0.000,465.0,202.5,12.5,795,
25.4.2026,11:41:31.046,52.5,61.3,52.716,0.000,450.0,202.5,12.5,795,
25.4.2026,11:41:31.250,52.4,61.3,53.000,0.000,450.0,202.5,12.5,795,
25.4.2026,11:41:31.454,52.4,61.2,52.798,0.000,480.0,202.5,12.5,795,
25.4.2026,11:41:31.653,52.5,61.3,52.957,0.000,480.0,202.5,12.5,795,
25.4.2026,11:41:31.863,52.5,61.3,53.132,0.000,480.0,202.5,12.5,795,
25.4.2026,11:41:32.068,52.5,61.3,52.490,0.000,480.0,202.5,12.5,795,
25.4.2026,11:41:32.265,52.5,61.3,52.637,0.000,480.0,202.5,12.5,795,
25.4.2026,11:41:32.470,52.5,61.4,52.496,0.000,480.0,202.5,12.5,795,
25.4.2026,11:41:32.672,52.5,61.3,52.552,0.000,480.0,202.5,12.5,795,
25.4.2026,11:41:32.885,52.5,61.3,52.681,0.000,480.0,202.5,12.5,795,
25.4.2026,11:41:33.079,52.5,61.3,52.463,0.000,495.0,202.5,12.5,795,
25.4.2026,11:41:33.291,52.5,61.3,52.758,0.000,495.0,202.5,12.5,795,
25.4.2026,11:41:33.488,52.5,61.3,52.436,0.000,495.0,202.5,12.5,795,
25.4.2026,11:41:33.684,52.5,61.2,52.734,0.000,495.0,202.5,12.5,795,
25.4.2026,11:41:33.902,52.5,61.4,52.538,0.000,510.0,202.5,12.5,795,
25.4.2026,11:41:34.091,52.5,61.3,52.655,0.000,510.0,202.5,12.5,795,
25.4.2026,11:41:34.303,52.5,61.6,52.752,0.000,525.0,202.5,12.5,795,
25.4.2026,11:41:34.496,52.5,61.3,52.420,0.000,525.0,202.5,12.5,795,
25.4.2026,11:41:34.708,52.5,61.4,53.111,0.000,525.0,202.5,12.5,795,
25.4.2026,11:41:34.914,52.5,61.4,52.726,0.000,525.0,202.5,12.5,795,
25.4.2026,11:41:35.109,52.5,61.4,52.437,0.000,525.0,202.5,12.5,795,
25.4.2026,11:41:35.313,52.5,61.4,52.696,0.000,525.0,202.5,12.5,795,
25.4.2026,11:41:35.521,52.5,61.3,52.305,0.000,525.0,202.5,12.5,795,
25.4.2026,11:41:35.723,52.5,61.4,52.452,0.000,525.0,202.5,12.5,795,
25.4.2026,11:41:35.927,52.5,61.3,52.430,0.000,525.0,202.5,12.5,795,
25.4.2026,11:41:36.125,52.5,61.4,52.457,0.000,495.0,202.5,12.5,795,
25.4.2026,11:41:36.331,52.5,61.3,52.417,0.000,480.0,202.5,12.5,795,
25.4.2026,11:41:36.532,52.5,61.3,52.749,0.000,480.0,202.5,12.5,795,
25.4.2026,11:41:36.735,52.5,61.4,53.106,0.000,480.0,202.5,12.5,795,
25.4.2026,11:41:36.942,52.5,61.3,53.216,0.000,480.0,202.5,12.5,795,
25.4.2026,11:41:37.148,52.5,61.4,53.275,0.000,480.0,202.5,12.5,795,
25.4.2026,11:41:37.359,52.6,61.5,53.130,0.000,480.0,202.5,12.5,795,
25.4.2026,11:41:37.551,52.5,61.4,52.509,0.000,495.0,202.5,12.5,795,
25.4.2026,11:41:37.752,52.5,61.5,52.606,0.000,495.0,202.5,12.5,795,
25.4.2026,11:41:37.961,52.5,61.4,52.519,0.000,495.0,202.5,12.5,795,
25.4.2026,11:41:38.154,52.5,61.4,52.413,0.000,495.0,202.5,12.5,795,
25.4.2026,11:41:38.362,52.5,61.3,52.657,0.000,510.0,202.5,12.5,795,
25.4.2026,11:41:38.571,52.5,61.3,52.460,0.000,510.0,202.5,12.5,795,
25.4.2026,11:41:38.767,52.5,61.4,52.646,0.000,510.0,202.5,12.5,795,
25.4.2026,11:41:38.973,52.5,61.4,52.639,0.000,510.0,202.5,12.5,795,
25.4.2026,11:41:39.169,52.6,61.3,52.472,0.000,510.0,202.5,12.5,795,
25.4.2026,11:41:39.377,52.6,61.3,52.545,0.000,510.0,202.5,12.5,795,
25.4.2026,11:41:39.585,52.5,61.3,52.697,0.000,510.0,202.5,12.5,795,
25.4.2026,11:41:39.781,52.5,61.3,52.531,0.000,525.0,202.5,12.5,795,
25.4.2026,11:41:39.983,52.5,61.4,52.421,0.000,525.0,202.5,12.5,795,
25.4.2026,11:41:40.191,52.5,61.5,52.713,0.000,525.0,202.5,12.5,795,
25.4.2026,11:41:40.395,52.6,61.4,52.575,0.000,525.0,202.5,12.5,795,
25.4.2026,11:41:40.590,52.6,61.3,52.598,0.000,525.0,202.5,12.5,795,
25.4.2026,11:41:40.796,52.6,61.2,52.558,0.000,555.0,202.5,12.5,795,
25.4.2026,11:41:40.999,52.5,61.4,52.488,0.000,555.0,202.5,12.5,795,
25.4.2026,11:41:41.205,52.5,61.4,52.477,0.000,555.0,202.5,12.5,795,
25.4.2026,11:41:41.408,52.5,61.4,52.482,0.000,555.0,202.5,12.5,795,
25.4.2026,11:41:41.613,52.6,61.5,52.560,0.000,555.0,202.5,12.5,795,
25.4.2026,11:41:41.808,52.6,61.5,52.560,0.000,555.0,202.5,12.3,780,
25.4.2026,11:41:42.020,52.5,61.3,52.523,0.000,555.0,202.5,12.3,780,
25.4.2026,11:41:42.219,52.5,61.3,52.556,0.000,555.0,202.5,12.3,780,
25.4.2026,11:41:42.423,52.5,61.4,52.565,0.000,555.0,202.5,12.3,780,
25.4.2026,11:41:42.640,52.5,61.4,52.805,0.000,555.0,202.5,12.3,780,
25.4.2026,11:41:42.826,52.6,61.4,52.542,0.000,510.0,202.5,12.3,780,
25.4.2026,11:41:43.030,52.5,61.4,52.449,0.000,495.0,202.5,12.3,780,
25.4.2026,11:41:43.232,52.5,61.4,52.706,0.000,510.0,202.5,12.3,780,
25.4.2026,11:41:43.447,52.5,61.4,52.698,0.000,510.0,202.5,12.3,780,
25.4.2026,11:41:43.636,52.5,61.4,52.575,0.000,510.0,202.5,12.3,780,
25.4.2026,11:41:43.847,52.6,61.3,52.790,0.000,510.0,202.5,12.3,780,
25.4.2026,11:41:44.052,52.6,61.4,52.591,0.000,510.0,202.5,12.3,780,
25.4.2026,11:41:44.249,52.6,61.4,52.435,0.000,510.0,202.5,12.3,780,
25.4.2026,11:41:44.458,52.5,61.4,53.204,0.000,510.0,202.5,12.3,780,
25.4.2026,11:41:44.656,52.6,61.4,52.428,0.000,510.0,202.5,12.3,780,
25.4.2026,11:41:44.876,52.7,61.3,52.749,0.000,780.0,2062.7,12.4,789,
25.4.2026,11:41:45.071,53.0,61.4,52.390,0.000,780.0,2062.7,12.5,795,
25.4.2026,11:41:45.270,53.0,61.5,52.636,0.000,780.0,2062.7,12.5,795,
25.4.2026,11:41:45.473,53.0,61.6,52.392,0.000,780.0,2062.7,12.5,795,
25.4.2026,11:41:45.685,53.0,61.7,52.344,0.000,780.0,2062.7,12.5,795,
25.4.2026,11:41:45.883,53.1,61.6,52.444,0.000,780.0,2062.7,12.5,795,
25.4.2026,11:41:46.086,53.1,61.6,52.468,0.000,780.0,2062.7,12.5,795,
25.4.2026,11:41:46.292,53.1,61.6,52.458,0.000,780.0,2062.7,12.5,795,
25.4.2026,11:41:46.485,53.1,61.7,52.541,0.000,780.0,2062.7,12.5,795,
25.4.2026,11:41:46.690,53.2,61.7,52.444,0.000,780.0,2062.7,12.5,795,
25.4.2026,11:41:46.893,53.2,61.7,52.460,0.000,780.0,2062.7,12.5,795,
25.4.2026,11:41:47.097,53.2,61.6,52.657,0.000,780.0,2062.7,12.5,795,
25.4.2026,11:41:47.298,53.2,61.7,52.462,0.000,780.0,2062.7,12.5,795,
25.4.2026,11:41:47.496,53.2,61.7,52.491,0.000,780.0,2062.7,12.5,795,
25.4.2026,11:41:47.705,52.9,61.7,52.515,0.000,555.0,202.5,12.5,795,
25.4.2026,11:41:47.915,52.8,61.7,52.722,0.000,540.0,202.5,12.5,795,
25.4.2026,11:41:48.127,52.8,61.6,52.437,0.000,540.0,202.5,12.5,795,
25.4.2026,11:41:48.333,52.7,61.6,52.459,0.000,525.0,202.5,12.5,795,
25.4.2026,11:41:48.514,52.7,61.6,53.227,0.000,510.0,202.5,12.5,795,
25.4.2026,11:41:48.725,52.8,61.6,52.770,0.000,510.0,202.5,12.5,795,
25.4.2026,11:41:48.920,52.7,61.6,53.237,0.000,510.0,202.5,12.5,795,
25.4.2026,11:41:49.123,52.8,61.6,52.446,0.000,525.0,202.5,12.5,795,
25.4.2026,11:41:49.330,52.7,61.6,53.141,0.000,525.0,202.5,12.5,795,
25.4.2026,11:41:49.534,52.7,61.7,52.798,0.000,525.0,202.5,12.5,795,
25.4.2026,11:41:49.733,52.7,61.6,53.209,0.000,525.0,202.5,12.5,795,
25.4.2026,11:41:49.935,52.7,61.6,53.201,0.000,525.0,202.5,12.5,795,
25.4.2026,11:41:50.157,52.7,61.6,53.126,0.000,525.0,202.5,12.5,795,
25.4.2026,11:41:50.351,52.7,61.6,52.593,0.000,525.0,202.5,12.5,795,
25.4.2026,11:41:50.554,52.7,61.6,52.485,0.000,525.0,202.5,12.5,795,
25.4.2026,11:41:50.757,52.7,61.6,53.075,0.000,525.0,202.5,12.5,795,
25.4.2026,11:41:50.950,52.7,61.6,52.549,0.000,495.0,202.5,12.5,795,
25.4.2026,11:41:51.159,52.7,61.6,52.714,0.000,495.0,202.5,12.5,795,
25.4.2026,11:41:51.357,52.7,61.6,52.494,0.000,495.0,202.5,12.5,795,
25.4.2026,11:41:51.564,52.7,61.5,52.399,0.000,510.0,202.5,12.5,795,
25.4.2026,11:41:51.763,52.7,61.6,52.555,0.000,510.0,202.5,12.5,795,
25.4.2026,11:41:51.969,52.7,61.8,52.591,0.000,510.0,202.5,12.5,795,
25.4.2026,11:41:52.173,52.7,61.7,52.552,0.000,510.0,202.5,12.5,795,
25.4.2026,11:41:52.388,52.7,61.7,52.513,0.000,510.0,202.5,12.5,795,
25.4.2026,11:41:52.590,52.7,61.6,52.952,0.000,510.0,202.5,12.5,795,
25.4.2026,11:41:52.780,52.7,61.5,52.774,0.000,510.0,202.5,12.5,795,
25.4.2026,11:41:52.996,52.7,61.6,52.867,0.000,510.0,202.5,12.5,795,
25.4.2026,11:41:53.191,52.8,61.6,52.699,0.000,510.0,202.5,12.5,795,
25.4.2026,11:41:53.398,52.7,61.5,52.713,0.000,525.0,202.5,12.5,795,
25.4.2026,11:41:53.594,52.7,61.6,52.463,0.000,525.0,202.5,12.5,795,
25.4.2026,11:41:53.797,52.7,61.6,52.750,0.000,525.0,202.5,12.5,795,
25.4.2026,11:41:53.996,52.7,61.5,52.683,0.000,525.0,202.5,12.5,795,
25.4.2026,11:41:54.205,52.7,61.7,52.609,0.000,525.0,202.5,12.5,795,
25.4.2026,11:41:54.410,52.7,61.5,52.481,0.000,525.0,202.5,12.5,795,
25.4.2026,11:41:54.622,52.7,61.5,52.417,0.000,525.0,202.5,12.5,795,
25.4.2026,11:41:54.823,52.7,61.6,52.826,0.000,525.0,202.5,12.5,795,
25.4.2026,11:41:55.015,52.7,61.6,52.569,0.000,525.0,202.5,12.5,795,
25.4.2026,11:41:55.215,52.7,61.6,52.819,0.000,495.0,202.5,12.5,795,
25.4.2026,11:41:55.422,52.7,61.6,52.856,0.000,495.0,202.5,12.5,795,
25.4.2026,11:41:55.638,52.7,61.6,52.905,0.000,495.0,202.5,12.5,795,
25.4.2026,11:41:55.832,52.7,61.6,53.052,0.000,495.0,202.5,12.5,795,
25.4.2026,11:41:56.037,52.7,61.6,52.646,0.000,495.0,202.5,12.5,795,
25.4.2026,11:41:56.239,52.7,61.6,52.646,0.000,495.0,202.5,12.5,795,
25.4.2026,11:41:56.444,52.7,61.6,52.515,0.000,495.0,202.5,12.5,795,
25.4.2026,11:41:56.653,52.7,61.6,52.683,0.000,495.0,202.5,12.5,795,
25.4.2026,11:41:56.846,52.7,61.7,52.695,0.000,480.0,202.5,12.5,795,
25.4.2026,11:41:57.055,52.7,61.7,52.421,0.000,480.0,202.5,12.5,795,
25.4.2026,11:41:57.248,52.7,61.7,52.836,0.000,510.0,202.5,12.5,795,
25.4.2026,11:41:57.460,52.7,61.7,52.470,0.000,510.0,202.5,12.5,795,
25.4.2026,11:41:57.673,52.7,61.7,52.447,0.000,510.0,202.5,12.5,795,
25.4.2026,11:41:57.862,52.7,61.6,52.473,0.000,510.0,202.5,12.5,795,
25.4.2026,11:41:58.067,52.8,61.6,52.675,0.000,510.0,202.5,12.5,795,
25.4.2026,11:41:58.273,52.7,61.6,52.621,0.000,510.0,202.5,12.5,795,
25.4.2026,11:41:58.474,52.7,61.6,52.453,0.000,510.0,202.5,12.5,795,
25.4.2026,11:41:58.674,52.8,61.7,52.601,0.000,510.0,202.5,12.5,795,
25.4.2026,11:41:58.893,52.8,61.6,52.514,0.000,510.0,202.5,12.5,795,
25.4.2026,11:41:59.081,52.8,61.7,52.477,0.000,495.0,202.5,12.5,795,
25.4.2026,11:41:59.288,52.8,61.7,52.435,0.000,495.0,202.5,12.5,795,
25.4.2026,11:41:59.490,52.7,61.7,52.702,0.000,495.0,202.5,12.5,795,
25.4.2026,11:41:59.692,52.7,61.7,52.446,0.000,495.0,202.5,12.5,795,
25.4.2026,11:41:59.891,52.7,61.7,52.476,0.000,480.0,202.5,12.5,795,
25.4.2026,11:42:0.104,52.7,61.6,52.427,0.000,480.0,202.5,12.5,795,
25.4.2026,11:42:0.300,52.7,61.7,52.420,0.000,465.0,202.5,12.5,795,
25.4.2026,11:42:0.501,52.7,61.6,52.537,0.000,465.0,202.5,12.5,795,
25.4.2026,11:42:0.713,52.7,61.6,52.631,0.000,465.0,202.5,12.5,795,
25.4.2026,11:42:0.915,52.7,61.7,53.022,0.000,465.0,202.5,12.5,795,
25.4.2026,11:42:1.114,52.7,61.7,52.467,0.000,480.0,202.5,12.5,795,
25.4.2026,11:42:1.329,52.8,61.7,52.612,0.000,495.0,202.5,12.5,795,
25.4.2026,11:42:1.522,52.8,61.6,53.022,0.000,495.0,202.5,12.5,795,
25.4.2026,11:42:1.728,52.8,61.6,52.693,0.000,495.0,202.5,12.5,795,
25.4.2026,11:42:1.929,52.7,61.7,53.520,0.000,495.0,202.5,12.5,795,
25.4.2026,11:42:2.129,52.7,61.7,52.625,0.000,495.0,202.5,12.5,795,
25.4.2026,11:42:2.333,52.7,61.8,53.422,0.000,495.0,202.5,12.5,795,
25.4.2026,11:42:2.535,52.7,61.7,53.070,0.000,495.0,202.5,12.5,795,
25.4.2026,11:42:2.742,52.7,61.7,53.143,0.000,495.0,202.5,12.5,795,
25.4.2026,11:42:2.939,52.7,61.7,52.476,0.000,495.0,202.5,12.5,795,
25.4.2026,11:42:3.139,52.7,61.7,52.460,0.000,480.0,202.5,12.5,795,
25.4.2026,11:42:3.349,52.8,61.7,53.126,0.000,480.0,202.5,12.5,795,
25.4.2026,11:42:3.555,52.7,61.7,52.439,0.000,480.0,202.5,12.5,795,
25.4.2026,11:42:3.748,52.8,61.8,52.691,0.000,480.0,202.5,12.5,795,
25.4.2026,11:42:3.949,52.8,61.7,52.418,0.000,510.0,202.5,12.5,795,
25.4.2026,11:42:4.153,52.7,61.7,52.564,0.000,510.0,202.5,12.5,795,
25.4.2026,11:42:4.356,52.8,61.7,52.729,0.000,510.0,202.5,12.5,795,
25.4.2026,11:42:4.561,52.8,61.7,52.480,0.000,510.0,202.5,12.5,795,
25.4.2026,11:42:4.767,52.8,61.7,52.584,0.000,510.0,202.5,12.5,795,
25.4.2026,11:42:4.977,52.7,61.7,52.419,0.000,510.0,202.5,12.5,795,
25.4.2026,11:42:5.175,52.8,61.8,52.705,0.000,510.0,202.5,12.5,795,
25.4.2026,11:42:5.385,52.7,61.7,52.738,0.000,510.0,202.5,12.5,795,
25.4.2026,11:42:5.579,52.7,61.6,52.416,0.000,495.0,202.5,12.5,795,
25.4.2026,11:42:5.778,52.7,61.7,52.439,0.000,495.0,202.5,12.5,795,
25.4.2026,11:42:5.985,52.7,61.7,52.433,0.000,480.0,202.5,12.5,795,
25.4.2026,11:42:6.190,52.8,61.8,52.681,0.000,480.0,202.5,12.5,795,
25.4.2026,11:42:6.389,52.8,61.8,52.825,0.000,480.0,202.5,12.5,795,
25.4.2026,11:42:6.600,52.7,61.8,52.473,0.000,480.0,202.5,12.5,795,
25.4.2026,11:42:6.804,52.8,61.8,52.710,0.000,480.0,202.5,12.5,795,
25.4.2026,11:42:6.998,52.8,61.8,52.555,0.000,495.0,202.5,12.5,795,
25.4.2026,11:42:7.204,52.8,61.8,52.750,0.000,495.0,202.5,12.5,795,
25.4.2026,11:42:7.410,52.8,61.7,52.640,0.000,510.0,202.5,12.5,795,
25.4.2026,11:42:7.610,52.8,61.8,52.519,0.000,510.0,202.5,12.5,795,
25.4.2026,11:42:7.813,52.7,61.8,52.519,0.000,510.0,202.5,12.5,795,
25.4.2026,11:42:8.022,52.7,61.8,52.621,0.000,510.0,202.5,12.5,795,
25.4.2026,11:42:8.229,52.8,61.8,52.468,0.000,510.0,202.5,12.5,795,
25.4.2026,11:42:8.419,52.8,61.7,52.825,0.000,510.0,202.5,12.5,795,
25.4.2026,11:42:8.629,52.8,61.7,52.991,0.000,510.0,202.5,12.5,795,
25.4.2026,11:42:8.826,52.8,61.7,52.771,0.000,510.0,202.5,12.5,795,
25.4.2026,11:42:9.029,52.8,61.7,52.957,0.000,540.0,202.5,12.5,795,
25.4.2026,11:42:9.234,52.8,61.7,52.568,0.000,585.0,202.5,12.5,795,
25.4.2026,11:42:9.441,52.8,61.8,52.648,0.000,585.0,202.5,12.5,795,
25.4.2026,11:42:9.637,52.8,61.8,52.512,0.000,585.0,202.5,12.5,795,
25.4.2026,11:42:9.839,52.8,61.7,53.069,0.000,585.0,202.5,12.5,795,
25.4.2026,11:42:10.044,52.8,61.7,53.236,0.000,585.0,202.5,12.5,795,
25.4.2026,11:42:10.245,52.8,61.8,52.689,0.000,585.0,202.5,12.5,795,
25.4.2026,11:42:10.449,52.8,61.8,52.634,0.000,585.0,202.5,12.5,795,
25.4.2026,11:42:10.655,52.8,61.7,52.598,0.000,585.0,202.5,12.5,795,
25.4.2026,11:42:10.859,52.8,61.8,52.710,0.000,555.0,202.5,12.5,795,
25.4.2026,11:42:11.060,52.8,61.8,52.430,0.000,540.0,202.5,12.5,795,
25.4.2026,11:42:11.262,52.8,61.8,52.485,0.000,540.0,202.5,12.5,795,
25.4.2026,11:42:11.465,52.8,61.8,52.475,0.000,525.0,202.5,12.5,795,
25.4.2026,11:42:11.672,52.8,61.8,52.444,0.000,525.0,202.5,12.5,795,
25.4.2026,11:42:11.874,52.8,61.8,52.676,0.000,510.0,202.5,12.5,795,
25.4.2026,11:42:12.074,52.8,61.7,52.610,0.000,525.0,202.5,12.5,795,
25.4.2026,11:42:12.280,52.8,61.8,52.398,0.000,525.0,202.5,12.5,795,
25.4.2026,11:42:12.485,52.8,61.8,52.437,0.000,525.0,202.5,12.5,795,
25.4.2026,11:42:12.684,52.8,61.8,52.469,0.000,525.0,202.5,12.5,795,
25.4.2026,11:42:12.890,52.8,61.9,52.666,0.000,525.0,202.5,12.5,795,
25.4.2026,11:42:13.098,52.8,61.8,52.801,0.000,525.0,202.5,12.5,795,
25.4.2026,11:42:13.294,52.8,61.8,52.856,0.000,525.0,202.5,12.5,795,
25.4.2026,11:42:13.502,52.8,61.8,52.713,0.000,525.0,202.5,12.5,795,
25.4.2026,11:42:13.701,52.8,61.9,52.953,0.000,525.0,202.5,12.5,795,
25.4.2026,11:42:13.903,52.8,61.8,52.987,0.000,510.0,202.5,12.5,795,
25.4.2026,11:42:14.108,52.8,61.8,53.050,0.000,510.0,202.5,12.5,795,
25.4.2026,11:42:14.309,52.8,61.9,52.562,0.000,510.0,202.5,12.5,795,
25.4.2026,11:42:14.512,52.8,61.8,52.399,0.000,510.0,202.5,12.5,795,
25.4.2026,11:42:14.719,52.8,61.8,52.442,0.000,510.0,202.5,12.5,795,
25.4.2026,11:42:14.917,52.8,61.9,53.505,0.000,495.0,202.5,12.5,795,
25.4.2026,11:42:15.124,52.8,61.8,53.370,0.000,495.0,202.5,12.5,795,
25.4.2026,11:42:15.324,52.8,61.8,53.361,0.000,495.0,202.5,12.5,795,
25.4.2026,11:42:15.528,52.8,61.8,53.326,0.000,495.0,202.5,12.5,795,
25.4.2026,11:42:15.735,52.8,61.8,53.309,0.000,510.0,202.5,12.5,795,
25.4.2026,11:42:15.937,52.8,61.8,53.201,0.000,525.0,202.5,12.5,795,
25.4.2026,11:42:16.137,52.8,61.7,52.556,0.000,525.0,202.5,12.5,795,
25.4.2026,11:42:16.343,52.8,61.8,52.914,0.000,540.0,202.5,12.5,795,
25.4.2026,11:42:16.543,52.8,61.8,52.449,0.000,540.0,202.5,12.5,795,
25.4.2026,11:42:16.748,52.8,61.8,52.441,0.000,540.0,202.5,12.5,795,
25.4.2026,11:42:16.953,52.8,61.8,52.483,0.000,540.0,202.5,12.5,795,
25.4.2026,11:42:17.161,52.8,61.8,52.442,0.000,540.0,202.5,12.5,795,
25.4.2026,11:42:17.362,52.8,61.7,52.628,0.000,540.0,202.5,12.5,795,
25.4.2026,11:42:17.562,52.8,61.8,52.655,0.000,540.0,202.5,12.5,795,
25.4.2026,11:42:17.763,52.8,61.8,52.560,0.000,540.0,202.5,12.5,795,
25.4.2026,11:42:17.966,52.8,61.8,52.542,0.000,540.0,202.5,12.5,795,
25.4.2026,11:42:18.172,52.8,61.8,52.371,0.000,540.0,202.5,12.5,795,
25.4.2026,11:42:18.378,52.8,61.7,52.437,0.000,540.0,202.5,12.5,795,
25.4.2026,11:42:18.574,52.8,61.8,52.696,0.000,540.0,202.5,12.5,795,
25.4.2026,11:42:18.779,52.9,61.8,52.673,0.000,540.0,202.5,12.5,795,
25.4.2026,11:42:18.986,52.8,61.8,52.700,0.000,555.0,202.5,12.5,795,
25.4.2026,11:42:19.184,52.9,61.8,52.791,0.000,555.0,202.5,12.5,795,
25.4.2026,11:42:19.388,52.9,61.8,52.638,0.000,555.0,202.5,12.5,795,
25.4.2026,11:42:19.589,52.8,61.8,52.592,0.000,555.0,202.5,12.5,795,
25.4.2026,11:42:19.795,52.9,61.8,52.693,0.000,555.0,202.5,12.5,795,
25.4.2026,11:42:20.000,52.9,61.8,52.715,0.000,570.0,202.5,12.5,795,
25.4.2026,11:42:20.201,52.8,61.8,52.484,0.000,570.0,202.5,12.5,795,
25.4.2026,11:42:20.408,52.8,61.8,52.484,0.000,570.0,202.5,12.5,795,
25.4.2026,11:42:20.608,52.8,61.8,52.521,0.000,570.0,202.5,12.5,795,
25.4.2026,11:42:20.816,52.8,61.8,52.422,0.000,570.0,202.5,12.5,795,
25.4.2026,11:42:21.016,52.8,61.8,52.779,0.000,570.0,202.5,12.5,795,
25.4.2026,11:42:21.214,52.9,61.8,52.627,0.000,570.0,202.5,12.5,795,
25.4.2026,11:42:21.420,52.9,61.9,52.768,0.000,570.0,202.5,12.5,795,
25.4.2026,11:42:21.629,52.9,61.8,52.754,0.000,570.0,202.5,12.5,795,
25.4.2026,11:42:21.829,52.9,61.9,52.629,0.000,570.0,202.5,12.5,795,
25.4.2026,11:42:22.033,52.9,61.9,52.735,0.000,540.0,202.5,12.5,795,
25.4.2026,11:42:22.232,52.8,61.9,52.627,0.000,540.0,202.5,12.5,795,
25.4.2026,11:42:22.437,52.8,61.7,53.126,0.000,525.0,202.5,12.5,795,
25.4.2026,11:42:22.640,52.8,61.8,52.434,0.000,510.0,202.5,12.5,795,
25.4.2026,11:42:22.841,52.8,61.8,52.495,0.000,510.0,202.5,12.5,795,
25.4.2026,11:42:23.043,52.8,61.8,52.725,0.000,510.0,202.5,12.5,795,
25.4.2026,11:42:23.249,52.8,61.8,52.437,0.000,495.0,202.5,12.5,795,
25.4.2026,11:42:23.450,52.9,61.8,52.636,0.000,495.0,202.5,12.5,795,
25.4.2026,11:42:23.660,52.8,61.8,52.407,0.000,495.0,202.5,12.5,795,
25.4.2026,11:42:23.861,52.8,61.8,52.468,0.000,495.0,202.5,12.5,795,
25.4.2026,11:42:24.060,52.8,61.8,52.774,0.000,510.0,202.5,12.5,795,
25.4.2026,11:42:24.265,52.8,61.8,52.491,0.000,510.0,202.5,12.5,795,
25.4.2026,11:42:24.467,52.9,61.8,52.417,0.000,510.0,202.5,12.5,795,
25.4.2026,11:42:24.673,52.9,61.8,52.722,0.000,540.0,202.5,12.5,795,
25.4.2026,11:42:24.879,52.9,61.8,52.497,0.000,540.0,202.5,12.5,795,
25.4.2026,11:42:25.080,52.9,61.8,52.574,0.000,540.0,202.5,12.5,795,
25.4.2026,11:42:25.279,52.9,61.9,52.431,0.000,540.0,202.5,12.5,795,
25.4.2026,11:42:25.485,52.9,61.8,52.787,0.000,540.0,202.5,12.5,795,
25.4.2026,11:42:25.687,52.9,61.8,52.732,0.000,540.0,202.5,12.5,795,
25.4.2026,11:42:25.887,52.9,61.8,52.947,0.000,540.0,202.5,12.5,795,
25.4.2026,11:42:26.094,52.9,61.8,52.969,0.000,540.0,202.5,12.5,795,
25.4.2026,11:42:26.295,52.9,61.9,52.762,0.000,540.0,202.5,12.5,795,
25.4.2026,11:42:26.496,52.9,61.8,52.858,0.000,540.0,202.5,12.5,795,
25.4.2026,11:42:26.703,52.9,61.8,52.838,0.000,540.0,202.5,12.5,795,
25.4.2026,11:42:26.904,52.9,61.8,52.753,0.000,540.0,202.5,12.5,795,
25.4.2026,11:42:27.111,52.9,61.9,52.905,0.000,540.0,202.5,12.5,795,
25.4.2026,11:42:27.313,52.9,61.8,52.743,0.000,540.0,202.5,12.5,795,
25.4.2026,11:42:27.518,52.9,61.8,52.974,0.000,540.0,202.5,12.5,795,
25.4.2026,11:42:27.725,52.9,61.8,52.445,0.000,540.0,202.5,12.5,795,
25.4.2026,11:42:27.921,52.9,61.8,52.481,0.000,540.0,202.5,12.5,795,
25.4.2026,11:42:28.122,52.8,61.8,52.602,0.000,510.0,202.5,12.5,795,
25.4.2026,11:42:28.327,52.8,61.8,52.482,0.000,510.0,202.5,12.5,795,
25.4.2026,11:42:28.532,52.8,61.8,52.572,0.000,510.0,202.5,12.5,795,
25.4.2026,11:42:28.734,52.9,61.8,52.705,0.000,510.0,202.5,12.5,795,
25.4.2026,11:42:28.936,52.9,61.9,52.447,0.000,510.0,202.5,12.5,795,
25.4.2026,11:42:29.137,52.9,61.8,52.413,0.000,510.0,202.5,12.5,795,
25.4.2026,11:42:29.344,52.9,61.9,52.625,0.000,510.0,202.5,12.5,795,
25.4.2026,11:42:29.547,52.9,61.8,52.637,0.000,510.0,202.5,12.5,795,
25.4.2026,11:42:29.746,52.9,61.8,52.528,0.000,540.0,202.5,12.5,795,
25.4.2026,11:42:29.960,52.9,61.9,52.485,0.000,540.0,202.5,12.5,795,
25.4.2026,11:42:30.154,52.9,61.8,52.425,0.000,540.0,202.5,12.5,795,
25.4.2026,11:42:30.359,52.9,61.8,52.729,0.000,540.0,202.5,12.5,795,
25.4.2026,11:42:30.572,52.9,61.8,52.863,0.000,540.0,202.5,12.5,795,
25.4.2026,11:42:30.763,52.9,61.8,52.729,0.000,540.0,202.5,12.5,795,
25.4.2026,11:42:30.968,52.9,61.9,52.554,0.000,540.0,202.5,12.5,795,
25.4.2026,11:42:31.173,52.9,61.9,52.573,0.000,540.0,202.5,12.5,795,
25.4.2026,11:42:31.372,52.9,61.9,52.573,0.000,540.0,202.5,12.5,795,
25.4.2026,11:42:31.579,52.9,61.9,52.778,0.000,540.0,202.5,12.5,795,
25.4.2026,11:42:31.785,52.9,61.8,52.376,0.000,540.0,202.5,12.5,795,
25.4.2026,11:42:31.983,52.9,61.9,52.733,0.000,525.0,202.5,12.5,795,
25.4.2026,11:42:32.187,52.9,61.7,52.409,0.000,525.0,202.5,12.5,795,
25.4.2026,11:42:32.389,52.9,61.9,52.706,0.000,525.0,202.5,12.5,795,
25.4.2026,11:42:32.600,52.9,61.8,52.755,0.000,525.0,202.5,12.5,795,
25.4.2026,11:42:32.796,52.9,61.8,52.743,0.000,525.0,202.5,12.5,795,
25.4.2026,11:42:32.999,52.9,61.8,52.741,0.000,525.0,202.5,12.5,795,
25.4.2026,11:42:33.200,52.9,61.8,52.708,0.000,525.0,202.5,12.5,795,
25.4.2026,11:42:33.409,52.9,61.9,52.345,0.000,525.0,202.5,12.5,795,
25.4.2026,11:42:33.608,52.9,61.8,52.847,0.000,510.0,202.5,12.5,795,
25.4.2026,11:42:33.813,52.9,61.9,52.493,0.000,495.0,202.5,12.5,795,
25.4.2026,11:42:34.016,52.9,61.8,53.391,0.000,495.0,202.5,12.5,795,
25.4.2026,11:42:34.216,52.9,61.9,53.280,0.000,495.0,202.5,12.5,795,
25.4.2026,11:42:34.422,52.9,61.9,53.242,0.000,510.0,202.5,12.5,795,
25.4.2026,11:42:34.621,52.9,61.8,53.137,0.000,510.0,202.5,12.5,795,
25.4.2026,11:42:34.834,52.9,61.9,53.380,0.000,510.0,202.5,12.5,795,
25.4.2026,11:42:35.031,53.0,61.9,53.243,0.000,540.0,202.5,12.5,795,
25.4.2026,11:42:35.233,53.0,61.8,53.371,0.000,540.0,202.5,12.5,795,
25.4.2026,11:42:35.434,53.0,61.9,52.929,0.000,540.0,202.5,12.5,795,
25.4.2026,11:42:35.637,52.9,61.8,53.183,0.000,540.0,202.5,12.5,795,
25.4.2026,11:42:35.847,52.9,62.0,52.438,0.000,540.0,202.5,12.5,795,
25.4.2026,11:42:36.047,53.0,61.9,52.530,0.000,555.0,202.5,12.5,795,
25.4.2026,11:42:36.252,53.0,62.0,52.511,0.000,585.0,202.5,12.5,795,
25.4.2026,11:42:36.450,53.0,61.9,52.597,0.000,585.0,202.5,12.5,795,
25.4.2026,11:42:36.652,52.9,62.0,52.765,0.000,585.0,202.5,12.5,795,
25.4.2026,11:42:36.865,53.0,61.9,52.615,0.000,585.0,202.5,12.5,795,
25.4.2026,11:42:37.059,53.0,61.9,53.071,0.000,585.0,202.5,12.5,795,
25.4.2026,11:42:37.265,53.0,61.9,52.491,0.000,615.0,202.5,12.5,795,
25.4.2026,11:42:37.466,53.0,61.9,52.601,0.000,615.0,202.5,12.5,795,
25.4.2026,11:42:37.670,53.0,61.9,52.699,0.000,615.0,202.5,12.5,795,
25.4.2026,11:42:37.874,53.0,61.9,52.678,0.000,615.0,202.5,12.5,795,
25.4.2026,11:42:38.078,53.0,62.0,52.738,0.000,615.0,202.5,12.5,795,
25.4.2026,11:42:38.283,53.0,62.0,52.631,0.000,615.0,202.5,12.5,795,
25.4.2026,11:42:38.480,53.0,62.0,52.697,0.000,615.0,202.5,12.5,795,
25.4.2026,11:42:38.686,53.0,61.8,52.749,0.000,615.0,202.5,12.5,795,
25.4.2026,11:42:38.888,53.0,62.1,52.783,0.000,615.0,202.5,12.5,795,
25.4.2026,11:42:39.095,52.9,61.9,52.462,0.000,570.0,202.5,12.5,795,
25.4.2026,11:42:39.297,53.0,61.9,53.030,0.000,570.0,202.5,12.5,795,
25.4.2026,11:42:39.499,53.0,61.8,52.970,0.000,555.0,202.5,12.5,795,
25.4.2026,11:42:39.699,53.0,61.9,52.913,0.000,555.0,202.5,12.5,795,
25.4.2026,11:42:39.901,53.0,61.9,53.017,0.000,555.0,202.5,12.5,795,
25.4.2026,11:42:40.105,53.0,61.9,52.490,0.000,555.0,202.5,12.5,795,
25.4.2026,11:42:40.312,53.0,61.9,52.698,0.000,555.0,202.5,12.5,795,
25.4.2026,11:42:40.519,53.0,61.8,53.096,0.000,555.0,202.5,12.5,795,
25.4.2026,11:42:40.724,53.0,62.0,52.599,0.000,555.0,202.5,12.5,795,
25.4.2026,11:42:40.919,53.0,61.9,52.428,0.000,555.0,202.5,12.5,795,
25.4.2026,11:42:41.123,53.0,61.9,52.693,0.000,555.0,202.5,12.5,795,
25.4.2026,11:42:41.328,53.0,61.9,52.580,0.000,555.0,202.5,12.5,795,
25.4.2026,11:42:41.530,53.0,61.9,52.606,0.000,540.0,202.5,12.5,795,
25.4.2026,11:42:41.736,53.0,62.0,52.705,0.000,540.0,202.5,12.5,795,
25.4.2026,11:42:41.934,52.9,61.9,52.664,0.000,525.0,202.5,12.5,795,
25.4.2026,11:42:42.142,53.0,61.9,52.560,0.000,525.0,202.5,12.5,795,
25.4.2026,11:42:42.342,53.0,61.9,52.366,0.000,525.0,202.5,12.5,795,
25.4.2026,11:42:42.544,52.9,61.8,52.581,0.000,525.0,202.5,12.5,795,
25.4.2026,11:42:42.749,53.0,61.9,52.506,0.000,510.0,202.5,12.5,795,
25.4.2026,11:42:42.955,52.9,61.9,52.548,0.000,510.0,202.5,12.5,795,
25.4.2026,11:42:43.158,53.0,61.9,52.494,0.000,510.0,202.5,12.5,795,
25.4.2026,11:42:43.357,53.0,61.9,52.494,0.000,495.0,202.5,12.5,795,
25.4.2026,11:42:43.560,53.0,61.9,52.590,0.000,495.0,202.5,12.5,795,
25.4.2026,11:42:43.762,52.9,61.9,52.590,0.000,495.0,202.5,12.5,795,
25.4.2026,11:42:43.974,52.9,61.9,52.734,0.000,495.0,202.5,12.5,795,
25.4.2026,11:42:44.175,52.9,61.7,52.726,0.000,480.0,202.5,12.5,795,
25.4.2026,11:42:44.379,52.9,61.9,52.430,0.000,480.0,202.5,12.5,795,
25.4.2026,11:42:44.576,52.9,61.9,52.517,0.000,480.0,202.5,12.5,795,
25.4.2026,11:42:44.779,53.0,61.9,52.501,0.000,465.0,202.5,12.5,795,
25.4.2026,11:42:44.980,52.9,62.0,52.459,0.000,465.0,202.5,12.5,795,
25.4.2026,11:42:45.183,53.0,62.0,52.522,0.000,465.0,202.5,12.5,795,
25.4.2026,11:42:45.390,53.0,61.8,52.421,0.000,465.0,202.5,12.5,795,
25.4.2026,11:42:45.591,53.0,61.9,52.655,0.000,480.0,202.5,12.5,795,
25.4.2026,11:42:45.793,53.0,61.9,52.794,0.000,480.0,202.5,12.5,795,
25.4.2026,11:42:46.004,53.0,61.9,52.513,0.000,495.0,202.5,12.5,795,
25.4.2026,11:42:46.209,53.0,62.0,52.496,0.000,510.0,202.5,12.5,795,
25.4.2026,11:42:46.404,53.0,62.0,52.587,0.000,510.0,202.5,12.5,795,
25.4.2026,11:42:46.610,53.0,61.9,53.335,0.000,510.0,202.5,12.5,795,
25.4.2026,11:42:46.818,53.0,62.0,53.245,0.000,540.0,202.5,12.5,795,
25.4.2026,11:42:47.015,53.0,62.0,53.030,0.000,555.0,202.5,12.5,795,
25.4.2026,11:42:47.218,53.0,62.0,53.120,0.000,555.0,202.5,12.5,795,
25.4.2026,11:42:47.421,53.0,62.0,53.091,0.000,555.0,202.5,12.5,795,
25.4.2026,11:42:47.623,53.0,62.0,52.674,0.000,555.0,202.5,12.5,795,
25.4.2026,11:42:47.825,53.0,62.1,53.174,0.000,555.0,202.5,12.5,795,
25.4.2026,11:42:48.030,53.1,62.0,53.157,0.000,585.0,202.5,12.5,795,
25.4.2026,11:42:48.233,53.0,62.1,52.597,0.000,585.0,202.5,12.5,795,
25.4.2026,11:42:48.435,53.0,62.0,52.490,0.000,585.0,202.5,12.5,795,
25.4.2026,11:42:48.637,53.1,62.0,52.729,0.000,585.0,202.5,12.5,795,
25.4.2026,11:42:48.844,53.0,62.1,52.568,0.000,585.0,202.5,12.5,795,
25.4.2026,11:42:49.043,53.0,62.1,52.732,0.000,585.0,202.5,12.5,795,
25.4.2026,11:42:49.248,53.0,62.1,52.582,0.000,585.0,202.5,12.5,795,
25.4.2026,11:42:49.455,53.0,62.1,52.683,0.000,585.0,202.5,12.5,795,
25.4.2026,11:42:49.656,53.0,62.0,52.633,0.000,585.0,202.5,12.5,795,
25.4.2026,11:42:49.859,53.0,61.9,52.440,0.000,555.0,202.5,12.5,795,
25.4.2026,11:42:50.062,53.0,61.9,52.472,0.000,555.0,202.5,12.5,795,
25.4.2026,11:42:50.262,53.0,61.9,52.461,0.000,540.0,202.5,12.5,795,
25.4.2026,11:42:50.466,53.0,62.0,52.725,0.000,540.0,202.5,12.5,795,
25.4.2026,11:42:50.668,53.0,62.0,52.430,0.000,540.0,202.5,12.5,795,
25.4.2026,11:42:50.871,53.0,62.0,52.752,0.000,540.0,202.5,12.5,795,
25.4.2026,11:42:51.077,53.0,62.0,52.706,0.000,540.0,202.5,12.5,795,
25.4.2026,11:42:51.280,53.1,62.1,52.923,0.000,525.0,202.5,12.5,795,
25.4.2026,11:42:51.483,53.0,61.8,52.712,0.000,525.0,202.5,12.5,795,
25.4.2026,11:42:51.687,53.0,62.0,52.848,0.000,525.0,202.5,12.5,795,
25.4.2026,11:42:51.886,53.0,62.0,53.026,0.000,525.0,202.5,12.5,795,
25.4.2026,11:42:52.096,53.0,62.1,52.685,0.000,525.0,202.5,12.5,795,
25.4.2026,11:42:52.297,53.0,62.0,52.714,0.000,510.0,202.5,12.5,795,
25.4.2026,11:42:52.496,53.0,62.1,52.784,0.000,510.0,202.5,12.5,795,
25.4.2026,11:42:52.704,53.0,62.1,53.002,0.000,510.0,202.5,12.5,795,
25.4.2026,11:42:52.902,53.0,62.0,52.828,0.000,510.0,202.5,12.5,795,
25.4.2026,11:42:53.112,53.0,62.0,52.798,0.000,510.0,202.5,12.5,795,
25.4.2026,11:42:53.311,53.0,62.0,53.032,0.000,510.0,202.5,12.5,795,
25.4.2026,11:42:53.512,53.0,62.0,52.696,0.000,510.0,202.5,12.5,795,
25.4.2026,11:42:53.716,53.0,62.1,53.045,0.000,510.0,202.5,12.5,795,
25.4.2026,11:42:53.920,53.0,62.1,52.916,0.000,525.0,202.5,12.5,795,
25.4.2026,11:42:54.126,53.0,62.0,52.865,0.000,525.0,202.5,12.5,795,
25.4.2026,11:42:54.327,53.0,62.1,52.865,0.000,525.0,202.5,12.5,795,
25.4.2026,11:42:54.532,53.0,62.1,52.652,0.000,525.0,202.5,12.5,795,
25.4.2026,11:42:54.736,53.1,62.0,52.554,0.000,525.0,202.5,12.5,795,
25.4.2026,11:42:54.934,53.0,62.0,52.679,0.000,525.0,202.5,12.5,795,
25.4.2026,11:42:55.139,53.0,61.9,52.835,0.000,525.0,202.5,12.5,795,
25.4.2026,11:42:55.342,53.0,62.0,52.464,0.000,525.0,202.5,12.5,795,
25.4.2026,11:42:55.543,53.0,62.0,52.462,0.000,525.0,202.5,12.5,795,
25.4.2026,11:42:55.747,53.0,62.0,52.571,0.000,525.0,202.5,12.5,795,
25.4.2026,11:42:55.953,53.0,61.9,52.534,0.000,480.0,202.5,12.5,795,
25.4.2026,11:42:56.152,53.0,62.1,52.539,0.000,480.0,202.5,12.5,795,
25.4.2026,11:42:56.358,53.1,62.1,52.433,0.000,480.0,202.5,12.5,795,
25.4.2026,11:42:56.560,53.1,62.1,52.544,0.000,510.0,202.5,12.5,795,
25.4.2026,11:42:56.763,53.1,62.0,52.648,0.000,510.0,202.5,12.5,795,
25.4.2026,11:42:56.970,53.1,61.9,52.583,0.000,525.0,202.5,12.5,795,
25.4.2026,11:42:57.167,53.1,62.1,52.803,0.000,525.0,202.5,12.5,795,
25.4.2026,11:42:57.379,53.1,61.9,52.704,0.000,525.0,202.5,12.5,795,
25.4.2026,11:42:57.574,53.0,62.0,52.709,0.000,540.0,202.5,12.5,795,
25.4.2026,11:42:57.779,53.1,62.0,52.862,0.000,540.0,202.5,12.5,795,
25.4.2026,11:42:57.982,53.1,62.1,53.008,0.000,540.0,202.5,12.5,795,
25.4.2026,11:42:58.184,53.1,62.0,52.922,0.000,555.0,202.5,12.5,795,
25.4.2026,11:42:58.389,53.0,62.1,52.995,0.000,555.0,202.5,12.5,795,
25.4.2026,11:42:58.593,53.1,62.1,53.005,0.000,555.0,202.5,12.5,795,
25.4.2026,11:42:58.793,53.1,62.0,53.207,0.000,555.0,202.5,12.5,795,
25.4.2026,11:42:58.999,53.1,62.1,52.807,0.000,555.0,202.5,12.5,795,
25.4.2026,11:42:59.201,53.1,62.1,53.039,0.000,555.0,202.5,12.5,795,
25.4.2026,11:42:59.407,53.1,62.1,52.914,0.000,555.0,202.5,12.5,795,
25.4.2026,11:42:59.606,53.1,62.0,53.395,0.000,555.0,202.5,12.5,795,
25.4.2026,11:42:59.809,53.0,62.0,53.328,0.000,555.0,202.5,12.5,795,
25.4.2026,11:43:0.014,53.1,62.0,53.294,0.000,555.0,202.5,12.5,795,
25.4.2026,11:43:0.217,53.1,62.1,53.367,0.000,555.0,202.5,12.5,795,
25.4.2026,11:43:0.418,53.1,62.1,53.098,0.000,555.0,202.5,12.5,795,
25.4.2026,11:43:0.623,53.0,62.0,53.148,0.000,555.0,202.5,12.5,795,
25.4.2026,11:43:0.828,53.0,62.1,52.453,0.000,555.0,202.5,12.5,795,
25.4.2026,11:43:1.031,53.1,62.2,52.493,0.000,555.0,202.5,12.5,795,
25.4.2026,11:43:1.236,53.0,62.1,52.514,0.000,555.0,202.5,12.5,795,
25.4.2026,11:43:1.444,53.1,62.1,52.733,0.000,555.0,202.5,12.5,795,
25.4.2026,11:43:1.642,53.1,62.1,52.652,0.000,540.0,202.5,12.5,795,
25.4.2026,11:43:1.840,53.1,62.0,52.445,0.000,555.0,202.5,12.5,795,
25.4.2026,11:43:2.043,53.1,62.1,52.611,0.000,555.0,202.5,12.5,795,
25.4.2026,11:43:2.249,53.1,62.2,52.468,0.000,555.0,202.5,12.5,795,
25.4.2026,11:43:2.457,53.1,62.0,52.467,0.000,555.0,202.5,12.5,795,
25.4.2026,11:43:2.654,53.1,62.1,52.365,0.000,555.0,202.5,12.5,795,
25.4.2026,11:43:2.860,53.1,62.1,52.570,0.000,555.0,202.5,12.5,795,
25.4.2026,11:43:3.063,53.1,62.1,52.446,0.000,555.0,202.5,12.5,795,
25.4.2026,11:43:3.265,53.1,62.2,52.503,0.000,555.0,202.5,12.5,795,
25.4.2026,11:43:3.464,53.1,62.1,52.368,0.000,555.0,202.5,12.5,795,
25.4.2026,11:43:3.673,53.1,62.1,53.000,0.000,525.0,202.5,12.5,795,
25.4.2026,11:43:3.877,53.1,62.0,52.724,0.000,525.0,202.5,12.5,795,
25.4.2026,11:43:4.076,53.1,62.1,53.044,0.000,525.0,202.5,12.5,795,
25.4.2026,11:43:4.279,53.1,62.1,52.496,0.000,525.0,202.5,12.5,795,
25.4.2026,11:43:4.482,53.1,62.0,52.706,0.000,510.0,202.5,12.5,795,
25.4.2026,11:43:4.688,53.1,62.2,52.756,0.000,510.0,202.5,12.5,795,
25.4.2026,11:43:4.890,53.1,62.2,52.617,0.000,510.0,202.5,12.5,795,
25.4.2026,11:43:5.092,53.1,62.1,52.945,0.000,510.0,202.5,12.5,795,
25.4.2026,11:43:5.296,53.1,62.1,52.736,0.000,540.0,202.5,12.5,795,
25.4.2026,11:43:5.499,53.1,62.0,52.736,0.000,555.0,202.5,12.5,795,
25.4.2026,11:43:5.702,53.1,62.2,52.871,0.000,555.0,202.5,12.5,795,
25.4.2026,11:43:5.907,53.1,62.1,52.649,0.000,570.0,202.5,12.5,795,
25.4.2026,11:43:6.106,53.1,62.1,52.649,0.000,570.0,202.5,12.5,795,
25.4.2026,11:43:6.312,53.1,62.2,52.666,0.000,570.0,202.5,12.5,795,
25.4.2026,11:43:6.515,53.1,62.2,52.818,0.000,570.0,202.5,12.5,795,
25.4.2026,11:43:6.727,53.1,62.2,52.828,0.000,570.0,202.5,12.5,795,
25.4.2026,11:43:6.919,53.2,62.2,52.676,0.000,570.0,202.5,12.5,795,
25.4.2026,11:43:7.122,53.2,62.1,52.483,0.000,570.0,202.5,12.5,795,
25.4.2026,11:43:7.324,53.1,62.1,52.626,0.000,585.0,202.5,12.5,795,
25.4.2026,11:43:7.536,53.2,62.1,52.404,0.000,585.0,202.5,12.5,795,
25.4.2026,11:43:7.730,53.2,62.1,52.772,0.000,585.0,202.5,12.5,795,
25.4.2026,11:43:7.932,53.2,62.1,52.691,0.000,615.0,202.5,12.5,795,
25.4.2026,11:43:8.138,53.2,62.1,52.743,0.000,615.0,202.5,12.5,795,
25.4.2026,11:43:8.341,53.2,62.2,52.783,0.000,615.0,202.5,12.5,795,
25.4.2026,11:43:8.543,53.2,62.2,52.714,0.000,615.0,202.5,12.5,795,
25.4.2026,11:43:8.746,53.2,62.2,52.494,0.000,615.0,202.5,12.5,795,
25.4.2026,11:43:8.964,53.2,62.2,52.458,0.000,615.0,202.5,12.5,795,
25.4.2026,11:43:9.153,53.2,62.0,52.740,0.000,615.0,202.5,12.5,795,
25.4.2026,11:43:9.358,53.2,62.0,52.551,0.000,615.0,202.5,12.5,795,
25.4.2026,11:43:9.559,53.2,62.1,52.459,0.000,630.0,202.5,12.5,795,
25.4.2026,11:43:9.766,53.2,62.2,52.709,0.000,630.0,202.5,12.5,795,
25.4.2026,11:43:9.969,53.2,62.2,52.392,0.000,630.0,202.5,12.5,795,
25.4.2026,11:43:10.174,53.1,62.1,52.497,0.000,630.0,202.5,12.5,795,
25.4.2026,11:43:10.372,53.2,62.2,52.858,0.000,630.0,202.5,12.5,795,
25.4.2026,11:43:10.580,53.2,62.1,52.385,0.000,630.0,202.5,12.5,795,
25.4.2026,11:43:10.793,53.2,62.1,53.069,0.000,630.0,202.5,12.5,795,
25.4.2026,11:43:10.983,53.2,62.1,52.947,0.000,630.0,202.5,12.5,795,
25.4.2026,11:43:11.187,53.2,62.2,52.780,0.000,585.0,202.5,12.5,795,
25.4.2026,11:43:11.387,53.1,62.2,52.768,0.000,585.0,202.5,12.5,795,
25.4.2026,11:43:11.593,53.1,62.1,52.727,0.000,570.0,202.5,12.5,795,
25.4.2026,11:43:11.795,53.1,62.1,52.481,0.000,555.0,202.5,12.5,795,
25.4.2026,11:43:11.996,53.1,62.2,52.798,0.000,540.0,202.5,12.5,795,
25.4.2026,11:43:12.202,53.1,62.0,53.407,0.000,540.0,202.5,12.5,795,
25.4.2026,11:43:12.403,53.1,62.1,53.272,0.000,540.0,202.5,12.5,795,
25.4.2026,11:43:12.608,53.1,62.1,53.412,0.000,540.0,202.5,12.5,795,
25.4.2026,11:43:12.813,53.2,62.2,53.420,0.000,540.0,202.5,12.5,795,
25.4.2026,11:43:13.012,53.1,62.0,53.155,0.000,525.0,202.5,12.5,795,
25.4.2026,11:43:13.222,53.2,62.2,53.166,0.000,525.0,202.5,12.5,795,
25.4.2026,11:43:13.422,53.1,62.1,52.439,0.000,525.0,202.5,12.5,795,
25.4.2026,11:43:13.625,53.2,62.1,52.768,0.000,525.0,202.5,12.5,795,
25.4.2026,11:43:13.824,53.2,62.1,52.728,0.000,525.0,202.5,12.5,795,
25.4.2026,11:43:14.027,53.2,62.0,52.730,0.000,525.0,202.5,12.5,795,
25.4.2026,11:43:14.233,53.2,62.1,52.492,0.000,525.0,202.5,12.5,795,
25.4.2026,11:43:14.434,53.2,62.0,52.426,0.000,540.0,202.5,12.5,795,
25.4.2026,11:43:14.641,53.2,62.1,52.443,0.000,540.0,202.5,12.5,795,
25.4.2026,11:43:14.841,53.2,62.2,52.697,0.000,540.0,202.5,12.5,795,
25.4.2026,11:43:15.046,53.2,62.1,52.424,0.000,570.0,202.5,12.5,795,
25.4.2026,11:43:15.248,53.2,62.2,52.675,0.000,570.0,202.5,12.5,795,
25.4.2026,11:43:15.449,53.2,62.1,52.465,0.000,570.0,202.5,12.5,795,
25.4.2026,11:43:15.658,53.2,62.1,52.566,0.000,570.0,202.5,12.5,795,
25.4.2026,11:43:15.857,53.2,62.2,52.428,0.000,570.0,202.5,12.5,795,
25.4.2026,11:43:16.060,53.2,62.2,52.484,0.000,570.0,202.5,12.5,795,
25.4.2026,11:43:16.262,53.2,62.1,52.478,0.000,570.0,202.5,12.5,795,
25.4.2026,11:43:16.470,53.2,62.2,52.435,0.000,570.0,202.5,12.5,795,
25.4.2026,11:43:16.675,53.2,62.2,52.509,0.000,570.0,202.5,12.5,795,
25.4.2026,11:43:16.876,53.2,62.1,52.454,0.000,555.0,202.5,12.5,795,
25.4.2026,11:43:17.076,53.2,62.2,52.498,0.000,555.0,202.5,12.5,795,
25.4.2026,11:43:17.277,53.2,62.2,52.571,0.000,555.0,202.5,12.5,795,
25.4.2026,11:43:17.480,53.2,62.2,52.571,0.000,540.0,202.5,12.5,795,
25.4.2026,11:43:17.687,53.2,62.1,52.658,0.000,555.0,202.5,12.5,795,
25.4.2026,11:43:17.889,53.2,62.1,52.771,0.000,555.0,202.5,12.5,795,
25.4.2026,11:43:18.092,53.2,62.2,52.423,0.000,555.0,202.5,12.5,795,
25.4.2026,11:43:18.293,53.2,62.2,52.449,0.000,555.0,202.5,12.5,795,
25.4.2026,11:43:18.498,53.2,62.2,52.702,0.000,555.0,202.5,12.5,795,
25.4.2026,11:43:18.705,53.2,62.2,52.918,0.000,555.0,202.5,12.5,795,
25.4.2026,11:43:18.901,53.2,62.1,52.931,0.000,555.0,202.5,12.5,795,
25.4.2026,11:43:19.117,53.2,62.2,52.752,0.000,570.0,202.5,12.5,795,
25.4.2026,11:43:19.312,53.2,62.2,52.977,0.000,570.0,202.5,12.5,795,
25.4.2026,11:43:19.515,53.2,62.2,53.138,0.000,570.0,202.5,12.5,795,
25.4.2026,11:43:19.716,53.2,62.2,53.072,0.000,570.0,202.5,12.5,795,
25.4.2026,11:43:19.921,53.2,62.2,52.708,0.000,570.0,202.5,12.5,795,
25.4.2026,11:43:20.123,53.2,62.1,52.630,0.000,570.0,202.5,12.5,795,
25.4.2026,11:43:20.325,53.2,62.1,52.514,0.000,570.0,202.5,12.5,795,
25.4.2026,11:43:20.535,53.2,62.1,52.468,0.000,570.0,202.5,12.5,795,
25.4.2026,11:43:20.733,53.2,62.2,52.466,0.000,570.0,202.5,12.5,795,
25.4.2026,11:43:20.935,53.2,62.2,52.752,0.000,555.0,202.5,12.5,795,
25.4.2026,11:43:21.137,53.2,62.2,52.403,0.000,555.0,202.5,12.5,795,
25.4.2026,11:43:21.344,53.2,62.3,52.758,0.000,555.0,202.5,12.5,795,
25.4.2026,11:43:21.542,53.2,62.1,52.530,0.000,555.0,202.5,12.5,795,
25.4.2026,11:43:21.746,53.2,62.2,52.641,0.000,555.0,202.5,12.5,795,
25.4.2026,11:43:21.954,53.2,62.3,52.722,0.000,555.0,202.5,12.5,795,
25.4.2026,11:43:22.155,53.2,62.2,52.466,0.000,540.0,202.5,12.5,795,
25.4.2026,11:43:22.359,53.2,62.2,52.497,0.000,540.0,202.5,12.5,795,
25.4.2026,11:43:22.561,53.2,62.2,52.462,0.000,525.0,202.5,12.5,795,
25.4.2026,11:43:22.764,53.2,62.2,52.745,0.000,525.0,202.5,12.5,795,
25.4.2026,11:43:22.965,53.2,62.2,52.614,0.000,525.0,202.5,12.5,795,
25.4.2026,11:43:23.168,53.2,62.2,52.592,0.000,525.0,202.5,12.5,795,
25.4.2026,11:43:23.376,53.2,62.2,53.063,0.000,525.0,202.5,12.5,795,
25.4.2026,11:43:23.574,53.2,62.2,53.014,0.000,525.0,202.5,12.5,795,
25.4.2026,11:43:23.779,53.2,62.2,53.072,0.000,510.0,202.5,12.5,795,
25.4.2026,11:43:23.982,53.2,62.2,52.806,0.000,510.0,202.5,12.5,795,
25.4.2026,11:43:24.184,53.2,62.2,52.799,0.000,510.0,202.5,12.5,795,
25.4.2026,11:43:24.390,53.2,62.2,52.486,0.000,510.0,202.5,12.5,795,
25.4.2026,11:43:24.592,53.2,62.1,52.574,0.000,525.0,202.5,12.5,795,
25.4.2026,11:43:24.793,53.2,62.1,52.937,0.000,525.0,202.5,12.5,795,
25.4.2026,11:43:25.000,53.2,62.2,53.106,0.000,570.0,202.5,12.5,795,
25.4.2026,11:43:25.202,53.2,62.1,53.141,0.000,570.0,202.5,12.5,795,
25.4.2026,11:43:25.404,53.2,62.2,53.184,0.000,585.0,202.5,12.5,795,
25.4.2026,11:43:25.608,53.2,62.2,53.390,0.000,585.0,202.5,12.5,795,
25.4.2026,11:43:25.812,53.2,62.2,52.696,0.000,585.0,202.5,12.5,795,
25.4.2026,11:43:26.012,53.3,62.2,52.672,0.000,585.0,202.5,12.5,795,
25.4.2026,11:43:26.218,53.3,62.2,52.656,0.000,585.0,202.5,12.5,795,
25.4.2026,11:43:26.420,53.3,62.2,52.767,0.000,585.0,202.5,12.5,795,
25.4.2026,11:43:26.624,53.3,62.3,52.736,0.000,585.0,202.5,12.5,795,
25.4.2026,11:43:26.828,53.3,62.2,52.513,0.000,585.0,202.5,12.5,795,
25.4.2026,11:43:27.033,53.3,62.2,52.704,0.000,585.0,202.5,12.5,795,
25.4.2026,11:43:27.233,53.3,62.3,52.489,0.000,585.0,202.5,12.5,795,
25.4.2026,11:43:27.433,53.2,62.2,52.492,0.000,570.0,202.5,12.5,795,
25.4.2026,11:43:27.641,53.2,62.2,52.381,0.000,555.0,202.5,12.5,795,
25.4.2026,11:43:27.840,53.2,62.2,52.484,0.000,555.0,202.5,12.5,795,
25.4.2026,11:43:28.046,53.2,62.2,52.743,0.000,540.0,202.5,12.5,795,
25.4.2026,11:43:28.249,53.3,62.2,52.473,0.000,585.0,202.5,12.5,795,
25.4.2026,11:43:28.459,53.2,62.2,52.724,0.000,585.0,202.5,12.5,795,
25.4.2026,11:43:28.656,53.3,62.2,52.809,0.000,600.0,202.5,12.5,795,
25.4.2026,11:43:28.854,53.2,62.3,52.765,0.000,600.0,202.5,12.5,795,
25.4.2026,11:43:29.061,53.3,62.3,52.655,0.000,600.0,202.5,12.5,795,
25.4.2026,11:43:29.265,53.3,62.2,52.512,0.000,600.0,202.5,12.5,795,
25.4.2026,11:43:29.467,53.3,62.2,52.673,0.000,600.0,202.5,12.5,795,
25.4.2026,11:43:29.667,53.3,62.4,52.444,0.000,600.0,202.5,12.5,795,
25.4.2026,11:43:29.875,53.2,62.2,52.473,0.000,600.0,202.5,12.5,795,
25.4.2026,11:43:30.080,53.3,62.3,52.601,0.000,600.0,202.5,12.5,795,
25.4.2026,11:43:30.280,53.3,62.3,52.601,0.000,600.0,202.5,12.5,795,
25.4.2026,11:43:30.479,53.3,62.2,52.721,0.000,585.0,202.5,12.5,795,
25.4.2026,11:43:30.686,53.3,62.2,52.541,0.000,585.0,202.5,12.5,795,
25.4.2026,11:43:30.890,53.3,62.2,52.598,0.000,585.0,202.5,12.5,795,
25.4.2026,11:43:31.089,53.3,62.3,52.563,0.000,570.0,202.5,12.5,795,
25.4.2026,11:43:31.296,53.2,62.2,52.771,0.000,570.0,202.5,12.5,795,
25.4.2026,11:43:31.496,53.2,62.3,52.625,0.000,555.0,202.5,12.5,795,
25.4.2026,11:43:31.698,53.2,62.3,52.828,0.000,555.0,202.5,12.5,795,
25.4.2026,11:43:31.904,53.2,62.3,52.877,0.000,540.0,202.5,12.5,795,
25.4.2026,11:43:32.108,53.3,62.2,52.937,0.000,540.0,202.5,12.5,795,
25.4.2026,11:43:32.310,53.2,62.3,52.789,0.000,540.0,202.5,12.5,795,
25.4.2026,11:43:32.513,53.3,62.3,52.729,0.000,525.0,202.5,12.5,795,
25.4.2026,11:43:32.716,53.3,62.2,52.466,0.000,525.0,202.5,12.5,795,
25.4.2026,11:43:32.923,53.2,62.2,53.141,0.000,510.0,202.5,12.5,795,
25.4.2026,11:43:33.124,53.3,62.3,52.465,0.000,510.0,202.5,12.5,795,
25.4.2026,11:43:33.326,53.3,62.2,52.470,0.000,510.0,202.5,12.5,795,
25.4.2026,11:43:33.528,53.2,62.2,52.661,0.000,495.0,202.5,12.5,795,
25.4.2026,11:43:33.734,53.2,62.2,52.489,0.000,495.0,202.5,12.5,795,
25.4.2026,11:43:33.940,53.2,62.2,52.537,0.000,510.0,202.5,12.5,795,
25.4.2026,11:43:34.139,53.3,62.2,52.726,0.000,510.0,202.5,12.5,795,
25.4.2026,11:43:34.340,53.3,62.2,52.391,0.000,510.0,202.5,12.5,795,
25.4.2026,11:43:34.545,53.3,62.2,52.637,0.000,510.0,202.5,12.5,795,
25.4.2026,11:43:34.749,53.3,62.3,52.728,0.000,510.0,202.5,12.5,795,
25.4.2026,11:43:34.958,53.3,62.2,52.645,0.000,510.0,202.5,12.5,795,
25.4.2026,11:43:35.153,53.3,62.2,52.711,0.000,570.0,202.5,12.5,795,
25.4.2026,11:43:35.357,53.3,62.2,52.568,0.000,570.0,202.5,12.5,795,
25.4.2026,11:43:35.558,53.3,62.2,52.979,0.000,570.0,202.5,12.5,795,
25.4.2026,11:43:35.770,53.3,62.3,52.578,0.000,585.0,202.5,12.5,795,
25.4.2026,11:43:35.970,53.3,62.2,52.680,0.000,585.0,202.5,12.5,795,
25.4.2026,11:43:36.176,53.3,62.2,53.034,0.000,585.0,202.5,12.5,795,
25.4.2026,11:43:36.376,53.3,62.3,52.975,0.000,585.0,202.5,12.5,795,
25.4.2026,11:43:36.574,53.3,62.2,52.861,0.000,585.0,202.5,12.5,795,
25.4.2026,11:43:36.777,53.3,62.2,52.560,0.000,630.0,202.5,12.5,795,
25.4.2026,11:43:36.982,53.3,62.2,52.825,0.000,630.0,202.5,12.5,795,
25.4.2026,11:43:37.186,53.3,62.2,52.746,0.000,630.0,202.5,12.5,795,
25.4.2026,11:43:37.388,53.4,62.5,52.740,0.000,630.0,202.5,12.5,795,
25.4.2026,11:43:37.591,53.3,62.2,52.880,0.000,630.0,202.5,12.5,795,
25.4.2026,11:43:37.798,53.3,62.3,53.206,0.000,630.0,202.5,12.5,795,
25.4.2026,11:43:38.000,53.3,62.3,53.437,0.000,630.0,202.5,12.5,795,
25.4.2026,11:43:38.201,53.3,62.2,53.157,0.000,630.0,202.5,12.5,795,
25.4.2026,11:43:38.406,53.3,62.3,53.173,0.000,630.0,202.5,12.5,795,
25.4.2026,11:43:38.607,53.3,62.4,52.759,0.000,585.0,202.5,12.5,795,
25.4.2026,11:43:38.810,53.3,62.5,52.682,0.000,585.0,202.5,12.5,795,
25.4.2026,11:43:39.019,53.3,62.3,52.472,0.000,570.0,202.5,12.5,795,
25.4.2026,11:43:39.214,53.3,62.2,52.829,0.000,570.0,202.5,12.5,795,
25.4.2026,11:43:39.422,53.3,62.3,52.551,0.000,570.0,202.5,12.5,795,
25.4.2026,11:43:39.625,53.3,62.4,52.548,0.000,585.0,202.5,12.5,795,
25.4.2026,11:43:39.825,53.3,62.4,52.679,0.000,585.0,202.5,12.5,795,
25.4.2026,11:43:40.029,53.3,62.3,52.446,0.000,585.0,202.5,12.5,795,
25.4.2026,11:43:40.230,53.3,62.3,52.464,0.000,585.0,202.5,12.5,795,
25.4.2026,11:43:40.434,53.3,62.2,52.745,0.000,585.0,202.5,12.5,795,
25.4.2026,11:43:40.638,53.3,62.2,52.545,0.000,585.0,202.5,12.5,795,
25.4.2026,11:43:40.842,53.3,62.3,52.664,0.000,585.0,202.5,12.5,795,
25.4.2026,11:43:41.044,53.3,62.3,52.564,0.000,585.0,202.5,12.5,795,
25.4.2026,11:43:41.247,53.3,62.4,52.622,0.000,585.0,202.5,12.5,795,
25.4.2026,11:43:41.451,53.3,62.3,52.758,0.000,570.0,202.5,12.5,795,
25.4.2026,11:43:41.657,53.3,62.3,52.586,0.000,570.0,202.5,12.5,795,
25.4.2026,11:43:41.854,53.3,62.2,52.468,0.000,555.0,202.5,12.5,795,
25.4.2026,11:43:42.058,53.3,62.4,52.424,0.000,555.0,202.5,12.5,795,
25.4.2026,11:43:42.263,53.3,62.3,52.534,0.000,555.0,202.5,12.5,795,
25.4.2026,11:43:42.475,53.3,62.3,52.456,0.000,555.0,202.5,12.5,795,
25.4.2026,11:43:42.671,53.3,62.2,52.813,0.000,555.0,202.5,12.5,795,
25.4.2026,11:43:42.871,53.3,62.2,52.813,0.000,555.0,202.5,12.5,795,
25.4.2026,11:43:43.077,53.3,62.3,52.706,0.000,555.0,202.5,12.5,795,
25.4.2026,11:43:43.278,53.3,62.3,52.568,0.000,540.0,202.5,12.5,795,
25.4.2026,11:43:43.480,53.3,62.3,52.518,0.000,540.0,202.5,12.5,795,
25.4.2026,11:43:43.688,53.3,62.2,52.822,0.000,525.0,202.5,12.5,795,
25.4.2026,11:43:43.889,53.3,62.2,52.462,0.000,525.0,202.5,12.5,795,
25.4.2026,11:43:44.091,53.3,62.3,52.673,0.000,510.0,202.5,12.5,795,
25.4.2026,11:43:44.293,53.3,62.5,52.761,0.000,525.0,202.5,12.5,795,
25.4.2026,11:43:44.496,53.3,62.3,52.947,0.000,525.0,202.5,12.5,795,
25.4.2026,11:43:44.700,53.3,62.3,52.876,0.000,525.0,202.5,12.5,795,
25.4.2026,11:43:44.903,53.3,62.3,53.214,0.000,525.0,202.5,12.5,795,
25.4.2026,11:43:45.110,53.3,62.3,52.750,0.000,540.0,202.5,12.5,795,
25.4.2026,11:43:45.311,53.3,62.3,52.480,0.000,540.0,202.5,12.5,795,
25.4.2026,11:43:45.518,53.3,62.5,52.660,0.000,540.0,202.5,12.5,795,
25.4.2026,11:43:45.718,53.3,62.3,52.734,0.000,540.0,202.5,12.5,795,
25.4.2026,11:43:45.921,53.3,62.3,52.557,0.000,540.0,202.5,12.5,795,
25.4.2026,11:43:46.124,53.3,62.3,52.651,0.000,585.0,202.5,12.5,795,
25.4.2026,11:43:46.332,53.3,62.4,52.535,0.000,585.0,202.5,12.5,795,
25.4.2026,11:43:46.531,53.3,62.3,52.537,0.000,585.0,202.5,12.5,795,
25.4.2026,11:43:46.736,53.3,62.3,52.460,0.000,585.0,202.5,12.5,795,
25.4.2026,11:43:46.935,53.3,62.4,52.543,0.000,585.0,202.5,12.5,795,
25.4.2026,11:43:47.139,53.3,62.3,52.652,0.000,585.0,202.5,12.5,795,
25.4.2026,11:43:47.347,53.3,62.3,52.477,0.000,585.0,202.5,12.5,795,
25.4.2026,11:43:47.546,53.3,62.3,52.406,0.000,585.0,202.5,12.5,795,
25.4.2026,11:43:47.751,53.4,62.4,52.997,0.000,615.0,202.5,12.5,795,
25.4.2026,11:43:47.952,53.4,62.4,53.023,0.000,615.0,202.5,12.5,795,
25.4.2026,11:43:48.155,53.4,62.4,52.854,0.000,615.0,202.5,12.5,795,
25.4.2026,11:43:48.357,53.4,62.4,52.960,0.000,615.0,202.5,12.5,795,
25.4.2026,11:43:48.567,53.3,62.2,52.814,0.000,615.0,202.5,12.5,795,
25.4.2026,11:43:48.763,53.3,62.4,52.763,0.000,615.0,202.5,12.5,795,
25.4.2026,11:43:48.965,53.3,62.5,52.833,0.000,615.0,202.5,12.5,795,
25.4.2026,11:43:49.169,53.3,62.4,52.555,0.000,615.0,202.5,12.5,795,
25.4.2026,11:43:49.385,53.4,62.4,52.777,0.000,615.0,202.5,12.5,795,
25.4.2026,11:43:49.574,53.3,62.3,53.274,0.000,600.0,202.5,12.5,795,
25.4.2026,11:43:49.788,53.4,62.3,53.159,0.000,600.0,202.5,12.5,795,
25.4.2026,11:43:49.983,53.3,62.5,53.479,0.000,585.0,202.5,12.5,795,
25.4.2026,11:43:50.186,53.3,62.4,53.102,0.000,585.0,202.5,12.5,795,
25.4.2026,11:43:50.394,53.3,62.3,53.076,0.000,585.0,202.5,12.5,795,
25.4.2026,11:43:50.590,53.3,62.5,53.073,0.000,570.0,202.5,12.5,795,
25.4.2026,11:43:50.793,53.4,62.5,52.794,0.000,570.0,202.5,12.5,795,
25.4.2026,11:43:50.999,53.3,62.3,52.782,0.000,570.0,202.5,12.5,795,
25.4.2026,11:43:51.209,53.3,62.3,52.745,0.000,570.0,202.5,12.5,795,
25.4.2026,11:43:51.404,53.3,62.4,52.729,0.000,555.0,202.5,12.5,795,
25.4.2026,11:43:51.605,53.3,62.4,52.529,0.000,555.0,202.5,12.5,795,
25.4.2026,11:43:51.816,53.3,62.3,52.408,0.000,555.0,202.5,12.5,795,
25.4.2026,11:43:52.019,53.4,62.5,52.768,0.000,555.0,202.5,12.5,795,
25.4.2026,11:43:52.213,53.3,62.4,52.661,0.000,555.0,202.5,12.5,795,
25.4.2026,11:43:52.419,53.3,62.3,52.493,0.000,540.0,202.5,12.5,795,
25.4.2026,11:43:52.625,53.4,62.4,52.488,0.000,540.0,202.5,12.5,795,
25.4.2026,11:43:52.825,53.3,62.3,52.717,0.000,540.0,202.5,12.5,795,
25.4.2026,11:43:53.028,53.3,62.4,52.577,0.000,540.0,202.5,12.5,795,
25.4.2026,11:43:53.231,53.3,62.4,52.583,0.000,540.0,202.5,12.5,795,
25.4.2026,11:43:53.434,53.4,62.3,52.521,0.000,540.0,202.5,12.5,795,
25.4.2026,11:43:53.637,53.3,62.3,52.389,0.000,555.0,202.5,12.5,795,
25.4.2026,11:43:53.842,53.3,62.5,52.513,0.000,555.0,202.5,12.5,795,
25.4.2026,11:43:54.043,53.3,62.4,52.488,0.000,555.0,202.5,12.5,795,
25.4.2026,11:43:54.247,53.3,62.5,52.435,0.000,555.0,202.5,12.5,795,
25.4.2026,11:43:54.450,53.3,62.5,52.435,0.000,555.0,202.5,12.5,795,
25.4.2026,11:43:54.662,53.3,62.4,52.504,0.000,555.0,202.5,12.5,795,
25.4.2026,11:43:54.859,53.3,62.3,52.554,0.000,555.0,202.5,12.5,795,
25.4.2026,11:43:55.057,53.3,62.3,52.787,0.000,570.0,202.5,12.5,795,
25.4.2026,11:43:55.264,53.4,62.3,52.534,0.000,570.0,202.5,12.5,795,
25.4.2026,11:43:55.469,53.4,62.4,52.417,0.000,570.0,202.5,12.5,795,
25.4.2026,11:43:55.673,53.4,62.3,52.630,0.000,570.0,202.5,12.5,795,
25.4.2026,11:43:55.872,53.4,62.3,52.464,0.000,600.0,202.5,12.5,795,
25.4.2026,11:43:56.076,53.4,62.4,52.790,0.000,600.0,202.5,12.5,795,
25.4.2026,11:43:56.280,53.4,62.5,52.768,0.000,600.0,202.5,12.5,795,
25.4.2026,11:43:56.485,53.5,62.4,53.070,0.000,600.0,202.5,12.5,795,
25.4.2026,11:43:56.685,53.4,62.5,52.702,0.000,600.0,202.5,12.5,795,
25.4.2026,11:43:56.887,53.4,62.4,52.998,0.000,600.0,202.5,12.5,795,
25.4.2026,11:43:57.097,53.4,62.5,53.445,0.000,600.0,202.5,12.5,795,
25.4.2026,11:43:57.296,53.4,62.3,53.152,0.000,600.0,202.5,12.5,795,
25.4.2026,11:43:57.497,53.4,62.5,53.268,0.000,600.0,202.5,12.5,795,
25.4.2026,11:43:57.703,53.4,62.4,53.203,0.000,600.0,202.5,12.5,795,
25.4.2026,11:43:57.906,53.4,62.5,52.794,0.000,600.0,202.5,12.5,795,
25.4.2026,11:43:58.108,53.4,62.4,52.635,0.000,615.0,202.5,12.5,795,
25.4.2026,11:43:58.320,53.5,62.5,52.465,0.000,615.0,202.5,12.5,795,
25.4.2026,11:43:58.513,53.5,62.6,52.643,0.000,615.0,202.5,12.5,795,
25.4.2026,11:43:58.719,53.4,62.5,52.639,0.000,615.0,202.5,12.5,795,
25.4.2026,11:43:58.918,53.4,62.4,52.658,0.000,615.0,202.5,12.5,795,
25.4.2026,11:43:59.125,53.4,62.5,52.520,0.000,615.0,202.5,12.5,795,
25.4.2026,11:43:59.331,53.4,62.5,52.514,0.000,615.0,202.5,12.5,795,
25.4.2026,11:43:59.533,53.4,62.5,52.505,0.000,615.0,202.5,12.5,795,
25.4.2026,11:43:59.735,53.4,62.5,52.851,0.000,555.0,202.5,12.5,795,
25.4.2026,11:43:59.936,53.4,62.3,52.747,0.000,555.0,202.5,12.5,795,
25.4.2026,11:44:0.136,53.4,62.4,52.699,0.000,555.0,202.5,12.5,795,
25.4.2026,11:44:0.348,53.4,62.4,52.578,0.000,540.0,202.5,12.5,795,
25.4.2026,11:44:0.543,53.4,62.5,52.533,0.000,540.0,202.5,12.5,795,
25.4.2026,11:44:0.748,53.4,62.4,52.435,0.000,540.0,202.5,12.5,795,
25.4.2026,11:44:0.950,53.4,62.4,52.742,0.000,540.0,202.5,12.5,795,
25.4.2026,11:44:1.153,53.4,62.4,53.175,0.000,570.0,202.5,12.5,795,
25.4.2026,11:44:1.359,53.4,62.5,53.023,0.000,570.0,202.5,12.5,795,
25.4.2026,11:44:1.560,53.4,62.5,52.862,0.000,570.0,202.5,12.5,795,
25.4.2026,11:44:1.764,53.4,62.4,52.721,0.000,570.0,202.5,12.5,795,
25.4.2026,11:44:1.964,53.4,62.5,52.747,0.000,570.0,202.5,12.5,795,
25.4.2026,11:44:2.169,53.5,62.5,52.778,0.000,570.0,202.5,12.5,795,
25.4.2026,11:44:2.374,53.4,62.5,52.466,0.000,570.0,202.5,12.5,795,
25.4.2026,11:44:2.578,53.4,62.5,52.963,0.000,570.0,202.5,12.5,795,
25.4.2026,11:44:2.779,53.4,62.4,52.910,0.000,570.0,202.5,12.5,795,
25.4.2026,11:44:2.984,53.4,62.5,52.790,0.000,555.0,202.5,12.5,795,
25.4.2026,11:44:3.187,53.5,62.5,52.684,0.000,555.0,202.5,12.5,795,
25.4.2026,11:44:3.394,53.4,62.5,52.996,0.000,555.0,202.5,12.5,795,
25.4.2026,11:44:3.595,53.4,62.4,52.651,0.000,555.0,202.5,12.5,795,
25.4.2026,11:44:3.804,53.4,62.4,52.869,0.000,555.0,202.5,12.5,795,
25.4.2026,11:44:3.995,53.4,62.3,52.699,0.000,555.0,202.5,12.5,795,
25.4.2026,11:44:4.203,53.4,62.4,52.754,0.000,555.0,202.5,12.5,795,
25.4.2026,11:44:4.403,53.4,62.3,52.476,0.000,555.0,202.5,12.5,795,
25.4.2026,11:44:4.614,53.4,62.4,52.497,0.000,540.0,202.5,12.5,795,
25.4.2026,11:44:4.814,53.4,62.5,52.498,0.000,540.0,202.5,12.5,795,
25.4.2026,11:44:5.016,53.4,62.5,52.470,0.000,525.0,202.5,12.5,795,
25.4.2026,11:44:5.216,53.4,62.4,52.757,0.000,525.0,202.5,12.5,795,
25.4.2026,11:44:5.426,53.4,62.4,52.637,0.000,555.0,202.5,12.5,795,
25.4.2026,11:44:5.624,53.4,62.4,52.637,0.000,555.0,202.5,12.5,795,
25.4.2026,11:44:5.825,53.4,62.5,52.455,0.000,570.0,202.5,12.5,795,
25.4.2026,11:44:6.030,53.4,62.3,52.756,0.000,570.0,202.5,12.5,795,
25.4.2026,11:44:6.232,53.4,62.4,52.498,0.000,570.0,202.5,12.5,795,
25.4.2026,11:44:6.432,53.4,62.4,52.675,0.000,570.0,202.5,12.5,795,
25.4.2026,11:44:6.642,53.4,62.5,52.737,0.000,570.0,202.5,12.5,795,
25.4.2026,11:44:6.846,53.4,62.4,52.737,0.000,570.0,202.5,12.5,795,
25.4.2026,11:44:7.052,53.4,62.3,52.805,0.000,570.0,202.5,12.5,795,
25.4.2026,11:44:7.247,53.4,62.4,52.772,0.000,570.0,202.5,12.5,795,
25.4.2026,11:44:7.452,53.5,62.5,52.728,0.000,570.0,202.5,12.5,795,
25.4.2026,11:44:7.652,53.4,62.5,52.646,0.000,570.0,202.5,12.5,795,
25.4.2026,11:44:7.857,53.5,62.4,52.705,0.000,570.0,202.5,12.5,795,
25.4.2026,11:44:8.066,53.4,62.4,52.649,0.000,570.0,202.5,12.5,795,
25.4.2026,11:44:8.273,53.4,62.3,52.503,0.000,555.0,202.5,12.5,795,
25.4.2026,11:44:8.467,53.5,62.3,52.732,0.000,555.0,202.5,12.5,795,
25.4.2026,11:44:8.668,53.5,62.5,52.915,0.000,555.0,202.5,12.5,795,
25.4.2026,11:44:8.881,53.4,62.4,52.784,0.000,555.0,202.5,12.5,795,
25.4.2026,11:44:9.077,53.5,62.5,53.192,0.000,570.0,202.5,12.5,795,
25.4.2026,11:44:9.278,53.5,62.3,52.748,0.000,570.0,202.5,12.5,795,
25.4.2026,11:44:9.482,53.5,62.5,53.445,0.000,570.0,202.5,12.5,795,
25.4.2026,11:44:9.684,53.4,62.6,53.153,0.000,570.0,202.5,12.5,795,
25.4.2026,11:44:9.893,53.4,62.6,53.305,0.000,570.0,202.5,12.5,795,
25.4.2026,11:44:10.092,53.4,62.5,53.128,0.000,570.0,202.5,12.5,795,
25.4.2026,11:44:10.296,53.4,62.4,52.558,0.000,570.0,202.5,12.5,795,
25.4.2026,11:44:10.500,53.5,62.5,52.864,0.000,570.0,202.5,12.5,795,
25.4.2026,11:44:10.700,53.4,62.4,53.361,0.000,570.0,202.5,12.5,795,
25.4.2026,11:44:10.909,53.4,62.5,52.602,0.000,525.0,202.5,12.5,795,
25.4.2026,11:44:11.111,53.5,62.5,52.706,0.000,570.0,202.5,12.5,795,
25.4.2026,11:44:11.309,53.5,62.6,52.683,0.000,570.0,202.5,12.5,795,
25.4.2026,11:44:11.523,53.5,62.5,52.660,0.000,570.0,202.5,12.5,795,
25.4.2026,11:44:11.715,53.4,62.6,52.596,0.000,570.0,202.5,12.5,795,
25.4.2026,11:44:11.918,53.5,62.3,52.475,0.000,570.0,202.5,12.5,795,
25.4.2026,11:44:12.121,53.4,62.4,52.752,0.000,570.0,202.5,12.5,795,
25.4.2026,11:44:12.328,53.4,62.5,52.745,0.000,570.0,202.5,12.5,795,
25.4.2026,11:44:12.530,53.4,62.5,52.451,0.000,570.0,202.5,12.5,795,
25.4.2026,11:44:12.736,53.4,62.5,52.468,0.000,525.0,202.5,12.5,795,
25.4.2026,11:44:12.933,53.4,62.4,52.729,0.000,525.0,202.5,12.5,795,
25.4.2026,11:44:13.142,53.4,62.6,52.477,0.000,525.0,202.5,12.5,795,
25.4.2026,11:44:13.343,53.4,62.5,52.722,0.000,525.0,202.5,12.5,795,
25.4.2026,11:44:13.544,53.4,62.5,52.785,0.000,510.0,202.5,12.5,795,
25.4.2026,11:44:13.746,53.5,62.5,52.763,0.000,510.0,202.5,12.5,795,
25.4.2026,11:44:13.952,53.5,62.4,53.015,0.000,510.0,202.5,12.5,795,
25.4.2026,11:44:14.156,53.4,62.6,52.805,0.000,510.0,202.5,12.5,795,
25.4.2026,11:44:14.367,53.5,62.6,52.743,0.000,510.0,202.5,12.5,795,
25.4.2026,11:44:14.562,53.4,62.5,52.802,0.000,510.0,202.5,12.5,795,
25.4.2026,11:44:14.765,53.5,62.4,52.795,0.000,510.0,202.5,12.5,795,
25.4.2026,11:44:14.968,53.4,62.6,53.009,0.000,540.0,202.5,12.5,795,
25.4.2026,11:44:15.168,53.5,62.5,52.636,0.000,540.0,202.5,12.5,795,
25.4.2026,11:44:15.374,53.4,62.5,52.466,0.000,540.0,202.5,12.5,795,
25.4.2026,11:44:15.580,53.5,62.6,52.854,0.000,540.0,202.5,12.5,795,
25.4.2026,11:44:15.781,53.5,62.5,52.847,0.000,540.0,202.5,12.5,795,
25.4.2026,11:44:15.984,53.4,62.5,52.673,0.000,540.0,202.5,12.5,795,
25.4.2026,11:44:16.185,53.5,62.6,52.642,0.000,540.0,202.5,12.5,795,
25.4.2026,11:44:16.386,53.5,62.6,52.716,0.000,540.0,202.5,12.5,795,
25.4.2026,11:44:16.590,53.5,62.6,52.657,0.000,555.0,202.5,12.5,795,
25.4.2026,11:44:16.803,53.5,62.5,52.733,0.000,555.0,202.5,12.5,795,
25.4.2026,11:44:16.995,53.5,62.5,52.673,0.000,555.0,202.5,12.5,795,
25.4.2026,11:44:17.199,53.5,62.6,52.612,0.000,585.0,202.5,12.5,795,
25.4.2026,11:44:17.407,53.5,62.5,52.768,0.000,585.0,202.5,12.5,795,
25.4.2026,11:44:17.607,53.5,62.5,52.768,0.000,585.0,202.5,12.5,795,
25.4.2026,11:44:17.812,53.5,62.6,52.649,0.000,585.0,202.5,12.5,795,
25.4.2026,11:44:18.022,53.5,62.5,52.680,0.000,585.0,202.5,12.5,795,
25.4.2026,11:44:18.214,53.5,62.5,52.521,0.000,585.0,202.5,12.5,795,
25.4.2026,11:44:18.418,53.5,62.5,52.456,0.000,585.0,202.5,12.5,795,
25.4.2026,11:44:18.625,53.5,62.4,52.785,0.000,585.0,202.5,12.5,795,
25.4.2026,11:44:18.825,53.5,62.5,52.568,0.000,585.0,202.5,12.5,795,
25.4.2026,11:44:19.030,53.5,62.5,52.600,0.000,570.0,202.5,12.5,795,
25.4.2026,11:44:19.231,53.5,62.6,52.560,0.000,570.0,202.5,12.5,795,
25.4.2026,11:44:19.436,53.5,62.6,52.721,0.000,585.0,202.5,12.5,795,
25.4.2026,11:44:19.639,53.5,62.5,52.714,0.000,585.0,202.5,12.5,795,
25.4.2026,11:44:19.858,53.5,62.5,52.494,0.000,585.0,202.5,12.5,795,
25.4.2026,11:44:20.044,53.5,62.5,52.575,0.000,585.0,202.5,12.5,795,
25.4.2026,11:44:20.253,53.5,62.5,52.761,0.000,585.0,202.5,12.5,795,
25.4.2026,11:44:20.450,53.5,62.6,52.454,0.000,585.0,202.5,12.5,795,
25.4.2026,11:44:20.651,53.5,62.6,52.516,0.000,585.0,202.5,12.5,795,
25.4.2026,11:44:20.856,53.5,62.5,52.529,0.000,585.0,202.5,12.5,795,
25.4.2026,11:44:21.060,53.5,62.5,52.789,0.000,585.0,202.5,12.5,795,
25.4.2026,11:44:21.264,53.5,62.6,52.785,0.000,540.0,202.5,12.5,795,
25.4.2026,11:44:21.469,53.4,62.5,52.782,0.000,525.0,202.5,12.5,795,
25.4.2026,11:44:21.672,53.5,62.6,53.436,0.000,525.0,202.5,12.5,795,
25.4.2026,11:44:21.875,53.5,62.6,53.349,0.000,525.0,202.5,12.5,795,
25.4.2026,11:44:22.074,53.5,62.5,53.393,0.000,510.0,202.5,12.5,795,
25.4.2026,11:44:22.276,53.5,62.6,53.418,0.000,525.0,202.5,12.5,795,
25.4.2026,11:44:22.483,53.5,62.5,52.603,0.000,525.0,202.5,12.5,795,
25.4.2026,11:44:22.684,53.5,62.5,53.405,0.000,525.0,202.5,12.5,795,
25.4.2026,11:44:22.891,53.5,62.6,53.279,0.000,525.0,202.5,12.5,795,
25.4.2026,11:44:23.092,53.5,62.5,53.283,0.000,525.0,202.5,12.5,795,
25.4.2026,11:44:23.295,53.5,62.6,53.195,0.000,525.0,202.5,12.5,801,
25.4.2026,11:44:23.509,53.8,62.6,52.689,0.000,780.0,2062.7,12.5,795,
25.4.2026,11:44:23.702,53.8,62.6,52.587,0.000,780.0,2062.7,12.5,795,
25.4.2026,11:44:23.901,53.9,62.6,52.517,0.000,780.0,2062.7,12.5,795,
25.4.2026,11:44:24.107,53.9,62.7,52.434,0.000,780.0,2062.7,12.5,795,
25.4.2026,11:44:24.308,54.0,62.8,52.673,0.000,780.0,2062.7,12.5,795,
25.4.2026,11:44:24.513,54.0,62.7,52.567,0.000,780.0,2062.7,12.5,795,
25.4.2026,11:44:24.719,54.0,62.7,52.672,0.000,780.0,2062.7,12.5,795,
25.4.2026,11:44:24.921,54.0,62.7,52.744,0.000,780.0,2062.7,12.5,795,
25.4.2026,11:44:25.121,54.0,62.8,52.768,0.000,780.0,2062.7,12.5,795,
25.4.2026,11:44:25.328,54.1,62.8,52.726,0.000,780.0,2062.7,12.5,795,
25.4.2026,11:44:25.527,54.0,62.8,52.608,0.000,585.0,202.5,12.5,795,
25.4.2026,11:44:25.731,53.7,62.7,52.505,0.000,585.0,202.5,12.5,795,
25.4.2026,11:44:25.936,53.7,62.8,52.762,0.000,780.0,2062.7,12.5,795,
25.4.2026,11:44:26.141,54.0,62.8,52.574,0.000,780.0,2062.7,12.5,795,
25.4.2026,11:44:26.340,54.0,62.8,52.517,0.000,780.0,2062.7,12.5,795,
25.4.2026,11:44:26.545,54.1,62.7,52.490,0.000,780.0,2062.7,12.5,802,
25.4.2026,11:44:26.751,54.1,62.8,52.549,0.000,780.0,2062.7,12.5,795,
25.4.2026,11:44:26.953,54.1,62.8,52.506,0.000,780.0,2062.7,12.5,795,
25.4.2026,11:44:27.154,54.1,62.8,52.546,0.000,780.0,2062.7,12.5,795,
25.4.2026,11:44:27.359,54.1,62.8,52.729,0.000,780.0,2062.7,12.5,795,
25.4.2026,11:44:27.565,54.1,62.8,52.660,0.000,780.0,2062.7,12.5,801,
25.4.2026,11:44:27.764,54.2,62.8,52.649,0.000,780.0,2062.7,12.5,795,
25.4.2026,11:44:27.971,54.2,62.9,52.488,0.000,780.0,2062.7,12.5,801,
25.4.2026,11:44:28.169,54.2,62.8,52.781,0.000,780.0,2062.7,12.5,795,
25.4.2026,11:44:28.375,54.2,63.0,52.740,0.000,780.0,2062.7,12.5,795,
25.4.2026,11:44:28.578,54.2,63.0,52.854,0.000,780.0,2062.7,12.5,795,
25.4.2026,11:44:28.778,54.2,62.9,52.539,0.000,780.0,2062.7,12.5,795,
25.4.2026,11:44:28.983,54.2,62.9,52.580,0.000,780.0,2062.7,12.5,795,
25.4.2026,11:44:29.183,54.2,62.9,52.580,0.000,780.0,2062.7,12.5,795,
25.4.2026,11:44:29.386,54.2,62.9,52.582,0.000,780.0,2062.7,12.5,795,
25.4.2026,11:44:29.590,54.2,62.9,52.466,0.000,780.0,2062.7,12.5,795,
25.4.2026,11:44:29.797,54.3,62.9,52.653,0.000,780.0,2062.7,12.5,795,
25.4.2026,11:44:29.999,54.3,63.0,52.602,0.000,780.0,2062.7,12.5,795,
25.4.2026,11:44:30.198,54.2,63.0,52.561,0.000,780.0,2062.7,12.5,795,
25.4.2026,11:44:30.408,54.3,63.0,52.524,0.000,780.0,2062.7,12.5,795,
25.4.2026,11:44:30.611,54.3,62.9,52.497,0.000,600.0,202.5,12.5,795,
25.4.2026,11:44:30.812,54.0,62.9,52.584,0.000,600.0,202.5,12.5,795,
25.4.2026,11:44:31.014,53.9,62.9,52.427,0.000,585.0,202.5,12.5,795,
25.4.2026,11:44:31.219,53.9,62.9,52.615,0.000,585.0,202.5,12.5,795,
25.4.2026,11:44:31.420,53.9,63.0,52.498,0.000,585.0,202.5,12.5,795,
25.4.2026,11:44:31.625,53.8,62.8,52.630,0.000,585.0,202.5,12.5,795,
25.4.2026,11:44:31.828,53.8,62.8,52.546,0.000,585.0,202.5,12.5,795,
25.4.2026,11:44:32.032,53.8,62.9,52.417,0.000,570.0,202.5,12.5,795,
25.4.2026,11:44:32.237,53.8,62.9,52.532,0.000,555.0,202.5,12.5,795,
25.4.2026,11:44:32.441,53.8,62.8,52.509,0.000,540.0,202.5,12.5,795,
25.4.2026,11:44:32.642,53.8,62.9,52.843,0.000,540.0,202.5,12.5,795,
25.4.2026,11:44:32.840,53.8,62.8,52.553,0.000,540.0,202.5,12.5,795,
25.4.2026,11:44:33.045,53.8,62.9,53.010,0.000,540.0,202.5,12.5,795,
25.4.2026,11:44:33.252,53.8,62.8,52.929,0.000,540.0,202.5,12.5,795,
25.4.2026,11:44:33.454,53.8,62.8,52.718,0.000,540.0,202.5,12.5,795,
25.4.2026,11:44:33.661,53.8,62.8,52.903,0.000,525.0,202.5,12.5,795,
25.4.2026,11:44:33.858,53.8,62.8,53.445,0.000,525.0,202.5,12.5,795,
25.4.2026,11:44:34.072,53.8,62.8,53.066,0.000,540.0,202.5,12.5,795,
25.4.2026,11:44:34.267,53.8,62.8,52.595,0.000,540.0,202.5,12.5,795,
25.4.2026,11:44:34.466,53.8,62.9,52.899,0.000,540.0,202.5,12.5,795,
25.4.2026,11:44:34.667,53.8,62.8,52.498,0.000,540.0,202.5,12.5,795,
25.4.2026,11:44:34.877,53.8,62.9,53.545,0.000,540.0,202.5,12.5,795,
25.4.2026,11:44:35.078,53.8,62.8,53.260,0.000,540.0,202.5,12.5,795,
25.4.2026,11:44:35.277,53.8,62.8,53.301,0.000,555.0,202.5,12.5,795,
25.4.2026,11:44:35.482,53.8,62.8,53.191,0.000,555.0,202.5,12.5,795,
25.4.2026,11:44:35.687,53.8,62.9,53.471,0.000,570.0,202.5,12.5,795,
25.4.2026,11:44:35.895,53.8,62.9,52.783,0.000,570.0,202.5,12.5,795,
25.4.2026,11:44:36.092,53.8,62.8,52.521,0.000,570.0,202.5,12.5,795,
25.4.2026,11:44:36.301,53.8,62.8,52.627,0.000,570.0,202.5,12.5,795,
25.4.2026,11:44:36.499,53.8,62.9,52.692,0.000,585.0,202.5,12.5,795,
25.4.2026,11:44:36.701,53.8,62.9,52.780,0.000,585.0,202.5,12.5,795,
25.4.2026,11:44:36.902,53.8,62.8,52.485,0.000,600.0,202.5,12.5,795,
25.4.2026,11:44:37.113,53.8,62.9,52.506,0.000,600.0,202.5,12.5,795,
25.4.2026,11:44:37.312,53.8,62.9,52.519,0.000,600.0,202.5,12.5,795,
25.4.2026,11:44:37.514,53.8,62.9,52.521,0.000,600.0,202.5,12.5,795,
25.4.2026,11:44:37.719,53.8,62.8,52.455,0.000,600.0,202.5,12.5,795,
25.4.2026,11:44:37.922,53.8,62.9,52.497,0.000,600.0,202.5,12.5,795,
25.4.2026,11:44:38.123,53.8,62.8,52.691,0.000,600.0,202.5,12.5,795,
25.4.2026,11:44:38.324,53.8,62.8,52.541,0.000,600.0,202.5,12.5,795,
25.4.2026,11:44:38.533,53.8,62.8,52.862,0.000,600.0,202.5,12.5,795,
25.4.2026,11:44:38.734,53.8,62.8,52.580,0.000,585.0,202.5,12.5,795,
25.4.2026,11:44:38.935,53.8,62.8,52.687,0.000,585.0,202.5,12.5,795,
25.4.2026,11:44:39.139,53.8,62.8,52.694,0.000,585.0,202.5,12.5,795,
25.4.2026,11:44:39.342,53.8,62.8,52.698,0.000,585.0,202.5,12.5,795,
25.4.2026,11:44:39.553,53.8,62.8,52.627,0.000,570.0,202.5,12.5,795,
25.4.2026,11:44:39.752,53.7,62.8,52.790,0.000,570.0,202.5,12.5,795,
25.4.2026,11:44:39.952,53.8,62.8,52.790,0.000,570.0,202.5,12.5,795,
25.4.2026,11:44:40.161,53.8,62.8,52.464,0.000,570.0,202.5,12.5,795,
25.4.2026,11:44:40.367,53.8,62.8,53.103,0.000,555.0,202.5,12.5,795,
25.4.2026,11:44:40.566,53.8,62.7,52.904,0.000,555.0,202.5,12.5,795,
25.4.2026,11:44:40.761,53.8,62.9,52.900,0.000,555.0,202.5,12.5,795,
25.4.2026,11:44:40.964,53.8,62.8,53.120,0.000,540.0,202.5,12.5,795,
25.4.2026,11:44:41.169,53.8,62.8,52.672,0.000,540.0,202.5,12.5,795,
25.4.2026,11:44:41.375,53.8,62.9,52.906,0.000,540.0,202.5,12.5,795,
25.4.2026,11:44:41.579,53.8,62.9,52.891,0.000,540.0,202.5,12.5,795,
25.4.2026,11:44:41.781,53.8,62.8,53.280,0.000,525.0,202.5,12.5,795,
25.4.2026,11:44:41.980,53.8,62.8,52.536,0.000,525.0,202.5,12.5,795,
25.4.2026,11:44:42.188,53.8,62.9,52.846,0.000,525.0,202.5,12.5,795,
25.4.2026,11:44:42.392,53.8,62.8,53.183,0.000,510.0,202.5,12.5,795,
25.4.2026,11:44:42.599,53.7,62.9,52.762,0.000,510.0,202.5,12.5,795,
25.4.2026,11:44:42.795,53.8,62.8,52.524,0.000,495.0,202.5,12.5,795,
25.4.2026,11:44:43.009,53.8,62.8,52.490,0.000,495.0,202.5,12.5,795,
25.4.2026,11:44:43.207,53.8,62.8,52.507,0.000,480.0,202.5,12.5,795,
25.4.2026,11:44:43.402,53.7,62.8,52.486,0.000,480.0,202.5,12.5,795,
25.4.2026,11:44:43.606,53.7,62.9,52.498,0.000,480.0,202.5,12.5,795,
25.4.2026,11:44:43.813,53.7,62.9,52.791,0.000,465.0,202.5,12.5,795,
25.4.2026,11:44:44.019,53.8,62.9,52.557,0.000,465.0,202.5,12.5,795,
25.4.2026,11:44:44.218,53.8,63.0,52.475,0.000,480.0,202.5,12.5,795,
25.4.2026,11:44:44.422,53.7,62.9,52.731,0.000,480.0,202.5,12.5,795,
25.4.2026,11:44:44.622,53.8,62.9,52.575,0.000,495.0,202.5,12.5,795,
25.4.2026,11:44:44.827,53.8,62.9,52.804,0.000,495.0,202.5,12.5,795,
25.4.2026,11:44:45.030,53.8,62.8,52.662,0.000,495.0,202.5,12.5,795,
25.4.2026,11:44:45.235,53.8,62.9,52.520,0.000,495.0,202.5,12.5,795,
25.4.2026,11:44:45.436,53.7,62.8,53.000,0.000,495.0,202.5,12.5,795,
25.4.2026,11:44:45.639,53.7,62.8,52.788,0.000,495.0,202.5,12.5,795,
25.4.2026,11:44:45.843,53.7,63.0,52.788,0.000,510.0,202.5,12.5,795,
25.4.2026,11:44:46.045,53.8,62.8,52.510,0.000,555.0,202.5,12.5,795,
25.4.2026,11:44:46.247,53.8,62.9,52.843,0.000,555.0,202.5,12.5,795,
25.4.2026,11:44:46.463,53.8,62.8,53.091,0.000,555.0,202.5,12.5,795,
25.4.2026,11:44:46.656,53.8,62.9,53.284,0.000,555.0,202.5,12.5,795,
25.4.2026,11:44:46.857,53.8,63.0,53.022,0.000,555.0,202.5,12.5,795,
25.4.2026,11:44:47.069,53.8,62.9,52.638,0.000,555.0,202.5,12.5,795,
25.4.2026,11:44:47.264,53.8,62.9,53.209,0.000,555.0,202.5,12.5,795,
25.4.2026,11:44:47.471,53.8,63.0,53.158,0.000,570.0,202.5,12.5,795,
25.4.2026,11:44:47.675,53.8,62.8,52.931,0.000,570.0,202.5,12.5,795,
25.4.2026,11:44:47.873,53.8,62.8,52.967,0.000,570.0,202.5,12.5,795,
25.4.2026,11:44:48.082,53.8,62.9,53.189,0.000,570.0,202.5,12.5,795,
25.4.2026,11:44:48.276,53.8,62.9,52.539,0.000,570.0,202.5,12.5,795,
25.4.2026,11:44:48.489,53.8,63.0,52.566,0.000,570.0,202.5,12.5,795,
25.4.2026,11:44:48.685,53.8,62.8,52.516,0.000,570.0,202.5,12.5,795,
25.4.2026,11:44:48.896,53.8,62.9,52.366,0.000,570.0,202.5,12.5,795,
25.4.2026,11:44:49.091,53.8,63.0,52.485,0.000,525.0,202.5,12.5,795,
25.4.2026,11:44:49.293,53.8,62.9,52.708,0.000,525.0,202.5,12.5,795,
25.4.2026,11:44:49.498,53.8,62.8,52.735,0.000,525.0,202.5,12.5,795,
25.4.2026,11:44:49.708,53.8,62.9,52.690,0.000,510.0,202.5,12.5,795,
25.4.2026,11:44:49.911,53.8,62.9,52.470,0.000,510.0,202.5,12.5,795,
25.4.2026,11:44:50.107,53.8,62.9,52.820,0.000,780.0,2062.7,12.8,825,
25.4.2026,11:44:50.309,54.1,62.9,52.452,0.000,780.0,2062.7,12.7,818,
25.4.2026,11:44:50.512,54.2,63.0,52.511,0.000,780.0,2062.7,12.7,818,
25.4.2026,11:44:50.717,54.2,63.0,52.602,0.000,780.0,2062.7,12.7,818,
25.4.2026,11:44:50.921,54.3,63.0,52.462,0.000,780.0,2062.7,12.7,818,
25.4.2026,11:44:51.121,54.3,63.0,52.462,0.000,780.0,2062.7,12.7,818,
25.4.2026,11:44:51.326,54.3,63.1,52.579,0.000,780.0,2062.7,12.8,821,
25.4.2026,11:44:51.532,54.3,63.0,52.765,0.000,780.0,2062.7,12.8,821,
25.4.2026,11:44:51.736,54.3,63.0,52.567,0.000,780.0,2062.7,12.8,821,
25.4.2026,11:44:51.935,54.3,63.1,52.656,0.000,780.0,2062.7,12.8,821,
25.4.2026,11:44:52.138,54.3,63.1,52.735,0.000,780.0,2062.7,12.8,821,
25.4.2026,11:44:52.342,54.3,63.1,52.514,0.000,780.0,2062.7,12.8,824,
25.4.2026,11:44:52.543,54.3,63.2,52.492,0.000,780.0,2062.7,12.8,824,
25.4.2026,11:44:52.747,54.1,63.1,52.636,0.000,600.0,202.5,12.8,824,
25.4.2026,11:44:52.948,54.0,63.0,52.590,0.000,600.0,202.5,12.8,824,
25.4.2026,11:44:53.159,54.0,63.0,52.775,0.000,600.0,202.5,12.8,824,
25.4.2026,11:44:53.359,54.0,63.1,52.642,0.000,585.0,202.5,12.8,826,
25.4.2026,11:44:53.559,54.0,63.1,52.838,0.000,585.0,202.5,12.8,826,
25.4.2026,11:44:53.764,54.0,63.1,52.418,0.000,585.0,202.5,12.8,826,
25.4.2026,11:44:53.964,53.9,63.0,52.542,0.000,585.0,202.5,12.8,826,
25.4.2026,11:44:54.176,53.9,63.0,53.324,0.000,570.0,202.5,12.8,826,
25.4.2026,11:44:54.374,53.9,63.0,53.209,0.000,555.0,202.5,12.8,826,
25.4.2026,11:44:54.579,53.9,63.0,53.128,0.000,555.0,202.5,12.8,826,
25.4.2026,11:44:54.778,53.9,63.0,53.153,0.000,540.0,202.5,12.8,826,
25.4.2026,11:44:54.979,53.9,62.9,53.455,0.000,540.0,202.5,12.8,826,
25.4.2026,11:44:55.192,53.9,63.1,52.748,0.000,540.0,202.5,12.8,826,
25.4.2026,11:44:55.395,53.9,62.9,52.797,0.000,540.0,202.5,12.8,826,
25.4.2026,11:44:55.590,53.9,63.0,52.514,0.000,540.0,202.5,12.8,826,
25.4.2026,11:44:55.794,53.9,62.9,52.500,0.000,540.0,202.5,12.8,826,
25.4.2026,11:44:55.996,54.0,63.0,52.516,0.000,540.0,202.5,12.8,826,
25.4.2026,11:44:56.203,53.9,63.0,52.430,0.000,540.0,202.5,12.8,826,
25.4.2026,11:44:56.407,53.9,63.0,52.606,0.000,540.0,202.5,12.8,826,
25.4.2026,11:44:56.607,53.9,63.0,52.503,0.000,540.0,202.5,12.8,826,
25.4.2026,11:44:56.810,53.9,63.1,52.722,0.000,540.0,202.5,12.8,826,
25.4.2026,11:44:57.014,53.9,63.0,52.782,0.000,540.0,202.5,12.8,826,
25.4.2026,11:44:57.219,53.9,62.9,52.829,0.000,540.0,202.5,12.8,826,
25.4.2026,11:44:57.420,53.9,63.0,52.432,0.000,555.0,202.5,12.8,826,
25.4.2026,11:44:57.622,53.9,63.0,52.870,0.000,555.0,202.5,12.8,826,
25.4.2026,11:44:57.827,53.9,62.9,52.663,0.000,570.0,202.5,12.8,826,
25.4.2026,11:44:58.032,53.9,62.9,52.782,0.000,570.0,202.5,12.8,826,
25.4.2026,11:44:58.231,53.9,63.1,52.749,0.000,570.0,202.5,12.8,826,
25.4.2026,11:44:58.437,53.9,63.0,53.074,0.000,570.0,202.5,12.8,826,
25.4.2026,11:44:58.639,53.9,63.0,52.486,0.000,570.0,202.5,12.8,826,
25.4.2026,11:44:58.845,53.9,63.0,52.900,0.000,570.0,202.5,12.8,826,
25.4.2026,11:44:59.048,53.9,62.9,52.723,0.000,570.0,202.5,12.8,826,
25.4.2026,11:44:59.249,53.9,62.9,52.798,0.000,570.0,202.5,12.8,826,
25.4.2026,11:44:59.455,53.9,63.0,52.483,0.000,570.0,202.5,12.8,826,
25.4.2026,11:44:59.655,53.9,62.9,52.605,0.000,525.0,202.5,12.8,826,
25.4.2026,11:44:59.860,53.8,63.0,53.447,0.000,525.0,202.5,12.8,826,
25.4.2026,11:45:0.064,53.9,63.0,53.404,0.000,525.0,202.5,12.8,826,
25.4.2026,11:45:0.266,53.9,63.0,52.767,0.000,510.0,202.5,12.8,826,
25.4.2026,11:45:0.468,53.9,63.0,52.740,0.000,510.0,202.5,12.8,826,
25.4.2026,11:45:0.668,53.9,62.9,52.815,0.000,525.0,202.5,12.8,826,
25.4.2026,11:45:0.871,53.9,63.0,52.729,0.000,525.0,202.5,12.8,826,
25.4.2026,11:45:1.073,53.9,63.0,52.771,0.000,525.0,202.5,12.8,826,
25.4.2026,11:45:1.284,53.9,63.0,53.189,0.000,555.0,202.5,12.8,826,
25.4.2026,11:45:1.482,53.9,63.0,52.761,0.000,555.0,202.5,12.8,826,
25.4.2026,11:45:1.683,53.9,63.0,52.826,0.000,555.0,202.5,12.8,826,
25.4.2026,11:45:1.886,53.9,63.0,52.778,0.000,555.0,202.5,12.8,826,
25.4.2026,11:45:2.089,53.9,63.0,52.599,0.000,555.0,202.5,12.8,826,
25.4.2026,11:45:2.296,53.9,63.0,52.770,0.000,570.0,202.5,12.8,826,
25.4.2026,11:45:2.509,53.9,63.0,52.753,0.000,570.0,202.5,12.8,826,
25.4.2026,11:45:2.703,53.9,62.9,52.722,0.000,570.0,202.5,12.8,826,
25.4.2026,11:45:2.907,53.9,63.0,52.719,0.000,570.0,202.5,12.8,826,
25.4.2026,11:45:3.108,53.9,63.1,52.571,0.000,570.0,202.5,12.8,826,
25.4.2026,11:45:3.317,53.9,63.0,52.762,0.000,570.0,202.5,12.8,826,
25.4.2026,11:45:3.515,53.9,63.0,52.455,0.000,570.0,202.5,12.8,826,
25.4.2026,11:45:3.713,53.9,63.0,52.599,0.000,570.0,202.5,12.8,826,
25.4.2026,11:45:3.919,53.9,62.9,52.485,0.000,570.0,202.5,12.8,826,
25.4.2026,11:45:4.129,53.9,63.1,52.485,0.000,570.0,202.5,12.8,826,
25.4.2026,11:45:4.325,53.9,63.1,52.503,0.000,555.0,202.5,12.8,826,
25.4.2026,11:45:4.527,53.9,63.0,52.507,0.000,555.0,202.5,12.8,826,
25.4.2026,11:45:4.734,53.9,63.1,52.714,0.000,555.0,202.5,12.8,826,
25.4.2026,11:45:4.933,53.9,63.1,52.545,0.000,540.0,202.5,12.8,826,
25.4.2026,11:45:5.143,53.9,63.1,52.568,0.000,540.0,202.5,12.8,826,
25.4.2026,11:45:5.347,53.9,62.9,52.483,0.000,525.0,202.5,12.8,826,
25.4.2026,11:45:5.548,53.9,63.1,52.398,0.000,525.0,202.5,12.8,826,
25.4.2026,11:45:5.750,53.9,62.9,52.492,0.000,510.0,202.5,12.8,826,
25.4.2026,11:45:5.959,53.9,62.8,52.537,0.000,525.0,202.5,12.8,826,
25.4.2026,11:45:6.160,53.9,62.9,52.751,0.000,525.0,202.5,12.8,826,
25.4.2026,11:45:6.358,53.9,62.9,52.601,0.000,540.0,202.5,12.8,826,
25.4.2026,11:45:6.561,53.9,62.9,52.899,0.000,540.0,202.5,12.8,826,
25.4.2026,11:45:6.765,53.9,62.9,53.177,0.000,540.0,202.5,12.8,826,
25.4.2026,11:45:6.965,53.9,62.9,53.510,0.000,540.0,202.5,12.8,826,
25.4.2026,11:45:7.177,53.9,62.9,53.356,0.000,540.0,202.5,12.8,826,
25.4.2026,11:45:7.377,53.9,62.9,52.904,0.000,540.0,202.5,12.8,826,
25.4.2026,11:45:7.585,53.9,63.0,52.676,0.000,540.0,202.5,12.8,826,
25.4.2026,11:45:7.786,53.9,63.0,52.761,0.000,540.0,202.5,12.8,826,
25.4.2026,11:45:7.982,53.9,63.0,52.537,0.000,525.0,202.5,12.8,826,
25.4.2026,11:45:8.187,53.9,62.9,52.581,0.000,525.0,202.5,12.8,826,
25.4.2026,11:45:8.401,53.9,62.9,52.474,0.000,525.0,202.5,12.8,826,
25.4.2026,11:45:8.590,53.9,63.0,52.494,0.000,510.0,202.5,12.8,826,
25.4.2026,11:45:8.793,53.9,62.9,52.616,0.000,510.0,202.5,12.8,826,
25.4.2026,11:45:9.000,53.9,63.0,52.632,0.000,525.0,202.5,12.8,826,
25.4.2026,11:45:9.203,53.9,63.0,52.589,0.000,525.0,202.5,12.8,826,
25.4.2026,11:45:9.407,53.9,62.9,52.677,0.000,555.0,202.5,12.8,826,
25.4.2026,11:45:9.611,53.9,62.9,52.574,0.000,555.0,202.5,12.8,826,
25.4.2026,11:45:9.809,53.9,63.0,52.521,0.000,555.0,202.5,12.8,826,
25.4.2026,11:45:10.011,53.9,63.0,52.591,0.000,555.0,202.5,12.8,826,
25.4.2026,11:45:10.217,53.9,62.9,52.461,0.000,555.0,202.5,12.8,826,
25.4.2026,11:45:10.422,53.9,63.0,52.448,0.000,555.0,202.5,12.8,826,
25.4.2026,11:45:10.627,53.9,62.9,52.550,0.000,555.0,202.5,12.8,826,
25.4.2026,11:45:10.826,53.9,62.9,52.728,0.000,555.0,202.5,12.8,826,
25.4.2026,11:45:11.035,53.9,62.9,52.578,0.000,555.0,202.5,12.8,826,
25.4.2026,11:45:11.235,53.9,62.8,52.922,0.000,495.0,202.5,12.8,826,
25.4.2026,11:45:11.438,53.9,63.0,52.792,0.000,510.0,202.5,12.8,826,
25.4.2026,11:45:11.639,53.9,63.0,52.846,0.000,495.0,202.5,12.8,826,
25.4.2026,11:45:11.847,53.9,62.9,52.941,0.000,495.0,202.5,12.8,826,
25.4.2026,11:45:12.048,53.9,62.9,52.786,0.000,495.0,202.5,12.8,826,
25.4.2026,11:45:12.249,53.9,63.0,52.805,0.000,480.0,202.5,12.8,826,
25.4.2026,11:45:12.460,53.9,62.9,53.004,0.000,525.0,202.5,12.8,826,
25.4.2026,11:45:12.656,53.9,62.9,53.297,0.000,525.0,202.5,12.8,826,
25.4.2026,11:45:12.855,53.9,62.9,53.430,0.000,525.0,202.5,12.8,826,
25.4.2026,11:45:13.059,53.9,63.0,52.875,0.000,525.0,202.5,12.8,826,
25.4.2026,11:45:13.267,53.9,62.9,52.629,0.000,525.0,202.5,12.8,826,
25.4.2026,11:45:13.465,53.9,62.9,53.141,0.000,525.0,202.5,12.8,826,
25.4.2026,11:45:13.667,53.9,63.0,52.606,0.000,525.0,202.5,12.8,826,
25.4.2026,11:45:13.878,53.9,63.0,52.681,0.000,525.0,202.5,12.8,826,
25.4.2026,11:45:14.080,53.9,63.0,52.471,0.000,495.0,202.5,12.8,826,
25.4.2026,11:45:14.283,53.9,62.9,52.846,0.000,495.0,202.5,12.8,826,
25.4.2026,11:45:14.487,53.9,62.9,52.504,0.000,480.0,202.5,12.8,826,
25.4.2026,11:45:14.694,53.9,63.1,52.628,0.000,480.0,202.5,12.8,826,
25.4.2026,11:45:14.889,53.9,62.9,52.629,0.000,480.0,202.5,12.8,826,
25.4.2026,11:45:15.098,53.8,63.0,52.414,0.000,480.0,202.5,12.8,826,
25.4.2026,11:45:15.297,53.9,63.0,52.452,0.000,465.0,202.5,12.8,826,
25.4.2026,11:45:15.505,53.9,63.0,52.449,0.000,465.0,202.5,12.8,826,
25.4.2026,11:45:15.704,53.9,63.0,52.582,0.000,465.0,202.5,12.8,826,
25.4.2026,11:45:15.901,53.9,63.1,52.582,0.000,480.0,202.5,12.8,826,
25.4.2026,11:45:16.106,53.9,63.1,52.532,0.000,495.0,202.5,12.8,826,
25.4.2026,11:45:16.313,53.9,63.0,52.500,0.000,495.0,202.5,12.8,826,
25.4.2026,11:45:16.517,53.9,63.1,52.557,0.000,495.0,202.5,12.8,826,
25.4.2026,11:45:16.717,53.9,63.0,52.514,0.000,495.0,202.5,12.8,826,
25.4.2026,11:45:16.922,53.9,63.0,52.673,0.000,495.0,202.5,12.8,826,
25.4.2026,11:45:17.127,53.9,63.0,52.799,0.000,495.0,202.5,12.8,826,
25.4.2026,11:45:17.323,54.0,63.1,52.652,0.000,510.0,202.5,12.8,826,
25.4.2026,11:45:17.530,53.9,63.0,52.529,0.000,525.0,202.5,12.8,826,
25.4.2026,11:45:17.732,54.0,63.0,52.540,0.000,525.0,202.5,12.8,826,
25.4.2026,11:45:17.938,53.9,63.1,52.789,0.000,525.0,202.5,12.8,826,
25.4.2026,11:45:18.138,54.0,63.1,52.531,0.000,525.0,202.5,12.8,826,
25.4.2026,11:45:18.345,54.0,63.0,52.623,0.000,540.0,202.5,12.8,826,
25.4.2026,11:45:18.545,54.0,63.1,52.802,0.000,540.0,202.5,12.8,826,
25.4.2026,11:45:18.749,54.0,63.1,52.806,0.000,540.0,202.5,12.8,826,
25.4.2026,11:45:18.950,54.0,63.0,53.012,0.000,540.0,202.5,12.8,826,
25.4.2026,11:45:19.160,54.0,62.9,52.537,0.000,555.0,202.5,12.8,826,
25.4.2026,11:45:19.360,53.9,63.0,53.230,0.000,555.0,202.5,12.8,826,
25.4.2026,11:45:19.561,53.9,63.0,53.382,0.000,555.0,202.5,12.8,826,
25.4.2026,11:45:19.762,54.0,63.0,53.216,0.000,555.0,202.5,12.8,826,
25.4.2026,11:45:19.968,54.0,63.0,53.750,0.000,555.0,202.5,12.8,826,
25.4.2026,11:45:20.175,53.9,63.0,53.409,0.000,555.0,202.5,12.8,826,
25.4.2026,11:45:20.384,53.9,63.0,52.538,0.000,555.0,202.5,12.8,826,
25.4.2026,11:45:20.582,54.0,63.0,52.708,0.000,555.0,202.5,12.8,826,
25.4.2026,11:45:20.785,54.0,63.0,52.748,0.000,555.0,202.5,12.8,826,
25.4.2026,11:45:20.980,53.9,63.0,52.621,0.000,540.0,202.5,12.8,826,
25.4.2026,11:45:21.186,53.9,63.1,52.475,0.000,525.0,202.5,12.8,826,
25.4.2026,11:45:21.391,53.9,62.9,52.429,0.000,525.0,202.5,12.8,826,
25.4.2026,11:45:21.599,53.9,63.0,52.638,0.000,525.0,202.5,12.8,826,
25.4.2026,11:45:21.795,53.9,63.1,52.441,0.000,510.0,202.5,12.8,826,
25.4.2026,11:45:22.006,53.9,63.0,52.591,0.000,510.0,202.5,12.8,826,
25.4.2026,11:45:22.206,53.9,63.0,52.503,0.000,510.0,202.5,12.8,826,
25.4.2026,11:45:22.401,54.0,62.9,52.532,0.000,495.0,202.5,12.8,826,
25.4.2026,11:45:22.606,54.0,63.0,52.694,0.000,495.0,202.5,12.8,826,
25.4.2026,11:45:22.811,54.0,63.0,52.428,0.000,495.0,202.5,12.8,826,
25.4.2026,11:45:23.027,53.9,63.1,52.612,0.000,495.0,202.5,12.8,826,
25.4.2026,11:45:23.221,54.0,63.0,52.881,0.000,480.0,202.5,12.8,826,
25.4.2026,11:45:23.420,53.9,63.0,52.899,0.000,495.0,202.5,12.8,826,
25.4.2026,11:45:23.627,53.9,63.0,52.978,0.000,495.0,202.5,12.8,826,
25.4.2026,11:45:23.825,54.0,63.0,52.820,0.000,495.0,202.5,12.8,826,
25.4.2026,11:45:24.032,54.0,63.0,52.863,0.000,495.0,202.5,12.8,826,
25.4.2026,11:45:24.238,53.9,63.1,52.807,0.000,495.0,202.5,12.8,826,
25.4.2026,11:45:24.437,54.0,63.0,52.995,0.000,510.0,202.5,12.8,826,
25.4.2026,11:45:24.638,54.0,63.1,52.568,0.000,510.0,202.5,12.8,826,
25.4.2026,11:45:24.840,54.0,63.0,52.990,0.000,525.0,202.5,12.8,826,
25.4.2026,11:45:25.059,54.0,63.0,52.938,0.000,525.0,202.5,12.8,826,
25.4.2026,11:45:25.246,53.9,63.0,52.818,0.000,525.0,202.5,12.8,826,
25.4.2026,11:45:25.453,53.9,63.0,53.199,0.000,525.0,202.5,12.8,826,
25.4.2026,11:45:25.660,54.0,63.1,53.120,0.000,525.0,202.5,12.8,826,
25.4.2026,11:45:25.863,54.0,63.1,52.856,0.000,525.0,202.5,12.8,826,
25.4.2026,11:45:26.064,53.9,63.0,53.136,0.000,525.0,202.5,12.8,826,
25.4.2026,11:45:26.265,54.0,63.0,52.922,0.000,525.0,202.5,12.8,826,
25.4.2026,11:45:26.474,54.0,63.1,52.902,0.000,510.0,202.5,12.8,826,
25.4.2026,11:45:26.669,54.0,63.0,52.562,0.000,510.0,202.5,12.8,826,
25.4.2026,11:45:26.871,54.0,63.2,52.708,0.000,540.0,202.5,12.8,826,
25.4.2026,11:45:27.079,54.0,63.0,52.849,0.000,540.0,202.5,12.8,826,
25.4.2026,11:45:27.281,54.0,63.1,52.506,0.000,540.0,202.5,12.8,826,
25.4.2026,11:45:27.485,53.9,63.0,52.534,0.000,540.0,202.5,12.8,826,
25.4.2026,11:45:27.688,54.0,63.0,52.498,0.000,540.0,202.5,12.8,826,
25.4.2026,11:45:27.896,54.0,63.0,52.528,0.000,540.0,202.5,12.8,826,
25.4.2026,11:45:28.103,54.0,63.1,52.900,0.000,540.0,202.5,12.8,826,
25.4.2026,11:45:28.298,54.0,63.1,52.690,0.000,540.0,202.5,12.8,826,
25.4.2026,11:45:28.502,54.0,63.1,52.619,0.000,540.0,202.5,12.8,826,
25.4.2026,11:45:28.703,54.0,63.1,52.486,0.000,510.0,202.5,12.8,826,
25.4.2026,11:45:28.905,54.0,63.0,52.555,0.000,510.0,202.5,12.8,826,
25.4.2026,11:45:29.108,54.0,63.0,52.555,0.000,510.0,202.5,12.8,826,
25.4.2026,11:45:29.312,54.0,63.0,52.675,0.000,510.0,202.5,12.8,826,
25.4.2026,11:45:29.513,54.0,63.1,52.629,0.000,510.0,202.5,12.8,826,
25.4.2026,11:45:29.716,53.9,63.1,52.668,0.000,495.0,202.5,12.8,826,
25.4.2026,11:45:29.919,54.0,63.1,52.737,0.000,495.0,202.5,12.8,826,
25.4.2026,11:45:30.125,54.0,63.1,52.538,0.000,495.0,202.5,12.8,826,
25.4.2026,11:45:30.326,54.0,63.0,52.758,0.000,510.0,202.5,12.8,826,
25.4.2026,11:45:30.534,54.0,63.2,52.515,0.000,525.0,202.5,12.8,826,
25.4.2026,11:45:30.729,54.0,63.1,52.518,0.000,525.0,202.5,12.8,826,
25.4.2026,11:45:30.936,54.0,63.1,52.756,0.000,525.0,202.5,12.8,826,
25.4.2026,11:45:31.140,54.0,63.1,52.798,0.000,525.0,202.5,12.8,826,
25.4.2026,11:45:31.341,54.0,63.1,52.485,0.000,525.0,202.5,12.8,826,
25.4.2026,11:45:31.548,54.0,63.1,52.776,0.000,525.0,202.5,12.8,826,
25.4.2026,11:45:31.746,54.0,63.1,53.152,0.000,525.0,202.5,12.8,826,
25.4.2026,11:45:31.951,54.0,63.1,52.940,0.000,525.0,202.5,12.8,826,
25.4.2026,11:45:32.158,54.0,63.1,53.212,0.000,510.0,202.5,12.8,826,
25.4.2026,11:45:32.360,54.0,63.0,53.278,0.000,495.0,202.5,12.8,826,
25.4.2026,11:45:32.560,54.0,63.2,53.453,0.000,495.0,202.5,12.8,826,
25.4.2026,11:45:32.762,53.9,63.1,53.292,0.000,495.0,202.5,12.8,826,
25.4.2026,11:45:32.966,54.0,63.1,53.388,0.000,495.0,202.5,12.8,826,
25.4.2026,11:45:33.173,54.0,63.1,52.528,0.000,495.0,202.5,12.8,826,
25.4.2026,11:45:33.374,54.0,63.1,52.503,0.000,480.0,202.5,12.8,826,
25.4.2026,11:45:33.579,54.0,63.1,52.546,0.000,480.0,202.5,12.8,826,
25.4.2026,11:45:33.795,53.9,63.1,52.521,0.000,480.0,202.5,12.8,826,
25.4.2026,11:45:33.988,53.9,63.1,52.483,0.000,465.0,202.5,12.8,826,
25.4.2026,11:45:34.198,53.9,63.1,52.640,0.000,465.0,202.5,12.8,826,
25.4.2026,11:45:34.396,54.0,63.1,52.552,0.000,465.0,202.5,12.8,826,
25.4.2026,11:45:34.593,54.0,63.2,52.544,0.000,495.0,202.5,12.8,826,
25.4.2026,11:45:34.800,54.0,63.2,52.432,0.000,495.0,202.5,12.8,826,
25.4.2026,11:45:34.995,54.0,63.1,52.448,0.000,495.0,202.5,12.8,826,
25.4.2026,11:45:35.205,54.0,63.2,52.815,0.000,495.0,202.5,12.8,826,
25.4.2026,11:45:35.405,54.0,63.1,52.536,0.000,495.0,202.5,12.8,826,
25.4.2026,11:45:35.609,54.0,63.1,52.791,0.000,495.0,202.5,12.8,826,
25.4.2026,11:45:35.813,54.0,63.1,52.491,0.000,495.0,202.5,12.8,826,
25.4.2026,11:45:36.013,54.0,63.2,52.671,0.000,525.0,202.5,12.8,826,
25.4.2026,11:45:36.220,54.0,63.1,53.003,0.000,525.0,202.5,12.8,826,
25.4.2026,11:45:36.429,54.0,63.1,52.597,0.000,525.0,202.5,12.8,826,
25.4.2026,11:45:36.628,54.0,63.2,52.937,0.000,525.0,202.5,12.8,826,
25.4.2026,11:45:36.828,54.0,63.2,52.556,0.000,525.0,202.5,12.8,826,
25.4.2026,11:45:37.033,54.0,63.1,52.962,0.000,525.0,202.5,12.8,826,
25.4.2026,11:45:37.241,54.0,63.2,52.610,0.000,525.0,202.5,12.8,826,
25.4.2026,11:45:37.434,54.0,63.1,52.829,0.000,540.0,202.5,12.8,826,
25.4.2026,11:45:37.648,54.0,63.2,52.697,0.000,540.0,202.5,12.8,826,
25.4.2026,11:45:37.842,54.0,63.1,52.927,0.000,540.0,202.5,12.8,826,
25.4.2026,11:45:38.044,54.0,63.1,52.914,0.000,555.0,202.5,12.8,826,
25.4.2026,11:45:38.250,54.0,63.1,52.806,0.000,555.0,202.5,12.8,826,
25.4.2026,11:45:38.457,54.0,63.2,52.669,0.000,555.0,202.5,12.8,826,
25.4.2026,11:45:38.655,54.0,63.1,52.858,0.000,555.0,202.5,12.8,826,
25.4.2026,11:45:38.859,54.0,63.2,52.733,0.000,555.0,202.5,12.8,826,
25.4.2026,11:45:39.061,54.0,63.2,52.731,0.000,555.0,202.5,12.8,826,
25.4.2026,11:45:39.264,54.0,63.2,52.535,0.000,555.0,202.5,12.8,826,
25.4.2026,11:45:39.469,54.0,63.1,52.729,0.000,555.0,202.5,12.8,826,
25.4.2026,11:45:39.676,54.0,63.2,52.682,0.000,525.0,202.5,12.8,826,
25.4.2026,11:45:39.875,54.0,63.1,52.624,0.000,510.0,202.5,12.8,826,
25.4.2026,11:45:40.086,54.0,63.2,52.872,0.000,510.0,202.5,12.8,826,
25.4.2026,11:45:40.287,54.0,63.2,52.506,0.000,510.0,202.5,12.8,826,
25.4.2026,11:45:40.483,54.0,63.1,52.625,0.000,510.0,202.5,12.8,826,
25.4.2026,11:45:40.686,54.0,63.1,52.651,0.000,510.0,202.5,12.8,826,
25.4.2026,11:45:40.894,54.0,63.2,52.586,0.000,525.0,202.5,12.8,826,
25.4.2026,11:45:41.091,54.0,63.1,52.662,0.000,525.0,202.5,12.8,826,
25.4.2026,11:45:41.300,54.0,63.1,52.514,0.000,525.0,202.5,12.8,826,
25.4.2026,11:45:41.496,54.0,63.1,52.783,0.000,525.0,202.5,12.8,826,
25.4.2026,11:45:41.709,54.0,63.0,52.762,0.000,525.0,202.5,12.8,826,
25.4.2026,11:45:41.906,54.0,63.0,52.679,0.000,525.0,202.5,12.8,826,
25.4.2026,11:45:42.114,54.0,63.1,52.582,0.000,555.0,202.5,12.8,826,
25.4.2026,11:45:42.313,54.0,63.1,52.582,0.000,555.0,202.5,12.8,826,
25.4.2026,11:45:42.511,54.0,63.1,52.638,0.000,555.0,202.5,12.8,826,
25.4.2026,11:45:42.715,54.0,63.0,52.549,0.000,555.0,202.5,12.8,826,
25.4.2026,11:45:42.927,54.0,63.1,52.406,0.000,555.0,202.5,12.8,826,
25.4.2026,11:45:43.123,54.0,63.1,52.764,0.000,555.0,202.5,12.8,826,
25.4.2026,11:45:43.328,54.0,63.2,52.780,0.000,555.0,202.5,12.8,826,
25.4.2026,11:45:43.528,54.0,63.0,52.535,0.000,555.0,202.5,12.8,826,
25.4.2026,11:45:43.742,54.0,63.1,52.779,0.000,555.0,202.5,12.8,826,
25.4.2026,11:45:43.935,54.0,63.1,52.472,0.000,480.0,202.5,12.8,826,
25.4.2026,11:45:44.146,54.0,63.0,52.731,0.000,480.0,202.5,12.8,826,
25.4.2026,11:45:44.343,54.0,63.1,53.126,0.000,480.0,202.5,12.8,826,
25.4.2026,11:45:44.551,54.0,63.0,52.769,0.000,480.0,202.5,12.8,826,
25.4.2026,11:45:44.749,54.0,63.1,53.176,0.000,465.0,202.5,12.8,826,
25.4.2026,11:45:44.955,54.0,63.1,53.275,0.000,465.0,202.5,12.8,826,
25.4.2026,11:45:45.158,54.0,63.1,53.194,0.000,450.0,202.5,12.8,826,
25.4.2026,11:45:45.363,54.0,63.2,52.498,0.000,450.0,202.5,12.8,826,
25.4.2026,11:45:45.558,54.0,63.1,52.701,0.000,450.0,202.5,12.8,826,
25.4.2026,11:45:45.765,54.0,63.0,52.714,0.000,450.0,202.5,12.8,826,
25.4.2026,11:45:45.964,54.0,63.2,52.512,0.000,450.0,202.5,12.8,826,
25.4.2026,11:45:46.170,54.0,63.2,52.517,0.000,450.0,202.5,12.8,826,
25.4.2026,11:45:46.374,54.0,63.1,52.747,0.000,465.0,202.5,12.8,826,
25.4.2026,11:45:46.577,54.0,63.0,52.481,0.000,465.0,202.5,12.8,826,
25.4.2026,11:45:46.778,54.0,63.0,52.777,0.000,495.0,202.5,12.8,826,
25.4.2026,11:45:46.983,54.0,63.0,52.798,0.000,510.0,202.5,12.8,826,
25.4.2026,11:45:47.189,54.0,62.9,52.624,0.000,510.0,202.5,12.8,826,
25.4.2026,11:45:47.389,54.0,63.1,52.596,0.000,510.0,202.5,12.8,826,
25.4.2026,11:45:47.603,54.0,63.0,52.579,0.000,525.0,202.5,12.8,826,
25.4.2026,11:45:47.800,54.0,63.1,52.638,0.000,525.0,202.5,12.8,826,
25.4.2026,11:45:47.997,54.0,63.1,52.670,0.000,540.0,202.5,12.8,826,
25.4.2026,11:45:48.201,54.0,63.2,52.762,0.000,555.0,202.5,12.8,826,
25.4.2026,11:45:48.404,54.0,63.1,52.807,0.000,555.0,202.5,12.8,826,
25.4.2026,11:45:48.610,54.0,63.1,52.589,0.000,570.0,202.5,12.8,826,
25.4.2026,11:45:48.815,54.1,63.0,52.633,0.000,570.0,202.5,12.8,826,
25.4.2026,11:45:49.018,54.1,63.1,52.953,0.000,585.0,202.5,12.8,826,
25.4.2026,11:45:49.218,54.0,63.1,53.160,0.000,585.0,202.5,12.8,826,
25.4.2026,11:45:49.419,54.1,63.1,52.983,0.000,585.0,202.5,12.8,826,
25.4.2026,11:45:49.625,54.1,63.2,53.006,0.000,585.0,202.5,12.8,826,
25.4.2026,11:45:49.828,54.0,63.1,52.774,0.000,585.0,202.5,12.8,826,
25.4.2026,11:45:50.029,54.0,63.1,52.715,0.000,600.0,202.5,12.8,826,
25.4.2026,11:45:50.231,54.0,63.1,52.895,0.000,600.0,202.5,12.8,826,
25.4.2026,11:45:50.439,54.0,63.1,52.566,0.000,600.0,202.5,12.8,826,
25.4.2026,11:45:50.638,54.0,63.1,52.855,0.000,600.0,202.5,12.8,826,
25.4.2026,11:45:50.846,54.0,63.2,53.148,0.000,600.0,202.5,12.8,826,
25.4.2026,11:45:51.050,54.0,63.1,53.217,0.000,600.0,202.5,12.8,826,
25.4.2026,11:45:51.250,54.1,63.2,52.968,0.000,600.0,202.5,12.8,826,
25.4.2026,11:45:51.452,54.1,63.1,52.983,0.000,600.0,202.5,12.8,826,
25.4.2026,11:45:51.655,54.1,63.1,52.672,0.000,600.0,202.5,12.8,826,
25.4.2026,11:45:51.872,54.1,63.1,52.507,0.000,600.0,202.5,12.8,826,
25.4.2026,11:45:52.058,54.0,63.1,52.535,0.000,600.0,202.5,12.8,826,
25.4.2026,11:45:52.270,54.0,63.1,52.679,0.000,600.0,202.5,12.8,826,
25.4.2026,11:45:52.471,54.0,63.1,52.597,0.000,600.0,202.5,12.8,826,
25.4.2026,11:45:52.681,54.0,63.1,52.521,0.000,600.0,202.5,12.8,826,
25.4.2026,11:45:52.873,54.1,63.2,52.509,0.000,600.0,202.5,12.8,826,
25.4.2026,11:45:53.080,54.1,63.1,52.491,0.000,600.0,202.5,12.8,826,
25.4.2026,11:45:53.284,54.0,63.2,52.560,0.000,600.0,202.5,12.8,826,
25.4.2026,11:45:53.482,54.0,63.0,52.768,0.000,600.0,202.5,12.8,826,
25.4.2026,11:45:53.683,54.0,63.0,52.768,0.000,585.0,202.5,12.8,826,
25.4.2026,11:45:53.889,54.0,63.0,52.743,0.000,585.0,202.5,12.8,826,
25.4.2026,11:45:54.093,54.1,63.2,52.444,0.000,570.0,202.5,12.8,826,
25.4.2026,11:45:54.293,54.0,63.0,52.780,0.000,570.0,202.5,12.8,826,
25.4.2026,11:45:54.499,54.1,63.1,52.787,0.000,555.0,202.5,12.8,826,
25.4.2026,11:45:54.707,54.0,63.1,52.732,0.000,555.0,202.5,12.8,826,
25.4.2026,11:45:54.906,54.1,63.1,52.452,0.000,555.0,202.5,12.8,826,
25.4.2026,11:45:55.109,54.1,63.1,52.789,0.000,555.0,202.5,12.8,826,
25.4.2026,11:45:55.309,54.1,63.2,52.581,0.000,555.0,202.5,12.8,826,
25.4.2026,11:45:55.514,54.0,63.1,52.491,0.000,555.0,202.5,12.8,826,
25.4.2026,11:45:55.720,54.0,63.1,52.536,0.000,540.0,202.5,12.8,826,
25.4.2026,11:45:55.922,54.0,63.1,52.521,0.000,540.0,202.5,12.8,826,
25.4.2026,11:45:56.124,54.1,63.1,52.569,0.000,525.0,202.5,12.8,826,
25.4.2026,11:45:56.325,54.1,63.1,52.818,0.000,525.0,202.5,12.8,826,
25.4.2026,11:45:56.532,54.0,63.2,52.555,0.000,525.0,202.5,12.8,826,
25.4.2026,11:45:56.739,54.0,63.2,52.727,0.000,510.0,202.5,12.8,826,
25.4.2026,11:45:56.941,54.1,63.2,53.176,0.000,510.0,202.5,12.8,826,
25.4.2026,11:45:57.146,54.1,63.2,53.402,0.000,555.0,202.5,12.8,826,
25.4.2026,11:45:57.342,54.1,63.2,53.511,0.000,555.0,202.5,12.8,826,
25.4.2026,11:45:57.542,54.0,63.2,53.404,0.000,555.0,202.5,12.8,826,
25.4.2026,11:45:57.751,54.1,63.1,53.256,0.000,555.0,202.5,12.8,826,
25.4.2026,11:45:57.958,54.1,63.2,53.231,0.000,555.0,202.5,12.8,826,
25.4.2026,11:45:58.159,54.1,63.1,52.554,0.000,555.0,202.5,12.8,826,
25.4.2026,11:45:58.364,54.1,63.1,52.535,0.000,555.0,202.5,12.8,826,
25.4.2026,11:45:58.559,54.1,63.2,52.583,0.000,555.0,202.5,12.8,826,
25.4.2026,11:45:58.767,54.1,63.2,52.603,0.000,555.0,202.5,12.8,826,
25.4.2026,11:45:58.969,54.1,63.2,52.553,0.000,555.0,202.5,12.8,826,
25.4.2026,11:45:59.175,54.1,63.2,52.792,0.000,555.0,202.5,12.8,826,
25.4.2026,11:45:59.370,54.1,63.2,52.863,0.000,555.0,202.5,12.8,826,
25.4.2026,11:45:59.574,54.1,63.2,52.531,0.000,555.0,202.5,12.8,826,
25.4.2026,11:45:59.788,54.1,63.2,52.569,0.000,555.0,202.5,12.8,826,
25.4.2026,11:45:59.979,54.1,63.2,52.749,0.000,540.0,202.5,12.8,826,
25.4.2026,11:46:0.195,54.0,63.1,52.445,0.000,540.0,202.5,12.8,826,
25.4.2026,11:46:0.398,54.0,63.1,52.696,0.000,525.0,202.5,12.8,826,
25.4.2026,11:46:0.594,54.1,63.1,52.478,0.000,525.0,202.5,12.8,826,
25.4.2026,11:46:0.797,54.0,63.1,52.434,0.000,525.0,202.5,12.8,826,
25.4.2026,11:46:1.003,54.1,63.2,52.565,0.000,510.0,202.5,12.8,826,
25.4.2026,11:46:1.204,54.1,63.1,52.888,0.000,510.0,202.5,12.8,826,
25.4.2026,11:46:1.406,54.1,63.2,52.510,0.000,510.0,202.5,12.8,826,
25.4.2026,11:46:1.618,54.1,63.1,52.765,0.000,495.0,202.5,12.8,826,
25.4.2026,11:46:1.808,54.1,63.2,52.924,0.000,495.0,202.5,12.8,826,
25.4.2026,11:46:2.010,54.1,63.2,52.637,0.000,495.0,202.5,12.8,826,
25.4.2026,11:46:2.216,54.1,63.2,53.037,0.000,495.0,202.5,12.8,826,
25.4.2026,11:46:2.426,54.0,63.2,52.769,0.000,480.0,202.5,12.8,826,
25.4.2026,11:46:2.624,54.1,63.1,52.852,0.000,480.0,202.5,12.8,826,
25.4.2026,11:46:2.824,54.1,63.1,52.737,0.000,480.0,202.5,12.8,826,
25.4.2026,11:46:3.029,54.0,63.2,52.678,0.000,465.0,202.5,12.8,826,
25.4.2026,11:46:3.232,54.0,63.2,52.592,0.000,465.0,202.5,12.8,826,
25.4.2026,11:46:3.436,54.0,63.2,53.123,0.000,465.0,202.5,12.8,826,
25.4.2026,11:46:3.640,54.0,63.2,53.219,0.000,465.0,202.5,12.8,826,
25.4.2026,11:46:3.851,54.0,63.2,52.722,0.000,465.0,202.5,12.8,826,
25.4.2026,11:46:4.042,54.0,63.2,52.569,0.000,465.0,202.5,12.8,826,
25.4.2026,11:46:4.250,54.1,63.2,52.810,0.000,480.0,202.5,12.8,826,
25.4.2026,11:46:4.452,54.0,63.1,52.667,0.000,480.0,202.5,12.8,826,
25.4.2026,11:46:4.652,54.1,63.1,52.906,0.000,480.0,202.5,12.8,826,
25.4.2026,11:46:4.859,54.1,63.2,52.792,0.000,480.0,202.5,12.8,826,
25.4.2026,11:46:5.059,54.1,63.1,52.509,0.000,480.0,202.5,12.8,826,
25.4.2026,11:46:5.267,54.1,63.1,52.461,0.000,480.0,202.5,12.8,826,
25.4.2026,11:46:5.467,54.1,63.2,52.517,0.000,480.0,202.5,12.8,826,
25.4.2026,11:46:5.667,54.0,63.1,52.538,0.000,480.0,202.5,12.8,826,
25.4.2026,11:46:5.874,54.0,63.2,52.465,0.000,480.0,202.5,12.8,826,
25.4.2026,11:46:6.074,54.0,63.2,52.465,0.000,480.0,202.5,12.8,826,
25.4.2026,11:46:6.287,54.0,63.2,52.617,0.000,465.0,202.5,12.8,826,
25.4.2026,11:46:6.479,54.1,63.2,52.457,0.000,465.0,202.5,12.8,826,
25.4.2026,11:46:6.683,54.1,63.1,52.556,0.000,450.0,202.5,12.8,826,
25.4.2026,11:46:6.887,54.0,63.2,52.591,0.000,450.0,202.5,12.8,826,
25.4.2026,11:46:7.093,54.1,63.1,52.524,0.000,465.0,202.5,12.8,826,
25.4.2026,11:46:7.295,54.0,63.2,52.484,0.000,465.0,202.5,12.8,826,
25.4.2026,11:46:7.501,54.1,63.1,52.552,0.000,465.0,202.5,12.8,826,
25.4.2026,11:46:7.701,54.1,63.2,52.400,0.000,465.0,202.5,12.8,826,
25.4.2026,11:46:7.906,54.1,63.1,52.613,0.000,465.0,202.5,12.8,826,
25.4.2026,11:46:8.113,54.1,63.2,52.555,0.000,465.0,202.5,12.8,826,
25.4.2026,11:46:8.309,54.1,63.1,52.691,0.000,465.0,202.5,12.8,826,
25.4.2026,11:46:8.515,54.1,63.2,52.769,0.000,480.0,202.5,12.8,826,
25.4.2026,11:46:8.725,54.1,63.2,52.551,0.000,480.0,202.5,12.8,826,
25.4.2026,11:46:8.927,54.1,63.2,52.834,0.000,480.0,202.5,12.8,826,
25.4.2026,11:46:9.121,54.1,63.2,52.738,0.000,480.0,202.5,12.8,826,
25.4.2026,11:46:9.334,54.1,63.4,53.111,0.000,480.0,202.5,12.8,826,
25.4.2026,11:46:9.536,54.1,63.2,52.891,0.000,480.0,202.5,12.8,826,
25.4.2026,11:46:9.732,54.1,63.2,52.582,0.000,480.0,202.5,12.8,826,
25.4.2026,11:46:9.932,54.1,63.2,53.536,0.000,510.0,202.5,12.8,826,
25.4.2026,11:46:10.139,54.1,63.2,52.565,0.000,510.0,202.5,12.8,826,
25.4.2026,11:46:10.340,54.1,63.2,53.533,0.000,510.0,202.5,12.8,826,
25.4.2026,11:46:10.542,54.1,63.2,53.161,0.000,510.0,202.5,12.8,826,
25.4.2026,11:46:10.755,54.1,63.1,53.327,0.000,510.0,202.5,12.8,826,
25.4.2026,11:46:10.954,54.1,63.1,52.575,0.000,510.0,202.5,12.8,826,
25.4.2026,11:46:11.158,54.1,63.1,52.682,0.000,510.0,202.5,12.8,826,
25.4.2026,11:46:11.366,54.1,63.2,52.547,0.000,510.0,202.5,12.8,826,
25.4.2026,11:46:11.560,54.1,63.2,52.762,0.000,510.0,202.5,12.8,826,
25.4.2026,11:46:11.761,54.1,63.2,52.813,0.000,480.0,202.5,12.8,826,
25.4.2026,11:46:11.966,54.1,63.2,52.511,0.000,480.0,202.5,12.8,826,
25.4.2026,11:46:12.171,54.1,63.2,52.590,0.000,495.0,202.5,12.8,826,
25.4.2026,11:46:12.379,54.1,63.2,52.514,0.000,495.0,202.5,12.8,826,
25.4.2026,11:46:12.576,54.1,63.2,52.462,0.000,525.0,202.5,12.8,826,
25.4.2026,11:46:12.782,54.1,63.3,52.541,0.000,525.0,202.5,12.8,826,
25.4.2026,11:46:12.981,54.1,63.2,52.506,0.000,525.0,202.5,12.8,826,
25.4.2026,11:46:13.185,54.1,63.2,52.495,0.000,525.0,202.5,12.8,826,
25.4.2026,11:46:13.393,54.1,63.1,52.889,0.000,525.0,202.5,12.8,826,
25.4.2026,11:46:13.589,54.1,63.2,53.045,0.000,525.0,202.5,12.8,826,
25.4.2026,11:46:13.792,54.1,63.2,52.777,0.000,525.0,202.5,12.8,826,
25.4.2026,11:46:13.995,54.1,63.2,52.635,0.000,525.0,202.5,12.8,826,
25.4.2026,11:46:14.203,54.1,63.1,53.068,0.000,525.0,202.5,12.8,826,
25.4.2026,11:46:14.414,54.1,63.2,52.762,0.000,510.0,202.5,12.8,826,
25.4.2026,11:46:14.615,54.1,63.2,52.652,0.000,510.0,202.5,12.8,826,
25.4.2026,11:46:14.810,54.1,63.2,52.797,0.000,510.0,202.5,12.8,826,
25.4.2026,11:46:15.014,54.1,63.2,52.537,0.000,510.0,202.5,12.8,826,
25.4.2026,11:46:15.217,54.1,63.1,52.542,0.000,510.0,202.5,12.8,826,
25.4.2026,11:46:15.429,54.1,63.2,52.701,0.000,540.0,202.5,12.8,826,
25.4.2026,11:46:15.621,54.1,63.2,53.137,0.000,540.0,202.5,12.8,826,
25.4.2026,11:46:15.825,54.1,63.2,52.739,0.000,540.0,202.5,12.8,826,
25.4.2026,11:46:16.036,54.1,63.1,52.806,0.000,540.0,202.5,12.8,826,
25.4.2026,11:46:16.231,54.1,63.1,52.806,0.000,540.0,202.5,12.8,826,
25.4.2026,11:46:16.435,54.1,63.2,52.663,0.000,540.0,202.5,12.8,826,
25.4.2026,11:46:16.640,54.1,63.2,52.781,0.000,540.0,202.5,12.8,826,
25.4.2026,11:46:16.838,54.1,63.2,53.004,0.000,540.0,202.5,12.8,826,
25.4.2026,11:46:17.049,54.1,63.2,52.900,0.000,540.0,202.5,12.8,826,
25.4.2026,11:46:17.246,54.1,63.3,53.020,0.000,540.0,202.5,12.8,826,
25.4.2026,11:46:17.455,54.1,63.2,52.993,0.000,525.0,202.5,12.8,826,
25.4.2026,11:46:17.661,54.1,63.2,52.749,0.000,525.0,202.5,12.8,826,
25.4.2026,11:46:17.855,54.1,63.1,52.543,0.000,510.0,202.5,12.8,826,
25.4.2026,11:46:18.059,54.1,63.1,52.739,0.000,510.0,202.5,12.8,826,
25.4.2026,11:46:18.267,54.1,63.2,52.431,0.000,510.0,202.5,12.8,826,
25.4.2026,11:46:18.470,54.1,63.2,52.558,0.000,510.0,202.5,12.8,826,
25.4.2026,11:46:18.676,54.1,63.1,52.576,0.000,495.0,202.5,12.8,826,
25.4.2026,11:46:18.871,54.1,63.1,52.589,0.000,495.0,202.5,12.8,826,
25.4.2026,11:46:19.075,54.1,63.1,52.693,0.000,495.0,202.5,12.8,826,
25.4.2026,11:46:19.289,54.1,63.2,52.630,0.000,510.0,202.5,12.8,826,
25.4.2026,11:46:19.485,54.1,63.2,52.775,0.000,510.0,202.5,12.8,826,
25.4.2026,11:46:19.689,54.1,63.2,52.801,0.000,540.0,202.5,12.8,826,
25.4.2026,11:46:19.887,54.2,63.2,52.746,0.000,540.0,202.5,12.8,826,
25.4.2026,11:46:20.095,54.2,63.2,52.791,0.000,570.0,202.5,12.8,826,
25.4.2026,11:46:20.308,54.2,63.2,52.687,0.000,585.0,202.5,12.8,826,
25.4.2026,11:46:20.501,54.2,63.2,52.577,0.000,585.0,202.5,12.8,826,
25.4.2026,11:46:20.707,54.2,63.2,52.513,0.000,585.0,202.5,12.8,826,
25.4.2026,11:46:20.904,54.2,63.2,52.878,0.000,585.0,202.5,12.8,826,
25.4.2026,11:46:21.109,54.2,63.3,52.798,0.000,585.0,202.5,12.8,826,
25.4.2026,11:46:21.315,54.2,63.2,52.844,0.000,585.0,202.5,12.8,826,
25.4.2026,11:46:21.516,54.1,63.2,52.945,0.000,585.0,202.5,12.8,826,
25.4.2026,11:46:21.717,54.2,63.2,53.012,0.000,585.0,202.5,12.8,826,
25.4.2026,11:46:21.920,54.2,63.3,53.222,0.000,570.0,202.5,12.8,826,
25.4.2026,11:46:22.127,54.2,63.2,52.869,0.000,570.0,202.5,12.8,826,
25.4.2026,11:46:22.330,54.2,63.3,52.858,0.000,570.0,202.5,12.8,826,
25.4.2026,11:46:22.536,54.2,63.2,52.504,0.000,570.0,202.5,12.8,826,
25.4.2026,11:46:22.737,54.2,63.3,53.352,0.000,570.0,202.5,12.8,826,
25.4.2026,11:46:22.936,54.2,63.2,53.778,0.000,570.0,202.5,12.8,826,
25.4.2026,11:46:23.144,54.2,63.2,53.411,0.000,570.0,202.5,12.8,826,
25.4.2026,11:46:23.343,54.2,63.2,53.433,0.000,570.0,202.5,12.8,826,
25.4.2026,11:46:23.541,54.1,63.2,52.517,0.000,570.0,202.5,12.8,826,
25.4.2026,11:46:23.752,54.2,63.2,52.545,0.000,555.0,202.5,12.8,826,
25.4.2026,11:46:23.953,54.2,63.3,52.551,0.000,555.0,202.5,12.8,826,
25.4.2026,11:46:24.161,54.1,63.2,52.695,0.000,540.0,202.5,12.8,826,
25.4.2026,11:46:24.355,54.2,63.2,52.591,0.000,540.0,202.5,12.8,826,
25.4.2026,11:46:24.560,54.1,63.3,52.561,0.000,540.0,202.5,12.8,826,
25.4.2026,11:46:24.769,54.2,63.2,52.795,0.000,525.0,202.5,12.8,826,
25.4.2026,11:46:24.969,54.2,63.2,52.476,0.000,525.0,202.5,12.8,826,
25.4.2026,11:46:25.167,54.2,63.2,52.667,0.000,525.0,202.5,12.8,826,
25.4.2026,11:46:25.385,54.2,63.3,52.668,0.000,525.0,202.5,12.8,826,
25.4.2026,11:46:25.576,54.2,63.2,52.638,0.000,525.0,202.5,12.8,826,
25.4.2026,11:46:25.778,54.2,63.3,52.805,0.000,525.0,202.5,12.8,826,
25.4.2026,11:46:25.983,54.2,63.2,52.759,0.000,525.0,202.5,12.8,826,
25.4.2026,11:46:26.184,54.1,63.2,52.666,0.000,525.0,202.5,12.8,826,
25.4.2026,11:46:26.390,54.2,63.2,52.818,0.000,525.0,202.5,12.8,826,
25.4.2026,11:46:26.592,54.1,63.2,52.480,0.000,510.0,202.5,12.8,826,
25.4.2026,11:46:26.801,54.2,63.2,52.788,0.000,540.0,202.5,12.8,826,
25.4.2026,11:46:26.996,54.2,63.2,52.761,0.000,540.0,202.5,12.8,826,
25.4.2026,11:46:27.204,54.2,63.2,52.839,0.000,540.0,202.5,12.8,826,
25.4.2026,11:46:27.404,54.2,63.3,52.765,0.000,540.0,202.5,12.8,826,
25.4.2026,11:46:27.616,54.2,63.3,52.551,0.000,540.0,202.5,12.8,826,
25.4.2026,11:46:27.808,54.2,63.2,52.551,0.000,540.0,202.5,12.8,826,
25.4.2026,11:46:28.018,54.1,63.2,52.706,0.000,540.0,202.5,12.8,826,
25.4.2026,11:46:28.218,54.1,63.2,52.656,0.000,540.0,202.5,12.8,826,
25.4.2026,11:46:28.420,54.2,63.3,52.618,0.000,540.0,202.5,12.8,826,
25.4.2026,11:46:28.625,54.2,63.3,52.650,0.000,540.0,202.5,12.8,826,
25.4.2026,11:46:28.832,54.2,63.1,52.538,0.000,540.0,202.5,12.8,826,
25.4.2026,11:46:29.027,54.2,63.2,53.221,0.000,525.0,202.5,12.8,826,
25.4.2026,11:46:29.234,54.2,63.3,52.521,0.000,525.0,202.5,12.8,826,
25.4.2026,11:46:29.436,54.2,63.2,52.916,0.000,510.0,202.5,12.8,826,
25.4.2026,11:46:29.640,54.2,63.3,52.756,0.000,510.0,202.5,12.8,826,
25.4.2026,11:46:29.840,54.1,63.2,53.415,0.000,510.0,202.5,12.8,826,
25.4.2026,11:46:30.046,54.2,63.2,53.406,0.000,495.0,202.5,12.8,826,
25.4.2026,11:46:30.245,54.2,63.3,52.709,0.000,495.0,202.5,12.8,826,
25.4.2026,11:46:30.454,54.2,63.1,52.785,0.000,495.0,202.5,12.8,826,
25.4.2026,11:46:30.653,54.2,63.2,52.895,0.000,480.0,202.5,12.8,826,
25.4.2026,11:46:30.858,54.2,63.2,52.621,0.000,480.0,202.5,12.8,826,
25.4.2026,11:46:31.059,54.2,63.3,52.656,0.000,480.0,202.5,12.8,826,
25.4.2026,11:46:31.261,54.2,63.2,52.807,0.000,480.0,202.5,12.8,826,
25.4.2026,11:46:31.464,54.2,63.2,52.577,0.000,480.0,202.5,12.8,826,
25.4.2026,11:46:31.670,54.2,63.3,52.606,0.000,480.0,202.5,12.8,826,
25.4.2026,11:46:31.870,54.2,63.2,52.799,0.000,480.0,202.5,12.8,826,
25.4.2026,11:46:32.082,54.2,63.4,52.609,0.000,510.0,202.5,12.8,826,
25.4.2026,11:46:32.280,54.2,63.3,52.781,0.000,510.0,202.5,12.8,826,
25.4.2026,11:46:32.484,54.2,63.3,52.592,0.000,510.0,202.5,12.8,826,
25.4.2026,11:46:32.683,54.2,63.4,52.563,0.000,510.0,202.5,12.8,826,
25.4.2026,11:46:32.904,54.2,63.2,52.530,0.000,510.0,202.5,12.8,826,
25.4.2026,11:46:33.090,54.2,63.2,52.661,0.000,510.0,202.5,12.8,826,
25.4.2026,11:46:33.294,54.2,63.3,53.071,0.000,540.0,202.5,12.8,826,
25.4.2026,11:46:33.502,54.2,63.3,52.756,0.000,540.0,202.5,12.8,826,
25.4.2026,11:46:33.704,54.2,63.2,52.889,0.000,540.0,202.5,12.8,826,
25.4.2026,11:46:33.907,54.2,63.2,52.829,0.000,540.0,202.5,12.8,826,
25.4.2026,11:46:34.112,54.2,63.3,52.678,0.000,540.0,202.5,12.8,826,
25.4.2026,11:46:34.308,54.2,63.2,53.249,0.000,540.0,202.5,12.8,826,
25.4.2026,11:46:34.513,54.2,63.3,52.511,0.000,540.0,202.5,12.8,826,
25.4.2026,11:46:34.715,54.2,63.4,53.079,0.000,540.0,202.5,12.8,826,
25.4.2026,11:46:34.922,54.2,63.3,53.175,0.000,540.0,202.5,12.8,826,
25.4.2026,11:46:35.122,54.1,63.2,52.889,0.000,525.0,202.5,12.8,826,
25.4.2026,11:46:35.329,54.2,63.3,53.232,0.000,510.0,202.5,12.8,826,
25.4.2026,11:46:35.530,54.2,63.3,53.169,0.000,510.0,202.5,12.8,826,
25.4.2026,11:46:35.733,54.2,63.3,52.750,0.000,510.0,202.5,12.8,826,
25.4.2026,11:46:35.937,54.2,63.3,52.558,0.000,510.0,202.5,12.8,826,
25.4.2026,11:46:36.144,54.2,63.4,52.510,0.000,525.0,202.5,12.8,826,
25.4.2026,11:46:36.344,54.2,63.3,52.906,0.000,525.0,202.5,12.8,826,
25.4.2026,11:46:36.545,54.2,63.3,52.494,0.000,525.0,202.5,12.8,826,
25.4.2026,11:46:36.747,54.2,63.4,52.657,0.000,525.0,202.5,12.8,826,
25.4.2026,11:46:36.953,54.2,63.3,52.495,0.000,525.0,202.5,12.8,826,
25.4.2026,11:46:37.160,54.2,63.5,52.514,0.000,525.0,202.5,12.8,826,
25.4.2026,11:46:37.354,54.2,63.3,52.780,0.000,525.0,202.5,12.8,826,
25.4.2026,11:46:37.559,54.2,63.3,52.611,0.000,525.0,202.5,12.8,826,
25.4.2026,11:46:37.761,54.2,63.4,52.743,0.000,525.0,202.5,12.8,826,
25.4.2026,11:46:37.969,54.2,63.3,52.505,0.000,525.0,202.5,12.8,826,
25.4.2026,11:46:38.178,54.2,63.4,52.512,0.000,525.0,202.5,12.8,826,
25.4.2026,11:46:38.373,54.2,63.3,52.705,0.000,540.0,202.5,12.8,826,
25.4.2026,11:46:38.583,54.2,63.3,52.768,0.000,540.0,202.5,12.8,826,
25.4.2026,11:46:38.780,54.2,63.4,53.051,0.000,540.0,202.5,12.8,826,
25.4.2026,11:46:38.986,54.2,63.3,52.431,0.000,570.0,202.5,12.8,826,
25.4.2026,11:46:39.188,54.2,63.4,52.836,0.000,570.0,202.5,12.8,826,
25.4.2026,11:46:39.390,54.2,63.3,52.569,0.000,570.0,202.5,12.8,826,
25.4.2026,11:46:39.598,54.2,63.4,52.686,0.000,570.0,202.5,12.8,826,
25.4.2026,11:46:39.794,54.2,63.4,52.544,0.000,570.0,202.5,12.8,826,
25.4.2026,11:46:40.007,54.2,63.4,52.699,0.000,570.0,202.5,12.8,826,
25.4.2026,11:46:40.210,54.2,63.4,52.699,0.000,570.0,202.5,12.8,826,
25.4.2026,11:46:40.404,54.2,63.4,52.949,0.000,570.0,202.5,12.8,826,
25.4.2026,11:46:40.608,54.2,63.3,52.575,0.000,570.0,202.5,12.8,826,
25.4.2026,11:46:40.809,54.2,63.4,52.587,0.000,540.0,202.5,12.8,826,
25.4.2026,11:46:41.016,54.2,63.5,52.656,0.000,525.0,202.5,12.8,826,
25.4.2026,11:46:41.219,54.2,63.3,52.543,0.000,525.0,202.5,12.8,826,
25.4.2026,11:46:41.423,54.2,63.4,52.550,0.000,525.0,202.5,12.8,826,
25.4.2026,11:46:41.630,54.2,63.2,52.735,0.000,525.0,202.5,12.8,826,
25.4.2026,11:46:41.829,54.2,63.5,52.954,0.000,510.0,202.5,12.8,826,
25.4.2026,11:46:42.031,54.2,63.3,53.228,0.000,510.0,202.5,12.8,826,
25.4.2026,11:46:42.238,54.2,63.4,53.215,0.000,525.0,202.5,12.8,826,
25.4.2026,11:46:42.435,54.2,63.3,52.657,0.000,525.0,202.5,12.8,826,
25.4.2026,11:46:42.637,54.2,63.4,52.558,0.000,525.0,202.5,12.8,826,
25.4.2026,11:46:42.845,54.2,63.3,52.736,0.000,525.0,202.5,12.8,826,
25.4.2026,11:46:43.050,54.2,63.4,52.727,0.000,525.0,202.5,12.8,826,
25.4.2026,11:46:43.246,54.2,63.4,52.499,0.000,525.0,202.5,12.8,826,
25.4.2026,11:46:43.448,54.2,63.4,52.584,0.000,525.0,202.5,12.8,826,
25.4.2026,11:46:43.652,54.2,63.4,52.746,0.000,525.0,202.5,12.8,826,
25.4.2026,11:46:43.863,54.2,63.5,52.546,0.000,525.0,202.5,12.8,826,
25.4.2026,11:46:44.063,54.2,63.3,52.796,0.000,540.0,202.5,12.8,826,
25.4.2026,11:46:44.261,54.3,63.5,52.779,0.000,540.0,202.5,12.8,826,
25.4.2026,11:46:44.472,54.2,63.3,52.828,0.000,540.0,202.5,12.8,826,
25.4.2026,11:46:44.670,54.2,63.4,52.437,0.000,540.0,202.5,12.8,826,
25.4.2026,11:46:44.874,54.2,63.4,52.883,0.000,540.0,202.5,12.8,826,
25.4.2026,11:46:45.073,54.2,63.4,52.982,0.000,540.0,202.5,12.8,826,
25.4.2026,11:46:45.281,54.2,63.5,52.545,0.000,540.0,202.5,12.8,826,
25.4.2026,11:46:45.484,54.2,63.3,52.521,0.000,540.0,202.5,12.8,826,
25.4.2026,11:46:45.693,54.2,63.3,52.506,0.000,510.0,202.5,12.8,826,
25.4.2026,11:46:45.887,54.2,63.5,53.043,0.000,510.0,202.5,12.8,826,
25.4.2026,11:46:46.092,54.2,63.5,52.637,0.000,510.0,202.5,12.8,826,
25.4.2026,11:46:46.294,54.2,63.5,52.432,0.000,495.0,202.5,12.8,826,
25.4.2026,11:46:46.502,54.2,63.3,52.930,0.000,495.0,202.5,12.8,826,
25.4.2026,11:46:46.701,54.2,63.4,52.865,0.000,480.0,202.5,12.8,826,
25.4.2026,11:46:46.914,54.2,63.3,52.787,0.000,480.0,202.5,12.8,826,
25.4.2026,11:46:47.114,54.2,63.5,53.304,0.000,480.0,202.5,12.8,826,
25.4.2026,11:46:47.316,54.2,63.3,52.937,0.000,480.0,202.5,12.8,826,
25.4.2026,11:46:47.514,54.2,63.5,53.015,0.000,465.0,202.5,12.8,826,
25.4.2026,11:46:47.724,54.2,63.3,52.911,0.000,465.0,202.5,12.8,826,
25.4.2026,11:46:47.919,54.2,63.5,53.612,0.000,480.0,202.5,12.8,826,
25.4.2026,11:46:48.128,54.2,63.5,52.721,0.000,480.0,202.5,12.8,826,
25.4.2026,11:46:48.328,54.2,63.4,53.090,0.000,495.0,202.5,12.8,826,
25.4.2026,11:46:48.529,54.2,63.5,52.859,0.000,495.0,202.5,12.8,826,
25.4.2026,11:46:48.736,54.2,63.4,52.729,0.000,495.0,202.5,12.8,826,
25.4.2026,11:46:48.943,54.2,63.5,52.798,0.000,495.0,202.5,12.8,826,
25.4.2026,11:46:49.148,54.2,63.4,52.756,0.000,495.0,202.5,12.8,826,
25.4.2026,11:46:49.347,54.2,63.4,52.521,0.000,495.0,202.5,12.8,826,
25.4.2026,11:46:49.546,54.2,63.3,52.673,0.000,495.0,202.5,12.8,826,
25.4.2026,11:46:49.747,54.2,63.5,52.575,0.000,495.0,202.5,12.8,826,
25.4.2026,11:46:49.953,54.2,63.3,52.560,0.000,495.0,202.5,12.8,826,
25.4.2026,11:46:50.156,54.2,63.4,52.551,0.000,495.0,202.5,12.8,826,
25.4.2026,11:46:50.359,54.2,63.4,52.565,0.000,495.0,202.5,12.8,826,
25.4.2026,11:46:50.561,54.2,63.4,52.550,0.000,495.0,202.5,12.8,826,
25.4.2026,11:46:50.766,54.2,63.4,52.554,0.000,525.0,202.5,12.8,826,
25.4.2026,11:46:50.969,54.2,63.4,52.554,0.000,525.0,202.5,12.8,826,
25.4.2026,11:46:51.174,54.2,63.3,52.619,0.000,525.0,202.5,12.8,826,
25.4.2026,11:46:51.377,54.2,63.3,52.619,0.000,525.0,202.5,12.8,826,
25.4.2026,11:46:51.577,54.2,63.4,52.599,0.000,525.0,202.5,12.8,826,
25.4.2026,11:46:51.789,54.2,63.4,52.571,0.000,525.0,202.5,12.8,826,
25.4.2026,11:46:51.984,54.2,63.4,52.829,0.000,525.0,202.5,12.8,826,
25.4.2026,11:46:52.189,54.2,63.4,52.665,0.000,525.0,202.5,12.8,826,
25.4.2026,11:46:52.386,54.2,63.4,52.570,0.000,525.0,202.5,12.8,826,
25.4.2026,11:46:52.593,54.2,63.4,52.643,0.000,495.0,202.5,12.8,826,
25.4.2026,11:46:52.798,54.2,63.4,52.529,0.000,495.0,202.5,12.8,826,
25.4.2026,11:46:52.997,54.3,63.4,52.698,0.000,480.0,202.5,12.8,826,
25.4.2026,11:46:53.199,54.2,63.3,52.793,0.000,510.0,202.5,12.8,826,
25.4.2026,11:46:53.406,54.2,63.4,52.801,0.000,525.0,202.5,12.8,826,
25.4.2026,11:46:53.607,54.3,63.3,52.918,0.000,525.0,202.5,12.8,826,
25.4.2026,11:46:53.817,54.3,63.4,52.515,0.000,525.0,202.5,12.8,826,
25.4.2026,11:46:54.014,54.2,63.4,53.495,0.000,525.0,202.5,12.8,826,
25.4.2026,11:46:54.219,54.3,63.4,52.756,0.000,525.0,202.5,12.8,826,
25.4.2026,11:46:54.418,54.2,63.3,53.371,0.000,540.0,202.5,12.8,826,
25.4.2026,11:46:54.621,54.2,63.5,53.252,0.000,540.0,202.5,12.8,826,
25.4.2026,11:46:54.835,54.2,63.4,53.206,0.000,540.0,202.5,12.8,826,
25.4.2026,11:46:55.028,54.3,63.3,53.182,0.000,540.0,202.5,12.8,826,
25.4.2026,11:46:55.231,54.3,63.4,53.361,0.000,540.0,202.5,12.8,826,
25.4.2026,11:46:55.436,54.3,63.5,53.143,0.000,540.0,202.5,12.8,826,
25.4.2026,11:46:55.639,54.2,63.4,53.216,0.000,540.0,202.5,12.8,826,
25.4.2026,11:46:55.842,54.2,63.5,52.827,0.000,540.0,202.5,12.8,826,
25.4.2026,11:46:56.054,54.2,63.4,52.710,0.000,540.0,202.5,12.8,826,
25.4.2026,11:46:56.251,54.2,63.4,52.764,0.000,525.0,202.5,12.8,826,
25.4.2026,11:46:56.449,54.3,63.4,52.659,0.000,510.0,202.5,12.8,826,
25.4.2026,11:46:56.664,54.2,63.5,52.582,0.000,510.0,202.5,12.8,826,
25.4.2026,11:46:56.860,54.3,63.4,52.707,0.000,540.0,202.5,12.8,826,
25.4.2026,11:46:57.063,54.2,63.4,52.468,0.000,540.0,202.5,12.8,826,
25.4.2026,11:46:57.273,54.3,63.5,52.760,0.000,540.0,202.5,12.8,826,
25.4.2026,11:46:57.474,54.3,63.3,52.565,0.000,540.0,202.5,12.8,826,
25.4.2026,11:46:57.671,54.3,63.5,52.626,0.000,540.0,202.5,12.8,826,
25.4.2026,11:46:57.870,54.2,63.3,52.536,0.000,540.0,202.5,12.8,826,
25.4.2026,11:46:58.076,54.2,63.4,52.478,0.000,540.0,202.5,12.8,826,
25.4.2026,11:46:58.282,54.2,63.3,52.518,0.000,540.0,202.5,12.8,826,
25.4.2026,11:46:58.481,54.2,63.3,52.530,0.000,510.0,202.5,12.8,826,
25.4.2026,11:46:58.689,54.2,63.3,53.008,0.000,495.0,202.5,12.8,826,
25.4.2026,11:46:58.886,54.2,63.3,52.886,0.000,495.0,202.5,12.8,826,
25.4.2026,11:46:59.090,54.2,63.3,53.052,0.000,495.0,202.5,12.8,826,
25.4.2026,11:46:59.297,54.2,63.3,52.800,0.000,525.0,202.5,12.8,826,
25.4.2026,11:46:59.495,54.2,63.3,52.979,0.000,525.0,202.5,12.8,826,
25.4.2026,11:46:59.702,54.3,63.3,52.946,0.000,525.0,202.5,12.8,826,
25.4.2026,11:46:59.907,54.2,63.3,53.183,0.000,525.0,202.5,12.8,826,
25.4.2026,11:47:0.110,54.2,63.4,52.983,0.000,525.0,202.5,12.8,826,
25.4.2026,11:47:0.310,54.2,63.3,52.699,0.000,525.0,202.5,12.8,826,
25.4.2026,11:47:0.513,54.2,63.2,53.054,0.000,525.0,202.5,12.8,826,
25.4.2026,11:47:0.718,54.3,63.4,52.691,0.000,525.0,202.5,12.8,826,
25.4.2026,11:47:0.918,54.2,63.3,52.909,0.000,525.0,202.5,12.8,826,
25.4.2026,11:47:1.122,54.3,63.3,52.843,0.000,510.0,202.5,12.8,826,
25.4.2026,11:47:1.323,54.2,63.3,53.029,0.000,510.0,202.5,12.8,826,
25.4.2026,11:47:1.529,54.2,63.4,52.552,0.000,495.0,202.5,12.8,826,
25.4.2026,11:47:1.731,54.2,63.4,52.437,0.000,495.0,202.5,12.8,826,
25.4.2026,11:47:1.934,54.2,63.3,52.787,0.000,495.0,202.5,12.8,826,
25.4.2026,11:47:2.136,54.2,63.4,52.591,0.000,510.0,202.5,12.8,826,
25.4.2026,11:47:2.353,54.3,63.3,52.545,0.000,510.0,202.5,12.8,826,
25.4.2026,11:47:2.550,54.2,63.3,52.751,0.000,510.0,202.5,12.8,826,
25.4.2026,11:47:2.747,54.2,63.3,52.525,0.000,510.0,202.5,12.8,826,
25.4.2026,11:47:2.957,54.2,63.3,52.765,0.000,510.0,202.5,12.8,826,
25.4.2026,11:47:3.152,54.2,63.3,52.765,0.000,510.0,202.5,12.8,826,
25.4.2026,11:47:3.357,54.2,63.4,52.542,0.000,510.0,202.5,12.8,826,
25.4.2026,11:47:3.565,54.2,63.3,52.629,0.000,510.0,202.5,12.8,826,
25.4.2026,11:47:3.775,54.2,63.3,52.576,0.000,510.0,202.5,12.8,826,
25.4.2026,11:47:3.976,54.2,63.4,52.554,0.000,495.0,202.5,12.8,826,
25.4.2026,11:47:4.170,54.2,63.4,52.567,0.000,480.0,202.5,12.8,826,
25.4.2026,11:47:4.383,54.2,63.3,52.529,0.000,480.0,202.5,12.8,826,
25.4.2026,11:47:4.575,54.2,63.3,52.604,0.000,480.0,202.5,12.8,826,
25.4.2026,11:47:4.788,54.2,63.5,52.669,0.000,465.0,202.5,12.8,826,
25.4.2026,11:47:4.985,54.3,63.4,52.489,0.000,465.0,202.5,12.8,826,
25.4.2026,11:47:5.190,54.2,63.3,52.631,0.000,510.0,202.5,12.8,826,
25.4.2026,11:47:5.386,54.3,63.5,52.606,0.000,510.0,202.5,12.8,826,
25.4.2026,11:47:5.594,54.3,63.3,52.492,0.000,510.0,202.5,12.8,826,
25.4.2026,11:47:5.793,54.3,63.3,52.591,0.000,510.0,202.5,12.8,826,
25.4.2026,11:47:6.003,54.3,63.5,52.805,0.000,510.0,202.5,12.8,826,
25.4.2026,11:47:6.206,54.3,63.5,52.501,0.000,510.0,202.5,12.8,826,
25.4.2026,11:47:6.406,54.2,63.5,52.519,0.000,510.0,202.5,12.8,826,
25.4.2026,11:47:6.612,54.3,63.4,53.143,0.000,510.0,202.5,12.8,826,
25.4.2026,11:47:6.815,54.3,63.3,53.111,0.000,510.0,202.5,12.8,826,
25.4.2026,11:47:7.018,54.2,63.3,53.691,0.000,480.0,202.5,12.8,826,
25.4.2026,11:47:7.219,54.3,63.4,53.201,0.000,480.0,202.5,12.8,826,
25.4.2026,11:47:7.420,54.3,63.4,53.215,0.000,480.0,202.5,12.8,826,
25.4.2026,11:47:7.622,54.3,63.5,53.410,0.000,480.0,202.5,12.8,826,
25.4.2026,11:47:7.834,54.3,63.4,53.155,0.000,480.0,202.5,12.8,826,
25.4.2026,11:47:8.031,54.3,63.5,52.695,0.000,480.0,202.5,12.8,826,
25.4.2026,11:47:8.238,54.2,63.5,52.524,0.000,480.0,202.5,12.8,826,
25.4.2026,11:47:8.437,54.3,63.5,52.506,0.000,480.0,202.5,12.8,826,
25.4.2026,11:47:8.639,54.2,63.4,52.521,0.000,465.0,202.5,12.8,826,
25.4.2026,11:47:8.842,54.2,63.5,52.463,0.000,465.0,202.5,12.8,826,
25.4.2026,11:47:9.043,54.3,63.5,52.540,0.000,465.0,202.5,12.8,826,
25.4.2026,11:47:9.256,54.3,63.3,52.733,0.000,465.0,202.5,12.8,826,
25.4.2026,11:47:9.452,54.3,63.5,52.868,0.000,465.0,202.5,12.8,826,
25.4.2026,11:47:9.659,54.2,63.5,52.583,0.000,465.0,202.5,12.8,826,
25.4.2026,11:47:9.858,54.2,63.4,52.598,0.000,465.0,202.5,12.8,826,
25.4.2026,11:47:10.072,54.2,63.5,52.525,0.000,450.0,202.5,12.8,826,
25.4.2026,11:47:10.277,54.2,63.4,52.604,0.000,450.0,202.5,12.8,826,
25.4.2026,11:47:10.479,54.3,63.5,52.745,0.000,480.0,202.5,12.8,826,
25.4.2026,11:47:10.677,54.3,63.5,52.822,0.000,495.0,202.5,12.8,826,
25.4.2026,11:47:10.880,54.2,63.4,52.775,0.000,510.0,202.5,12.8,826,
25.4.2026,11:47:11.077,54.3,63.5,52.861,0.000,510.0,202.5,12.8,826,
25.4.2026,11:47:11.289,54.3,63.3,52.871,0.000,525.0,202.5,12.8,826,
25.4.2026,11:47:11.492,54.3,63.4,52.844,0.000,540.0,202.5,12.8,826,
25.4.2026,11:47:11.687,54.3,63.5,52.562,0.000,540.0,202.5,12.8,826,
25.4.2026,11:47:11.892,54.3,63.5,52.534,0.000,540.0,202.5,12.8,826,
25.4.2026,11:47:12.094,54.3,63.5,52.594,0.000,540.0,202.5,12.8,826,
25.4.2026,11:47:12.308,54.3,63.5,52.652,0.000,540.0,202.5,12.8,826,
25.4.2026,11:47:12.501,54.3,63.5,52.584,0.000,540.0,202.5,12.8,826,
25.4.2026,11:47:12.719,54.3,63.5,52.549,0.000,540.0,202.5,12.8,826,
25.4.2026,11:47:12.911,54.3,63.5,52.733,0.000,555.0,202.5,12.8,826,
25.4.2026,11:47:13.114,54.3,63.4,52.820,0.000,555.0,202.5,12.8,826,
25.4.2026,11:47:13.321,54.2,63.4,52.823,0.000,555.0,202.5,12.8,826,
25.4.2026,11:47:13.520,54.3,63.6,52.611,0.000,555.0,202.5,12.8,826,
25.4.2026,11:47:13.725,54.3,63.5,52.914,0.000,555.0,202.5,12.8,826,
25.4.2026,11:47:13.924,54.3,63.4,52.745,0.000,555.0,202.5,12.8,826,
25.4.2026,11:47:14.127,54.3,63.4,52.965,0.000,555.0,202.5,12.8,826,
25.4.2026,11:47:14.331,54.3,63.6,52.633,0.000,555.0,202.5,12.8,826,
25.4.2026,11:47:14.532,54.3,63.5,52.533,0.000,555.0,202.5,12.8,826,
25.4.2026,11:47:14.740,54.3,63.4,52.837,0.000,540.0,202.5,12.8,826,
25.4.2026,11:47:14.943,54.3,63.5,52.636,0.000,540.0,202.5,12.8,826,
25.4.2026,11:47:15.141,54.3,63.5,52.554,0.000,540.0,202.5,12.8,826,
25.4.2026,11:47:15.342,54.3,63.4,52.517,0.000,540.0,202.5,12.8,826,
25.4.2026,11:47:15.555,54.3,63.4,52.517,0.000,525.0,202.5,12.8,826,
25.4.2026,11:47:15.749,54.3,63.4,52.733,0.000,510.0,202.5,12.8,826,
25.4.2026,11:47:15.957,54.3,63.4,52.482,0.000,495.0,202.5,12.8,826,
25.4.2026,11:47:16.154,54.3,63.5,52.600,0.000,495.0,202.5,12.8,826,
25.4.2026,11:47:16.372,54.3,63.5,52.725,0.000,495.0,202.5,12.8,826,
25.4.2026,11:47:16.560,54.3,63.4,52.834,0.000,495.0,202.5,12.8,826,
25.4.2026,11:47:16.774,54.3,63.5,52.682,0.000,480.0,202.5,12.8,826,
25.4.2026,11:47:16.974,54.3,63.4,52.769,0.000,480.0,202.5,12.8,826,
25.4.2026,11:47:17.168,54.3,63.5,52.677,0.000,480.0,202.5,12.8,826,
25.4.2026,11:47:17.382,54.3,63.4,52.489,0.000,480.0,202.5,12.8,826,
25.4.2026,11:47:17.576,54.3,63.5,52.814,0.000,480.0,202.5,12.8,826,
25.4.2026,11:47:17.776,54.3,63.5,52.516,0.000,480.0,202.5,12.8,826,
25.4.2026,11:47:17.982,54.3,63.4,52.477,0.000,465.0,202.5,12.8,826,
25.4.2026,11:47:18.191,54.3,63.5,52.495,0.000,465.0,202.5,12.8,826,
25.4.2026,11:47:18.389,54.3,63.4,52.775,0.000,465.0,202.5,12.8,826,
25.4.2026,11:47:18.589,54.3,63.4,52.744,0.000,465.0,202.5,12.8,826,
25.4.2026,11:47:18.796,54.3,63.5,52.547,0.000,465.0,202.5,12.8,826,
25.4.2026,11:47:19.000,54.3,63.5,52.535,0.000,495.0,202.5,12.8,826,
25.4.2026,11:47:19.206,54.3,63.5,52.817,0.000,495.0,202.5,12.8,826,
25.4.2026,11:47:19.415,54.3,63.5,53.046,0.000,495.0,202.5,12.8,826,
25.4.2026,11:47:19.607,54.3,63.4,53.212,0.000,495.0,202.5,12.8,826,
25.4.2026,11:47:19.815,54.3,63.5,53.059,0.000,495.0,202.5,12.8,826,
25.4.2026,11:47:20.027,54.3,63.4,53.358,0.000,495.0,202.5,12.8,826,
25.4.2026,11:47:20.218,54.3,63.5,53.270,0.000,510.0,202.5,12.8,826,
25.4.2026,11:47:20.422,54.3,63.5,53.284,0.000,510.0,202.5,12.8,826,
25.4.2026,11:47:20.622,54.3,63.5,53.157,0.000,510.0,202.5,12.8,826,
25.4.2026,11:47:20.827,54.3,63.5,53.208,0.000,510.0,202.5,12.8,826,
25.4.2026,11:47:21.034,54.3,63.5,52.590,0.000,510.0,202.5,12.8,826,
25.4.2026,11:47:21.236,54.3,63.4,52.606,0.000,510.0,202.5,12.8,826,
25.4.2026,11:47:21.436,54.3,63.4,52.513,0.000,510.0,202.5,12.8,826,
25.4.2026,11:47:21.640,54.3,63.5,52.667,0.000,510.0,202.5,12.8,826,
25.4.2026,11:47:21.844,54.3,63.5,52.726,0.000,525.0,202.5,12.8,826,
25.4.2026,11:47:22.049,54.3,63.6,52.783,0.000,525.0,202.5,12.8,826,
25.4.2026,11:47:22.261,54.3,63.5,52.645,0.000,540.0,202.5,12.8,826,
25.4.2026,11:47:22.451,54.3,63.6,52.894,0.000,540.0,202.5,12.8,826,
25.4.2026,11:47:22.652,54.3,63.5,52.795,0.000,540.0,202.5,12.8,826,
25.4.2026,11:47:22.860,54.3,63.5,52.621,0.000,540.0,202.5,12.8,826,
25.4.2026,11:47:23.063,54.3,63.5,53.118,0.000,540.0,202.5,12.8,826,
25.4.2026,11:47:23.261,54.4,63.6,52.808,0.000,555.0,202.5,12.8,826,
25.4.2026,11:47:23.469,54.4,63.6,52.578,0.000,555.0,202.5,12.8,826,
25.4.2026,11:47:23.676,54.3,63.4,52.845,0.000,555.0,202.5,12.8,826,
25.4.2026,11:47:23.880,54.3,63.5,52.640,0.000,570.0,202.5,12.8,826,
25.4.2026,11:47:24.083,54.4,63.4,52.827,0.000,570.0,202.5,12.8,826,
25.4.2026,11:47:24.284,54.3,63.6,52.865,0.000,570.0,202.5,12.8,826,
25.4.2026,11:47:24.484,54.4,63.6,52.868,0.000,570.0,202.5,12.8,826,
25.4.2026,11:47:24.692,54.3,63.6,52.844,0.000,570.0,202.5,12.8,826,
25.4.2026,11:47:24.888,54.3,63.3,52.518,0.000,570.0,202.5,12.8,826,
25.4.2026,11:47:25.092,54.3,63.5,52.955,0.000,570.0,202.5,12.8,826,
25.4.2026,11:47:25.302,54.3,63.5,52.581,0.000,570.0,202.5,12.8,826,
25.4.2026,11:47:25.495,54.3,63.4,52.902,0.000,570.0,202.5,12.8,826,
25.4.2026,11:47:25.705,54.3,63.5,52.878,0.000,525.0,202.5,12.8,826,
25.4.2026,11:47:25.906,54.3,63.6,52.721,0.000,525.0,202.5,12.8,826,
25.4.2026,11:47:26.110,54.3,63.5,52.710,0.000,525.0,202.5,12.8,826,
25.4.2026,11:47:26.324,54.3,63.6,52.872,0.000,525.0,202.5,12.8,826,
25.4.2026,11:47:26.516,54.3,63.5,52.497,0.000,510.0,202.5,12.8,826,
25.4.2026,11:47:26.726,54.3,63.5,52.725,0.000,510.0,202.5,12.8,826,
25.4.2026,11:47:26.929,54.3,63.6,52.528,0.000,495.0,202.5,12.8,826,
25.4.2026,11:47:27.123,54.3,63.5,52.829,0.000,495.0,202.5,12.8,826,
25.4.2026,11:47:27.330,54.3,63.5,52.798,0.000,495.0,202.5,12.8,826,
25.4.2026,11:47:27.529,54.3,63.5,52.520,0.000,495.0,202.5,12.8,826,
25.4.2026,11:47:27.741,54.3,63.5,52.520,0.000,495.0,202.5,12.8,826,
25.4.2026,11:47:27.939,54.3,63.5,52.621,0.000,480.0,202.5,12.8,826,
25.4.2026,11:47:28.141,54.3,63.5,52.735,0.000,480.0,202.5,12.8,826,
25.4.2026,11:47:28.356,54.3,63.5,52.707,0.000,465.0,202.5,12.8,826,
25.4.2026,11:47:28.548,54.3,63.6,52.468,0.000,465.0,202.5,12.8,826,
25.4.2026,11:47:28.748,54.3,63.5,52.680,0.000,465.0,202.5,12.8,826,
25.4.2026,11:47:28.960,54.3,63.5,52.739,0.000,465.0,202.5,12.8,826,
25.4.2026,11:47:29.151,54.3,63.5,52.540,0.000,465.0,202.5,12.8,826,
25.4.2026,11:47:29.363,54.3,63.5,52.546,0.000,465.0,202.5,12.8,826,
25.4.2026,11:47:29.560,54.3,63.5,52.779,0.000,465.0,202.5,12.8,826,
25.4.2026,11:47:29.767,54.3,63.6,52.822,0.000,465.0,202.5,12.8,826,
25.4.2026,11:47:29.966,54.4,63.4,52.537,0.000,495.0,202.5,12.8,826,
25.4.2026,11:47:30.179,54.4,63.5,52.629,0.000,495.0,202.5,12.8,826,
25.4.2026,11:47:30.382,54.3,63.5,52.723,0.000,495.0,202.5,12.8,826,
25.4.2026,11:47:30.587,54.3,63.4,52.646,0.000,495.0,202.5,12.8,826,
25.4.2026,11:47:30.779,54.3,63.4,52.741,0.000,495.0,202.5,12.8,826,
25.4.2026,11:47:30.989,54.3,63.4,52.740,0.000,495.0,202.5,12.8,826,
25.4.2026,11:47:31.183,54.3,63.6,52.630,0.000,495.0,202.5,12.8,826,
25.4.2026,11:47:31.402,54.3,63.5,52.983,0.000,495.0,202.5,12.8,826,
25.4.2026,11:47:31.595,54.3,63.4,53.340,0.000,495.0,202.5,12.8,826,
25.4.2026,11:47:31.795,54.3,63.4,52.560,0.000,480.0,202.5,12.8,826,
25.4.2026,11:47:31.998,54.3,63.5,52.969,0.000,480.0,202.5,12.8,826,
25.4.2026,11:47:32.200,54.3,63.5,52.689,0.000,480.0,202.5,12.8,826,
25.4.2026,11:47:32.411,54.3,63.5,52.514,0.000,480.0,202.5,12.8,826,
25.4.2026,11:47:32.616,54.3,63.4,53.163,0.000,465.0,202.5,12.8,826,
25.4.2026,11:47:32.812,54.3,63.5,53.236,0.000,465.0,202.5,12.8,826,
25.4.2026,11:47:33.016,54.3,63.5,53.292,0.000,465.0,202.5,12.8,826,
25.4.2026,11:47:33.217,54.3,63.6,53.155,0.000,450.0,202.5,12.8,826,
25.4.2026,11:47:33.417,54.3,63.5,53.158,0.000,450.0,202.5,12.8,826,
25.4.2026,11:47:33.620,54.3,63.5,52.945,0.000,450.0,202.5,12.8,826,
25.4.2026,11:47:33.832,54.3,63.4,53.321,0.000,450.0,202.5,12.8,826,
25.4.2026,11:47:34.029,54.3,63.6,52.553,0.000,450.0,202.5,12.8,826,
25.4.2026,11:47:34.238,54.3,63.5,52.677,0.000,435.0,202.5,12.8,826,
25.4.2026,11:47:34.446,54.3,63.5,52.530,0.000,435.0,202.5,12.8,826,
25.4.2026,11:47:34.645,54.3,63.5,52.560,0.000,450.0,202.5,12.8,826,
25.4.2026,11:47:34.840,54.3,63.5,52.602,0.000,450.0,202.5,12.8,826,
25.4.2026,11:47:35.048,54.3,63.5,52.499,0.000,450.0,202.5,12.8,826,
25.4.2026,11:47:35.252,54.3,63.5,52.668,0.000,450.0,202.5,12.8,826,
25.4.2026,11:47:35.452,54.3,63.5,52.543,0.000,450.0,202.5,12.8,826,
25.4.2026,11:47:35.659,54.3,63.5,52.655,0.000,450.0,202.5,12.8,826,
25.4.2026,11:47:35.863,54.3,63.5,52.590,0.000,495.0,202.5,12.8,826,
25.4.2026,11:47:36.062,54.3,63.5,52.510,0.000,495.0,202.5,12.8,826,
25.4.2026,11:47:36.262,54.3,63.5,52.558,0.000,495.0,202.5,12.8,826,
25.4.2026,11:47:36.477,54.3,63.5,52.978,0.000,495.0,202.5,12.8,826,
25.4.2026,11:47:36.669,54.4,63.5,53.022,0.000,495.0,202.5,12.8,826,
25.4.2026,11:47:36.879,54.4,63.5,52.620,0.000,495.0,202.5,12.8,826,
25.4.2026,11:47:37.086,54.3,63.5,52.594,0.000,495.0,202.5,12.8,826,
25.4.2026,11:47:37.285,54.3,63.5,53.037,0.000,495.0,202.5,12.8,826,
25.4.2026,11:47:37.481,54.3,63.5,52.497,0.000,495.0,202.5,12.8,826,
25.4.2026,11:47:37.694,54.3,63.4,52.560,0.000,480.0,202.5,12.8,826,
25.4.2026,11:47:37.889,54.3,63.5,52.952,0.000,465.0,202.5,12.8,826,
25.4.2026,11:47:38.090,54.3,63.5,52.769,0.000,465.0,202.5,12.8,826,
25.4.2026,11:47:38.303,54.3,63.6,52.745,0.000,480.0,202.5,12.8,826,
25.4.2026,11:47:38.502,54.3,63.6,52.675,0.000,480.0,202.5,12.8,826,
25.4.2026,11:47:38.702,54.3,63.4,52.910,0.000,480.0,202.5,12.8,826,
25.4.2026,11:47:38.914,54.3,63.4,52.910,0.000,480.0,202.5,12.8,826,
25.4.2026,11:47:39.113,54.3,63.4,52.706,0.000,480.0,202.5,12.8,826,
25.4.2026,11:47:39.311,54.3,63.5,52.824,0.000,480.0,202.5,12.8,826,
25.4.2026,11:47:39.511,54.3,63.5,52.626,0.000,480.0,202.5,12.8,826,
25.4.2026,11:47:39.727,54.3,63.5,52.629,0.000,480.0,202.5,12.8,826,
25.4.2026,11:47:39.917,54.3,63.6,52.916,0.000,480.0,202.5,12.8,826,
25.4.2026,11:47:40.121,54.4,63.5,52.791,0.000,510.0,202.5,12.8,826,
25.4.2026,11:47:40.333,54.3,63.6,52.621,0.000,510.0,202.5,12.8,826,
25.4.2026,11:47:40.528,54.3,63.6,52.782,0.000,510.0,202.5,12.8,826,
25.4.2026,11:47:40.732,54.4,63.5,52.575,0.000,510.0,202.5,12.8,826,
25.4.2026,11:47:40.933,54.4,63.5,52.619,0.000,510.0,202.5,12.8,826,
25.4.2026,11:47:41.140,54.4,63.6,52.752,0.000,540.0,202.5,12.8,826,
25.4.2026,11:47:41.352,54.4,63.6,52.855,0.000,540.0,202.5,12.8,826,
25.4.2026,11:47:41.550,54.4,63.5,52.676,0.000,540.0,202.5,12.8,826,
25.4.2026,11:47:41.752,54.4,63.6,52.587,0.000,540.0,202.5,12.8,826,
25.4.2026,11:47:41.956,54.4,63.6,52.590,0.000,540.0,202.5,12.8,826,
25.4.2026,11:47:42.160,54.4,63.6,52.541,0.000,555.0,202.5,12.8,826,
25.4.2026,11:47:42.367,54.4,63.5,52.632,0.000,555.0,202.5,12.8,826,
25.4.2026,11:47:42.566,54.4,63.5,52.694,0.000,555.0,202.5,12.8,826,
25.4.2026,11:47:42.763,54.4,63.7,52.837,0.000,555.0,202.5,12.8,826,
25.4.2026,11:47:42.968,54.4,63.6,52.845,0.000,555.0,202.5,12.8,826,
25.4.2026,11:47:43.182,54.4,63.4,53.115,0.000,555.0,202.5,12.8,826,
25.4.2026,11:47:43.382,54.4,63.5,52.797,0.000,555.0,202.5,12.8,826,
25.4.2026,11:47:43.582,54.4,63.5,52.747,0.000,570.0,202.5,12.8,826,
25.4.2026,11:47:43.783,54.4,63.5,52.568,0.000,570.0,202.5,12.8,826,
25.4.2026,11:47:43.982,54.4,63.6,52.552,0.000,570.0,202.5,12.8,826,
25.4.2026,11:47:44.188,54.4,63.6,52.550,0.000,570.0,202.5,12.8,826,
25.4.2026,11:47:44.390,54.4,63.6,52.521,0.000,570.0,202.5,12.8,826,
25.4.2026,11:47:44.593,54.4,63.6,53.051,0.000,570.0,202.5,12.8,826,
25.4.2026,11:47:44.793,54.4,63.5,53.491,0.000,570.0,202.5,12.8,826,
25.4.2026,11:47:44.999,54.4,63.6,53.506,0.000,570.0,202.5,12.8,826,
25.4.2026,11:47:45.211,54.4,63.6,52.748,0.000,570.0,202.5,12.8,826,
25.4.2026,11:47:45.406,54.4,63.6,53.239,0.000,555.0,202.5,12.8,826,
25.4.2026,11:47:45.621,54.4,63.5,53.155,0.000,555.0,202.5,12.8,826,
25.4.2026,11:47:45.812,54.4,63.3,52.837,0.000,570.0,202.5,12.8,826,
25.4.2026,11:47:46.020,54.4,63.5,52.720,0.000,570.0,202.5,12.8,826,
25.4.2026,11:47:46.220,54.4,63.5,52.520,0.000,570.0,202.5,12.8,826,
25.4.2026,11:47:46.430,54.4,63.5,52.554,0.000,570.0,202.5,12.8,826,
25.4.2026,11:47:46.627,54.4,63.5,52.615,0.000,570.0,202.5,12.8,826,
25.4.2026,11:47:46.833,54.4,63.6,52.847,0.000,570.0,202.5,12.8,826,
25.4.2026,11:47:47.029,54.4,63.5,52.676,0.000,570.0,202.5,12.8,826,
25.4.2026,11:47:47.241,54.4,63.5,52.507,0.000,570.0,202.5,12.8,826,
25.4.2026,11:47:47.439,54.4,63.6,52.633,0.000,555.0,202.5,12.8,826,
25.4.2026,11:47:47.637,54.4,63.4,52.831,0.000,540.0,202.5,12.8,826,
25.4.2026,11:47:47.843,54.4,63.5,52.615,0.000,540.0,202.5,12.8,826,
25.4.2026,11:47:48.043,54.4,63.5,52.525,0.000,525.0,202.5,12.8,826,
25.4.2026,11:47:48.246,54.3,63.4,52.789,0.000,525.0,202.5,12.8,826,
25.4.2026,11:47:48.457,54.4,63.6,52.637,0.000,525.0,202.5,12.8,826,
25.4.2026,11:47:48.654,54.4,63.4,53.108,0.000,510.0,202.5,12.8,826,
25.4.2026,11:47:48.859,54.4,63.6,52.707,0.000,510.0,202.5,12.8,826,
25.4.2026,11:47:49.057,54.4,63.6,52.495,0.000,510.0,202.5,12.8,826,
25.4.2026,11:47:49.263,54.4,63.5,52.534,0.000,495.0,202.5,12.8,826,
25.4.2026,11:47:49.467,54.3,63.5,52.559,0.000,495.0,202.5,12.8,826,
25.4.2026,11:47:49.670,54.4,63.6,52.575,0.000,495.0,202.5,12.8,826,
25.4.2026,11:47:49.882,54.4,63.5,52.545,0.000,480.0,202.5,12.8,826,
25.4.2026,11:47:50.074,54.4,63.5,52.562,0.000,480.0,202.5,12.8,826,
25.4.2026,11:47:50.283,54.4,63.5,52.576,0.000,465.0,202.5,12.8,826,
25.4.2026,11:47:50.489,54.4,63.5,52.676,0.000,465.0,202.5,12.8,826,
25.4.2026,11:47:50.692,54.4,63.6,52.905,0.000,465.0,202.5,12.8,826,
25.4.2026,11:47:50.892,54.4,63.6,52.802,0.000,465.0,202.5,12.8,826,
25.4.2026,11:47:51.098,54.4,63.5,52.802,0.000,525.0,202.5,12.8,826,
25.4.2026,11:47:51.304,54.4,63.5,52.598,0.000,525.0,202.5,12.8,826,
25.4.2026,11:47:51.497,54.4,63.5,53.012,0.000,525.0,202.5,12.8,826,
25.4.2026,11:47:51.712,54.4,63.6,52.888,0.000,525.0,202.5,12.8,826,
25.4.2026,11:47:51.906,54.4,63.5,52.882,0.000,525.0,202.5,12.8,826,
25.4.2026,11:47:52.106,54.4,63.5,52.531,0.000,525.0,202.5,12.8,826,
25.4.2026,11:47:52.324,54.4,63.7,52.883,0.000,525.0,202.5,12.8,826,
25.4.2026,11:47:52.527,54.4,63.5,52.912,0.000,525.0,202.5,12.8,826,
25.4.2026,11:47:52.720,54.4,63.6,52.649,0.000,525.0,202.5,12.8,826,
25.4.2026,11:47:52.916,54.5,63.6,52.574,0.000,540.0,202.5,12.8,826,
25.4.2026,11:47:53.130,54.4,63.6,52.729,0.000,540.0,202.5,12.8,826,
25.4.2026,11:47:53.331,54.4,63.5,52.797,0.000,540.0,202.5,12.8,826,
25.4.2026,11:47:53.532,54.4,63.5,52.668,0.000,540.0,202.5,12.8,826,
25.4.2026,11:47:53.729,54.4,63.6,52.522,0.000,540.0,202.5,12.8,826,
25.4.2026,11:47:53.936,54.4,63.6,52.600,0.000,540.0,202.5,12.8,826,
25.4.2026,11:47:54.145,54.4,63.5,52.530,0.000,540.0,202.5,12.8,826,
25.4.2026,11:47:54.349,54.4,63.5,52.681,0.000,540.0,202.5,12.8,826,
25.4.2026,11:47:54.560,54.4,63.5,52.673,0.000,540.0,202.5,12.8,826,
25.4.2026,11:47:54.751,54.5,63.5,52.796,0.000,540.0,202.5,12.8,826,
25.4.2026,11:47:54.956,54.5,63.6,52.591,0.000,540.0,202.5,12.8,826,
25.4.2026,11:47:55.160,54.4,63.6,52.531,0.000,540.0,202.5,12.8,826,
25.4.2026,11:47:55.359,54.4,63.5,52.547,0.000,525.0,202.5,12.8,826,
25.4.2026,11:47:55.559,54.4,63.5,52.536,0.000,525.0,202.5,12.8,826,
25.4.2026,11:47:55.763,54.4,63.5,52.864,0.000,510.0,202.5,12.8,826,
25.4.2026,11:47:55.964,54.4,63.5,52.868,0.000,510.0,202.5,12.8,826,
25.4.2026,11:47:56.167,54.4,63.6,52.574,0.000,495.0,202.5,12.8,826,
25.4.2026,11:47:56.378,54.4,63.6,53.125,0.000,495.0,202.5,12.8,826,
25.4.2026,11:47:56.579,54.4,63.6,52.971,0.000,495.0,202.5,12.8,826,
25.4.2026,11:47:56.784,54.4,63.6,52.807,0.000,495.0,202.5,12.8,826,
25.4.2026,11:47:56.987,54.4,63.5,53.047,0.000,525.0,202.5,12.8,826,
25.4.2026,11:47:57.184,54.4,63.5,52.644,0.000,525.0,202.5,12.8,826,
25.4.2026,11:47:57.398,54.4,63.5,52.534,0.000,525.0,202.5,12.8,826,
25.4.2026,11:47:57.595,54.4,63.6,52.504,0.000,525.0,202.5,12.8,826,
25.4.2026,11:47:57.792,54.4,63.6,53.240,0.000,525.0,202.5,12.8,826,
25.4.2026,11:47:58.005,54.4,63.6,52.866,0.000,525.0,202.5,12.8,826,
25.4.2026,11:47:58.218,54.4,63.6,53.403,0.000,525.0,202.5,12.8,826,
25.4.2026,11:47:58.413,54.4,63.6,52.462,0.000,525.0,202.5,12.8,826,
25.4.2026,11:47:58.606,54.5,63.6,52.718,0.000,495.0,202.5,12.8,826,
25.4.2026,11:47:58.814,54.5,63.6,52.999,0.000,525.0,202.5,12.8,826,
25.4.2026,11:47:59.024,54.4,63.6,52.816,0.000,525.0,202.5,12.8,826,
25.4.2026,11:47:59.220,54.4,63.5,52.520,0.000,525.0,202.5,12.8,826,
25.4.2026,11:47:59.427,54.4,63.5,52.640,0.000,525.0,202.5,12.8,826,
25.4.2026,11:47:59.625,54.4,63.7,52.525,0.000,525.0,202.5,12.8,826,
25.4.2026,11:47:59.827,54.4,63.5,52.552,0.000,525.0,202.5,12.8,826,
25.4.2026,11:48:0.034,54.4,63.6,52.550,0.000,525.0,202.5,12.8,826,
25.4.2026,11:48:0.237,54.4,63.6,52.993,0.000,525.0,202.5,12.8,826,
25.4.2026,11:48:0.445,54.4,63.6,52.803,0.000,525.0,202.5,12.8,826,
25.4.2026,11:48:0.648,54.4,63.5,52.804,0.000,525.0,202.5,12.8,826,
25.4.2026,11:48:0.854,54.4,63.5,52.536,0.000,525.0,202.5,12.8,826,
25.4.2026,11:48:1.052,54.4,63.6,52.847,0.000,525.0,202.5,12.8,826,
25.4.2026,11:48:1.253,54.4,63.6,52.837,0.000,510.0,202.5,12.8,826,
25.4.2026,11:48:1.453,54.4,63.5,52.470,0.000,510.0,202.5,12.8,826,
25.4.2026,11:48:1.661,54.4,63.6,52.606,0.000,510.0,202.5,12.8,826,
25.4.2026,11:48:1.860,54.4,63.5,52.645,0.000,495.0,202.5,12.8,826,
25.4.2026,11:48:2.064,54.4,63.6,52.814,0.000,495.0,202.5,12.8,826,
25.4.2026,11:48:2.265,54.4,63.5,52.814,0.000,495.0,202.5,12.8,826,
25.4.2026,11:48:2.465,54.4,63.6,52.519,0.000,495.0,202.5,12.8,826,
25.4.2026,11:48:2.678,54.4,63.6,52.519,0.000,495.0,202.5,12.8,826,
25.4.2026,11:48:2.873,54.4,63.6,52.770,0.000,495.0,202.5,12.8,826,
25.4.2026,11:48:3.083,54.4,63.7,52.780,0.000,495.0,202.5,12.8,826,
25.4.2026,11:48:3.283,54.4,63.6,52.556,0.000,495.0,202.5,12.8,826,
25.4.2026,11:48:3.482,54.4,63.6,52.810,0.000,480.0,202.5,12.8,826,
25.4.2026,11:48:3.688,54.4,63.5,52.704,0.000,510.0,202.5,12.8,826,
25.4.2026,11:48:3.887,54.4,63.6,52.527,0.000,510.0,202.5,12.8,826,
25.4.2026,11:48:4.097,54.5,63.6,52.922,0.000,525.0,202.5,12.8,826,
25.4.2026,11:48:4.298,54.4,63.6,52.562,0.000,525.0,202.5,12.8,826,
25.4.2026,11:48:4.499,54.5,63.6,52.832,0.000,525.0,202.5,12.8,826,
25.4.2026,11:48:4.701,54.5,63.6,53.148,0.000,525.0,202.5,12.8,826,
25.4.2026,11:48:4.905,54.5,63.6,53.348,0.000,525.0,202.5,12.8,826,
25.4.2026,11:48:5.110,54.5,63.6,53.229,0.000,525.0,202.5,12.8,826,
25.4.2026,11:48:5.309,54.5,63.6,52.789,0.000,525.0,202.5,12.8,826,
25.4.2026,11:48:5.516,54.4,63.6,53.494,0.000,525.0,202.5,12.8,826,
25.4.2026,11:48:5.721,54.5,63.6,52.468,0.000,510.0,202.5,12.8,826,
25.4.2026,11:48:5.920,54.4,63.6,52.668,0.000,510.0,202.5,12.8,826,
25.4.2026,11:48:6.123,54.4,63.5,52.527,0.000,510.0,202.5,12.8,826,
25.4.2026,11:48:6.327,54.4,63.6,52.493,0.000,510.0,202.5,12.8,826,
25.4.2026,11:48:6.533,54.4,63.6,52.502,0.000,525.0,202.5,12.8,826,
25.4.2026,11:48:6.737,54.4,63.5,52.384,0.000,525.0,202.5,12.8,826,
25.4.2026,11:48:6.936,54.4,63.5,52.626,0.000,525.0,202.5,12.8,826,
25.4.2026,11:48:7.138,54.4,63.6,52.562,0.000,525.0,202.5,12.8,826,
25.4.2026,11:48:7.342,54.4,63.6,52.566,0.000,525.0,202.5,12.8,826,
25.4.2026,11:48:7.543,54.4,63.7,52.556,0.000,525.0,202.5,12.8,826,
25.4.2026,11:48:7.747,54.5,63.8,52.444,0.000,525.0,202.5,12.8,826,
25.4.2026,11:48:7.956,54.5,63.6,52.938,0.000,525.0,202.5,12.8,826,
25.4.2026,11:48:8.163,54.4,63.7,52.645,0.000,525.0,202.5,12.8,826,
25.4.2026,11:48:8.364,54.4,63.6,53.122,0.000,525.0,202.5,12.8,826,
25.4.2026,11:48:8.566,54.5,63.6,52.789,0.000,510.0,202.5,12.8,826,
25.4.2026,11:48:8.765,54.4,63.6,53.051,0.000,510.0,202.5,12.8,826,
25.4.2026,11:48:8.972,54.4,63.6,52.860,0.000,510.0,202.5,12.8,826,
25.4.2026,11:48:9.169,54.4,63.6,52.886,0.000,510.0,202.5,12.8,826,
25.4.2026,11:48:9.377,54.5,63.6,52.698,0.000,510.0,202.5,12.8,826,
25.4.2026,11:48:9.573,54.4,63.5,52.768,0.000,510.0,202.5,12.8,826,
25.4.2026,11:48:9.779,54.5,63.8,52.820,0.000,510.0,202.5,12.8,826,
25.4.2026,11:48:9.982,54.5,63.6,52.843,0.000,510.0,202.5,12.8,826,
25.4.2026,11:48:10.187,54.4,63.6,52.573,0.000,510.0,202.5,12.8,826,
25.4.2026,11:48:10.394,54.5,63.8,53.199,0.000,495.0,202.5,12.8,826,
25.4.2026,11:48:10.588,54.4,63.6,53.329,0.000,495.0,202.5,12.8,826,
25.4.2026,11:48:10.793,54.5,63.5,53.356,0.000,495.0,202.5,12.8,826,
25.4.2026,11:48:11.003,54.5,63.6,53.579,0.000,495.0,202.5,12.8,826,
25.4.2026,11:48:11.208,54.5,63.6,52.901,0.000,540.0,202.5,12.8,826,
25.4.2026,11:48:11.407,54.5,63.6,52.881,0.000,555.0,202.5,12.8,826,
25.4.2026,11:48:11.608,54.5,63.7,52.814,0.000,570.0,202.5,12.8,826,
25.4.2026,11:48:11.809,54.5,63.7,53.058,0.000,570.0,202.5,12.8,826,
25.4.2026,11:48:12.018,54.5,63.7,52.815,0.000,585.0,202.5,12.8,826,
25.4.2026,11:48:12.219,54.5,63.6,52.473,0.000,585.0,202.5,12.8,826,
25.4.2026,11:48:12.426,54.5,63.6,52.558,0.000,585.0,202.5,12.8,826,
25.4.2026,11:48:12.623,54.5,63.6,52.530,0.000,585.0,202.5,12.8,826,
25.4.2026,11:48:12.829,54.5,63.7,52.558,0.000,585.0,202.5,12.8,826,
25.4.2026,11:48:13.027,54.5,63.7,52.603,0.000,585.0,202.5,12.8,826,
25.4.2026,11:48:13.234,54.5,63.7,52.670,0.000,585.0,202.5,12.8,826,
25.4.2026,11:48:13.439,54.5,63.7,52.858,0.000,585.0,202.5,12.8,826,
25.4.2026,11:48:13.642,54.5,63.7,52.517,0.000,585.0,202.5,12.8,826,
25.4.2026,11:48:13.860,54.5,63.6,52.739,0.000,570.0,202.5,12.8,826,
25.4.2026,11:48:14.051,54.5,63.7,52.931,0.000,570.0,202.5,12.8,826,
25.4.2026,11:48:14.246,54.5,63.7,52.675,0.000,600.0,202.5,12.8,826,
25.4.2026,11:48:14.451,54.5,63.7,52.594,0.000,600.0,202.5,12.8,826,
25.4.2026,11:48:14.653,54.5,63.6,52.721,0.000,600.0,202.5,12.8,826,
25.4.2026,11:48:14.857,54.5,63.7,52.683,0.000,600.0,202.5,12.8,826,
25.4.2026,11:48:15.060,54.5,63.6,52.701,0.000,600.0,202.5,12.8,826,
25.4.2026,11:48:15.271,54.5,63.7,52.701,0.000,600.0,202.5,12.8,826,
25.4.2026,11:48:15.469,54.5,63.7,52.701,0.000,600.0,202.5,12.8,826,
25.4.2026,11:48:15.671,54.5,63.6,52.590,0.000,600.0,202.5,12.8,826,
25.4.2026,11:48:15.881,54.5,63.6,52.682,0.000,600.0,202.5,12.8,826,
25.4.2026,11:48:16.078,54.5,63.6,52.612,0.000,600.0,202.5,12.8,826,
25.4.2026,11:48:16.278,54.5,63.7,53.114,0.000,585.0,202.5,12.8,826,
25.4.2026,11:48:16.484,54.5,63.7,52.771,0.000,585.0,202.5,12.8,826,
25.4.2026,11:48:16.685,54.5,63.7,52.956,0.000,570.0,202.5,12.8,826,
25.4.2026,11:48:16.889,54.5,63.8,52.909,0.000,570.0,202.5,12.8,826,
25.4.2026,11:48:17.090,54.5,63.6,52.913,0.000,570.0,202.5,12.8,826,
25.4.2026,11:48:17.295,54.5,63.6,52.983,0.000,555.0,202.5,12.8,826,
25.4.2026,11:48:17.500,54.5,63.7,53.267,0.000,555.0,202.5,12.8,826,
25.4.2026,11:48:17.698,54.5,63.6,53.214,0.000,540.0,202.5,12.8,826,
25.4.2026,11:48:17.903,54.5,63.6,53.405,0.000,540.0,202.5,12.8,826,
25.4.2026,11:48:18.109,54.5,63.7,53.277,0.000,525.0,202.5,12.8,826,
25.4.2026,11:48:18.309,54.5,63.7,52.461,0.000,525.0,202.5,12.8,826,
25.4.2026,11:48:18.514,54.5,63.6,52.737,0.000,510.0,202.5,12.8,826,
25.4.2026,11:48:18.715,54.5,63.7,52.491,0.000,510.0,202.5,12.8,826,
25.4.2026,11:48:18.920,54.5,63.6,52.780,0.000,510.0,202.5,12.8,826,
25.4.2026,11:48:19.122,54.5,63.8,52.699,0.000,510.0,202.5,12.8,826,
25.4.2026,11:48:19.328,54.5,63.7,52.519,0.000,510.0,202.5,12.8,826,
25.4.2026,11:48:19.530,54.5,63.8,52.868,0.000,510.0,202.5,12.8,826,
25.4.2026,11:48:19.731,54.5,63.6,52.619,0.000,525.0,202.5,12.8,826,
25.4.2026,11:48:19.937,54.5,63.6,52.836,0.000,525.0,202.5,12.8,826,
25.4.2026,11:48:20.141,54.5,63.6,52.645,0.000,525.0,202.5,12.8,826,
25.4.2026,11:48:20.342,54.5,63.7,52.564,0.000,525.0,202.5,12.8,826,
25.4.2026,11:48:20.547,54.5,63.7,52.748,0.000,525.0,202.5,12.8,826,
25.4.2026,11:48:20.749,54.5,63.6,52.791,0.000,525.0,202.5,12.8,826,
25.4.2026,11:48:20.953,54.5,63.6,52.476,0.000,525.0,202.5,12.8,826,
25.4.2026,11:48:21.155,54.5,63.7,52.638,0.000,525.0,202.5,12.8,826,
25.4.2026,11:48:21.358,54.5,63.6,52.541,0.000,525.0,202.5,12.8,826,
25.4.2026,11:48:21.559,54.5,63.6,53.076,0.000,540.0,202.5,12.8,826,
25.4.2026,11:48:21.762,54.5,63.7,52.761,0.000,540.0,202.5,12.8,826,
25.4.2026,11:48:21.970,54.5,63.5,52.843,0.000,540.0,202.5,12.8,826,
25.4.2026,11:48:22.172,54.5,63.6,52.767,0.000,540.0,202.5,12.8,826,
25.4.2026,11:48:22.374,54.5,63.7,52.779,0.000,540.0,202.5,12.8,826,
25.4.2026,11:48:22.578,54.5,63.7,52.845,0.000,540.0,202.5,12.8,826,
25.4.2026,11:48:22.778,54.5,63.5,52.727,0.000,540.0,202.5,12.8,826,
25.4.2026,11:48:22.985,54.5,63.7,52.986,0.000,540.0,202.5,12.8,826,
25.4.2026,11:48:23.184,54.5,63.6,52.673,0.000,540.0,202.5,12.8,826,
25.4.2026,11:48:23.388,54.5,63.7,52.945,0.000,540.0,202.5,12.8,826,
25.4.2026,11:48:23.590,54.5,63.6,52.946,0.000,525.0,202.5,12.8,826,
25.4.2026,11:48:23.795,54.5,63.7,52.783,0.000,525.0,202.5,12.8,826,
25.4.2026,11:48:24.000,54.5,63.7,52.807,0.000,510.0,202.5,12.8,826,
25.4.2026,11:48:24.208,54.5,63.6,52.594,0.000,540.0,202.5,12.8,826,
25.4.2026,11:48:24.404,54.5,63.6,52.556,0.000,540.0,202.5,12.8,826,
25.4.2026,11:48:24.604,54.5,63.6,52.641,0.000,540.0,202.5,12.8,826,
25.4.2026,11:48:24.810,54.5,63.7,52.744,0.000,540.0,202.5,12.8,826,
25.4.2026,11:48:25.013,54.5,63.6,52.819,0.000,570.0,202.5,12.8,826,
25.4.2026,11:48:25.218,54.5,63.7,52.541,0.000,570.0,202.5,12.8,826,
25.4.2026,11:48:25.418,54.5,63.8,52.494,0.000,570.0,202.5,12.8,826,
25.4.2026,11:48:25.621,54.5,63.7,52.821,0.000,570.0,202.5,12.8,826,
25.4.2026,11:48:25.829,54.5,63.7,52.936,0.000,570.0,202.5,12.8,826,
25.4.2026,11:48:26.029,54.5,63.7,52.936,0.000,570.0,202.5,12.8,826,
25.4.2026,11:48:26.230,54.5,63.7,52.608,0.000,570.0,202.5,12.8,826,
25.4.2026,11:48:26.433,54.5,63.7,52.572,0.000,570.0,202.5,12.8,826,
25.4.2026,11:48:26.641,54.5,63.7,52.845,0.000,570.0,202.5,12.8,826,
25.4.2026,11:48:26.841,54.5,63.7,52.467,0.000,570.0,202.5,12.8,826,
25.4.2026,11:48:27.047,54.5,63.7,52.878,0.000,555.0,202.5,12.8,826,
25.4.2026,11:48:27.245,54.5,63.7,52.482,0.000,555.0,202.5,12.8,826,
25.4.2026,11:48:27.452,54.5,63.7,52.517,0.000,555.0,202.5,12.8,826,
25.4.2026,11:48:27.651,54.5,63.8,52.761,0.000,555.0,202.5,12.8,826,
25.4.2026,11:48:27.859,54.5,63.7,52.786,0.000,555.0,202.5,12.8,826,
25.4.2026,11:48:28.069,54.5,63.6,52.482,0.000,540.0,202.5,12.8,826,
25.4.2026,11:48:28.266,54.5,63.7,52.629,0.000,540.0,202.5,12.8,826,
25.4.2026,11:48:28.469,54.5,63.6,52.865,0.000,540.0,202.5,12.8,826,
25.4.2026,11:48:28.668,54.5,63.8,52.835,0.000,540.0,202.5,12.8,826,
25.4.2026,11:48:28.872,54.5,63.6,52.539,0.000,525.0,202.5,12.8,826,
25.4.2026,11:48:29.081,54.5,63.7,52.847,0.000,525.0,202.5,12.8,826,
25.4.2026,11:48:29.286,54.5,63.7,52.733,0.000,510.0,202.5,12.8,826,
25.4.2026,11:48:29.480,54.5,63.7,53.221,0.000,510.0,202.5,12.8,826,
25.4.2026,11:48:29.691,54.5,63.6,52.600,0.000,495.0,202.5,12.8,826,
25.4.2026,11:48:29.891,54.5,63.7,53.559,0.000,510.0,202.5,12.8,826,
25.4.2026,11:48:30.090,54.5,63.7,53.227,0.000,510.0,202.5,12.8,826,
25.4.2026,11:48:30.296,54.6,63.8,53.399,0.000,510.0,202.5,12.8,826,
25.4.2026,11:48:30.496,54.5,63.8,52.834,0.000,510.0,202.5,12.8,826,
25.4.2026,11:48:30.704,54.5,63.7,52.597,0.000,510.0,202.5,12.8,826,
25.4.2026,11:48:30.907,54.5,63.8,52.542,0.000,540.0,202.5,12.8,826,
25.4.2026,11:48:31.111,54.5,63.7,53.310,0.000,540.0,202.5,12.8,826,
25.4.2026,11:48:31.313,54.5,63.7,52.530,0.000,540.0,202.5,12.8,826,
25.4.2026,11:48:31.516,54.5,63.7,52.812,0.000,540.0,202.5,12.8,826,
25.4.2026,11:48:31.715,54.6,63.7,52.540,0.000,540.0,202.5,12.8,826,
25.4.2026,11:48:31.925,54.5,63.7,52.496,0.000,540.0,202.5,12.8,826,
25.4.2026,11:48:32.122,54.5,63.7,52.808,0.000,540.0,202.5,12.8,826,
25.4.2026,11:48:32.336,54.5,63.7,52.670,0.000,540.0,202.5,12.8,826,
25.4.2026,11:48:32.531,54.5,63.7,52.667,0.000,540.0,202.5,12.8,826,
25.4.2026,11:48:32.735,54.5,63.8,52.521,0.000,525.0,202.5,12.8,826,
25.4.2026,11:48:32.937,54.5,63.8,52.678,0.000,525.0,202.5,12.8,826,
25.4.2026,11:48:33.136,54.5,63.8,52.547,0.000,525.0,202.5,12.8,826,
25.4.2026,11:48:33.341,54.6,63.7,52.602,0.000,525.0,202.5,12.8,826,
25.4.2026,11:48:33.547,54.6,63.8,52.762,0.000,525.0,202.5,12.8,826,
25.4.2026,11:48:33.754,54.6,63.6,52.604,0.000,525.0,202.5,12.8,826,
25.4.2026,11:48:33.952,54.5,63.8,52.993,0.000,540.0,202.5,12.8,826,
25.4.2026,11:48:34.157,54.5,63.7,52.854,0.000,540.0,202.5,12.8,826,
25.4.2026,11:48:34.359,54.5,63.8,52.868,0.000,540.0,202.5,12.8,826,
25.4.2026,11:48:34.561,54.5,63.7,52.859,0.000,540.0,202.5,12.8,826,
25.4.2026,11:48:34.763,54.5,63.8,52.829,0.000,540.0,202.5,12.8,826,
25.4.2026,11:48:34.966,54.5,63.7,52.569,0.000,540.0,202.5,12.8,826,
25.4.2026,11:48:35.170,54.5,63.6,52.807,0.000,540.0,202.5,12.8,826,
25.4.2026,11:48:35.375,54.5,63.7,52.825,0.000,540.0,202.5,12.8,826,
25.4.2026,11:48:35.579,54.6,63.7,53.204,0.000,540.0,202.5,12.8,826,
25.4.2026,11:48:35.785,54.6,63.7,52.809,0.000,555.0,202.5,12.8,826,
25.4.2026,11:48:35.991,54.5,63.7,53.022,0.000,555.0,202.5,12.8,826,
25.4.2026,11:48:36.183,54.5,63.8,52.865,0.000,555.0,202.5,12.8,826,
25.4.2026,11:48:36.390,54.5,63.7,52.873,0.000,555.0,202.5,12.8,826,
25.4.2026,11:48:36.592,54.6,63.8,53.104,0.000,555.0,202.5,12.8,826,
25.4.2026,11:48:36.794,54.6,63.8,53.104,0.000,555.0,202.5,12.8,826,
25.4.2026,11:48:36.996,54.6,63.7,52.965,0.000,555.0,202.5,12.8,826,
25.4.2026,11:48:37.208,54.6,63.6,52.621,0.000,555.0,202.5,12.8,826,
25.4.2026,11:48:37.404,54.6,63.7,52.599,0.000,555.0,202.5,12.8,826,
25.4.2026,11:48:37.617,54.6,63.8,52.781,0.000,555.0,202.5,12.8,826,
25.4.2026,11:48:37.810,54.6,63.8,52.741,0.000,540.0,202.5,12.8,826,
25.4.2026,11:48:38.014,54.6,63.8,52.591,0.000,540.0,202.5,12.8,826,
25.4.2026,11:48:38.219,54.5,63.7,52.492,0.000,555.0,202.5,12.8,826,
25.4.2026,11:48:38.422,54.6,63.6,52.656,0.000,555.0,202.5,12.8,826,
25.4.2026,11:48:38.621,54.5,63.6,52.634,0.000,555.0,202.5,12.8,826,
25.4.2026,11:48:38.824,54.6,63.7,52.456,0.000,555.0,202.5,12.8,826,
25.4.2026,11:48:39.034,54.6,63.7,52.816,0.000,555.0,202.5,12.8,826,
25.4.2026,11:48:39.230,54.6,63.7,52.629,0.000,555.0,202.5,12.8,826,
25.4.2026,11:48:39.432,54.6,63.8,52.513,0.000,555.0,202.5,12.8,826,
25.4.2026,11:48:39.641,54.6,63.7,52.769,0.000,555.0,202.5,12.8,826,
25.4.2026,11:48:39.841,54.5,63.7,52.539,0.000,555.0,202.5,12.8,826,
25.4.2026,11:48:40.046,54.6,63.7,52.550,0.000,540.0,202.5,12.8,826,
25.4.2026,11:48:40.246,54.5,63.7,52.557,0.000,525.0,202.5,12.8,826,
25.4.2026,11:48:40.451,54.5,63.7,52.534,0.000,525.0,202.5,12.8,826,
25.4.2026,11:48:40.652,54.6,63.8,52.915,0.000,510.0,202.5,12.8,826,
25.4.2026,11:48:40.863,54.5,63.6,52.897,0.000,525.0,202.5,12.8,826,
25.4.2026,11:48:41.058,54.6,63.7,53.075,0.000,540.0,202.5,12.8,826,
25.4.2026,11:48:41.261,54.6,63.7,52.826,0.000,540.0,202.5,12.8,826,
25.4.2026,11:48:41.466,54.6,63.7,52.797,0.000,570.0,202.5,12.8,826,
25.4.2026,11:48:41.672,54.6,63.7,52.947,0.000,570.0,202.5,12.8,826,
25.4.2026,11:48:41.873,54.6,63.7,52.606,0.000,570.0,202.5,12.8,826,
25.4.2026,11:48:42.075,54.6,63.8,52.858,0.000,570.0,202.5,12.8,826,
25.4.2026,11:48:42.288,54.6,63.8,53.014,0.000,570.0,202.5,12.8,826,
25.4.2026,11:48:42.489,54.6,63.7,53.356,0.000,570.0,202.5,12.8,826,
25.4.2026,11:48:42.685,54.6,63.8,53.214,0.000,570.0,202.5,12.8,826,
25.4.2026,11:48:42.888,54.6,63.8,53.256,0.000,570.0,202.5,12.8,826,
25.4.2026,11:48:43.093,54.6,63.7,53.269,0.000,570.0,202.5,12.8,826,
25.4.2026,11:48:43.298,54.6,63.7,53.272,0.000,570.0,202.5,12.8,826,
25.4.2026,11:48:43.497,54.6,63.8,53.034,0.000,570.0,202.5,12.8,826,
25.4.2026,11:48:43.705,54.6,63.8,52.736,0.000,585.0,202.5,12.8,826,
25.4.2026,11:48:43.906,54.6,63.8,52.874,0.000,585.0,202.5,12.8,826,
25.4.2026,11:48:44.104,54.6,63.8,52.816,0.000,615.0,202.5,12.8,826,
25.4.2026,11:48:44.308,54.6,63.8,52.687,0.000,615.0,202.5,12.8,826,
25.4.2026,11:48:44.514,54.6,63.8,52.999,0.000,615.0,202.5,12.8,826,
25.4.2026,11:48:44.721,54.6,63.9,52.745,0.000,615.0,202.5,12.8,826,
25.4.2026,11:48:44.925,54.6,63.8,52.585,0.000,615.0,202.5,12.8,826,
25.4.2026,11:48:45.121,54.6,63.7,52.562,0.000,615.0,202.5,12.8,826,
25.4.2026,11:48:45.325,54.6,63.8,52.544,0.000,615.0,202.5,12.8,826,
25.4.2026,11:48:45.528,54.6,63.8,52.810,0.000,615.0,202.5,12.8,826,
25.4.2026,11:48:45.731,54.6,63.7,52.464,0.000,615.0,202.5,12.8,826,
25.4.2026,11:48:45.939,54.6,63.8,52.534,0.000,555.0,202.5,12.8,826,
25.4.2026,11:48:46.138,54.6,63.8,52.474,0.000,555.0,202.5,12.8,826,
25.4.2026,11:48:46.349,54.6,63.8,52.485,0.000,555.0,202.5,12.8,826,
25.4.2026,11:48:46.543,54.6,63.8,52.855,0.000,540.0,202.5,12.8,826,
25.4.2026,11:48:46.748,54.6,63.8,52.534,0.000,540.0,202.5,12.8,826,
25.4.2026,11:48:46.952,54.6,63.8,52.729,0.000,540.0,202.5,12.8,826,
25.4.2026,11:48:47.154,54.6,63.8,52.851,0.000,540.0,202.5,12.8,826,
25.4.2026,11:48:47.360,54.6,63.8,52.789,0.000,540.0,202.5,12.8,826,
25.4.2026,11:48:47.561,54.6,63.8,52.789,0.000,525.0,202.5,12.8,826,
25.4.2026,11:48:47.764,54.5,63.8,52.488,0.000,525.0,202.5,12.8,826,
25.4.2026,11:48:47.968,54.6,63.8,53.011,0.000,525.0,202.5,12.8,826,
25.4.2026,11:48:48.174,54.5,63.8,52.643,0.000,510.0,202.5,12.8,826,
25.4.2026,11:48:48.371,54.6,63.8,52.557,0.000,510.0,202.5,12.8,826,
25.4.2026,11:48:48.580,54.6,63.8,52.943,0.000,510.0,202.5,12.8,826,
25.4.2026,11:48:48.782,54.6,63.8,52.981,0.000,510.0,202.5,12.8,826,
25.4.2026,11:48:48.985,54.5,63.8,52.545,0.000,510.0,202.5,12.8,826,
25.4.2026,11:48:49.187,54.6,63.8,52.770,0.000,495.0,202.5,12.8,826,
25.4.2026,11:48:49.394,54.6,63.7,53.386,0.000,495.0,202.5,12.8,826,
25.4.2026,11:48:49.596,54.6,63.8,52.752,0.000,495.0,202.5,12.8,826,
25.4.2026,11:48:49.795,54.6,63.7,52.840,0.000,495.0,202.5,12.8,826,
25.4.2026,11:48:50.003,54.6,63.8,52.512,0.000,480.0,202.5,12.8,826,
25.4.2026,11:48:50.199,54.6,63.8,52.833,0.000,480.0,202.5,12.8,826,
25.4.2026,11:48:50.416,54.6,63.8,52.653,0.000,480.0,202.5,12.8,826,
25.4.2026,11:48:50.607,54.6,63.8,52.543,0.000,480.0,202.5,12.8,826,
25.4.2026,11:48:50.820,54.6,63.8,52.579,0.000,480.0,202.5,12.8,826,
25.4.2026,11:48:51.022,54.6,63.8,52.528,0.000,480.0,202.5,12.8,826,
25.4.2026,11:48:51.221,54.6,63.8,52.580,0.000,480.0,202.5,12.8,826,
25.4.2026,11:48:51.422,54.6,63.8,52.557,0.000,465.0,202.5,12.8,826,
25.4.2026,11:48:51.623,54.6,63.8,52.663,0.000,465.0,202.5,12.8,826,
25.4.2026,11:48:51.827,54.6,63.8,52.568,0.000,495.0,202.5,12.8,826,
25.4.2026,11:48:52.032,54.6,63.8,52.517,0.000,510.0,202.5,12.8,826,
25.4.2026,11:48:52.235,54.6,63.8,52.555,0.000,510.0,202.5,12.8,826,
25.4.2026,11:48:52.436,54.6,63.8,52.623,0.000,510.0,202.5,12.8,826,
25.4.2026,11:48:52.647,54.6,63.8,52.663,0.000,540.0,202.5,12.8,826,
25.4.2026,11:48:52.843,54.6,63.8,53.012,0.000,540.0,202.5,12.8,826,
25.4.2026,11:48:53.046,54.6,63.7,52.588,0.000,540.0,202.5,12.8,826,
25.4.2026,11:48:53.247,54.6,63.8,52.866,0.000,555.0,202.5,12.8,826,
25.4.2026,11:48:53.451,54.6,63.8,52.486,0.000,555.0,202.5,12.8,826,
25.4.2026,11:48:53.654,54.6,63.7,52.951,0.000,555.0,202.5,12.8,826,
25.4.2026,11:48:53.863,54.6,63.7,52.842,0.000,570.0,202.5,12.8,826,
25.4.2026,11:48:54.067,54.6,63.8,52.892,0.000,570.0,202.5,12.8,826,
25.4.2026,11:48:54.264,54.7,63.7,53.353,0.000,570.0,202.5,12.8,826,
25.4.2026,11:48:54.468,54.6,63.7,52.795,0.000,570.0,202.5,12.8,826,
25.4.2026,11:48:54.673,54.7,63.8,52.532,0.000,570.0,202.5,12.8,826,
25.4.2026,11:48:54.878,54.6,63.8,53.476,0.000,570.0,202.5,12.8,826,
25.4.2026,11:48:55.079,54.6,63.7,53.214,0.000,570.0,202.5,12.8,826,
25.4.2026,11:48:55.288,54.7,63.8,53.313,0.000,570.0,202.5,12.8,826,
25.4.2026,11:48:55.485,54.7,63.8,53.216,0.000,570.0,202.5,12.8,826,
25.4.2026,11:48:55.687,54.6,63.8,52.988,0.000,540.0,202.5,12.8,826,
25.4.2026,11:48:55.894,54.7,63.8,52.851,0.000,540.0,202.5,12.8,826,
25.4.2026,11:48:56.097,54.6,63.9,52.558,0.000,540.0,202.5,12.8,826,
25.4.2026,11:48:56.293,54.6,63.8,52.555,0.000,525.0,202.5,12.8,826,
25.4.2026,11:48:56.500,54.6,63.9,52.548,0.000,525.0,202.5,12.8,826,
25.4.2026,11:48:56.699,54.6,63.9,52.556,0.000,510.0,202.5,12.8,826,
25.4.2026,11:48:56.904,54.6,63.8,52.536,0.000,510.0,202.5,12.8,826,
25.4.2026,11:48:57.109,54.6,63.8,52.545,0.000,495.0,202.5,12.8,826,
25.4.2026,11:48:57.311,54.4,63.7,52.385,0.000,495.0,202.5,12.8,826,
25.4.2026,11:48:57.512,54.4,63.7,52.352,0.000,465.0,202.5,12.8,826,
25.4.2026,11:48:57.718,54.4,63.8,52.661,0.000,435.0,202.5,11.0,679,
25.4.2026,11:48:57.926,54.4,63.7,52.395,0.000,405.0,101.2,11.1,683,
25.4.2026,11:48:58.126,54.4,63.8,52.469,0.000,375.0,101.2,11.1,682,
25.4.2026,11:48:58.330,54.3,63.7,52.381,0.000,360.0,101.2,11.1,682,
25.4.2026,11:48:58.535,54.4,63.8,53.048,0.000,345.0,101.2,11.0,678,
25.4.2026,11:48:58.735,54.3,63.7,53.313,0.000,330.0,101.2,11.0,677,
25.4.2026,11:48:58.937,54.3,63.8,53.266,0.000,315.0,101.2,11.0,677,
25.4.2026,11:48:59.143,54.3,63.7,53.286,0.000,300.0,101.2,11.0,677,
25.4.2026,11:48:59.342,54.3,63.7,53.010,0.000,285.0,101.2,11.0,677,
25.4.2026,11:48:59.548,54.3,63.8,52.549,0.000,270.0,101.2,11.0,677,
25.4.2026,11:48:59.746,54.3,63.6,52.965,0.000,255.0,101.2,11.0,677,
25.4.2026,11:48:59.953,54.3,63.6,52.368,0.000,225.0,101.2,11.0,677,
25.4.2026,11:49:0.159,54.3,63.6,53.138,0.000,225.0,101.2,11.0,677,
25.4.2026,11:49:0.359,54.3,63.7,52.353,0.000,210.0,101.2,11.0,677,
25.4.2026,11:49:0.567,54.3,63.6,53.122,0.000,210.0,101.2,11.0,677,
25.4.2026,11:49:0.761,54.3,63.6,52.691,0.000,210.0,101.2,11.0,677,
25.4.2026,11:49:0.965,54.3,63.7,52.582,0.000,210.0,101.2,11.0,676,
25.4.2026,11:49:1.171,54.3,63.6,53.022,0.000,210.0,101.2,11.0,676,
25.4.2026,11:49:1.374,54.3,63.7,53.161,0.000,210.0,101.2,11.0,676,
25.4.2026,11:49:1.584,54.3,63.7,53.075,0.000,210.0,101.2,11.0,676,
25.4.2026,11:49:1.785,54.3,63.7,52.465,0.000,210.0,101.2,11.0,676,
25.4.2026,11:49:1.993,54.2,63.7,52.469,0.000,210.0,101.2,11.0,676,
Date,Time,"GPU Temperature [°C]","GPU Hot Spot Temperature [°C]","GPU Power (Total) [W]","GPU Rail Powers (avg) [W]","GPU Clock [MHz]","GPU Memory Clock [MHz]","GPU Memory Usage [%]","GPU D3D Memory Dedicated [MB]",
,,dGPU [#0]: NVIDIA GeForce RTX 4060: GIGABYTE GeForce RTX 4060 WINDFORCE OC 8G (GV-N4060WF2OC-8GD),dGPU [#0]: NVIDIA GeForce RTX 4060: GIGABYTE GeForce RTX 4060 WINDFORCE OC 8G (GV-N4060WF2OC-8GD),dGPU [#0]: NVIDIA GeForce RTX 4060: GIGABYTE GeForce RTX 4060 WINDFORCE OC 8G (GV-N4060WF2OC-8GD),dGPU [#0]: NVIDIA GeForce RTX 4060: GIGABYTE GeForce RTX 4060 WINDFORCE OC 8G (GV-N4060WF2OC-8GD),dGPU [#0]: NVIDIA GeForce RTX 4060: GIGABYTE GeForce RTX 4060 WINDFORCE OC 8G (GV-N4060WF2OC-8GD),dGPU [#0]: NVIDIA GeForce RTX 4060: GIGABYTE GeForce RTX 4060 WINDFORCE OC 8G (GV-N4060WF2OC-8GD),dGPU [#0]: NVIDIA GeForce RTX 4060: GIGABYTE GeForce RTX 4060 WINDFORCE OC 8G (GV-N4060WF2OC-8GD),dGPU [#0]: NVIDIA GeForce RTX 4060: GIGABYTE GeForce RTX 4060 WINDFORCE OC 8G (GV-N4060WF2OC-8GD),
